id	claim_number	date_received	incident_date	airport_code	airport_name	airline	claim_type	claim_site	claim_amount	items_new	items_old	status	close_amount	disposition
4355	0328045L	2003-03-28 00:00:00	2003-02-22 00:00:00	ABE	Lehigh Valley International Airport, Allentown	UAL	Passenger Property Loss	Checked Baggage	400.0	Other	Other	Settled	200.0	Settle
5924	0502007L	2003-05-02 00:00:00	2003-03-22 00:00:00	ABE	Lehigh Valley International Airport, Allentown		Passenger Property Loss	Checked Baggage	20.0	Tools & Machines	Locks	Approved	20.0	Approve in Full
11455	0722052M	2003-07-22 00:00:00	2003-07-10 00:00:00	ABE	Lehigh Valley International Airport, Allentown	USAir	Passenger Property Loss	Checked Baggage	67.37	Watches & Jewelry	Jewelry - Fine	Canceled		
15297	0908007M	2003-09-08 00:00:00	2003-06-19 00:00:00	ABE	Lehigh Valley International Airport, Allentown	USAir	Passenger Property Loss	Checkpoint	518.34	Watches & Jewelry	Jewelry - Fine	Approved	518.34	Approve in Full
16514	0925042M	2003-09-25 00:00:00	2003-08-02 00:00:00	ABE	Lehigh Valley International Airport, Allentown	Continental Airlines	Passenger Property Loss	Checked Baggage	2287.89	Other	Other	Denied	2287.89	Deny
29418	0305204M	2004-03-05 00:00:00	2004-02-11 00:00:00	ABE	Lehigh Valley International Airport, Allentown		Passenger Property Loss	Checkpoint	65.0	Clothing & Accessories	Clothing - Shoes, belts, accessories, etc.	Denied	0.0	Deny
31283	2004051351795	2004-03-24 00:00:00	2003-12-29 00:00:00	ABE	Lehigh Valley International Airport, Allentown		Passenger Property Loss	Checked Baggage	629.95	Electronics	Cameras - Digital	Denied	0.0	Deny
32744	2004052453292	2004-04-20 00:00:00	2004-04-07 00:00:00	ABE	Lehigh Valley International Airport, Allentown	USAir	Passenger Property Loss	Checked Baggage	180.0	Other	Other	Settled	90.0	Settle
34235	2004051351624	2004-05-04 00:00:00	2004-04-07 00:00:00	ABE	Lehigh Valley International Airport, Allentown	USAir	Passenger Property Loss	Checked Baggage	180.0	Other	Currency	Canceled	0.0	
38441	2004071559509	2004-06-22 00:00:00	2003-08-17 00:00:00	ABE	Lehigh Valley International Airport, Allentown		Passenger Property Loss	Checked Baggage	23.5	Other	Other	Approved	23.5	Approve in Full
41263	2004072960211	2004-07-28 00:00:00	2004-03-17 00:00:00	ABE	Lehigh Valley International Airport, Allentown	Delta Air Lines	Passenger Property Loss	Checked Baggage	212.0	Electronics	Cameras - Digital	Denied	0.0	Deny
61595	2005041482523	2005-04-12 00:00:00	2005-03-16 00:00:00	ABE	Lehigh Valley International Airport, Allentown		Passenger Property Loss	Checked Baggage	495.0	Other	Other	Denied	0.0	Deny
65891	2005062286893	2005-06-09 00:00:00	2005-06-04 00:00:00	ABE	Lehigh Valley International Airport, Allentown	UAL	Passenger Property Loss	Checked Baggage	419.58	Electronics	Cameras - Digital	Settled	189.53	Settle
70218	2005082391264	2005-08-16 00:00:00	2005-07-29 00:00:00	ABE	Lehigh Valley International Airport, Allentown	Frontier Airlines	Passenger Property Loss	Checked Baggage	2800.0	Watches & Jewelry	Jewelry - Fine	Denied	0.0	Deny
70357	2005082591545	2005-08-18 00:00:00	2005-07-25 00:00:00	ABE	Lehigh Valley International Airport, Allentown		Passenger Property Loss	Checked Baggage	50.0	Other	Other	Approved	50.0	Approve in Full
72578	2005100393637	2005-09-22 00:00:00	2005-08-04 00:00:00	ABE	Lehigh Valley International Airport, Allentown	UAL	Passenger Property Loss	Checked Baggage	523.43	Electronics	Cameras - Digital	Settled	197.36	Settle
72996	2005100594093	2005-09-30 00:00:00	2005-09-15 00:00:00	ABE	Lehigh Valley International Airport, Allentown	Hooters Air (PACE)	Passenger Property Loss	Checked Baggage	39.95	Clothing & Accessories	Clothing - Shoes, belts, accessories, etc.	Approved	39.95	Approve in Full
73576	2005101794714	2005-10-11 00:00:00	2005-09-15 00:00:00	ABE	Lehigh Valley International Airport, Allentown	Delta Air Lines	Passenger Property Loss	Checked Baggage	39.99	Clothing & Accessories	Clothing - Shoes, belts, accessories, etc.	Settled	20.0	Settle
73887	2005102094989	2005-10-17 00:00:00	2005-09-02 00:00:00	ABE	Lehigh Valley International Airport, Allentown	UAL	Passenger Property Loss	Checked Baggage	100.0	Clothing & Accessories	Clothing - Shoes, belts, accessories, etc.	Denied	0.0	Deny
79381	2006013000542	2006-01-24 00:00:00	2005-12-19 00:00:00	ABE	Lehigh Valley International Airport, Allentown	Northwest Airlines	Passenger Property Loss	Checked Baggage	13.98	Tools & Machines	Locks	Approved	13.98	Approve in Full
87098	2006062108329	2006-06-20 00:00:00	2006-05-21 00:00:00	ABE	Lehigh Valley International Airport, Allentown	USAir	Passenger Property Loss	Checked Baggage	480.0	Electronics	Audio - CD's	Denied	0.0	Deny
91533	2006091812707	2006-09-13 00:00:00	2006-08-28 00:00:00	ABE	Lehigh Valley International Airport, Allentown	Delta Air Lines	Passenger Property Loss	Checked Baggage	537.74	Electronics	Cameras - Digital	Settled	243.35	Settle
92410	2006101313954	2006-10-02 00:00:00	2006-09-23 00:00:00	ABE	Lehigh Valley International Airport, Allentown	Delta Air Lines	Passenger Property Loss	Checked Baggage	49.5	Clothing & Accessories	Clothing - Shoes, belts, accessories, etc.	Approved	49.5	Approve in Full
98105	2007012219105	2007-01-16 00:00:00	2006-12-29 00:00:00	ABE	Lehigh Valley International Airport, Allentown	Continental Airlines	Passenger Property Loss	Checkpoint	4000.0	Watches & Jewelry	Jewelry - Fine	Denied	0.0	Deny
100934	2007031222069	2007-03-08 00:00:00	2006-12-31 00:00:00	ABE	Lehigh Valley International Airport, Allentown	USAir	Passenger Property Loss	Checked Baggage	10.0	Tools & Machines	Locks	Approved	10.0	Approve in Full
106433	2007070327810	2007-06-26 00:00:00	2007-05-24 00:00:00	ABE	Lehigh Valley International Airport, Allentown	USAir	Passenger Property Loss	Checked Baggage	88.95	Clothing & Accessories	Clothing - Shoes, belts, accessories, etc.	Settled	44.48	Settle
106992	2007071228261	2007-07-09 00:00:00	2007-05-16 00:00:00	ABE	Lehigh Valley International Airport, Allentown	Northwest Airlines	Passenger Property Loss	Checked Baggage	803.0	Cosmetics	Cosmetics - Perfume, toilet articles, medicines, soaps, etc.	Denied	0.0	Deny
107520	2007072028795	2007-07-19 00:00:00	2007-06-06 00:00:00	ABE	Lehigh Valley International Airport, Allentown	UAL	Passenger Property Loss	Checked Baggage	14.81	Tools & Machines	Locks	Approved	14.81	Approve in Full
107678	2007072529003	2007-07-20 00:00:00	2007-06-29 00:00:00	ABE	Lehigh Valley International Airport, Allentown		Passenger Property Loss	Checked Baggage	100.0	Clothing & Accessories	Clothing - Shoes, belts, accessories, etc.	Settled	50.0	Settle
109183	2007082130522	2007-08-17 00:00:00	2007-08-16 00:00:00	ABE	Lehigh Valley International Airport, Allentown		Passenger Property Loss	Checked Baggage	5.0	Tools & Machines	Locks	Approved	5.0	Approve in Full
109495	2007082931077	2007-08-22 00:00:00	2007-08-01 00:00:00	ABE	Lehigh Valley International Airport, Allentown	UAL	Passenger Property Loss	Checked Baggage	19.61	Cosmetics	Cosmetics - Perfume, toilet articles, medicines, soaps, etc.	Denied	0.0	Deny
120912	2008041642582	2008-04-07 00:00:00	2008-03-09 00:00:00	ABE	Lehigh Valley International Airport, Allentown	Allegiant Air	Passenger Property Loss	Checked Baggage	47.7	Cosmetics	Cosmetics - Perfume, toilet articles, medicines, soaps, etc.	Denied	0.0	Deny
121446	2008042243063	2008-04-16 00:00:00	2008-04-02 00:00:00	ABE	Lehigh Valley International Airport, Allentown	USAir	Passenger Property Loss	Checkpoint	422.99	Electronics	DVD/CD Players	Denied	0.0	Deny
124845	2008070346564	2008-06-30 00:00:00	2008-05-11 00:00:00	ABE	Lehigh Valley International Airport, Allentown	Continental Airlines	Passenger Property Loss	Checked Baggage	150.0	Other	Other	Denied	0.0	Deny
130616	2008111952526	2008-11-14 00:00:00	2008-10-26 00:00:00	ABE	Lehigh Valley International Airport, Allentown	Allegiant Air	Passenger Property Loss	Checked Baggage	420.0	Clothing & Accessories	Clothing - Shoes, belts, accessories, etc.	Canceled	0.0	
132326	2009010754165	2008-12-31 00:00:00	2008-12-30 00:00:00	ABE	Lehigh Valley International Airport, Allentown	Allegiant Air	Passenger Property Loss	Checked Baggage	7.5	Electronics	Audio - CD's	Insufficient, one of the following items required: sum certain, statement of fact, signature, location of incident, and date.		
132589	2009011454486	2009-01-07 00:00:00	2008-12-31 00:00:00	ABE	Lehigh Valley International Airport, Allentown	USAir	Passenger Property Loss	Checked Baggage	455.88	Electronics	Computer - Laptop	Denied	0.0	Deny
139918	2009073162045	2009-07-24 00:00:00	2009-06-22 00:00:00	ABE	Lehigh Valley International Airport, Allentown	Allegiant Air	Passenger Property Loss	Checked Baggage	80.0	Cosmetics	Cosmetics - Perfume, toilet articles, medicines, soaps, etc.	Denied	0.0	Deny
151321	2010080974671	2010-08-03 00:00:00	2010-07-27 00:00:00	ABE	Lehigh Valley International Airport, Allentown	UAL	Passenger Property Loss	Checked Baggage		Electronics	Personal Electronics		0.0	Deny
151698	2010081975145	2010-08-13 00:00:00	2010-07-24 14:45:00	ABE	Lehigh Valley International Airport, Allentown	AirTran Airlines	Passenger Property Loss	Checked Baggage		Electronics	Cameras		36.98	Approve in Full
155637	2010122379056	2010-12-15 00:00:00	2010-11-03 00:00:00	ABE	Lehigh Valley International Airport, Allentown		Passenger Property Loss	Checked Baggage		Watches & Jewelry	Jewelry & Watches		0.0	Deny
163188	2011090886781	2011-08-17 00:00:00	2011-05-30 12:30:00	ABE	Lehigh Valley International Airport, Allentown	AirTran Airlines	Passenger Property Loss	Checkpoint		Electronics,Electronics	Cameras*Cameras		305.92	Settle
166199	2011122089784	2011-12-01 00:00:00	2011-08-24 00:00:00	ABE	Lehigh Valley International Airport, Allentown	USAir	Passenger Property Loss	Checkpoint		Watches & Jewelry	Jewelry & Watches		500.0	Settle
167727	2012022991400	2012-01-23 00:00:00	2011-12-31 00:00:00	ABE	Lehigh Valley International Airport, Allentown		Passenger Property Loss	Checkpoint		Watches & Jewelry	Jewelry & Watches		1033.5	Settle
168052	2012031591740	2012-02-01 00:00:00	2012-01-27 16:21:00	ABE	Lehigh Valley International Airport, Allentown	UAL	Passenger Property Loss	Checked Baggage		Cosmetics	Cosmetics & Grooming		0.0	Deny
170942	2012060594537	2012-05-15 00:00:00	2012-04-08 00:00:00	ABE	Lehigh Valley International Airport, Allentown	Delta Air Lines	Passenger Property Loss	Checked Baggage		Cosmetics	Travel Accessories		14.95	Approve in Full
179058	2013032002658	2013-03-13 00:00:00	2013-03-10 00:00:00	ABE	Lehigh Valley International Airport, Allentown	Delta Air Lines	Passenger Property Loss	Checkpoint		Cosmetics	Cosmetics & Grooming		0.0	Deny
180612	2013061304320	2013-05-13 00:00:00	2013-05-09 00:00:00	ABE	Lehigh Valley International Airport, Allentown	USAir	Passenger Property Loss	Checked Baggage		Clothing & Accessories	Clothing		99.95	Approve in Full
181849	2013080805751	2013-06-26 00:00:00	2013-05-09 22:45:00	ABE	Lehigh Valley International Airport, Allentown	USAir	Passenger Property Loss	Checked Baggage		Clothing & Accessories	Clothing		100.0	Approve in Full
188650	2014031312432	2014-03-12 00:00:00	2012-03-19 00:00:00	ABE	Lehigh Valley International Airport, Allentown	Delta Air Lines	Passenger Property Loss	Checked Baggage		Electronics	Personal Electronics		105.99	Approve in Full
194391	2014111018291	2014-11-05 00:00:00	2014-10-26 00:00:00	ABE	Lehigh Valley International Airport, Allentown	Allegiant Air	Passenger Property Loss	Checked Baggage		Electronics	Personal Electronics			
195566	2015102326219	2015-10-07 00:00:00	2015-10-02 00:00:00	ABE	Lehigh Valley International Airport, Allentown	Allegiant Air	Passenger Property Loss	Checked Baggage		Clothing & Accessories	Clothing		60.0	Approve in Full
204231	2016022629173	2016-02-05 00:00:00	2016-01-02 16:00:00	ABE	Lehigh Valley International Airport, Allentown	American Airlines	Passenger Property Loss	Checked Baggage		Other	Currency		0.0	Deny
204232	2016052731826	2016-05-18 00:00:00	2016-05-05 17:00:00	ABE	Lehigh Valley International Airport, Allentown	Allegiant Air	Passenger Property Loss	Checked Baggage		Electronics	Personal Electronics		0.0	Deny