id	claim_number	date_received	incident_date	airport_code	airport_name	airline	claim_type	claim_site	claim_amount	items_new	items_old	status	close_amount	disposition
10713	0714112M	2003-07-14 00:00:00	2003-07-03 00:00:00	ACY	Atlantic City International	Spirit Airlines	Passenger Property Loss	Checkpoint	850.0	Other	Other	Denied	0.0	Deny
21372	1205017M	2003-12-05 00:00:00	2003-08-28 00:00:00	ACY	Atlantic City International	Spirit Airlines	Passenger Property Loss	Checkpoint	421.98	Watches & Jewelry	Jewelry - Fine	Approved	421.98	Approve in Full
28635	0223154M	2004-02-23 00:00:00	2004-01-09 00:00:00	ACY	Atlantic City International	Spirit Airlines	Passenger Property Loss	Checkpoint	3528.0	Watches & Jewelry	Jewelry - Fine	Settled	500.0	Settle
29910	2004042950207	2004-03-11 00:00:00	2004-01-30 00:00:00	ACY	Atlantic City International		Passenger Property Loss	Checkpoint	40.0	Other	Other	Approved	40.0	Approve in Full
36504	2004072259889	2004-05-27 00:00:00	2004-03-08 00:00:00	ACY	Atlantic City International		Passenger Property Loss	Checkpoint	299.99	Electronics	Cell Phones	Settled	140.0	Settle
40103	2004080460587	2004-07-13 00:00:00	2004-06-02 00:00:00	ACY	Atlantic City International	Spirit Airlines	Passenger Property Loss	Checked Baggage	100.0	Other	Other	Denied	0.0	Deny
40616	2004081161079	2004-07-20 00:00:00	2004-06-15 00:00:00	ACY	Atlantic City International	Spirit Airlines	Passenger Property Loss	Checkpoint	53.49	Other	Other	Denied	0.0	Deny
40861	2004082661414	2004-07-23 00:00:00	2004-06-11 00:00:00	ACY	Atlantic City International		Passenger Property Loss	Checked Baggage	139.0	Other	Other	Denied	0.0	Deny
41417	2004091562874	2004-08-03 00:00:00	2004-07-11 00:00:00	ACY	Atlantic City International	Spirit Airlines	Passenger Property Loss	Checked Baggage	26.0	Other	Other	Approved	26.0	Approve in Full
43711	2004092363788	2004-08-31 00:00:00	2004-07-30 00:00:00	ACY	Atlantic City International	Spirit Airlines	Passenger Property Loss	Checked Baggage	200.0	Watches & Jewelry	Jewelry - Fine	Denied		Deny
44183	2004102165439	2004-09-09 00:00:00	2004-08-17 00:00:00	ACY	Atlantic City International		Passenger Property Loss	Checked Baggage	99.99	Electronics	Cameras - Digital	Canceled		
44814	2004092363705	2004-09-14 00:00:00	2004-08-25 00:00:00	ACY	Atlantic City International		Passenger Property Loss	Checkpoint	613.99	Other	Other	Settled	501.93	Settle
45032	2004110466310	2004-09-16 00:00:00	2004-05-29 00:00:00	ACY	Atlantic City International	Spirit Airlines	Passenger Property Loss	Checkpoint	1750.0	Watches & Jewelry	Jewelry - Fine	Canceled	0.0	
47302	2004113068055	2004-10-14 00:00:00	2003-03-17 00:00:00	ACY	Atlantic City International		Passenger Property Loss	Checkpoint	350.0	Watches & Jewelry	Jewelry - Fine	Denied		Deny
51520	2004122370677	2004-12-07 00:00:00	2004-10-04 00:00:00	ACY	Atlantic City International	Spirit Airlines	Passenger Theft	Checked Baggage	405.0	Electronics	Cameras - Digital	Settled	361.79	Settle
51666	2005010372282	2004-12-10 00:00:00	2004-05-29 00:00:00	ACY	Atlantic City International		Passenger Property Loss	Checkpoint	1800.0	Other	Other	Canceled	0.0	
51842	2005010372127	2004-12-13 00:00:00	2004-11-30 00:00:00	ACY	Atlantic City International		Passenger Property Loss	Checked Baggage	1879.18	Clothing & Accessories	Clothing - Shoes, belts, accessories, etc.	Denied		Deny
52249	2005010472599	2004-12-16 00:00:00	2004-11-21 00:00:00	ACY	Atlantic City International		Passenger Property Loss	Checked Baggage	2850.0	Watches & Jewelry	Jewelry - Fine	Denied	0.0	Deny
52696	2005011073352	2004-12-21 00:00:00	2004-11-06 00:00:00	ACY	Atlantic City International		Passenger Property Loss	Checked Baggage	1500.0	Electronics	Computer - Laptop	Denied	0.0	Deny
53293	2005012173868	2004-12-30 00:00:00	2004-12-14 00:00:00	ACY	Atlantic City International	Spirit Airlines	Passenger Property Loss	Checked Baggage	99.98	Clothing & Accessories	Clothing - Shoes, belts, accessories, etc.	Settled	49.99	Settle
53994	2005012774541	2005-01-10 00:00:00	2004-12-10 00:00:00	ACY	Atlantic City International		Passenger Property Loss	Checked Baggage	143.0	Other	Other	Settled	71.55	Settle
54660	2005021075876	2005-01-16 00:00:00	2003-06-24 00:00:00	ACY	Atlantic City International	Delta Air Lines	Passenger Property Loss	Checked Baggage	12500.0	Electronics	Computer - Laptop	Denied	0.0	Deny
57177	2005031478045	2005-02-11 00:00:00	2004-11-14 00:00:00	ACY	Atlantic City International		Passenger Property Loss	Checkpoint	325.0	Clothing & Accessories	Clothing - Shoes, belts, accessories, etc.	Denied	0.0	Deny
59754	2005033080612	2005-03-22 00:00:00	2005-02-27 00:00:00	ACY	Atlantic City International		Passenger Property Loss	Checkpoint	270.0	Watches & Jewelry	Jewelry - Fine	Denied	0.0	Deny
60681	2005040581582	2005-04-04 00:00:00	2004-12-23 00:00:00	ACY	Atlantic City International	Spirit Airlines	Passenger Property Loss	Checked Baggage	25.0	Other	Currency	Approved	25.0	Approve in Full
63962	2005051784862	2005-05-16 00:00:00	2005-04-25 00:00:00	ACY	Atlantic City International	Spirit Airlines	Passenger Property Loss	Checkpoint	106.0	Clothing & Accessories	Clothing - Shoes, belts, accessories, etc.	Denied	0.0	Deny
66790	2005062987762	2005-06-23 00:00:00	2005-05-11 00:00:00	ACY	Atlantic City International	Spirit Airlines	Passenger Property Loss	Checked Baggage	120.0	Watches & Jewelry	Jewelry - Fine	Canceled	0.0	
70539	2005082991740	2005-08-23 00:00:00	2005-06-04 00:00:00	ACY	Atlantic City International	Spirit Airlines	Passenger Property Loss	Checked Baggage	10.0	Containers	Luggage (all types including footlockers)	Approved	10.0	Approve in Full
71040	2005090692158	2005-08-30 00:00:00	2005-05-18 00:00:00	ACY	Atlantic City International	Spirit Airlines	Passenger Property Loss	Checked Baggage	407.04	Electronics	Cameras - Digital	Approved	407.04	Approve in Full
73950	2005102095001	2005-10-17 00:00:00	2004-09-22 00:00:00	ACY	Atlantic City International	Spirit Airlines	Passenger Property Loss	Checked Baggage	350.0	Electronics	Cameras - Digital	Settled	292.79	Settle
74452	2005103195408	2005-10-25 00:00:00	2005-10-08 00:00:00	ACY	Atlantic City International	Spirit Airlines	Passenger Property Loss	Checked Baggage	427.12	Electronics	Cameras - Digital	Settled	249.16	Settle
74850	2005111496038	2005-11-01 00:00:00	2005-10-31 00:00:00	ACY	Atlantic City International	Spirit Airlines	Passenger Property Loss	Checked Baggage	599.98	Electronics	Cameras - Digital	Denied	0.0	Deny
79798	2006020701032	2006-01-30 00:00:00	2006-01-04 00:00:00	ACY	Atlantic City International	Spirit Airlines	Passenger Property Loss	Checked Baggage	571.0	Electronics	Cameras - Digital	Denied	0.0	Deny
87352	2006062708586	2006-06-26 00:00:00	2006-06-20 00:00:00	ACY	Atlantic City International	Spirit Airlines	Passenger Property Loss	Checked Baggage	226.0	Watches & Jewelry	Jewelry - Fine	Settled	113.0	Settle
88042	2006072510015	2006-07-10 00:00:00	2006-07-19 00:00:00	ACY	Atlantic City International	Spirit Airlines	Passenger Property Loss	Checked Baggage	29.99	Cosmetics	Cosmetics - Perfume, toilet articles, medicines, soaps, etc.	Approved	29.99	Approve in Full
88106	2006071309460	2006-07-10 00:00:00	2006-06-08 00:00:00	ACY	Atlantic City International	Spirit Airlines	Passenger Property Loss	Checked Baggage	300.0	Other	Other	Denied	0.0	Deny
100229	2007022321454	2007-02-21 00:00:00	2007-02-15 00:00:00	ACY	Atlantic City International	Spirit Airlines	Passenger Property Loss	Checked Baggage	650.0	Electronics	Cameras - Digital	Denied	0.0	Deny
101409	2007032022625	2007-03-16 00:00:00	2007-02-06 00:00:00	ACY	Atlantic City International		Passenger Property Loss	Checkpoint	18.0	Other	Other	Denied	0.0	Deny
103321	2007042624495	2007-04-23 00:00:00	2007-04-09 00:00:00	ACY	Atlantic City International		Passenger Property Loss	Checked Baggage	70.0	Other	Currency	Settled	35.0	Settle
103410	2007043024692	2007-04-25 00:00:00		ACY	Atlantic City International	Delta Air Lines	Passenger Property Loss	Checkpoint	13.96	Clothing & Accessories	Clothing - Shoes, belts, accessories, etc.	Insufficient, one of the following items required: sum certain, statement of fact, signature, location of incident, and date.		
105025	2007060626372	2007-05-31 00:00:00	2007-05-08 00:00:00	ACY	Atlantic City International	Spirit Airlines	Passenger Property Loss	Checked Baggage	8.43	Tools & Machines	Locks	Approved	8.43	Approve in Full
106783	2007071028069	2007-07-05 00:00:00	2007-04-27 00:00:00	ACY	Atlantic City International	Spirit Airlines	Passenger Property Loss	Checkpoint	100.0	Other	Currency	Approved	100.0	Approve in Full
108117	2007073129409	2007-07-30 00:00:00	2007-07-24 00:00:00	ACY	Atlantic City International		Passenger Property Loss	Checkpoint	2800.0	Other	Other	Denied	0.0	Deny
108523	2007080729732	2007-08-06 00:00:00	2007-06-19 00:00:00	ACY	Atlantic City International	Spirit Airlines	Passenger Property Loss	Checked Baggage	400.0	Containers	Handbags & Purses (leather or fabric)	Denied	0.0	Deny
113485	2007111434900	2007-11-09 00:00:00	2007-11-02 00:00:00	ACY	Atlantic City International	Spirit Airlines	Passenger Property Loss	Checked Baggage	40.0	Other	Other	Denied	0.0	Deny
114414	2007113035834	2007-11-29 00:00:00	2007-11-27 00:00:00	ACY	Atlantic City International	Spirit Airlines	Passenger Property Loss	Checkpoint	40.0	Other	Other	Approved	40.0	Approve in Full
115964	2008010837539	2008-01-02 00:00:00	2007-11-27 00:00:00	ACY	Atlantic City International		Passenger Property Loss	Checked Baggage	2.18	Supplies	Medicines	Denied	0.0	Deny
118036	2008021439651	2008-02-08 00:00:00	2006-12-01 00:00:00	ACY	Atlantic City International	Spirit Airlines	Passenger Property Loss	Checkpoint	43.46	Cosmetics	Cosmetics - Perfume, toilet articles, medicines, soaps, etc.	Denied	0.0	Deny
118203	2008021539709	2008-02-12 00:00:00	2008-01-05 00:00:00	ACY	Atlantic City International	Spirit Airlines	Passenger Property Loss	Checked Baggage	15.0	Tools & Machines	Locks	Denied	0.0	Deny
119748	2008080548000	2008-03-17 00:00:00	2008-03-16 00:00:00	ACY	Atlantic City International	Spirit Airlines	Passenger Property Loss	Checkpoint	150.0	Supplies	Medicines	Canceled	0.0	
120260	2008040341783	2008-03-25 00:00:00	2008-03-16 00:00:00	ACY	Atlantic City International	Spirit Airlines	Passenger Property Loss	Checked Baggage	170.64	Watches & Jewelry	Jewelry - Fine	Settled	85.32	Settle
121304	2008042143003	2008-04-14 00:00:00	2008-04-04 00:00:00	ACY	Atlantic City International	Spirit Airlines	Passenger Property Loss	Checked Baggage	12.39	Tools & Machines	Locks	Denied	0.0	Deny
122565	2008051344162	2008-05-09 00:00:00	2008-05-05 00:00:00	ACY	Atlantic City International	Spirit Airlines	Passenger Property Loss	Checked Baggage	234.12	Electronics	Video Recordings - Laser Discs	Settled	117.06	Settle
124928	2008070746613	2008-07-01 00:00:00	2008-06-01 00:00:00	ACY	Atlantic City International	Spirit Airlines	Passenger Property Loss	Checked Baggage	1123.26	Electronics	Computer - Laptop	Settled	540.43	Settle
125270	2008071747075	2008-07-10 00:00:00	2008-06-27 00:00:00	ACY	Atlantic City International		Passenger Property Loss	Checkpoint	263.99	Tools & Machines,Supplies	Lighters - (cigar, cigerette, etc.)*Medicines	Approved	263.99	Approve in Full
128830	2008093050601	2008-09-29 00:00:00	2008-09-10 00:00:00	ACY	Atlantic City International	Spirit Airlines	Passenger Property Loss	Checked Baggage	2500.0	Watches & Jewelry	Jewelry - Fine	Denied	0.0	Deny
129674	2008102751604	2008-10-20 00:00:00	2008-09-17 00:00:00	ACY	Atlantic City International	Spirit Airlines	Passenger Property Loss	Checked Baggage	370.0	Electronics,Electronics,Other	DVD/CD Players*MP3 Players-(iPods, etc)*Other	Denied	0.0	Deny
132426	2008123053813	2009-01-05 00:00:00	2008-12-14 00:00:00	ACY	Atlantic City International	Spirit Airlines	Passenger Property Loss	Checked Baggage	54.0	Other	Other	Denied	0.0	Deny
134496	2009031956466	2009-02-27 00:00:00	2009-01-12 00:00:00	ACY	Atlantic City International	Spirit Airlines	Passenger Property Loss	Checked Baggage	144.5	Cosmetics	Cosmetics - Perfume, toilet articles, medicines, soaps, etc.	Denied	0.0	Deny
137470	2009052959600	2009-05-21 00:00:00	2009-03-20 00:00:00	ACY	Atlantic City International	Spirit Airlines	Passenger Property Loss	Checkpoint	38.0	Electronics	GPS - Global Positioning System	Approved	38.0	Approve in Full
141009	2009082562959	2009-08-25 00:00:00	2009-08-12 00:00:00	ACY	Atlantic City International	Spirit Airlines	Passenger Property Loss	Checked Baggage	205.88	Cosmetics	Cosmetics - Perfume, toilet articles, medicines, soaps, etc.	Denied	0.0	Deny
141314	2009080362149	2009-09-02 00:00:00	2009-06-16 00:00:00	ACY	Atlantic City International	Spirit Airlines	Passenger Property Loss	Checked Baggage	12000.0	Watches & Jewelry	Jewelry - Fine	Denied	0.0	Deny
144152	2009120766152	2009-12-01 00:00:00	2009-09-29 05:00:00	ACY	Atlantic City International	AirTran Airlines	Passenger Property Loss	Checked Baggage	72.0	Watches & Jewelry	Jewelry - Costume	Denied	0.0	Deny
146782	2010032269797	2010-03-17 00:00:00	2010-02-11 00:00:00	ACY	Atlantic City International	Spirit Airlines	Passenger Property Loss	Checked Baggage		Clothing & Accessories	Clothing		0.0	Deny
151401	2010080674597	2010-08-05 00:00:00	2010-03-18 00:00:00	ACY	Atlantic City International	American Airlines	Passenger Property Loss	Checked Baggage		Containers,Clothing & Accessories,Cosmetics,Other	Baggage/Cases/Purses*Clothing*Cosmetics & Grooming*Other		0.0	Deny
153891	2010102677378	2010-10-18 00:00:00	2010-09-16 00:00:00	ACY	Atlantic City International	Spirit Airlines	Passenger Property Loss	Checked Baggage		Other	Other		0.0	Deny
154326	2010111077780	2010-11-01 00:00:00	2010-10-23 12:30:00	ACY	Atlantic City International	Spirit Airlines	Passenger Property Loss	Checked Baggage		Other	Other		135.0	Settle
155255	2010120878599	2010-12-02 00:00:00	2010-11-22 14:40:00	ACY	Atlantic City International	Spirit Airlines	Passenger Property Loss	Checked Baggage		Scientific Intruments	Medical/Science		0.0	Deny
155746	2011010379173	2010-12-20 00:00:00	2010-10-17 00:00:00	ACY	Atlantic City International	Spirit Airlines	Passenger Property Loss	Checkpoint		Electronics	Personal Electronics		132.14	Settle
157810	2011031781297	2011-02-24 00:00:00	2011-01-27 04:30:00	ACY	Atlantic City International	Spirit Airlines	Passenger Property Loss	Checkpoint		Scientific Intruments	Medical/Science		0.0	Deny
159219	2011041482646	2011-04-12 00:00:00	2011-04-02 00:00:00	ACY	Atlantic City International	Spirit Airlines	Passenger Property Loss	Checked Baggage		Clothing & Accessories	Clothing		15.0	Approve in Full
162540	2011081286064	2011-07-29 00:00:00	2011-06-03 06:00:00	ACY	Atlantic City International	Spirit Airlines	Passenger Property Loss	Checked Baggage		Electronics	Cameras		0.0	Deny
163590	2011092887191	2011-08-31 00:00:00	2011-08-21 14:00:00	ACY	Atlantic City International	Spirit Airlines	Passenger Property Loss	Checked Baggage		Other	Other		29.99	Approve in Full
163799	2011100387296	2011-09-08 00:00:00	2011-08-19 00:00:00	ACY	Atlantic City International	Spirit Airlines	Passenger Property Loss	Checked Baggage		Games & Toys	Toys & Games		0.0	Deny
167192	2012020990864	2012-01-09 00:00:00	2011-12-30 07:00:00	ACY	Atlantic City International	Spirit Airlines	Passenger Property Loss	Checked Baggage		Household Decor	Home Decor		171.19	Approve in Full
169214	2012042093087	2012-03-14 00:00:00	2012-02-29 00:00:00	ACY	Atlantic City International	Spirit Airlines	Passenger Property Loss	Checked Baggage		Clothing & Accessories	Personal Accessories		84.53	Approve in Full
170520	2012052294162	2012-05-01 00:00:00	2012-04-02 00:00:00	ACY	Atlantic City International	Spirit Airlines	Passenger Property Loss	Checked Baggage		Cosmetics	Travel Accessories		10.0	Approve in Full
172798	2012090496522	2012-07-23 00:00:00	2012-05-21 00:00:00	ACY	Atlantic City International	Spirit Airlines	Passenger Property Loss	Checked Baggage		Clothing & Accessories	Clothing		0.0	Deny
173623	2012100297337	2012-08-20 00:00:00	2012-07-13 00:00:00	ACY	Atlantic City International	Spirit Airlines	Passenger Property Loss	Checked Baggage		Watches & Jewelry	Jewelry & Watches		0.0	Deny
175081	2012111798738	2012-10-15 00:00:00	2012-10-09 00:00:00	ACY	Atlantic City International	Spirit Airlines	Passenger Property Loss	Checkpoint		Clothing & Accessories	Personal Accessories		0.0	Deny
175599	2012112998958	2012-11-01 00:00:00	2012-10-18 10:18:00	ACY	Atlantic City International		Passenger Property Loss	Checked Baggage		Outdoors Supplies	Sporting Equipment & Supplies (footballs, parachutes, etc.)			
177539	2013020701185	2013-01-17 00:00:00	2012-12-26 00:00:00	ACY	Atlantic City International	Spirit Airlines	Passenger Property Loss	Checked Baggage		Containers	Baggage/Cases/Purses		37.09	Approve in Full
178747	2013022702109	2013-03-04 00:00:00	2013-02-13 00:00:00	ACY	Atlantic City International	Spirit Airlines	Passenger Property Loss	Checkpoint		Electronics	Personal Electronics		0.0	Deny
181084	2013060904080	2013-05-31 00:00:00	2013-03-28 00:00:00	ACY	Atlantic City International	Spirit Airlines	Passenger Property Loss	Checked Baggage		Containers,Other,Other	Baggage/Cases/Purses*Other*Other		97.95	Approve in Full
181184	2013062404670	2013-06-04 00:00:00	2013-06-02 00:00:00	ACY	Atlantic City International	Spirit Airlines	Passenger Property Loss	Checked Baggage		Cosmetics	Travel Accessories		11.0	Approve in Full
182047	2013072905493	2013-07-02 00:00:00	2013-06-11 10:35:00	ACY	Atlantic City International		Passenger Property Loss	Checked Baggage		Watches & Jewelry	Jewelry & Watches		0.0	Deny
184506	2013102908219	2013-09-25 00:00:00	2013-09-01 04:00:00	ACY	Atlantic City International		Passenger Property Loss	Checked Baggage		Watches & Jewelry	Jewelry & Watches			
185489	2013111209152	2013-11-07 00:00:00	2013-10-26 05:30:00	ACY	Atlantic City International	Spirit Airlines	Passenger Property Loss	Checkpoint		Containers	Baggage/Cases/Purses			
189892	2014050213703	2014-04-29 00:00:00	2014-03-21 00:00:00	ACY	Atlantic City International	Spirit Airlines	Passenger Property Loss	Checked Baggage		Cosmetics	Travel Accessories		6.44	Approve in Full
192598	2014090816464	2014-08-15 00:00:00	2014-07-25 00:00:00	ACY	Atlantic City International	Spirit Airlines	Passenger Property Loss	Checked Baggage		Scientific Intruments	Medical/Science			
193376	2014100117258	2014-09-16 00:00:00	2014-08-26 00:00:00	ACY	Atlantic City International	Spirit Airlines	Passenger Property Loss	Checked Baggage		Watches & Jewelry	Jewelry & Watches			
195598	2015042922169	2015-04-29 00:00:00	2015-04-07 00:00:00	ACY	Atlantic City International	Spirit Airlines	Passenger Property Loss	Checked Baggage		Other	Other		38.0	Approve in Full
195600	2015070823700	2015-06-30 00:00:00	2015-06-18 00:00:00	ACY	Atlantic City International	Republic Airways	Passenger Property Loss	Checked Baggage		Outdoors Supplies	Hunting & Fishing Items		0.0	Deny
204277	2016100534410	2016-09-20 00:00:00	2016-09-16 00:00:00	ACY	Atlantic City International Atlantic City International		Passenger Property Loss	Checkpoint		Scientific Intruments	Medical/Science		42.92	Settle
212469	2017070341178	2017-06-06 00:00:00	2017-05-26 00:00:00	ACY	Atlantic City International Atlantic City International	Spirit Airlines	Passenger Property Loss	Checked Baggage		Other	Other			In Review
212470	2017101044156	2017-09-08 00:00:00	2017-08-23 00:00:00	ACY	Atlantic City International Atlantic City International	Spirit Airlines	Passenger Property Loss	Checked Baggage		Other	Currency			In Review
212471	2017122946383	2017-12-09 00:00:00	2017-12-07 10:30:00	ACY	Atlantic City International Atlantic City International	Spirit Airlines	Passenger Property Loss	Checkpoint		Electronics	Computer & Accessories			Insufficient
212474	2017072741879	2017-07-11 00:00:00	2017-06-21 10:00:00	ACY	Atlantic City International Atlantic City International	Spirit Airlines	Passenger Property Loss	Checked Baggage		Cosmetics	Travel Accessories			In Review