id	claim_number	date_received	incident_date	airport_code	airport_name	airline	claim_type	claim_site	claim_amount	items_new	items_old	status	close_amount	disposition
31682	2004051351804	2004-03-30 00:00:00	2004-03-03 00:00:00	BGR	Bangor International Airport	Delta Air Lines	Passenger Property Loss	Checked Baggage	439.46	Electronics	Cameras - Digital	Settled	219.73	Settle
36945	2004070858885	2004-06-03 00:00:00	2004-05-16 00:00:00	BGR	Bangor International Airport	Delta Air Lines	Passenger Property Loss	Checked Baggage	30.0	Tools & Machines	Locks	Denied	0.0	Deny
61477	2005041482560	2005-04-12 00:00:00	2004-11-11 00:00:00	BGR	Bangor International Airport	American Airlines	Passenger Property Loss	Checked Baggage	220.0	Watches & Jewelry	Jewelry - Fine	Approved	220.0	Approve in Full
69087	2005072989889	2005-07-29 00:00:00	2005-07-08 00:00:00	BGR	Bangor International Airport	Delta Air Lines	Passenger Property Loss	Checked Baggage	13.27	Tools & Machines	Locks	Approved	13.27	Approve in Full
69809	2005081890832	2005-08-09 00:00:00	2005-07-22 00:00:00	BGR	Bangor International Airport	Delta Air Lines	Passenger Property Loss	Checked Baggage	63.9	Other	Other	Denied	0.0	Deny
70679	2005083091858	2005-08-23 00:00:00	2005-08-17 00:00:00	BGR	Bangor International Airport	Comair Inc	Passenger Property Loss	Checked Baggage	112.81	Cosmetics	Cosmetics - Perfume, toilet articles, medicines, soaps, etc.	Denied	0.0	Deny
72979	2005100594032	2005-09-29 00:00:00	2005-09-10 00:00:00	BGR	Bangor International Airport	Northwest Airlines	Passenger Property Loss	Checked Baggage	39.95	Tools & Machines	Locks	Settled	19.97	Settle
76418	2005121297539	2005-12-02 00:00:00	2005-09-24 00:00:00	BGR	Bangor International Airport	American Airlines	Passenger Property Loss	Checked Baggage	30.0	Other	Other	Approved	30.0	Approve in Full
76810	2005121497843	2005-12-08 00:00:00	2005-11-28 00:00:00	BGR	Bangor International Airport	UAL	Passenger Property Loss	Checked Baggage	750.0	Other	Other	Denied	0.0	Deny
80404	2006021401551	2006-02-08 00:00:00	2005-08-03 00:00:00	BGR	Bangor International Airport	Northwest Airlines	Passenger Property Loss	Checked Baggage	44.52	Tools & Machines	Locks	Approved	44.52	Approve in Full
80541	2006022101757	2006-02-10 00:00:00	2006-01-23 00:00:00	BGR	Bangor International Airport	Continental Airlines	Passenger Property Loss	Checked Baggage	533.37	Electronics	Cameras - Digital	Denied	0.0	Deny
87019	2006062008287	2006-06-19 00:00:00	2006-06-11 00:00:00	BGR	Bangor International Airport	USAir	Passenger Property Loss	Checked Baggage	900.0	Other	Other	Denied	0.0	Deny
88635	2006072009854	2006-07-19 00:00:00	2006-07-15 00:00:00	BGR	Bangor International Airport	American Airlines	Passenger Property Loss	Checked Baggage	209.95	Other	Other	Denied	0.0	Deny
89410	2006081010736	2006-08-03 00:00:00	2006-06-30 00:00:00	BGR	Bangor International Airport	Continental Airlines	Passenger Property Loss	Checked Baggage	671.97	Electronics,Electronics	Cameras - Non-electronic (Camera supplies, lenses, projectors, etc.)*Video Recordings (blank & commercial)	Settled	182.85	Settle
89413	2006080910612	2006-08-04 00:00:00	2006-06-09 00:00:00	BGR	Bangor International Airport	Continental Airlines	Passenger Property Loss	Checked Baggage	15.45	Tools & Machines	Locks	Approved	15.45	Approve in Full
92022	2006092613291	2006-09-22 00:00:00	2006-09-15 00:00:00	BGR	Bangor International Airport	American Airlines	Passenger Property Loss	Checked Baggage	92.22	Clothing & Accessories	Clothing - Shoes, belts, accessories, etc.	Denied	0.0	Deny
94582	2006111715796	2006-11-13 00:00:00	2006-11-06 00:00:00	BGR	Bangor International Airport	American Airlines	Passenger Property Loss	Checked Baggage		Containers,Electronics,Electronics,Watches & Jewelry	Bags - Fabric, plastic, etc. (not purses)*Cell Phones*DVD/CD Players*Jewelry - Costume	Insufficient, one of the following items required: sum certain, statement of fact, signature, location of incident, and date.		
105644	2007061426921	2007-06-11 00:00:00	2007-02-10 00:00:00	BGR	Bangor International Airport		Passenger Property Loss	Checked Baggage	200.0	Electronics,Other	MP3 Players-(iPods, etc)*Other	Denied	0.0	Deny
106954	2007071328324	2007-07-09 00:00:00	2007-07-02 00:00:00	BGR	Bangor International Airport	USAir	Passenger Property Loss	Checked Baggage	350.0	Electronics	Cameras - Digital	Canceled	0.0	
121271	2008041842871	2008-04-14 00:00:00	2008-04-02 00:00:00	BGR	Bangor International Airport	Continental Airlines	Passenger Property Loss	Checked Baggage	317.7	Other	Other	Denied	0.0	Deny
121791	2008042543424	2008-04-23 00:00:00	2008-03-29 00:00:00	BGR	Bangor International Airport	Delta Air Lines	Passenger Property Loss	Checked Baggage	10.6	Tools & Machines	Locks	Denied	0.0	Deny
129856	2008110351682	2008-10-24 00:00:00	2008-08-11 00:00:00	BGR	Bangor International Airport	Delta Air Lines	Passenger Property Loss	Checked Baggage	8175.0	Watches & Jewelry,Watches & Jewelry,Containers	Jewelry - Costume*Jewelry - Fine*Luggage (all types including footlockers)	Denied	0.0	Deny
138618	2009062560637	2009-06-22 00:00:00	2009-05-13 00:00:00	BGR	Bangor International Airport	Continental Airlines	Passenger Property Loss	Checked Baggage	350.0	Scientific Intruments	Dental Equipment and Instruments	Denied	0.0	Deny
139284	2009071661295	2009-07-09 00:00:00	2009-06-30 00:00:00	BGR	Bangor International Airport	USAir	Passenger Property Loss	Checked Baggage	298.0	Electronics,Games & Toys	Computer - Laptop*Toys (game systems, cartridges, radio controlled cars, etc.)	Denied	0.0	Deny
143129	2009110565167	2009-10-29 00:00:00	2009-10-29 08:00:00	BGR	Bangor International Airport	Northwest Airlines	Passenger Property Loss	Checked Baggage	200.0	Electronics	GPS - Global Positioning System	Denied	0.0	Deny
145406	2010020568345	2010-01-25 00:00:00	2010-01-11 15:00:00	BGR	Bangor International Airport	Northwest Airlines	Passenger Property Loss	Checked Baggage		Clothing & Accessories	Clothing		0.0	Deny
145953	2010030268909	2010-02-19 00:00:00	2010-01-20 11:30:00	BGR	Bangor International Airport	USAir	Passenger Property Loss	Checked Baggage		Cosmetics	Travel Accessories		0.0	Deny
151952	2010082675364	2010-08-20 00:00:00	2010-08-03 00:00:00	BGR	Bangor International Airport	USAir	Passenger Property Loss	Checked Baggage		Electronics	Personal Electronics		0.0	Deny
161102	2011062484624	2011-06-13 00:00:00	2011-06-01 00:00:00	BGR	Bangor International Airport	USAir	Passenger Property Loss	Checked Baggage		Cosmetics	Travel Accessories		0.0	Deny
170987	2012060694594	2012-05-16 00:00:00	2012-05-12 11:00:00	BGR	Bangor International Airport	USAir	Passenger Property Loss	Checked Baggage		Other	Currency		0.0	Deny
175377	2012120599079	2012-10-23 00:00:00	2012-07-18 00:00:00	BGR	Bangor International Airport	Delta Air Lines	Passenger Property Loss	Checked Baggage		Cosmetics	Cosmetics & Grooming		118.5	Settle
176334	2013011800008	2012-11-29 00:00:00	2012-11-12 00:00:00	BGR	Bangor International Airport	Delta Air Lines	Passenger Property Loss	Checked Baggage		Electronics	Personal Electronics		0.0	Deny
181114	2013071405176	2013-05-31 00:00:00	2013-04-28 12:54:00	BGR	Bangor International Airport	USAir	Passenger Property Loss	Checked Baggage		Office Supplies,Office Supplies,Scientific Intruments	Books, Magazines & Other*Books, Magazines & Other*Medical/Science		0.0	Deny
183098	2013090906694	2013-08-08 00:00:00	2013-07-25 12:45:00	BGR	Bangor International Airport	USAir	Passenger Property Loss	Checkpoint		Other	Other			
187447	2014012811203	2014-01-23 00:00:00	2014-01-01 00:00:00	BGR	Bangor International Airport	USAir	Passenger Property Loss	Checked Baggage		Clothing & Accessories	Clothing		0.0	Deny
193310	2014093017191	2014-09-12 00:00:00	2014-08-11 00:00:00	BGR	Bangor International Airport	Delta Air Lines	Passenger Property Loss	Checked Baggage		Other	Other		34.94	Settle
194095	2014102417989	2014-10-20 00:00:00	2014-10-04 00:00:00	BGR	Bangor International Airport	Delta Air Lines	Passenger Property Loss	Checked Baggage		Containers	Baggage/Cases/Purses		12.5	Settle
196158	2016010628123	2015-12-23 00:00:00	2015-10-27 00:00:00	BGR	Bangor International Airport	American Airlines	Passenger Property Loss	Checked Baggage		Household Decor	Home Decor			
213039	2017102644788	2017-10-02 00:00:00	2017-09-24 00:00:00	BGR	 Bangor International Airport	UAL	Passenger Property Loss	Checkpoint		Other	Currency			In Review
213041	2017101144205	2017-08-30 00:00:00	2017-08-19 10:15:00	BGR	 Bangor International Airport	Delta Air Lines	Passenger Property Loss	Checked Baggage		Electronics	Audio/Video			Insufficient