id	claim_number	date_received	incident_date	airport_code	airport_name	airline	claim_type	claim_site	claim_amount	items_new	items_old	status	close_amount	disposition
54420	2005012874789	2005-01-12 00:00:00	2003-01-06 00:00:00	BLI	Bellingham International		Passenger Property Loss	Checked Baggage	400.0	Electronics	Cameras - Digital	Settled	164.19	Settle
67262	2005070688305	2005-06-30 00:00:00	2005-06-19 00:00:00	BLI	Bellingham International	Horizon Air	Passenger Property Loss	Checkpoint	30.0	Other	Currency	Denied	0.0	Deny
71392	2005091492479	2005-09-06 00:00:00	2005-06-10 00:00:00	BLI	Bellingham International	Alaska Airlines	Passenger Property Loss	Checked Baggage	499.0	Other	Other	Denied	0.0	Deny
74550	2005110795680	2005-10-27 00:00:00	2005-10-09 00:00:00	BLI	Bellingham International	Allegiant Air	Passenger Property Loss	Checked Baggage	14.74	Tools & Machines	Locks	Denied	0.0	Deny
77620	2006010498748	2005-12-27 00:00:00	2005-12-02 00:00:00	BLI	Bellingham International	Alaska Airlines	Passenger Property Loss	Checked Baggage	115.74	Other	Other	Approved	115.74	Approve in Full
77858	2006010698976	2006-01-03 00:00:00	2005-12-20 00:00:00	BLI	Bellingham International		Passenger Property Loss	Checkpoint	100.0	Containers	Luggage (all types including footlockers)	Approved	100.0	Approve in Full
92302	2006100313560	2006-09-28 00:00:00	2006-09-15 00:00:00	BLI	Bellingham International	Delta Air Lines	Passenger Property Loss	Checked Baggage	650.0	Other	Currency	Settled	325.0	Settle
93669	2006110114923	2006-10-26 00:00:00	2006-07-29 00:00:00	BLI	Bellingham International	Delta Air Lines	Passenger Property Loss	Checked Baggage	76.42	Clothing & Accessories	Clothing - Shoes, belts, accessories, etc.	Approved	76.42	Approve in Full
94834	2006112816281	2006-11-17 00:00:00	2006-10-20 00:00:00	BLI	Bellingham International	Alaska Airlines	Passenger Property Loss	Checked Baggage	130.07	Scientific Intruments	Professional Equipment	Denied	0.0	Deny
99890	2007021621077	2007-02-13 00:00:00	2007-02-02 00:00:00	BLI	Bellingham International	Alaska Airlines	Passenger Property Loss	Checked Baggage	159.0	Electronics	Cell Phones	Denied	0.0	Deny
103476	2007042724632	2007-04-26 00:00:00	2007-04-17 00:00:00	BLI	Bellingham International		Passenger Property Loss	Checked Baggage	18.54	Tools & Machines	Locks	Settled	9.99	Settle
104479	2007051925715	2007-05-18 00:00:00	2007-05-14 00:00:00	BLI	Bellingham International	Horizon Air	Passenger Property Loss	Checked Baggage	31.3	Containers	Luggage (all types including footlockers)	Approved	31.3	Approve in Full
105484	2007061126711	2007-06-07 00:00:00	2007-04-25 00:00:00	BLI	Bellingham International	Alaska Airlines	Passenger Property Loss	Checked Baggage	245.0	Electronics,Watches & Jewelry	Cameras - Digital*Watches - Inexpensive $100 or less	Denied	0.0	Deny
107273	2007071928617	2007-07-13 00:00:00	2007-06-03 00:00:00	BLI	Bellingham International	Allegiant Air	Passenger Property Loss	Checked Baggage	25.24	Electronics	Calculators - Adding machines, hand calculators, etc.	Denied	0.0	Deny
108038	2007073029331	2007-07-27 00:00:00	2007-06-08 00:00:00	BLI	Bellingham International	Alaska Airlines	Passenger Property Loss	Checked Baggage	399.0	Electronics,Other	Cameras - Digital*Other	Denied	0.0	Deny
113052	2007110234416	2007-11-01 00:00:00	2007-10-28 00:00:00	BLI	Bellingham International	Horizon Air	Passenger Property Loss	Checked Baggage	150.0	Watches & Jewelry	Jewelry - Costume	Canceled	0.0	
116340	2008011638027	2008-01-08 00:00:00	2008-01-03 00:00:00	BLI	Bellingham International	Horizon Air	Passenger Property Loss	Checked Baggage	150.5	Watches & Jewelry	Watches - Expensive more than $100	Canceled	0.0	
118057	2008021939735	2008-02-08 00:00:00	2007-12-17 00:00:00	BLI	Bellingham International	Horizon Air	Passenger Property Loss	Checkpoint	400.0	Other	Currency	Denied	0.0	Deny
119667	2008032041330	2008-03-13 00:00:00	2007-11-27 00:00:00	BLI	Bellingham International	Alaska Airlines	Passenger Property Loss	Checked Baggage	458.99	Electronics	Cameras - Digital	Denied	0.0	Deny
122788	2008051944477	2008-05-14 00:00:00	2007-12-14 00:00:00	BLI	Bellingham International	Alaska Airlines	Passenger Property Loss	Checked Baggage	14.99	Other	Other	Denied	0.0	Deny
122826	2008051944473	2008-05-15 00:00:00	2008-04-04 00:00:00	BLI	Bellingham International		Passenger Property Loss	Checked Baggage	49.89	Other	Other	Denied	0.0	Deny
125104	2008071046783	2008-07-07 00:00:00	2008-05-01 00:00:00	BLI	Bellingham International	Allegiant Air	Passenger Property Loss	Checked Baggage	1500.0	Clothing & Accessories,Clothing & Accessories	Clothing - Shoes, belts, accessories, etc.*Eyeglasses - (including contact lenses)	Denied	0.0	Deny
128778	2008093050605	2008-09-26 00:00:00	2008-08-29 00:00:00	BLI	Bellingham International	Alaska Airlines	Passenger Property Loss	Checked Baggage	335.0	Clothing & Accessories,Watches & Jewelry	Clothing - Shoes, belts, accessories, etc.*Jewelry - Fine	Denied	0.0	Deny
129699	2008102051281	2008-10-21 00:00:00	2008-10-02 00:00:00	BLI	Bellingham International	Allegiant Air	Passenger Property Loss	Checked Baggage	10.0	Tools & Machines	Locks	Denied	0.0	Deny
135610	2009041657605	2009-03-27 00:00:00	2009-02-16 00:00:00	BLI	Bellingham International	Allegiant Air	Passenger Property Loss	Checked Baggage	10.0	Tools & Machines	Locks	Denied	0.0	Deny
136309	2009050458325	2009-04-17 00:00:00	2009-02-11 00:00:00	BLI	Bellingham International	Alaska Airlines	Passenger Property Loss	Checked Baggage	13.04	Tools & Machines	Locks	Approved	13.04	Approve in Full
136321	2009041757718	2009-04-17 00:00:00	2008-12-20 00:00:00	BLI	Bellingham International		Passenger Property Loss	Checked Baggage	10.0	Tools & Machines	Locks	Denied	0.0	Deny
140679	2009082062803	2009-08-14 00:00:00	2009-07-23 00:00:00	BLI	Bellingham International	Horizon Air	Passenger Property Loss	Checked Baggage	32.95	Office Supplies	Books - Other (Hardcover non-fiction)	Canceled	0.0	
142377	2009100664380	2009-10-05 00:00:00	2009-09-22 00:00:00	BLI	Bellingham International	Alaska Airlines	Passenger Property Loss	Checked Baggage	272.96	Electronics	DVD/CD Players	Denied	0.0	Deny
145434	2010020268166	2010-01-26 00:00:00	2010-01-10 00:00:00	BLI	Bellingham International	Allegiant Air	Passenger Property Loss	Checked Baggage		Containers,Clothing & Accessories,Outdoors Supplies	Baggage/Cases/Purses*Clothing*Sporting Equipment & Supplies (footballs, parachutes, etc.)		0.0	Deny
150185	2010071373576	2010-06-30 00:00:00	2010-04-07 05:30:00	BLI	Bellingham International	Alaska Airlines	Passenger Property Loss	Checked Baggage		Clothing & Accessories,Clothing & Accessories,Food & Drink,Food & Drink,Outdoors Supplies,Outdoors Supplies,Scientific Intruments,Other,Other,Clothing & Accessories	Clothing*Clothing*Food & Drink*Food & Drink*Hunting & Fishing Items*Hunting & Fishing Items*Medical/Science*Other*Other*Personal Accessories		0.0	Deny
156667	2011021080099	2011-01-19 00:00:00	2010-12-12 00:00:00	BLI	Bellingham International	Alaska Airlines	Passenger Property Loss	Checked Baggage		Containers,Games & Toys	Baggage/Cases/Purses*Toys & Games		276.9	Settle
157214	2011030480902	2011-02-02 00:00:00	2010-12-08 12:00:00	BLI	Bellingham International	Horizon Air	Passenger Property Loss	Checked Baggage		Outdoors Supplies	Sporting Equipment & Supplies (footballs, parachutes, etc.)			
165098	2011110488699	2011-10-24 00:00:00	2011-05-29 00:00:00	BLI	Bellingham International	Alaska Airlines	Passenger Property Loss	Checked Baggage		Electronics,Electronics	Cameras*Cameras		235.45	Settle
166905	2012012590412	2011-12-29 00:00:00	2011-12-20 00:00:00	BLI	Bellingham International	Alaska Airlines	Passenger Property Loss	Checked Baggage		Cosmetics	Cosmetics & Grooming		130.87	Approve in Full
167916	2012013090506	2012-01-30 00:00:00	2011-10-27 00:00:00	BLI	Bellingham International	Allegiant Air	Passenger Property Loss	Checked Baggage		Clothing & Accessories	Personal Accessories		456.34	Settle
168317	2012021390945	2012-02-13 00:00:00	2011-10-27 07:00:00	BLI	Bellingham International	Allegiant Air	Passenger Property Loss	Checked Baggage		Clothing & Accessories	Personal Accessories			
169833	2012051493875	2012-04-08 00:00:00	2012-03-14 00:00:00	BLI	Bellingham International	Alaska Airlines	Passenger Property Loss	Checked Baggage		Electronics	Cameras		0.0	Deny
170137	2012051093838	2012-04-17 00:00:00	2012-03-29 00:00:00	BLI	Bellingham International	Allegiant Air	Passenger Property Loss	Checkpoint		Electronics	Personal Electronics		0.0	Deny
170526	2012052494266	2012-05-01 00:00:00	2012-04-14 00:00:00	BLI	Bellingham International	Alaska Airlines	Passenger Property Loss	Checkpoint		Clothing & Accessories	Clothing		0.0	Deny
171475	2012071095175	2012-06-04 00:00:00	2012-03-03 08:00:00	BLI	Bellingham International	Alaska Airlines	Passenger Property Loss	Checked Baggage		Watches & Jewelry	Jewelry & Watches		0.0	Deny
174191	2012102297910	2012-09-10 00:00:00	2012-07-05 09:00:00	BLI	Bellingham International	Alaska Airlines	Passenger Property Loss	Checkpoint		Other	Other		160.19	Approve in Full
177713	2013021501540	2013-01-23 00:00:00	2012-04-16 00:00:00	BLI	Bellingham International	Alaska Airlines	Passenger Property Loss	Checked Baggage		Clothing & Accessories	Clothing		40.0	Settle
182796	2013082706308	2013-07-30 00:00:00	2013-02-21 13:35:00	BLI	Bellingham International	Allegiant Air	Passenger Property Loss	Checked Baggage		Watches & Jewelry	Jewelry & Watches			
182895	2013090706673	2013-08-01 00:00:00	2013-06-19 11:30:00	BLI	Bellingham International	Allegiant Air	Passenger Property Loss	Checkpoint		Other	Currency			
186399	2013123110369	2013-12-16 00:00:00	2013-12-07 10:00:00	BLI	Bellingham International	Allegiant Air	Passenger Property Loss	Checkpoint		Cosmetics,Other,Watches & Jewelry	Cosmetics & Grooming*Currency*Jewelry & Watches			
189477	2014041613279	2014-04-11 00:00:00	2014-02-22 00:00:00	BLI	Bellingham International	Allegiant Air	Passenger Property Loss	Checked Baggage		Food & Drink	Food & Drink		0.0	Deny
192171	2014081916025	2014-07-22 00:00:00	2014-06-26 00:00:00	BLI	Bellingham International	Allegiant Air	Passenger Property Loss	Checkpoint		Cosmetics	Cosmetics & Grooming			
204822	2017012436789	2016-12-05 00:00:00	2016-10-18 06:56:00	BLI	Bellingham International Bellingham International	Allegiant Air	Passenger Property Loss	Checked Baggage		Electronics	Computer & Accessories			In Review
213056	2017051939786	2017-03-31 00:00:00	2017-03-17 08:00:00	BLI	Bellingham International Bellingham International	Alaska Airlines	Passenger Property Loss	Checked Baggage		Containers	Baggage/Cases/Purses			In Review