id	claim_number	date_received	incident_date	airport_code	airport_name	airline	claim_type	claim_site	claim_amount	items_new	items_old	status	close_amount	disposition
40591	2004081060948	2004-07-20 00:00:00	2004-06-23 00:00:00	BMI	Bloomington-Normal Airport		Passenger Property Loss	Checked Baggage	15.95	Other	Other	Denied	0.0	Deny
42604	2004092163319	2004-08-13 00:00:00	2004-08-09 00:00:00	BMI	Bloomington-Normal Airport	AirTran Airlines	Passenger Property Loss	Checked Baggage	100.0	Other	Other	Denied	0.0	Deny
55416	2005021676307	2005-01-24 00:00:00	2004-12-23 00:00:00	BMI	Bloomington-Normal Airport	Air Tran Airlines(do not use)	Passenger Property Loss	Checked Baggage	376.97	Electronics	Cameras - Digital	Settled	188.49	Settle
55537	2005021676187	2005-01-26 00:00:00	2005-01-06 00:00:00	BMI	Bloomington-Normal Airport	AirTran Airlines	Passenger Property Loss	Checkpoint	197.75	Electronics	Cameras - Digital	Canceled	0.0	
59807	2005033180698	2005-03-23 00:00:00	2005-02-23 00:00:00	BMI	Bloomington-Normal Airport	AirTran Airlines	Passenger Property Loss	Checked Baggage	78.23	Other	Other	Approved	78.23	Approve in Full
64793	2005060285712	2005-05-31 00:00:00	2005-05-17 00:00:00	BMI	Bloomington-Normal Airport	American Airlines	Passenger Property Loss	Checked Baggage	86.09	Clothing & Accessories	Clothing - Shoes, belts, accessories, etc.	Approved	86.09	Approve in Full
67534	2005071188584	2005-07-06 00:00:00	2005-06-23 00:00:00	BMI	Bloomington-Normal Airport	AirTran Airlines	Passenger Property Loss	Checked Baggage	282.14	Clothing & Accessories	Clothing - Shoes, belts, accessories, etc.	Denied	0.0	Deny
69146	2005080890137	2005-08-01 00:00:00	2005-03-20 00:00:00	BMI	Bloomington-Normal Airport	Air Tran Airlines(do not use)	Passenger Property Loss	Checkpoint	250.0	Other	Other	Approved	250.0	Approve in Full
75342	2005112596436	2005-11-14 00:00:00	2005-10-29 00:00:00	BMI	Bloomington-Normal Airport	Air Tran Airlines(do not use)	Passenger Property Loss	Checked Baggage	232.03	Clothing & Accessories	Eyeglasses - (including contact lenses)	Approved	232.03	Approve in Full
79096	2006012300111	2006-01-18 00:00:00	2005-12-27 00:00:00	BMI	Bloomington-Normal Airport	UAL	Passenger Property Loss	Checked Baggage	250.0	Other	Other	Settled	125.0	Settle
82580	2006032703726	2006-03-21 00:00:00	2005-12-31 00:00:00	BMI	Bloomington-Normal Airport	UAL	Passenger Property Loss	Checked Baggage	1942.93	Watches & Jewelry	Jewelry - Fine	Denied	0.0	Deny
83586	2006041904752	2006-04-10 00:00:00	2006-02-16 00:00:00	BMI	Bloomington-Normal Airport	American Eagle	Passenger Property Loss	Checked Baggage	848.38	Supplies	Medicines	Denied	0.0	Deny
86649	2006061207797	2006-06-12 00:00:00	2006-04-24 00:00:00	BMI	Bloomington-Normal Airport	Delta Air Lines	Passenger Property Loss	Checked Baggage	512.36	Watches & Jewelry	Jewelry - Costume	Settled	256.18	Settle
90749	2006090611989	2006-08-29 00:00:00	2006-08-22 00:00:00	BMI	Bloomington-Normal Airport	Northwest Airlines	Passenger Property Loss	Checked Baggage	169.96	Clothing & Accessories	Eyeglasses - (including contact lenses)	Settled	84.98	Settle
92308	2006100413584	2006-09-29 00:00:00	2006-08-04 00:00:00	BMI	Bloomington-Normal Airport	Air Tran Airlines(do not use)	Passenger Property Loss	Checked Baggage	9.19	Tools & Machines	Locks	Approved	9.19	Approve in Full
93859	2006110615187	2006-10-30 00:00:00	2006-10-22 00:00:00	BMI	Bloomington-Normal Airport	Delta Air Lines	Passenger Property Loss	Checked Baggage	124.87	Clothing & Accessories	Clothing - Shoes, belts, accessories, etc.	Denied	0.0	Deny
97271	2007010518369	2007-01-03 00:00:00	2006-11-18 00:00:00	BMI	Bloomington-Normal Airport	UAL	Passenger Property Loss	Checked Baggage	1503.17	Clothing & Accessories,Cosmetics,Containers	Clothing - Shoes, belts, accessories, etc.*Cosmetics - Perfume, toilet articles, medicines, soaps, etc.*Handbags & Purses (leather or fabric)	Denied	0.0	Deny
97559	2007011118702	2007-01-08 00:00:00	2006-12-22 00:00:00	BMI	Bloomington-Normal Airport	AirTran Airlines	Passenger Property Loss	Checked Baggage	100.0	Other	Other	Approved	100.0	Approve in Full
98324	2007012519477	2007-01-18 00:00:00	2007-01-07 00:00:00	BMI	Bloomington-Normal Airport	American Airlines	Passenger Property Loss	Checked Baggage	9.75	Tools & Machines	Locks	Approved	9.75	Approve in Full
100862	2007032122643	2007-03-06 00:00:00	2007-02-23 00:00:00	BMI	Bloomington-Normal Airport	Northwest Airlines	Passenger Property Loss	Checked Baggage	1100.0	Watches & Jewelry	Jewelry - Fine	Denied	0.0	Deny
110960	2007091932276	2007-09-19 00:00:00	2007-06-11 00:00:00	BMI	Bloomington-Normal Airport	Northwest Airlines	Passenger Property Loss	Checked Baggage	320.0	Cosmetics,Electronics	Cosmetics - Perfume, toilet articles, medicines, soaps, etc.*PDA - Personal Data Assistants	Denied	0.0	Deny
117375	2008020439039	2008-01-25 00:00:00	2007-12-27 00:00:00	BMI	Bloomington-Normal Airport	AirTran Airlines	Passenger Property Loss	Checked Baggage	449.95	Electronics	Cell Phones	Denied	0.0	Deny
120052	2008040141657	2008-03-21 00:00:00	2008-03-11 00:00:00	BMI	Bloomington-Normal Airport		Passenger Property Loss	Checked Baggage	500.0	Electronics,Electronics	Cameras - Digital*Cameras - Non-electronic (Camera supplies, lenses, projectors, etc.)	Canceled	0.0	
129644	2008102251441	2008-10-20 00:00:00	2008-09-13 00:00:00	BMI	Bloomington-Normal Airport	Northwest Airlines	Passenger Property Loss	Checked Baggage	280.34	Electronics,Electronics	Cameras - Digital*Cameras - Non-electronic (Camera supplies, lenses, projectors, etc.)	Denied	0.0	Deny
140698	2009081962746	2009-08-14 00:00:00	2009-07-11 00:00:00	BMI	Bloomington-Normal Airport	AirTran Airlines	Passenger Property Loss	Checked Baggage	492.86	Electronics,Electronics	Cameras - Digital*Cell Phones	Denied	0.0	Deny
142825	2009102864874	2009-10-21 00:00:00	2008-10-20 00:00:00	BMI	Bloomington-Normal Airport	AirTran Airlines	Passenger Property Loss	Checked Baggage	45.53	Other	Other	Canceled		
144842	2009122866846	2009-12-22 00:00:00	2009-11-27 00:00:00	BMI	Bloomington-Normal Airport	AirTran Airlines	Passenger Property Loss	Checked Baggage	890.0	Watches & Jewelry	Jewelry - Fine	Denied	0.0	Deny
145305	2010012567815	2010-01-20 00:00:00	2010-01-07 00:00:00	BMI	Bloomington-Normal Airport	Delta Air Lines	Passenger Property Loss	Checked Baggage		Containers	Baggage/Cases/Purses		0.0	Deny
149925	2010070773441	2010-06-23 00:00:00	2010-06-21 00:00:00	BMI	Bloomington-Normal Airport	Delta Air Lines	Passenger Property Loss	Checked Baggage		Electronics	Cameras		0.0	Deny
157589	2011031581218	2011-02-16 00:00:00	2011-01-26 09:45:00	BMI	Bloomington-Normal Airport	American Airlines	Passenger Property Loss	Checkpoint		Electronics	Cameras			
158428	2011040581882	2011-03-17 00:00:00	2011-02-15 15:00:00	BMI	Bloomington-Normal Airport	American Eagle	Passenger Property Loss	Checked Baggage		Cosmetics	Travel Accessories		16.15	Approve in Full
160631	2011060884183	2011-05-27 00:00:00	2011-05-16 16:45:00	BMI	Bloomington-Normal Airport	American Airlines	Passenger Property Loss	Checked Baggage		Other	Other		0.0	Deny
160641	2011050283112	2011-05-31 00:00:00	2011-03-28 00:00:00	BMI	Bloomington-Normal Airport	American Airlines	Passenger Property Loss	Checked Baggage		Cosmetics	Travel Accessories		6.89	Approve in Full
174910	2012111398625	2012-10-05 00:00:00	2012-09-15 00:00:00	BMI	Bloomington-Normal Airport	Delta Air Lines	Passenger Property Loss	Checked Baggage		Electronics,Games & Toys	Cameras*Toys & Games		0.0	Deny
174973	2012110898463	2012-10-09 00:00:00	2012-10-03 15:00:00	BMI	Bloomington-Normal Airport	Delta Air Lines	Passenger Property Loss	Checked Baggage		Other	Other		199.99	Settle
178073	2013022101828	2013-02-05 00:00:00	2013-01-11 00:00:00	BMI	Bloomington-Normal Airport	Delta Air Lines	Passenger Property Loss	Checkpoint		Watches & Jewelry	Jewelry & Watches		250.0	Approve in Full
186098	2013120609946	2013-12-03 00:00:00	2013-11-25 00:00:00	BMI	Bloomington-Normal Airport	Delta Air Lines	Passenger Property Loss	Checked Baggage		Outdoors Supplies	Hunting & Fishing Items			
190444	2014052914262	2014-05-22 00:00:00	2014-05-08 00:00:00	BMI	Bloomington-Normal Airport	American Airlines	Passenger Property Loss	Checked Baggage		Other	Other		24.44	Approve in Full
193611	2014100817496	2014-09-29 00:00:00	2014-09-18 00:00:00	BMI	Bloomington-Normal Airport	Frontier Airlines	Passenger Property Loss	Checkpoint		Clothing & Accessories	Clothing			
196181	2015031121154	2015-03-11 00:00:00	2014-11-24 00:00:00	BMI	Bloomington-Normal Airport	Allegiant Air	Passenger Property Loss	Checked Baggage		Clothing & Accessories	Clothing		0.0	Deny
196182	2015111626877	2015-10-19 00:00:00	2015-10-05 00:00:00	BMI	Bloomington-Normal Airport	Allegiant Air	Passenger Property Loss	Checkpoint		Watches & Jewelry	Jewelry & Watches			
213059	2017092143385	2017-08-27 00:00:00	2017-08-04 06:15:00	BMI	 Bloomington-Normal Airport	American Airlines	Passenger Property Loss	Checked Baggage		Clothing & Accessories	Clothing			In Review