id	claim_number	date_received	incident_date	airport_code	airport_name	airline	claim_type	claim_site	claim_amount	items_new	items_old	status	close_amount	disposition
1337	0617649L	2003-01-14 00:00:00	2002-12-11 00:00:00	BOI	Boise Air Terminal/Gowen Field	Delta Air Lines	Passenger Property Loss	Checkpoint	250.0	Clothing & Accessories	Eyeglasses - (including contact lenses)	Approved	250.0	Approve in Full
1372	23706	2003-01-14 00:00:00	2002-12-11 00:00:00	BOI	Boise Air Terminal/Gowen Field		Passenger Property Loss	Other	250.0	Containers	Luggage (all types including footlockers)	Canceled		
1598	0617531L	2003-01-21 00:00:00	2003-06-01 00:00:00	BOI	Boise Air Terminal/Gowen Field	America West	Passenger Property Loss	Checked Baggage	60.0	Containers	Luggage (all types including footlockers)	Settled	30.0	Settle
2210	0204038L	2003-02-04 00:00:00	2003-01-11 00:00:00	BOI	Boise Air Terminal/Gowen Field	America West	Passenger Property Loss	Checkpoint	200.0	Other	Currency	Approved	200.0	Approve in Full
2856	0225087L	2003-02-25 00:00:00	2003-02-01 00:00:00	BOI	Boise Air Terminal/Gowen Field	Delta Air Lines	Passenger Property Loss	Checked Baggage	5.0	Tools & Machines	Locks	Approved	5.0	Approve in Full
6673	0520147L	2003-05-20 00:00:00	2003-04-18 00:00:00	BOI	Boise Air Terminal/Gowen Field		Passenger Property Loss	Checked Baggage	187.0	Other	Other	Approved	187.0	Approve in Full
6896	0522027L	2003-05-22 00:00:00	2003-04-27 00:00:00	BOI	Boise Air Terminal/Gowen Field	Frontier Airlines	Passenger Property Loss	Checked Baggage	180.0	Clothing & Accessories	Clothing - Shoes, belts, accessories, etc.	Approved	180.0	Approve in Full
7863	0605012L	2003-06-05 00:00:00	2003-05-12 00:00:00	BOI	Boise Air Terminal/Gowen Field	UAL	Passenger Property Loss	Checked Baggage	59.25	Other	Other	Settled	29.63	Settle
8171	0610213L	2003-06-10 00:00:00	2003-03-28 00:00:00	BOI	Boise Air Terminal/Gowen Field	Southwest Airlines	Passenger Property Loss	Checked Baggage	785.34	Watches & Jewelry	Jewelry - Fine	Canceled	0.0	
8896	0618018L	2003-06-18 00:00:00	2003-05-28 00:00:00	BOI	Boise Air Terminal/Gowen Field		Passenger Property Loss	Checked Baggage	106.85	Cosmetics	Cosmetics - Perfume, toilet articles, medicines, soaps, etc.	Settled	53.44	Settle
10540	0710031M	2003-07-10 00:00:00	2003-06-17 00:00:00	BOI	Boise Air Terminal/Gowen Field	Southwest Airlines	Passenger Property Loss	Checked Baggage	157.0	Other	Currency	Settled	78.0	Settle
11611	0723145M	2003-07-23 00:00:00	2003-06-15 00:00:00	BOI	Boise Air Terminal/Gowen Field		Passenger Property Loss	Checked Baggage	400.0	Watches & Jewelry	Jewelry - Fine	Denied	0.0	Deny
11632	0723034M	2003-07-23 00:00:00	2003-06-28 00:00:00	BOI	Boise Air Terminal/Gowen Field		Passenger Property Loss	Checkpoint	450.0	Electronics	Cameras - Digital	Settled	346.48	Settle
12049	0729187M	2003-07-29 00:00:00	2003-06-18 00:00:00	BOI	Boise Air Terminal/Gowen Field		Passenger Property Loss	Checked Baggage	269.0	Clothing & Accessories	Eyeglasses - (including contact lenses)	Settled	135.0	Settle
12233	0731164M	2003-07-31 00:00:00	2003-07-02 00:00:00	BOI	Boise Air Terminal/Gowen Field		Passenger Property Loss	Checked Baggage	5.0	Tools & Machines	Locks	Denied	0.0	Deny
12314	0801053M	2003-08-01 00:00:00	2003-07-08 00:00:00	BOI	Boise Air Terminal/Gowen Field	UAL	Passenger Property Loss	Checked Baggage	160.0	Clothing & Accessories	Clothing - Shoes, belts, accessories, etc.	Approved	160.0	Approve in Full
13827	0820030M	2003-08-20 00:00:00	2003-08-10 00:00:00	BOI	Boise Air Terminal/Gowen Field		Passenger Property Loss	Checked Baggage	18.0	Other	Other	Approved	18.0	Approve in Full
14157	0825062M	2003-08-25 00:00:00	2003-08-17 00:00:00	BOI	Boise Air Terminal/Gowen Field	UAL	Passenger Property Loss	Checked Baggage	462.0	Electronics	DVD/CD Players	Approved	462.0	Approve in Full
14324	0826143M	2003-08-26 00:00:00	2003-07-23 00:00:00	BOI	Boise Air Terminal/Gowen Field	Southwest Airlines	Passenger Property Loss	Checked Baggage		Watches & Jewelry	Jewelry - Fine	Canceled		
14521	0826282M	2003-08-26 00:00:00	2003-08-13 00:00:00	BOI	Boise Air Terminal/Gowen Field		Passenger Property Loss	Checked Baggage	465.0	Other	Other	Settled	232.5	Settle
14646	0829072M	2003-08-29 00:00:00	2003-08-12 00:00:00	BOI	Boise Air Terminal/Gowen Field		Passenger Property Loss	Checked Baggage	18.05	Other	Currency	Approved	18.05	Approve in Full
16179	0923001M	2003-09-23 00:00:00	2003-09-12 00:00:00	BOI	Boise Air Terminal/Gowen Field		Passenger Property Loss	Checkpoint	12.5	Other	Other	Approved	13.0	Approve in Full
17041	1002198M	2003-10-02 00:00:00	2003-09-12 00:00:00	BOI	Boise Air Terminal/Gowen Field		Passenger Property Loss	Checked Baggage	150.0	Other	Other	Approved	150.0	Approve in Full
17259	1003021M	2003-10-03 00:00:00	2003-07-31 00:00:00	BOI	Boise Air Terminal/Gowen Field		Passenger Property Loss	Checked Baggage	140.0	Other	Other	Settled	70.0	Settle
18342	1021180M	2003-10-21 00:00:00	2003-10-02 00:00:00	BOI	Boise Air Terminal/Gowen Field	UAL	Passenger Property Loss	Checked Baggage	50.0	Other	Other	Denied	0.0	Deny
18573	1022160M	2003-10-22 00:00:00	2003-09-25 00:00:00	BOI	Boise Air Terminal/Gowen Field		Passenger Property Loss	Checked Baggage	120.0	Clothing & Accessories	Clothing - Shoes, belts, accessories, etc.	Approved	120.0	Approve in Full
22735	1217703M	2003-12-17 00:00:00	2003-11-25 00:00:00	BOI	Boise Air Terminal/Gowen Field	Southwest Airlines	Passenger Property Loss	Checked Baggage	55.0	Cosmetics	Cosmetics - Perfume, toilet articles, medicines, soaps, etc.	Approved	55.0	Approve in Full
22768	1217707M	2003-12-17 00:00:00	2003-11-30 00:00:00	BOI	Boise Air Terminal/Gowen Field		Passenger Property Loss	Checked Baggage	189.0	Clothing & Accessories	Clothing - Shoes, belts, accessories, etc.	Canceled	0.0	
22836	1217303M	2003-12-17 00:00:00	2003-11-15 00:00:00	BOI	Boise Air Terminal/Gowen Field	Delta Air Lines	Passenger Property Loss	Checkpoint	500.0	Other	Currency	Denied	0.0	Deny
25856	0129190M	2004-01-29 00:00:00	2004-01-02 00:00:00	BOI	Boise Air Terminal/Gowen Field	Southwest Airlines	Passenger Property Loss	Checked Baggage	305.0	Clothing & Accessories	Clothing - Shoes, belts, accessories, etc.	Settled	205.0	Settle
29963	2004051050883	2004-03-11 00:00:00	2004-02-16 00:00:00	BOI	Boise Air Terminal/Gowen Field	Northwest Airlines	Passenger Property Loss	Checked Baggage	79.0	Other	Other	Approved	79.0	Approve in Full
30447	2004042950187	2004-03-15 00:00:00	2004-02-13 00:00:00	BOI	Boise Air Terminal/Gowen Field	America West	Passenger Property Loss	Checkpoint	163.0	Other	Other	Denied	0.0	Deny
34494	2004060454733	2004-05-04 00:00:00	2004-02-07 00:00:00	BOI	Boise Air Terminal/Gowen Field	Alaska Airlines	Passenger Property Loss	Checked Baggage	1700.0	Other	Other	Settled	860.63	Settle
34591	2004061455607	2004-05-05 00:00:00	2004-04-22 00:00:00	BOI	Boise Air Terminal/Gowen Field	America West	Passenger Property Loss	Checked Baggage	50.0	Clothing & Accessories	Eyeglasses - (including contact lenses)	Approved	50.0	Approve in Full
35568	2004062156675	2004-05-19 00:00:00	2004-05-10 00:00:00	BOI	Boise Air Terminal/Gowen Field	America West	Passenger Property Loss	Checked Baggage	130.97	Cosmetics	Cosmetics - Perfume, toilet articles, medicines, soaps, etc.	Approved	130.97	Approve in Full
38158	2004070658447	2004-06-17 00:00:00	2004-05-26 00:00:00	BOI	Boise Air Terminal/Gowen Field	UAL	Passenger Property Loss	Checked Baggage	32.0	Other	Other	Denied	0.0	Deny
38335	2004070758722	2004-06-21 00:00:00	2003-12-30 00:00:00	BOI	Boise Air Terminal/Gowen Field	Delta Air Lines	Passenger Property Loss	Checked Baggage		Other	Other	Insufficient, one of the following items required: sum certain, statement of fact, signature, location of incident, and date.		
38879	2004071559499	2004-06-29 00:00:00	2004-05-29 00:00:00	BOI	Boise Air Terminal/Gowen Field		Passenger Property Loss	Checked Baggage	25.0	Other	Other	Approved	25.0	Approve in Full
39288	2004071959781	2004-07-06 00:00:00	2004-04-24 00:00:00	BOI	Boise Air Terminal/Gowen Field		Passenger Property Loss	Checked Baggage	599.91	Electronics	Cameras - Digital	Settled	125.0	Settle
42250	2004120168123	2004-08-10 00:00:00	2004-06-05 00:00:00	BOI	Boise Air Terminal/Gowen Field		Passenger Property Loss	Checked Baggage	299.0	Electronics	Cameras - Digital	Approved	299.0	Approve in Full
43139	2004100564428	2004-08-24 00:00:00	2004-08-01 00:00:00	BOI	Boise Air Terminal/Gowen Field	UAL	Passenger Property Loss	Checked Baggage	190.5	Clothing & Accessories	Clothing - Shoes, belts, accessories, etc.	Canceled	0.0	
43410	2004091462826	2004-08-27 00:00:00	2004-08-11 00:00:00	BOI	Boise Air Terminal/Gowen Field	Alaska Airlines	Passenger Property Loss	Checked Baggage	32.59	Other	Other	Approved	32.59	Approve in Full
44250	2004101465032	2004-09-09 00:00:00	2004-08-29 00:00:00	BOI	Boise Air Terminal/Gowen Field	Northwest Airlines	Passenger Property Loss	Checked Baggage	2360.0	Other	Other	Denied	0.0	Deny
44823	2004092864051	2004-09-15 00:00:00	2004-08-11 00:00:00	BOI	Boise Air Terminal/Gowen Field	Southwest Airlines	Passenger Property Loss	Checked Baggage	109.99	Other	Other	Approved	109.99	Approve in Full
46052	2004111366932	2004-09-28 00:00:00	2004-09-08 00:00:00	BOI	Boise Air Terminal/Gowen Field		Passenger Property Loss	Checked Baggage	320.0	Clothing & Accessories	Clothing - Shoes, belts, accessories, etc.	Denied	0.0	Deny
46440	2004111767213	2004-10-01 00:00:00	2004-08-28 00:00:00	BOI	Boise Air Terminal/Gowen Field	Horizon Air	Passenger Property Loss	Checked Baggage	50.0	Watches & Jewelry	Jewelry - Fine	Settled	25.0	Settle
46688	2004111366937	2004-10-05 00:00:00	2004-09-13 00:00:00	BOI	Boise Air Terminal/Gowen Field		Passenger Property Loss	Checkpoint	55.0	Clothing & Accessories	Clothing - Shoes, belts, accessories, etc.	Denied	55.0	Deny
46753	2004111967453	2004-10-05 00:00:00	2004-09-07 00:00:00	BOI	Boise Air Terminal/Gowen Field		Passenger Property Loss	Checked Baggage	92.0	Watches & Jewelry	Jewelry - Fine	Denied	0.0	Deny
47068	2004112267635	2004-10-10 00:00:00	2004-09-19 00:00:00	BOI	Boise Air Terminal/Gowen Field	America West	Passenger Property Loss	Checked Baggage	350.0	Other	Other	Denied		Deny
47728	2004120768701	2004-10-19 00:00:00	2004-08-26 00:00:00	BOI	Boise Air Terminal/Gowen Field	Alaska Airlines	Passenger Property Loss	Checked Baggage	58.19	Clothing & Accessories	Clothing - Shoes, belts, accessories, etc.	Settled	29.1	Settle
49050	2004122370684	2004-11-04 00:00:00	2004-10-17 00:00:00	BOI	Boise Air Terminal/Gowen Field	Delta Air Lines	Passenger Property Loss	Checked Baggage	7.69	Tools & Machines	Locks	Approved	7.69	Approve in Full
49145	2004122069386	2004-11-04 00:00:00	2004-10-11 00:00:00	BOI	Boise Air Terminal/Gowen Field	UAL	Passenger Property Loss	Checked Baggage	96.94	Other	Other	Denied	0.0	Deny
49256	2004122370688	2004-11-04 00:00:00	2004-10-03 00:00:00	BOI	Boise Air Terminal/Gowen Field	Northwest Airlines	Passenger Property Loss	Checked Baggage	2322.99	Other	Other	Settled	948.95	Settle
49374	2004122169927	2004-11-05 00:00:00	2004-09-03 00:00:00	BOI	Boise Air Terminal/Gowen Field	Northwest Airlines	Passenger Property Loss	Checked Baggage	162.84	Electronics	Cameras - Digital	Settled	81.42	Settle
49465	2004110866748	2004-11-08 00:00:00	2004-10-18 00:00:00	BOI	Boise Air Terminal/Gowen Field	America West	Passenger Property Loss	Checked Baggage	468.0	Cosmetics	Cosmetics - Perfume, toilet articles, medicines, soaps, etc.	Settled	184.0	Settle
53199	2005011273600	2004-12-29 00:00:00	2004-10-29 00:00:00	BOI	Boise Air Terminal/Gowen Field		Passenger Property Loss	Checked Baggage	200.0	Clothing & Accessories	Clothing - Shoes, belts, accessories, etc.	Approved	200.0	Approve in Full
54113	2005020375596	2005-01-11 00:00:00	2004-12-22 00:00:00	BOI	Boise Air Terminal/Gowen Field	Northwest Airlines	Passenger Property Loss	Checked Baggage	31.75	Other	Other	Approved	31.75	Approve in Full
54150	2005012774628	2005-01-11 00:00:00	2004-12-25 00:00:00	BOI	Boise Air Terminal/Gowen Field		Passenger Property Loss	Checkpoint	741.0	Watches & Jewelry	Jewelry - Fine	Denied	0.0	Deny
55293	2005021776446	2005-01-24 00:00:00	2004-11-11 00:00:00	BOI	Boise Air Terminal/Gowen Field		Passenger Property Loss	Checked Baggage	274.12	Other	Other	Approved	274.12	Approve in Full
56096	2005030576983	2005-02-01 00:00:00	2005-01-12 00:00:00	BOI	Boise Air Terminal/Gowen Field	Southwest Airlines	Passenger Property Loss	Checked Baggage	24.96	Clothing & Accessories	Clothing - Shoes, belts, accessories, etc.	Canceled	0.0	
56221	2005031177798	2005-02-01 00:00:00	2005-01-20 00:00:00	BOI	Boise Air Terminal/Gowen Field		Passenger Property Loss	Checkpoint	34.85	Electronics	DVD/CD Players	Denied	0.0	Deny
56260	2005030476915	2005-02-01 00:00:00	2004-11-27 00:00:00	BOI	Boise Air Terminal/Gowen Field	USAir	Passenger Property Loss	Checkpoint	335.0	Clothing & Accessories	Eyeglasses - (including contact lenses)	Settled	232.0	Settle
56871	2005031077549	2005-02-09 00:00:00	2005-01-24 00:00:00	BOI	Boise Air Terminal/Gowen Field	Alaska Airlines	Passenger Property Loss	Checked Baggage	69.99	Other	Other	Approved	69.99	Approve in Full
58151	2005032279131	2005-03-02 00:00:00	2005-02-20 00:00:00	BOI	Boise Air Terminal/Gowen Field	Southwest Airlines	Passenger Property Loss	Checkpoint	2.7	Other	Currency	Approved	2.7	Approve in Full
58453	2005032379478	2005-03-07 00:00:00	2005-01-15 00:00:00	BOI	Boise Air Terminal/Gowen Field	Southwest Airlines	Passenger Property Loss	Checked Baggage	95.0	Clothing & Accessories	Clothing - Shoes, belts, accessories, etc.	Approved	95.0	Approve in Full
59249	2005032880128	2005-03-15 00:00:00	2005-02-21 00:00:00	BOI	Boise Air Terminal/Gowen Field	UAL	Passenger Property Loss	Checked Baggage	95.7	Clothing & Accessories	Clothing - Shoes, belts, accessories, etc.	Approved	95.7	Approve in Full
59300	2005032880124	2005-03-15 00:00:00	2004-07-20 00:00:00	BOI	Boise Air Terminal/Gowen Field	UAL	Passenger Property Loss	Checked Baggage		Watches & Jewelry	Jewelry - Fine	Insufficient, one of the following items required: sum certain, statement of fact, signature, location of incident, and date.		
61845	2005041882753	2005-04-15 00:00:00	2004-08-31 00:00:00	BOI	Boise Air Terminal/Gowen Field	Skywest Airlines Inc USA	Passenger Property Loss	Checkpoint	1058.94	Electronics	Computer - Laptop	Denied	0.0	Deny
62015	2005042183119	2005-04-19 00:00:00	2005-04-14 00:00:00	BOI	Boise Air Terminal/Gowen Field	Alaska Airlines	Passenger Property Loss	Checked Baggage	100.0	Other	Other	Approved	100.0	Approve in Full
62529	2005042783488	2005-04-26 00:00:00	2005-04-09 00:00:00	BOI	Boise Air Terminal/Gowen Field	UAL	Passenger Property Loss	Checked Baggage	50.0	Other	Other	Approved	50.0	Approve in Full
62763	2005042983644	2005-04-28 00:00:00	2004-10-29 00:00:00	BOI	Boise Air Terminal/Gowen Field	Northwest Airlines	Passenger Property Loss	Checked Baggage	399.0	Other	Other	Denied	0.0	Deny
63276	2005060885976	2005-05-04 00:00:00	2005-06-01 00:00:00	BOI	Boise Air Terminal/Gowen Field		Passenger Property Loss	Checked Baggage	300.0	Clothing & Accessories	Clothing - Shoes, belts, accessories, etc.	Settled	195.0	Settle
64662	2005052485472	2005-05-24 00:00:00	2005-05-11 00:00:00	BOI	Boise Air Terminal/Gowen Field	Alaska Airlines	Passenger Property Loss	Checked Baggage	20.0	Tools & Machines	Locks	Denied	0.0	Deny
65609	2005062086582	2005-06-07 00:00:00	2005-05-31 00:00:00	BOI	Boise Air Terminal/Gowen Field	Southwest Airlines	Passenger Property Loss	Checked Baggage	120.0	Other	Other	Approved	120.0	Approve in Full
66186	2005062787372	2005-06-14 00:00:00	2005-05-31 00:00:00	BOI	Boise Air Terminal/Gowen Field	Horizon Air	Passenger Property Loss	Checked Baggage	195.0	Electronics	Cell Phones	Denied	0.0	Deny
66339	2005062787394	2005-06-16 00:00:00	2005-05-01 00:00:00	BOI	Boise Air Terminal/Gowen Field	UAL	Passenger Property Loss	Checkpoint	53.26	Cosmetics	Cosmetics - Perfume, toilet articles, medicines, soaps, etc.	Denied	0.0	Deny
66784	2005063087877	2005-06-23 00:00:00	2005-06-05 00:00:00	BOI	Boise Air Terminal/Gowen Field	Alaska Airlines	Passenger Property Loss	Checked Baggage	33.5	Other	Other	Approved	33.5	Approve in Full
67901	2005071589084	2005-07-13 00:00:00	2005-07-08 00:00:00	BOI	Boise Air Terminal/Gowen Field		Passenger Property Loss	Checkpoint	50.0	Clothing & Accessories	Eyeglasses - (including contact lenses)	Approved	50.0	Approve in Full
67969	2005071488968	2005-07-13 00:00:00	2005-06-14 00:00:00	BOI	Boise Air Terminal/Gowen Field	UAL	Passenger Property Loss	Checked Baggage	685.79	Electronics	Cameras - Digital	Denied	0.0	Deny
68327	2005072089287	2005-07-19 00:00:00	2005-07-06 00:00:00	BOI	Boise Air Terminal/Gowen Field	UAL	Passenger Property Loss	Checked Baggage	185.0	Watches & Jewelry	Jewelry - Fine	Canceled	0.0	
68768	2005072889812	2005-07-25 00:00:00		BOI	Boise Air Terminal/Gowen Field		Passenger Property Loss	Checked Baggage		Clothing & Accessories	Clothing - Shoes, belts, accessories, etc.	Insufficient, one of the following items required: sum certain, statement of fact, signature, location of incident, and date.		
69056	2005080890169	2005-07-28 00:00:00	2004-10-18 00:00:00	BOI	Boise Air Terminal/Gowen Field		Passenger Property Loss	Checked Baggage	151.54	Other	Other	Denied	0.0	Deny
69281	2005081290477	2005-08-02 00:00:00	2004-11-26 00:00:00	BOI	Boise Air Terminal/Gowen Field	UAL	Passenger Property Loss	Checked Baggage	113.41	Watches & Jewelry	Jewelry - Fine	Approved	113.41	Approve in Full
69545	2005081690649	2005-08-05 00:00:00	2005-07-09 00:00:00	BOI	Boise Air Terminal/Gowen Field		Passenger Property Loss	Checked Baggage	7.95	Tools & Machines	Locks	Approved	7.95	Approve in Full
69607	2005081790714	2005-08-05 00:00:00	2005-07-18 00:00:00	BOI	Boise Air Terminal/Gowen Field	UAL	Passenger Property Loss	Checked Baggage	605.6	Electronics	Cameras - Digital	Denied	0.0	Deny
69816	2005081890849	2005-08-09 00:00:00	2005-07-31 00:00:00	BOI	Boise Air Terminal/Gowen Field	UAL	Passenger Property Loss	Checked Baggage	475.0	Electronics	Cameras - Digital	Denied	0.0	Deny
70069	2005082291166	2005-08-12 00:00:00	2005-07-28 00:00:00	BOI	Boise Air Terminal/Gowen Field	Continental Airlines	Passenger Property Loss	Checked Baggage	100.0	Other	Other	Settled	50.0	Settle
70966	2005090192008	2005-08-29 00:00:00	2005-06-08 00:00:00	BOI	Boise Air Terminal/Gowen Field	KLM Royal Dutch Airlines	Passenger Property Loss	Checked Baggage	497.24	Clothing & Accessories,Electronics,Watches & Jewelry,Other	Clothing - Shoes, belts, accessories, etc.*DVD/CD Players*Jewelry - Fine*Other	Denied	0.0	Deny
71008	2005090692124	2005-08-29 00:00:00	2005-07-29 00:00:00	BOI	Boise Air Terminal/Gowen Field	UAL	Passenger Property Loss	Checked Baggage		Electronics	Computer - Laptop	Insufficient, one of the following items required: sum certain, statement of fact, signature, location of incident, and date.		
72030	2005092193045	2005-09-14 00:00:00	2005-07-27 00:00:00	BOI	Boise Air Terminal/Gowen Field	Southwest Airlines	Passenger Property Loss	Checked Baggage	360.0	Other	Currency	Settled	180.0	Settle
72104	2005092693228	2005-09-16 00:00:00	2005-09-05 00:00:00	BOI	Boise Air Terminal/Gowen Field	Frontier Airlines	Passenger Property Loss	Checkpoint	78.0	Supplies	Medicines	Approved	78.0	Approve in Full
72566	2005100393681	2005-09-22 00:00:00	2005-07-07 00:00:00	BOI	Boise Air Terminal/Gowen Field	UAL	Passenger Property Loss	Checked Baggage	401.0	Electronics	PDA - Personal Data Assistants	Denied	0.0	Deny
73569	2005101794650	2005-10-11 00:00:00	2005-09-26 00:00:00	BOI	Boise Air Terminal/Gowen Field	Southwest Airlines	Passenger Property Loss	Checked Baggage	295.0	Other	Other	Settled	265.5	Settle
73837	2005101994875	2005-10-17 00:00:00	2004-10-10 00:00:00	BOI	Boise Air Terminal/Gowen Field		Passenger Property Loss	Checked Baggage	60.0	Watches & Jewelry	Jewelry - Fine	Canceled	0.0	
74443	2005110395613	2005-10-25 00:00:00	2005-10-11 00:00:00	BOI	Boise Air Terminal/Gowen Field	Northwest Airlines	Passenger Property Loss	Checked Baggage	365.0	Watches & Jewelry	Jewelry - Fine	Denied	0.0	Deny
74786	2005112296381	2005-11-01 00:00:00	2005-10-27 00:00:00	BOI	Boise Air Terminal/Gowen Field		Passenger Property Loss	Checked Baggage		Supplies	Medicines	Canceled	0.0	
74987	2005111696134	2005-11-04 00:00:00	2005-10-09 00:00:00	BOI	Boise Air Terminal/Gowen Field	Horizon Air	Passenger Property Loss	Checked Baggage	19.66	Other	Other	Approved	19.66	Approve in Full
75455	2005112896602	2005-11-15 00:00:00	2005-10-19 00:00:00	BOI	Boise Air Terminal/Gowen Field		Passenger Property Loss	Checked Baggage	1100.0	Watches & Jewelry	Jewelry - Fine	Canceled	0.0	
75691	2005120196762	2005-11-18 00:00:00	2005-10-29 00:00:00	BOI	Boise Air Terminal/Gowen Field	Southwest Airlines	Passenger Property Loss	Checked Baggage	401.98	Electronics	Cameras - Digital	Canceled	0.0	
76138	2005120897386	2005-11-28 00:00:00	2005-11-19 00:00:00	BOI	Boise Air Terminal/Gowen Field	Delta Air Lines	Passenger Property Loss	Checked Baggage	325.0	Clothing & Accessories	Eyeglasses - (including contact lenses)	Denied	0.0	Deny
79390	2006013100619	2006-01-24 00:00:00	2005-11-21 00:00:00	BOI	Boise Air Terminal/Gowen Field	Southwest Airlines	Passenger Property Loss	Checked Baggage	24.0	Tools & Machines	Locks	Approved	24.0	Approve in Full
79820	2006020600971	2006-01-31 00:00:00	2005-11-08 00:00:00	BOI	Boise Air Terminal/Gowen Field	America West	Passenger Property Loss	Checkpoint	85.02	Containers	Luggage (all types including footlockers)	Approved	85.02	Approve in Full
82418	2006032403669	2006-03-17 00:00:00	2006-03-12 00:00:00	BOI	Boise Air Terminal/Gowen Field	Horizon Air	Passenger Property Loss	Checked Baggage	195.0	Other	Other	Denied	0.0	Deny
84714	2006051206147	2006-05-02 00:00:00	2006-04-03 00:00:00	BOI	Boise Air Terminal/Gowen Field	Delta Air Lines	Passenger Property Loss	Checked Baggage	57.0	Outdoors Supplies	Tools - Manual (not in a vehicle)	Denied	0.0	Deny
84767	2006051005834	2006-05-03 00:00:00	2006-04-16 00:00:00	BOI	Boise Air Terminal/Gowen Field	Continental Airlines	Passenger Property Loss	Checked Baggage	992.8	Electronics,Clothing & Accessories,Cosmetics	Cameras - Digital*Clothing - Shoes, belts, accessories, etc.*Cosmetics - Perfume, toilet articles, medicines, soaps, etc.	Denied	0.0	Deny
89571	2006081511072	2006-08-08 00:00:00	2006-05-14 00:00:00	BOI	Boise Air Terminal/Gowen Field	UAL	Passenger Property Loss	Checked Baggage	3166.3	Electronics	Computer - Laptop	Canceled	0.0	
89995	2006081711255	2006-08-16 00:00:00	2006-08-12 00:00:00	BOI	Boise Air Terminal/Gowen Field	Horizon Air	Passenger Property Loss	Checked Baggage	375.0	Clothing & Accessories,Other	Clothing - Shoes, belts, accessories, etc.*Other	Canceled	0.0	
91972	2006092613286	2006-09-21 00:00:00	2006-08-21 00:00:00	BOI	Boise Air Terminal/Gowen Field	UAL	Passenger Property Loss	Checked Baggage	300.0	Other	Currency	Denied	0.0	Deny
92627	2006101914198	2006-10-05 00:00:00	2006-09-27 00:00:00	BOI	Boise Air Terminal/Gowen Field	UAL	Passenger Property Loss	Checked Baggage	100.0	Other	Other	Denied	0.0	Deny
93507	2006102714759	2006-10-23 00:00:00	2006-09-09 00:00:00	BOI	Boise Air Terminal/Gowen Field		Passenger Property Loss	Checked Baggage	53.82	Other	Other	Denied	0.0	Deny
95944	2006121517239	2006-12-11 00:00:00	2006-09-21 00:00:00	BOI	Boise Air Terminal/Gowen Field		Passenger Property Loss	Checked Baggage	200.0	Outdoors Supplies	Sporting Equipment & Supplies (footballs, parachutes, etc.)	Approved	200.0	Approve in Full
96811	2007010318217	2006-12-27 00:00:00	2006-09-06 00:00:00	BOI	Boise Air Terminal/Gowen Field	Southwest Airlines	Passenger Property Loss	Checked Baggage	24.5	Cosmetics	Cosmetics - Perfume, toilet articles, medicines, soaps, etc.	Denied	0.0	Deny
98114	2007012319144	2007-01-16 00:00:00	2007-01-04 00:00:00	BOI	Boise Air Terminal/Gowen Field	UAL	Passenger Property Loss	Checked Baggage	47.31	Clothing & Accessories,Cosmetics,Electronics	Clothing - Shoes, belts, accessories, etc.*Cosmetics - Perfume, toilet articles, medicines, soaps, etc.*Electrical and Gas Appliances Minor - $200 or less (humidifiers, tv's, etc)	Denied	0.0	Deny
98810	2007013019847	2007-01-25 00:00:00	2006-08-07 00:00:00	BOI	Boise Air Terminal/Gowen Field	Southwest Airlines	Passenger Property Loss	Checked Baggage	7.75	Other	Other	Denied	0.0	Deny
99305	2007020620257	2007-02-05 00:00:00	2007-01-19 00:00:00	BOI	Boise Air Terminal/Gowen Field	Horizon Air	Passenger Property Loss	Checked Baggage	75.95	Other	Other	Canceled	0.0	
99858	2007021520964	2007-02-13 00:00:00	2007-02-04 00:00:00	BOI	Boise Air Terminal/Gowen Field		Passenger Property Loss	Checked Baggage	70.0	Household Decor	Lighting Supplies (globe domes, electric candlesticks, candelabra, etc.)	Denied	0.0	Deny
101024	2007031322208	2007-03-09 00:00:00	2007-02-28 00:00:00	BOI	Boise Air Terminal/Gowen Field		Passenger Property Loss	Checked Baggage	25.0	Clothing & Accessories,Supplies	Eyeglasses - (including contact lenses)*Medicines	Denied	0.0	Deny
101189	2007031422262	2007-03-13 00:00:00	2007-03-06 00:00:00	BOI	Boise Air Terminal/Gowen Field	Delta Air Lines	Passenger Property Loss	Checked Baggage	21.2	Outdoors Supplies	Tools - Manual (not in a vehicle)	Denied	0.0	Deny
102485	2007041123790	2007-04-09 00:00:00	2006-03-25 00:00:00	BOI	Boise Air Terminal/Gowen Field	Horizon Air	Passenger Property Loss	Checked Baggage	28.3	Tools & Machines	Locks	Approved	28.3	Approve in Full
104674	2007052325875	2007-05-22 00:00:00	2008-03-08 00:00:00	BOI	Boise Air Terminal/Gowen Field	UAL	Passenger Property Loss	Checked Baggage	318.89	Electronics	Cameras - Digital	Denied	0.0	Deny
104730	2007060126045	2007-05-23 00:00:00	2007-05-19 00:00:00	BOI	Boise Air Terminal/Gowen Field	Horizon Air	Passenger Property Loss	Checked Baggage	19.9	Tools & Machines	Locks	Denied	0.0	Deny
105638	2007061426898	2007-06-11 00:00:00	2007-05-24 00:00:00	BOI	Boise Air Terminal/Gowen Field	Frontier Airlines	Passenger Property Loss	Checked Baggage	130.0	Games & Toys	Toys (game systems, cartridges, radio controlled cars, etc.)	Denied	0.0	Deny
106117	2007062227409	2007-06-20 00:00:00	2007-05-28 00:00:00	BOI	Boise Air Terminal/Gowen Field	Alaska Airlines	Passenger Property Loss	Checked Baggage	42.23	Other	Other	Denied	0.0	Deny
106264	2007062627510	2007-06-25 00:00:00	2007-05-31 00:00:00	BOI	Boise Air Terminal/Gowen Field	Frontier Airlines	Passenger Property Loss	Checkpoint	45.0	Other	Currency	Approved	45.0	Approve in Full
108083	2007073129396	2007-07-27 00:00:00	2007-06-18 00:00:00	BOI	Boise Air Terminal/Gowen Field		Passenger Property Loss	Checked Baggage	120.0	Watches & Jewelry	Jewelry - Costume	Settled	60.0	Settle
108337	2007080629691	2007-08-02 00:00:00	2007-07-12 00:00:00	BOI	Boise Air Terminal/Gowen Field	Delta Air Lines	Passenger Property Loss	Checked Baggage	107.1	Scientific Intruments	Medical Equipment & Insturments	Canceled	0.0	
108887	2007081430217	2007-08-13 00:00:00	2007-07-24 00:00:00	BOI	Boise Air Terminal/Gowen Field		Passenger Property Loss	Checked Baggage	30.0	Office Supplies	Books - Other (Hardcover non-fiction)	Approved	30.0	Approve in Full
109574	2007082730903	2007-08-23 00:00:00	2007-08-11 00:00:00	BOI	Boise Air Terminal/Gowen Field	Alaska Airlines	Passenger Property Loss	Checked Baggage	395.0	Outdoors Supplies	Sporting Equipment & Supplies (footballs, parachutes, etc.)	Denied	0.0	Deny
110316	2007091031564	2007-09-06 00:00:00	2007-09-04 00:00:00	BOI	Boise Air Terminal/Gowen Field	Southwest Airlines	Passenger Property Loss	Checked Baggage	26.4	Other	Other	Settled	21.56	Settle
110963	2007092032301	2007-09-19 00:00:00	2007-07-25 00:00:00	BOI	Boise Air Terminal/Gowen Field	Southwest Airlines	Passenger Property Loss	Checked Baggage	511.93	Electronics	Cameras - Digital	Denied	0.0	Deny
110968	2007092032315	2007-09-19 00:00:00	2007-09-13 00:00:00	BOI	Boise Air Terminal/Gowen Field		Passenger Property Loss	Checked Baggage	31.79	Electronics	Cell Phones	Denied	0.0	Deny
113924	2007112335346	2007-11-19 00:00:00	2007-11-09 00:00:00	BOI	Boise Air Terminal/Gowen Field	Northwest Airlines	Passenger Property Loss	Checkpoint	58.99	Electronics	Computer - Laptop	Denied	0.0	Deny
114096	2007112635409	2007-11-23 00:00:00	2007-11-04 00:00:00	BOI	Boise Air Terminal/Gowen Field	Northwest Airlines	Passenger Property Loss	Checked Baggage	352.0	Electronics,Containers,Outdoors Supplies	Cameras - Digital*Luggage (all types including footlockers)*Tools - Manual (not in a vehicle)	Denied	0.0	Deny
114350	2007120536066	2007-11-28 00:00:00	2007-07-21 00:00:00	BOI	Boise Air Terminal/Gowen Field	UAL	Passenger Property Loss	Checked Baggage	8.35	Tools & Machines	Locks	Approved	8.35	Approve in Full
114600	2007120335901	2007-12-03 00:00:00	2007-11-29 00:00:00	BOI	Boise Air Terminal/Gowen Field	Alaska Airlines	Passenger Property Loss	Checked Baggage	86.95	Office Supplies,Clothing & Accessories,Other	Books - Other (Hardcover non-fiction)*Clothing - Shoes, belts, accessories, etc.*Other	Denied	0.0	Deny
115165	2007121836649	2007-12-13 00:00:00	2007-12-08 00:00:00	BOI	Boise Air Terminal/Gowen Field	Southwest Airlines	Passenger Property Loss	Checked Baggage	100.0	Containers	Luggage (all types including footlockers)	Denied	0.0	Deny
116477	2008011838142	2008-01-09 00:00:00	2007-12-28 00:00:00	BOI	Boise Air Terminal/Gowen Field	Southwest Airlines	Passenger Property Loss	Checked Baggage	489.0	Clothing & Accessories	Eyeglasses - (including contact lenses)	Settled	244.5	Settle
117974	2008021939755	2008-02-07 00:00:00	2008-02-05 00:00:00	BOI	Boise Air Terminal/Gowen Field	Horizon Air	Passenger Property Loss	Checked Baggage	69.95	Other	Other	Approved	69.95	Approve in Full
119073	2008031040708	2008-02-29 00:00:00	2008-01-13 00:00:00	BOI	Boise Air Terminal/Gowen Field	Delta Air Lines	Passenger Property Loss	Checked Baggage	20.0	Tools & Machines	Locks	Denied	0.0	Deny
119664	2008032041320	2008-03-13 00:00:00	2008-02-24 00:00:00	BOI	Boise Air Terminal/Gowen Field	UAL	Passenger Property Loss	Checked Baggage	649.9	Other	Other	Denied	0.0	Deny
122341	2008050843969	2008-05-06 00:00:00	2008-04-25 00:00:00	BOI	Boise Air Terminal/Gowen Field	Southwest Airlines	Passenger Property Loss	Checked Baggage	64.19	Other	Other	Approved	64.19	Approve in Full
122377	2008050844008	2008-05-06 00:00:00	2008-04-14 00:00:00	BOI	Boise Air Terminal/Gowen Field	Delta Air Lines	Passenger Property Loss	Checked Baggage	6378.0	Watches & Jewelry	Jewelry - Fine	Denied	0.0	Deny
123526	2008060345155	2008-05-30 00:00:00	2008-05-27 00:00:00	BOI	Boise Air Terminal/Gowen Field	UAL	Passenger Property Loss	Checked Baggage	32.44	Tools & Machines	Locks	Denied	0.0	Deny
123615	2008060545316	2008-06-02 00:00:00	2008-05-29 00:00:00	BOI	Boise Air Terminal/Gowen Field	USAir	Passenger Property Loss	Checked Baggage	169.0	Electronics	Cell Phones	Denied	0.0	Deny
123958	2008061645687	2008-06-10 00:00:00	2008-04-28 00:00:00	BOI	Boise Air Terminal/Gowen Field	UAL	Passenger Property Loss	Checked Baggage	540.0	Containers,Cosmetics,Clothing & Accessories,Watches & Jewelry	Bags - Fabric, plastic, etc. (not purses)*Cosmetics - Perfume, toilet articles, medicines, soaps, etc.*Eyeglasses - (including contact lenses)*Jewelry - Costume	Approved	540.0	Approve in Full
124104	2008061745787	2008-06-12 00:00:00	2008-05-26 00:00:00	BOI	Boise Air Terminal/Gowen Field	UAL	Passenger Property Loss	Checked Baggage	85.0	Other	Other	Denied	0.0	Deny
124201	2008061845861	2008-06-16 00:00:00	2008-06-15 00:00:00	BOI	Boise Air Terminal/Gowen Field	Northwest Airlines	Passenger Property Loss	Checkpoint	289.0	Electronics	GPS - Global Positioning System	Approved	289.0	Approve in Full
125371	2008071647012	2008-07-11 00:00:00	2008-06-23 00:00:00	BOI	Boise Air Terminal/Gowen Field	Southwest Airlines	Passenger Property Loss	Checked Baggage	37.79	Containers,Tools & Machines	Luggage (all types including footlockers)*Sewing Machines (other than electric)	Denied	0.0	Deny
125781	2008072947569	2008-07-21 00:00:00	2008-05-25 00:00:00	BOI	Boise Air Terminal/Gowen Field	Alaska Airlines	Passenger Property Loss	Checkpoint	450.0	Electronics	Cell Phones	Settled	388.39	Settle
126292	2008080648084	2008-07-31 00:00:00	2008-07-26 00:00:00	BOI	Boise Air Terminal/Gowen Field	Southwest Airlines	Passenger Property Loss	Checked Baggage	85.0	Other	Other	Denied	0.0	Deny
126594	2008081148357	2008-08-06 00:00:00	2008-08-01 00:00:00	BOI	Boise Air Terminal/Gowen Field	Southwest Airlines	Passenger Property Loss	Checked Baggage	286.2	Clothing & Accessories	Eyeglasses - (including contact lenses)	Settled	271.7	Settle
127297	2008082549067	2008-08-22 00:00:00	2008-08-12 00:00:00	BOI	Boise Air Terminal/Gowen Field	Horizon Air	Passenger Property Loss	Checked Baggage	19.85	Household Items	Linens - Quilts, Comforters	Denied	0.0	Deny
128218	2008091850091	2008-09-12 00:00:00	2008-09-07 00:00:00	BOI	Boise Air Terminal/Gowen Field	Delta Air Lines	Passenger Property Loss	Checked Baggage	200.0	Other	Other	Denied	0.0	Deny
128270	2008091650021	2008-09-15 00:00:00	2008-09-07 00:00:00	BOI	Boise Air Terminal/Gowen Field	Southwest Airlines	Passenger Property Loss	Checked Baggage	200.0	Watches & Jewelry	Jewelry - Fine	Denied	0.0	Deny
128893	2008100150654	2008-09-30 00:00:00	2008-09-17 00:00:00	BOI	Boise Air Terminal/Gowen Field		Passenger Property Loss	Checked Baggage	60.0	Outdoors Supplies	Tools - Manual (not in a vehicle)	Denied	0.0	Deny
129866	2008110451727	2008-10-24 00:00:00	2008-10-12 00:00:00	BOI	Boise Air Terminal/Gowen Field	Delta Air Lines	Passenger Property Loss	Checked Baggage	10.0	Tools & Machines	Locks	Denied	0.0	Deny
129957	2008110451754	2008-10-28 00:00:00	2008-10-17 00:00:00	BOI	Boise Air Terminal/Gowen Field	Frontier Airlines	Passenger Property Loss	Checked Baggage	1403.42	Watches & Jewelry	Jewelry - Fine	Denied	0.0	Deny
130568	2008111852393	2008-11-13 00:00:00	2008-10-02 00:00:00	BOI	Boise Air Terminal/Gowen Field	Southwest Airlines	Passenger Property Loss	Checked Baggage	211.94	Clothing & Accessories	Clothing - Shoes, belts, accessories, etc.	Denied	0.0	Deny
130581	2008111952454	2008-11-13 00:00:00	2008-10-20 00:00:00	BOI	Boise Air Terminal/Gowen Field	Northwest Airlines	Passenger Property Loss	Checked Baggage	117.25	Electronics,Office Supplies,Clothing & Accessories	Audio - CD's*Books - Other (Hardcover non-fiction)*Clothing - Shoes, belts, accessories, etc.	Denied	0.0	Deny
130957	2008112852899	2008-11-24 00:00:00	2008-11-06 00:00:00	BOI	Boise Air Terminal/Gowen Field	Southwest Airlines	Passenger Property Loss	Checked Baggage	27.09	Electronics	Flashlights	Approved	27.09	Approve in Full
132878	2009012354797	2009-01-13 00:00:00	2008-12-25 00:00:00	BOI	Boise Air Terminal/Gowen Field	UAL	Passenger Property Loss	Checked Baggage	1300.0	Electronics	Computer - Laptop	Denied	0.0	Deny
134283	2009030955976	2009-02-20 00:00:00	2008-12-26 00:00:00	BOI	Boise Air Terminal/Gowen Field	Southwest Airlines	Passenger Property Loss	Checked Baggage	61.39	Cosmetics	Cosmetics - Perfume, toilet articles, medicines, soaps, etc.	Settled	37.2	Settle
134687	2009032056565	2009-03-05 00:00:00	2009-02-01 00:00:00	BOI	Boise Air Terminal/Gowen Field	Southwest Airlines	Passenger Property Loss	Checked Baggage	15.0	Tools & Machines	Locks	Canceled	0.0	
136748	2009051858734	2009-04-29 00:00:00	2008-12-11 00:00:00	BOI	Boise Air Terminal/Gowen Field	Delta Air Lines	Passenger Property Loss	Checked Baggage	476.99	Electronics	Cameras - Digital	Denied	0.0	Deny
137801	2009060259780	2009-05-29 00:00:00	2009-05-21 00:00:00	BOI	Boise Air Terminal/Gowen Field	Southwest Airlines	Passenger Property Loss	Checked Baggage	295.0	Other	Other	Denied	0.0	Deny
138635	2009062960703	2009-06-22 00:00:00	2009-05-03 00:00:00	BOI	Boise Air Terminal/Gowen Field	Delta Air Lines	Passenger Property Loss	Checked Baggage	248.0	Other	Other	Denied	0.0	Deny
138890	2009071061036	2009-06-29 00:00:00	2009-06-22 00:00:00	BOI	Boise Air Terminal/Gowen Field	Delta Air Lines	Passenger Property Loss	Checked Baggage	284.95	Electronics	Cameras - Digital	Denied	0.0	Deny
141935	2009092463992	2009-09-21 00:00:00	2009-08-26 00:00:00	BOI	Boise Air Terminal/Gowen Field	Delta Air Lines	Passenger Property Loss	Checked Baggage	10.59	Tools & Machines	Locks	Denied	0.0	Deny
142219	2009072461708	2009-09-29 00:00:00	2009-07-13 00:00:00	BOI	Boise Air Terminal/Gowen Field	Delta Air Lines	Passenger Property Loss	Checkpoint	317.98	Electronics	Cell Phones	Denied	0.0	Deny
143054	2009102864894	2009-10-28 00:00:00	2009-10-28 00:00:00	BOI	Boise Air Terminal/Gowen Field	Alaska Airlines	Passenger Property Loss	Checked Baggage	200.0	Watches & Jewelry	Watches - Expensive more than $100	Canceled		
146041	2010030569102	2010-02-22 00:00:00	2010-02-07 09:30:00	BOI	Boise Air Terminal/Gowen Field	Delta Air Lines	Passenger Property Loss	Checked Baggage		Electronics	Audio/Video		0.0	Deny
146288	2010031169468	2010-03-02 00:00:00	2010-01-26 09:56:00	BOI	Boise Air Terminal/Gowen Field	Alaska Airlines	Passenger Property Loss	Checked Baggage		Cosmetics	Travel Accessories		21.38	Approve in Full
148154	2010050371423	2010-04-27 00:00:00	2010-04-13 13:45:00	BOI	Boise Air Terminal/Gowen Field	Southwest Airlines	Passenger Property Loss	Checked Baggage		Cosmetics	Travel Accessories		0.0	Deny
149166	2010060772442	2010-06-01 00:00:00	2010-05-25 07:00:00	BOI	Boise Air Terminal/Gowen Field	Alaska Airlines	Passenger Property Loss	Checked Baggage		Clothing & Accessories	Clothing		40.0	Approve in Full
150112	2010070773402	2010-06-29 00:00:00	2010-06-23 00:00:00	BOI	Boise Air Terminal/Gowen Field	Delta Air Lines	Passenger Property Loss	Checked Baggage		Cosmetics,Other	Cosmetics & Grooming*Other		28.5	Settle
150118	2010070773417	2010-06-29 00:00:00	2010-06-06 00:00:00	BOI	Boise Air Terminal/Gowen Field	Southwest Airlines	Passenger Property Loss	Checked Baggage		Clothing & Accessories	Clothing		0.0	Deny
151837	2010082475300	2010-08-17 00:00:00	2010-07-18 13:30:00	BOI	Boise Air Terminal/Gowen Field	UAL	Passenger Property Loss	Checked Baggage		Electronics,Other	Cameras*Other			
152214	2010090275594	2010-08-27 00:00:00	2010-08-21 13:25:00	BOI	Boise Air Terminal/Gowen Field	Southwest Airlines	Passenger Property Loss	Checked Baggage		Clothing & Accessories	Personal Accessories			
153023	2010092876455	2010-09-21 00:00:00	2010-08-29 11:20:00	BOI	Boise Air Terminal/Gowen Field	Southwest Airlines	Passenger Property Loss	Checkpoint		Cosmetics	Cosmetics & Grooming		254.5	Settle
153954	2010102777423	2010-10-19 00:00:00	2010-09-23 17:00:00	BOI	Boise Air Terminal/Gowen Field	Alaska Airlines	Passenger Property Loss	Checked Baggage		Cosmetics	Travel Accessories		0.0	Deny
154735	2010112678194	2010-11-15 00:00:00	2010-10-06 00:00:00	BOI	Boise Air Terminal/Gowen Field	Delta Air Lines	Passenger Property Loss	Checked Baggage		Cosmetics	Travel Accessories		0.0	Deny
157171	2011030380872	2011-02-01 00:00:00	2011-01-12 00:00:00	BOI	Boise Air Terminal/Gowen Field	UAL	Passenger Property Loss	Checked Baggage		Watches & Jewelry,Watches & Jewelry	Jewelry & Watches*Jewelry & Watches		0.0	Deny
159242	2011041582699	2011-04-12 00:00:00	2011-03-27 15:15:00	BOI	Boise Air Terminal/Gowen Field	Southwest Airlines	Passenger Property Loss	Checked Baggage		Cosmetics	Cosmetics & Grooming		0.0	Deny
159988	2011051883497	2011-05-06 00:00:00	2011-04-28 06:30:00	BOI	Boise Air Terminal/Gowen Field	Frontier Airlines	Passenger Property Loss	Checked Baggage		Other	Other		0.0	Deny
163237	2011091286841	2011-08-19 00:00:00	2011-08-13 06:30:00	BOI	Boise Air Terminal/Gowen Field	Delta Air Lines	Passenger Property Loss	Checked Baggage		Cosmetics	Travel Accessories		25.0	Approve in Full
164213	2011063084810	2011-09-23 00:00:00	2011-05-24 12:30:00	BOI	Boise Air Terminal/Gowen Field		Passenger Property Loss	Checkpoint		Other	Other		89.0	Approve in Full
164417	2011101888032	2011-10-03 00:00:00	2011-09-15 05:00:00	BOI	Boise Air Terminal/Gowen Field	Alaska Airlines	Passenger Property Loss	Checked Baggage		Other	Other		0.0	Deny
164994	2011111589004	2011-10-19 00:00:00	2011-06-22 00:00:00	BOI	Boise Air Terminal/Gowen Field	Frontier Airlines	Passenger Property Loss	Checked Baggage		Clothing & Accessories	Clothing		90.09	Approve in Full
165029	2011102788410	2011-10-21 00:00:00	2011-09-17 00:00:00	BOI	Boise Air Terminal/Gowen Field	USAir	Passenger Property Loss	Checked Baggage		Electronics	Cameras		0.0	Deny
166099	2011121589707	2011-11-28 00:00:00	2011-09-18 11:30:00	BOI	Boise Air Terminal/Gowen Field	Delta Air Lines	Passenger Property Loss	Checked Baggage		Electronics	Cameras		0.0	Deny
169595	2012042393106	2012-03-28 00:00:00	2012-03-08 00:00:00	BOI	Boise Air Terminal/Gowen Field	Southwest Airlines	Passenger Property Loss	Checked Baggage		Electronics	Personal Electronics		0.0	Deny
177103	2013020400914	2013-01-03 00:00:00	2012-12-28 00:00:00	BOI	Boise Air Terminal/Gowen Field	Southwest Airlines	Passenger Property Loss	Checked Baggage		Other	Other		0.0	Deny
177324	2013020601083	2013-01-10 00:00:00	2012-12-31 07:00:00	BOI	Boise Air Terminal/Gowen Field	Delta Air Lines	Passenger Property Loss	Checked Baggage		Containers	Baggage/Cases/Purses		0.0	Deny
179569	2013042403314	2013-04-02 00:00:00	2013-02-11 06:30:00	BOI	Boise Air Terminal/Gowen Field	Delta Air Lines	Passenger Property Loss	Checked Baggage		Outdoors Supplies	Tools & Home Improvement Supplies		47.23	Settle
180441	2013061104188	2013-05-06 00:00:00	2013-03-23 00:00:00	BOI	Boise Air Terminal/Gowen Field	Southwest Airlines	Passenger Property Loss	Checked Baggage		Clothing & Accessories,Clothing & Accessories	Clothing*Personal Accessories		0.0	Deny
182156	2013080905798	2013-07-07 00:00:00	2013-06-27 22:00:00	BOI	Boise Air Terminal/Gowen Field	Southwest Airlines	Passenger Property Loss	Checked Baggage		Cosmetics	Travel Accessories		7.39	Approve in Full
183025	2013092307214	2013-08-05 00:00:00	2013-07-30 11:10:00	BOI	Boise Air Terminal/Gowen Field	Southwest Airlines	Passenger Property Loss	Checked Baggage		Cosmetics	Cosmetics & Grooming		0.0	Deny
184115	2013102207576	2013-09-12 00:00:00	2013-08-30 00:00:00	BOI	Boise Air Terminal/Gowen Field	Delta Air Lines	Passenger Property Loss	Checked Baggage		Other	Other		0.0	Deny
184172	2013102908223	2013-09-13 00:00:00	2013-08-24 00:00:00	BOI	Boise Air Terminal/Gowen Field	Southwest Airlines	Passenger Property Loss	Checked Baggage		Cosmetics	Travel Accessories		0.0	Deny
184595	2013102808056	2013-09-30 00:00:00	2013-09-28 00:00:00	BOI	Boise Air Terminal/Gowen Field	Delta Air Lines	Passenger Property Loss	Checked Baggage		Watches & Jewelry	Jewelry & Watches		96.0	Approve in Full
185226	2013110608768	2013-10-29 00:00:00	2013-10-20 12:00:00	BOI	Boise Air Terminal/Gowen Field	Alaska Airlines	Passenger Property Loss	Checked Baggage		Cosmetics	Travel Accessories			
190186	2014051614000	2014-05-12 00:00:00	2014-05-09 00:00:00	BOI	Boise Air Terminal/Gowen Field	UAL	Passenger Property Loss	Checked Baggage		Clothing & Accessories	Clothing			
191946	2014080915797	2014-07-24 00:00:00	2014-07-02 00:00:00	BOI	Boise Air Terminal/Gowen Field	Alaska Airlines	Passenger Property Loss	Checked Baggage		Cosmetics	Travel Accessories			
196243	2015010719700	2015-01-08 00:00:00	2014-12-27 00:00:00	BOI	Boise Air Terminal/Gowen Field	Alaska Airlines	Passenger Property Loss	Checked Baggage		Other,Other,Other,Other	Other*Other*Other*Other		0.0	Deny
196244	2015020520443	2015-02-05 00:00:00	2015-01-22 00:00:00	BOI	Boise Air Terminal/Gowen Field	Delta Air Lines	Passenger Property Loss	Checked Baggage		Outdoors Supplies	Hunting & Fishing Items		135.15	Approve in Full
196245	2015030621057	2015-03-06 00:00:00	2015-02-25 00:00:00	BOI	Boise Air Terminal/Gowen Field		Passenger Property Loss	Checked Baggage		Cosmetics	Travel Accessories		10.0	Approve in Full
196249	2015101926093	2015-10-01 00:00:00	2015-09-18 00:00:00	BOI	Boise Air Terminal/Gowen Field	Southwest Airlines	Passenger Property Loss	Checked Baggage		Watches & Jewelry	Jewelry & Watches		53.07	Approve in Full
196250	2015111626875	2015-10-19 00:00:00	2014-12-08 00:00:00	BOI	Boise Air Terminal/Gowen Field	Delta Air Lines	Passenger Property Loss	Checked Baggage		Cosmetics	Travel Accessories		0.0	Deny
196252	2015111026797	2015-10-21 00:00:00	2015-09-26 00:00:00	BOI	Boise Air Terminal/Gowen Field	Southwest Airlines	Passenger Property Loss	Checked Baggage		Outdoors Supplies	Sporting Equipment & Supplies (footballs, parachutes, etc.)		65.99	Approve in Full
196254	2015121427521	2015-12-14 00:00:00	2015-11-21 00:00:00	BOI	Boise Air Terminal/Gowen Field	Alaska Airlines	Passenger Property Loss	Checked Baggage		Clothing & Accessories	Clothing		0.0	Deny
204880	2016031429669	2016-02-22 00:00:00	2016-02-04 13:30:00	BOI	Boise Air Terminal/Gowen Field	Delta Air Lines	Passenger Property Loss	Checked Baggage		Clothing & Accessories	Clothing		367.66	Approve in Full
204881	2016052031555	2016-05-06 00:00:00	2016-04-29 00:00:00	BOI	Boise Air Terminal/Gowen Field	Delta Air Lines	Passenger Property Loss	Checked Baggage		Electronics	Audio/Video		125.0	Approve in Full
204883	2016020328702	2016-01-18 00:00:00	2016-01-15 16:48:00	BOI	Boise Air Terminal/Gowen Field	UAL	Passenger Property Loss	Checked Baggage		Cosmetics	Travel Accessories		13.6	Closed:Canceled
204887	2016042730863	2016-04-08 00:00:00	2016-04-04 21:30:00	BOI	Boise Air Terminal/Gowen Field	Alaska Airlines	Passenger Property Loss	Checked Baggage		Electronics	Computer & Accessories		0.0	Deny
204888	2016112335850	2016-10-25 00:00:00	2016-10-13 00:00:00	BOI	Boise Air Terminal/Gowen Field	Southwest Airlines	Passenger Property Loss	Checked Baggage		Cosmetics	Travel Accessories		0.0	Deny
204890	2016102435063	2016-09-17 00:00:00	2016-08-21 00:00:00	BOI	Boise Air Terminal/Gowen Field	UAL	Passenger Property Loss	Checked Baggage		Outdoors Supplies	Sporting Equipment & Supplies (footballs, parachutes, etc.)			In Review
204892	2017012336753	2016-12-15 00:00:00	2016-11-28 00:00:00	BOI	Boise Air Terminal/Gowen Field	UAL	Passenger Property Loss	Checked Baggage		Cosmetics	Travel Accessories			In Review
213113	2017070641219	2017-06-02 00:00:00	2017-03-31 00:00:00	BOI	 Boise Air Terminal/Gowen Field	Southwest Airlines	Passenger Property Loss	Checked Baggage		Other	Other			In Review
213114	2017103144911	2017-10-02 00:00:00	2017-08-23 00:00:00	BOI	 Boise Air Terminal/Gowen Field	Alaska Airlines	Passenger Property Loss	Checked Baggage		Cosmetics	Travel Accessories			In Review
213118	2017062140882	2017-05-08 00:00:00	2017-04-02 00:00:00	BOI	 Boise Air Terminal/Gowen Field	Southwest Airlines	Passenger Property Loss	Checked Baggage		Cosmetics	Travel Accessories			Insufficient
213119	2017092143426	2017-08-09 00:00:00	2017-07-06 19:32:00	BOI	 Boise Air Terminal/Gowen Field	Southwest Airlines	Passenger Property Loss	Checked Baggage		Clothing & Accessories,Cosmetics,Watches & Jewelry	Clothing*Cosmetics & Grooming*Jewelry & Watches			In Review
213120	2017052239857	2017-04-12 00:00:00	2017-03-28 07:00:00	BOI	 Boise Air Terminal/Gowen Field	Delta Air Lines	Passenger Property Loss	Checked Baggage		Other	Other			In Review
213121	2017061340523	2017-06-13 00:00:00	2017-04-16 00:00:00	BOI	 Boise Air Terminal/Gowen Field	Allegiant Air	Passenger Property Loss	Checked Baggage		Watches & Jewelry	Jewelry & Watches			In Review
213124	2017030237813	2017-01-20 00:00:00	2017-01-01 10:00:00	BOI	 Boise Air Terminal/Gowen Field	Alaska Airlines	Passenger Property Loss	Checkpoint		Electronics	Personal Electronics			Insufficient
213125	2017090142699	2017-07-21 00:00:00	2017-07-05 00:00:00	BOI	 Boise Air Terminal/Gowen Field	UAL	Passenger Property Loss	Checked Baggage		Clothing & Accessories	Clothing			In Review
213127	2017051639583	2017-03-24 00:00:00	2017-02-27 12:55:00	BOI	 Boise Air Terminal/Gowen Field	Southwest Airlines	Passenger Property Loss	Checked Baggage		Cosmetics	Travel Accessories			In Review
213128	2017032038072	2017-01-26 00:00:00	2017-01-01 00:00:00	BOI	 Boise Air Terminal/Gowen Field	Alaska Airlines	Passenger Property Loss	Checkpoint		Electronics	Personal Electronics			In Review
213129	2017042738992	2017-02-28 00:00:00	2017-02-15 09:10:00	BOI	 Boise Air Terminal/Gowen Field	Alaska Airlines	Passenger Property Loss	Checkpoint		Other	Incidentals		362.44	Approve in Full