id	claim_number	date_received	incident_date	airport_code	airport_name	airline	claim_type	claim_site	claim_amount	items_new	items_old	status	close_amount	disposition
27617	0210263M	2004-02-10 00:00:00	2003-11-22 00:00:00	BZN	Gallatin Field	Delta Air Lines	Passenger Property Loss	Checkpoint	500.0	Watches & Jewelry	Jewelry - Fine	Settled	250.0	Settle
30619	2004052653580	2004-03-18 00:00:00	2004-02-06 00:00:00	BZN	Gallatin Field		Passenger Property Loss	Checked Baggage	550.0	Watches & Jewelry	Jewelry - Fine	Approved	550.0	Approve in Full
31238	2004053053893	2004-03-24 00:00:00	2004-03-19 00:00:00	BZN	Gallatin Field		Passenger Property Loss	Checked Baggage	70.0	Clothing & Accessories	Clothing - Shoes, belts, accessories, etc.	Canceled	0.0	
37188	2004070658370	2004-06-06 00:00:00	2004-05-12 00:00:00	BZN	Gallatin Field	Delta Air Lines	Passenger Property Loss	Checkpoint		Watches & Jewelry	Jewelry - Fine	Insufficient, one of the following items required: sum certain, statement of fact, signature, location of incident, and date.		
40101	2004080460582	2004-07-13 00:00:00	2004-06-21 00:00:00	BZN	Gallatin Field		Passenger Property Loss	Checked Baggage	599.65	Other	Other	Denied	0.0	Deny
40449	2004080960763	2004-07-19 00:00:00	2003-12-08 00:00:00	BZN	Gallatin Field		Passenger Property Loss	Checked Baggage	74.84	Clothing & Accessories	Clothing - Shoes, belts, accessories, etc.	Approved	74.84	Approve in Full
41450	2004092263502	2004-08-03 00:00:00	2004-07-24 00:00:00	BZN	Gallatin Field		Passenger Property Loss	Checkpoint	36.0	Other	Other	Approved	36.0	Approve in Full
41978	2004090862303	2004-08-09 00:00:00	2004-07-27 00:00:00	BZN	Gallatin Field	Northwest Airlines	Passenger Property Loss	Checked Baggage	45.0	Other	Other	Approved	45.0	Approve in Full
45421	2004101965160	2004-09-20 00:00:00	2004-08-24 00:00:00	BZN	Gallatin Field	Northwest Airlines	Passenger Property Loss	Checked Baggage	20.0	Tools & Machines	Locks	Denied	0.0	Deny
46298	2004111667107	2004-09-29 00:00:00	2004-09-18 00:00:00	BZN	Gallatin Field		Passenger Property Loss	Other	223.0	Other	Other	Denied		Deny
46873	2004112167541	2004-10-06 00:00:00	2004-08-26 00:00:00	BZN	Gallatin Field	Delta Air Lines	Passenger Property Loss	Checked Baggage	621.59	Electronics	DVD/CD Players	Denied		Deny
48241	2004121469147	2004-10-26 00:00:00	2004-10-10 00:00:00	BZN	Gallatin Field	Northwest Airlines	Passenger Property Loss	Checked Baggage	30.0	Other	Other	Approved	30.0	Approve in Full
50248	2005010572867	2004-11-18 00:00:00	2004-09-28 00:00:00	BZN	Gallatin Field		Passenger Property Loss	Checked Baggage	126.0	Other	Other	Denied	0.0	Deny
52310	2005010773164	2004-12-17 00:00:00	2004-08-17 00:00:00	BZN	Gallatin Field	Delta Air Lines	Passenger Property Loss	Checkpoint	65.0	Watches & Jewelry	Jewelry - Fine	Approved	65.0	Approve in Full
53093	2005011973773	2004-12-28 00:00:00	2004-11-22 00:00:00	BZN	Gallatin Field	Delta Air Lines	Passenger Property Loss	Checked Baggage	675.0	Watches & Jewelry	Jewelry - Fine	Denied	0.0	Deny
53229	2005012173844	2004-12-30 00:00:00	2004-10-17 00:00:00	BZN	Gallatin Field	Skywest Airlines Inc USA	Passenger Property Loss	Checked Baggage	34.85	Other	Other	Approved	34.85	Approve in Full
54023	2006011799630	2005-01-10 00:00:00	2005-10-14 00:00:00	BZN	Gallatin Field	Alaska Airlines	Passenger Property Loss	Checked Baggage	550.0	Electronics	Cameras - Digital	Settled	139.59	Settle
57295	2005031578215	2005-02-16 00:00:00	2005-02-03 00:00:00	BZN	Gallatin Field	Northwest Airlines	Passenger Property Loss	Checkpoint	406.93	Other	Other	Approved	406.93	Approve in Full
57463	2005031578393	2005-02-16 00:00:00	2004-12-20 00:00:00	BZN	Gallatin Field	Northwest Airlines	Passenger Property Loss	Checked Baggage	480.0	Other	Other	Denied	0.0	Deny
58134	2005032279235	2005-03-01 00:00:00	2005-12-23 00:00:00	BZN	Gallatin Field	Northwest Airlines	Passenger Property Loss	Checked Baggage	50.0	Other	Currency	Settled	25.0	Settle
58282	2005032279310	2005-03-04 00:00:00	2005-02-05 00:00:00	BZN	Gallatin Field		Passenger Property Loss	Checkpoint	15.5	Other	Other	Approved	15.5	Approve in Full
59093	2005030977351	2005-03-09 00:00:00	2005-01-11 00:00:00	BZN	Gallatin Field	Delta Air Lines	Passenger Property Loss	Checked Baggage	640.0	Other	Other	Settled	267.5	Settle
60982	2005040881953	2005-04-06 00:00:00	2005-02-25 00:00:00	BZN	Gallatin Field	Delta Air Lines	Passenger Property Loss	Checked Baggage	100.0	Clothing & Accessories	Clothing - Shoes, belts, accessories, etc.	Approved	100.0	Approve in Full
61953	2005042082910	2005-04-19 00:00:00	2005-02-28 00:00:00	BZN	Gallatin Field	Northwest Airlines	Passenger Property Loss	Checked Baggage	101.51	Other	Other	Approved	101.51	Approve in Full
64012	2005051884941	2005-05-17 00:00:00	2005-04-30 00:00:00	BZN	Gallatin Field	Northwest Airlines	Passenger Property Loss	Checked Baggage	25.8	Tools & Machines	Locks	Approved	25.8	Approve in Full
66391	2005062787284	2005-06-17 00:00:00	2005-06-01 00:00:00	BZN	Gallatin Field	Delta Air Lines	Passenger Property Loss	Checked Baggage	415.0	Clothing & Accessories	Clothing - Shoes, belts, accessories, etc.	Canceled	0.0	
66565	2005062887487	2005-06-21 00:00:00	2005-06-01 00:00:00	BZN	Gallatin Field	Northwest Airlines	Passenger Property Loss	Checked Baggage	52.5	Watches & Jewelry	Jewelry - Fine	Approved	52.5	Approve in Full
67289	2005070588244	2005-07-01 00:00:00	2005-06-08 00:00:00	BZN	Gallatin Field	Northwest Airlines	Passenger Property Loss	Checked Baggage	146.0	Clothing & Accessories	Clothing - Shoes, belts, accessories, etc.	Approved	146.0	Approve in Full
68087	2005071989257	2005-07-14 00:00:00	2005-06-20 00:00:00	BZN	Gallatin Field	Delta Air Lines	Passenger Property Loss	Checked Baggage	32.01	Other	Other	Approved	32.01	Approve in Full
68113	2005071589053	2005-07-14 00:00:00	2005-07-06 00:00:00	BZN	Gallatin Field	Delta Air Lines	Passenger Property Loss	Checked Baggage	395.0	Watches & Jewelry	Jewelry - Fine	Denied	0.0	Deny
69527	2005081590579	2005-08-04 00:00:00	2005-04-20 00:00:00	BZN	Gallatin Field		Passenger Property Loss	Checked Baggage	230.0	Other	Currency	Settled	115.0	Settle
70711	2005082691608	2005-08-23 00:00:00	2005-07-10 00:00:00	BZN	Gallatin Field	Northwest Airlines	Passenger Property Loss	Checkpoint	329.52	Electronics,Cosmetics	Cameras - Digital*Cosmetics - Perfume, toilet articles, medicines, soaps, etc.	Settled	100.0	Settle
70859	2005083191951	2005-08-25 00:00:00	2005-08-02 00:00:00	BZN	Gallatin Field	UAL	Passenger Property Loss	Checked Baggage	500.0	Other	Other	Denied	0.0	Deny
71050	2005090692203	2005-08-30 00:00:00	2005-08-13 00:00:00	BZN	Gallatin Field		Passenger Property Loss	Checkpoint	26.18	Watches & Jewelry	Jewelry - Fine	Approved	26.18	Approve in Full
71171	2005083191933	2005-08-30 00:00:00	2005-08-01 00:00:00	BZN	Gallatin Field	Delta Air Lines	Passenger Property Loss	Checked Baggage	389.0	Electronics	Cameras - Digital	Settled	142.88	Settle
71634	2005091992728	2005-09-08 00:00:00	2005-08-25 00:00:00	BZN	Gallatin Field	Northwest Airlines	Passenger Property Loss	Checked Baggage	584.59	Other	Other	Settled	292.3	Settle
71757	2005091992836	2005-09-09 00:00:00	2005-08-27 00:00:00	BZN	Gallatin Field	Northwest Airlines	Passenger Property Loss	Checked Baggage	175.0	Cosmetics	Cosmetics - Perfume, toilet articles, medicines, soaps, etc.	Settled	112.5	Settle
71776	2005091992860	2005-09-12 00:00:00	2005-08-25 00:00:00	BZN	Gallatin Field	Horizon Air	Passenger Property Loss	Checked Baggage		Tools & Machines	Locks	Insufficient, one of the following items required: sum certain, statement of fact, signature, location of incident, and date.		
71916	2005092092965	2005-09-14 00:00:00	2005-08-20 00:00:00	BZN	Gallatin Field	Delta Air Lines	Passenger Property Loss	Checked Baggage	250.0	Other	Currency	Denied	0.0	Deny
72381	2005100393634	2005-09-20 00:00:00	2005-09-11 00:00:00	BZN	Gallatin Field	Northwest Airlines	Passenger Property Loss	Checked Baggage	12.31	Tools & Machines	Locks	Approved	12.31	Approve in Full
72439	2005100393638	2005-09-20 00:00:00	2005-08-18 00:00:00	BZN	Gallatin Field	UAL	Passenger Property Loss	Checked Baggage	963.49	Cosmetics	Cosmetics - Perfume, toilet articles, medicines, soaps, etc.	Denied	0.0	Deny
72921	2005100594079	2005-09-29 00:00:00	2005-08-05 00:00:00	BZN	Gallatin Field	Delta Air Lines	Passenger Property Loss	Checked Baggage	15.0	Clothing & Accessories	Clothing - Shoes, belts, accessories, etc.	Approved	15.0	Approve in Full
74004	2005102795233	2005-10-18 00:00:00	2005-07-31 00:00:00	BZN	Gallatin Field	Delta Air Lines	Passenger Property Loss	Checked Baggage	7.92	Other	Other	Approved	7.92	Approve in Full
74377	2005103195413	2005-10-25 00:00:00	2005-10-08 00:00:00	BZN	Gallatin Field	Horizon Air	Passenger Property Loss	Checked Baggage	14.97	Other	Other	Denied	0.0	Deny
74858	2005111596097	2005-11-01 00:00:00	2005-09-25 00:00:00	BZN	Gallatin Field	Northwest Airlines	Passenger Property Loss	Checked Baggage	47.94	Other	Other	Denied	0.0	Deny
76238	2005120797095	2005-11-29 00:00:00	2005-11-22 00:00:00	BZN	Gallatin Field	Northwest Airlines	Passenger Property Loss	Checkpoint	10.0	Other	Other	Denied	0.0	Deny
77275	2005122898472	2005-12-19 00:00:00	2005-10-08 00:00:00	BZN	Gallatin Field	UAL	Passenger Property Loss	Checked Baggage	50.0	Clothing & Accessories	Clothing - Shoes, belts, accessories, etc.	Approved	50.0	Approve in Full
80771	2006022201894	2006-02-15 00:00:00	2005-08-30 00:00:00	BZN	Gallatin Field	Delta Air Lines	Passenger Property Loss	Checked Baggage	409.24	Other	Other	Denied	0.0	Deny
82167	2006031603274	2006-03-14 00:00:00	2006-02-28 00:00:00	BZN	Gallatin Field	Northwest Airlines	Passenger Property Loss	Checked Baggage	34.99	Other	Other	Denied	0.0	Deny
82314	2006032103457	2006-03-16 00:00:00	2006-03-07 00:00:00	BZN	Gallatin Field	Northwest Airlines	Passenger Property Loss	Checkpoint	138.26	Other	Other	Denied	0.0	Deny
82511	2006032703686	2006-03-21 00:00:00	2006-02-26 00:00:00	BZN	Gallatin Field	Delta Air Lines	Passenger Property Loss	Checked Baggage	99.74	Supplies	Medicines	Approved	99.74	Approve in Full
83553	2006041904712	2006-04-07 00:00:00	2006-03-11 00:00:00	BZN	Gallatin Field	Canadian Airlines	Passenger Property Loss	Checked Baggage	165.0	Other	Other	Settled	100.0	Settle
83814	2006042505324	2006-04-13 00:00:00	2006-03-24 00:00:00	BZN	Gallatin Field	Northwest Airlines	Passenger Property Loss	Checked Baggage	150.0	Cosmetics	Cosmetics - Perfume, toilet articles, medicines, soaps, etc.	Settled	75.0	Settle
84181	2006042505356	2006-04-24 00:00:00	2006-03-24 00:00:00	BZN	Gallatin Field	Northwest Airlines	Passenger Property Loss	Checked Baggage	80.24	Clothing & Accessories	Clothing - Shoes, belts, accessories, etc.	Approved	80.24	Approve in Full
85549	2006052206762	2006-05-18 00:00:00	2006-04-25 00:00:00	BZN	Gallatin Field	Northwest Airlines	Passenger Property Loss	Checked Baggage	198.0	Scientific Intruments	Dental Equipment and Instruments	Settled	100.0	Settle
86156	2006060607435	2006-06-02 00:00:00	2005-03-26 00:00:00	BZN	Gallatin Field	Northwest Airlines	Passenger Property Loss	Checkpoint	150.0	Clothing & Accessories	Eyeglasses - (including contact lenses)	Approved	150.0	Approve in Full
87612	2006063008801	2006-06-29 00:00:00	2006-06-25 00:00:00	BZN	Gallatin Field	Northwest Airlines	Passenger Property Loss	Checked Baggage	854.6	Other	Other	Settled	427.3	Settle
88365	2006071709625	2006-07-13 00:00:00	2006-06-27 00:00:00	BZN	Gallatin Field	Northwest Airlines	Passenger Property Loss	Checked Baggage	63.0	Other	Other	Settled	31.5	Settle
89538	2006080910655	2006-08-07 00:00:00	2006-08-02 00:00:00	BZN	Gallatin Field	Delta Air Lines	Passenger Property Loss	Checked Baggage	100.0	Electronics	Cameras - Digital	Settled	40.0	Settle
89881	2006081611160	2006-08-14 00:00:00	2006-07-18 00:00:00	BZN	Gallatin Field	UAL	Passenger Property Loss	Checked Baggage	85.0	Electronics,Electronics	Electrical and Gas Appliances Minor - $200 or less (humidifiers, tv's, etc)*MP3 Players-(iPods, etc)	Denied	0.0	Deny
90873	2006090612048	2006-08-31 00:00:00	2006-08-12 00:00:00	BZN	Gallatin Field	Delta Air Lines	Passenger Property Loss	Checked Baggage	28.57	Automobile & Mechanical	Automobile Parts	Settled	14.28	Settle
91762	2006092113005	2006-09-18 00:00:00	2006-08-28 00:00:00	BZN	Gallatin Field	Northwest Airlines	Passenger Property Loss	Checked Baggage	70.0	Clothing & Accessories	Clothing - Shoes, belts, accessories, etc.	Settled	49.0	Settle
92909	2006101914177	2006-10-12 00:00:00	2006-09-19 00:00:00	BZN	Gallatin Field	Horizon Air	Passenger Property Loss	Checked Baggage	40.0	Other	Other	Approved	40.0	Approve in Full
94523	2006111715831	2006-11-13 00:00:00	2006-09-11 00:00:00	BZN	Gallatin Field	UAL	Passenger Property Loss	Checked Baggage	395.0	Electronics,Tools & Machines,Other,Watches & Jewelry	Cameras - Digital*Lighters - (cigar, cigerette, etc.)*Other*Watches - Inexpensive $100 or less	Denied	0.0	Deny
94766	2006112816314	2006-11-16 00:00:00	2006-11-08 00:00:00	BZN	Gallatin Field	Delta Air Lines	Passenger Property Loss	Checked Baggage	10.93	Containers,Cosmetics	Bags - Fabric, plastic, etc. (not purses)*Cosmetics - Perfume, toilet articles, medicines, soaps, etc.	Denied	0.0	Deny
96108	2006122017418	2006-12-12 00:00:00	2006-11-20 00:00:00	BZN	Gallatin Field		Passenger Property Loss	Checked Baggage	30.0	Tools & Machines	Locks	Denied	0.0	Deny
97235	2007010518403	2007-01-03 00:00:00	2006-12-16 00:00:00	BZN	Gallatin Field	Northwest Airlines	Passenger Property Loss	Checked Baggage	129.0	Clothing & Accessories	Eyeglasses - (including contact lenses)	Approved	129.0	Approve in Full
97434	2007010818465	2007-01-05 00:00:00	2006-08-11 00:00:00	BZN	Gallatin Field	Northwest Airlines	Passenger Property Loss	Checked Baggage	80.0	Electronics	Cameras - Digital	Denied	0.0	Deny
98290	2007012519488	2007-01-17 00:00:00	2006-12-02 00:00:00	BZN	Gallatin Field	Alaska Airlines	Passenger Property Loss	Checked Baggage	399.99	Electronics	Cameras - Digital	Denied	0.0	Deny
99176	2007020520242	2007-01-31 00:00:00	2006-12-18 00:00:00	BZN	Gallatin Field	UAL	Passenger Property Loss	Checked Baggage	832.91	Electronics,Containers,Electronics,Other	Cameras - Digital*Luggage (all types including footlockers)*MP3 Players-(iPods, etc)*Other	Settled	800.79	Settle
100112	2007022121245	2007-02-20 00:00:00	2007-01-26 00:00:00	BZN	Gallatin Field	Alaska Airlines	Passenger Property Loss	Checked Baggage	1695.0	Outdoors Supplies	Tools - Manual (not in a vehicle)	Canceled	0.0	
100860	2007031422293	2007-03-06 00:00:00	2007-02-01 00:00:00	BZN	Gallatin Field	UAL	Passenger Property Loss	Checked Baggage	300.0	Watches & Jewelry,Other	Jewelry - Fine*Other	Denied	0.0	Deny
106119	2007062227411	2007-06-20 00:00:00	2007-05-29 00:00:00	BZN	Gallatin Field	UAL	Passenger Property Loss	Checked Baggage	1213.08	Electronics,Electronics,Other	Cameras - Digital*MP3 Players-(iPods, etc)*Other	Denied	0.0	Deny
106456	2007070327747	2007-06-27 00:00:00	2007-05-26 00:00:00	BZN	Gallatin Field	UAL	Passenger Property Loss	Checkpoint	13.0	Cosmetics	Cosmetics - Perfume, toilet articles, medicines, soaps, etc.	Denied	0.0	Deny
107658	2007072529015	2007-07-20 00:00:00	2007-07-07 00:00:00	BZN	Gallatin Field	Delta Air Lines	Passenger Property Loss	Checkpoint	4700.0	Scientific Intruments	Medical Equipment & Insturments	Denied	0.0	Deny
109553	2007082430808	2007-08-23 00:00:00	2007-06-08 00:00:00	BZN	Gallatin Field	Delta Air Lines	Passenger Property Loss	Checked Baggage	400.0	Other	Other	Denied	0.0	Deny
112768	2007102934078	2007-10-26 00:00:00	2007-07-28 00:00:00	BZN	Gallatin Field	UAL	Passenger Property Loss	Checked Baggage	208.23	Electronics,Watches & Jewelry	Cameras - Digital*Watches - Expensive more than $100	Denied	0.0	Deny
116187	2008010937633	2008-01-07 00:00:00	2007-12-21 00:00:00	BZN	Gallatin Field	Northwest Airlines	Passenger Property Loss	Checked Baggage	75.0	Other	Other	Denied	0.0	Deny
119862	2008032841606	2008-03-18 00:00:00	2008-03-08 00:00:00	BZN	Gallatin Field	UAL	Passenger Property Loss	Checked Baggage	121.5	Clothing & Accessories,Tools & Machines,Outdoors Supplies	Clothing - Shoes, belts, accessories, etc.*Locks*Sporting Equipment & Supplies (footballs, parachutes, etc.)	Approved	121.5	Approve in Full
123801	2008061245560	2008-06-05 00:00:00	2008-04-11 00:00:00	BZN	Gallatin Field	Northwest Airlines	Passenger Property Loss	Checked Baggage	119.99	Clothing & Accessories	Clothing - Shoes, belts, accessories, etc.	Denied	0.0	Deny
126217	2008080547990	2008-07-30 00:00:00	2008-07-02 00:00:00	BZN	Gallatin Field	Delta Air Lines	Passenger Property Loss	Checked Baggage	7.89	Tools & Machines	Locks	Denied	0.0	Deny
126353	2008080648153	2008-08-01 00:00:00	2008-07-17 00:00:00	BZN	Gallatin Field	Delta Air Lines	Passenger Property Loss	Checked Baggage	950.0	Electronics,Clothing & Accessories,Electronics	Cameras - Digital*Clothing - Shoes, belts, accessories, etc.*MP3 Players-(iPods, etc)	Denied	0.0	Deny
138539	2009062460546	2009-06-18 00:00:00	2009-05-23 00:00:00	BZN	Gallatin Field	Northwest Airlines	Passenger Property Loss	Checked Baggage	99.0	Containers	Luggage (all types including footlockers)	Denied	0.0	Deny
139512	2009072061445	2009-07-15 00:00:00	2009-07-11 00:00:00	BZN	Gallatin Field	Northwest Airlines	Passenger Property Loss	Checkpoint	211.99	Electronics	Cameras - Digital	Denied	0.0	Deny
142561	2009102164562	2009-10-13 00:00:00	2009-10-02 00:00:00	BZN	Gallatin Field	Delta Air Lines	Passenger Property Loss	Checked Baggage	10.95	Tools & Machines	Locks	Approved	10.95	Approve in Full
145343	2010012767947	2010-01-22 00:00:00	2010-01-11 22:20:00	BZN	Gallatin Field	UAL	Passenger Property Loss	Checked Baggage		Electronics	Personal Electronics		0.0	Deny
151347	2010081174714	2010-08-04 00:00:00	2010-04-19 05:30:00	BZN	Gallatin Field		Passenger Property Loss	Checkpoint		Games & Toys	Toys & Games		348.13	Approve in Full
153008	2010093076551	2010-09-20 00:00:00	2010-08-17 11:00:00	BZN	Gallatin Field		Passenger Property Loss	Checked Baggage		Electronics	Cameras		0.0	Deny
153088	2010100176569	2010-09-22 00:00:00	2010-08-04 13:25:00	BZN	Gallatin Field	Delta Air Lines	Passenger Property Loss	Checked Baggage		Containers	Baggage/Cases/Purses			
153355	2010100976812	2010-09-30 00:00:00	2010-09-11 00:00:00	BZN	Gallatin Field	UAL	Passenger Property Loss	Checked Baggage		Scientific Intruments	Medical/Science		0.0	Deny
156357	2011021180161	2011-01-10 00:00:00	2010-12-25 06:00:00	BZN	Gallatin Field	Delta Air Lines	Passenger Property Loss	Checkpoint		Other	Other		0.0	Deny
158244	2011041182084	2011-03-10 00:00:00	2011-02-19 00:00:00	BZN	Gallatin Field	UAL	Passenger Property Loss	Checked Baggage		Outdoors Supplies	Hunting & Fishing Items		0.0	Deny
160133	2011052483706	2011-05-11 00:00:00	2011-04-25 00:00:00	BZN	Gallatin Field	UAL	Passenger Property Loss	Checked Baggage		Other	Other		19.99	Approve in Full
163162	2011090686751	2011-08-17 00:00:00	2011-06-05 07:15:00	BZN	Gallatin Field	Delta Air Lines	Passenger Property Loss	Checkpoint		Electronics	Cameras		0.0	Deny
164095	2011101487880	2011-09-19 00:00:00	2011-09-03 00:00:00	BZN	Gallatin Field	Delta Air Lines	Passenger Property Loss	Checked Baggage		Other,Other	Other*Other		0.0	Deny
166432	2012010990047	2011-12-09 00:00:00	2011-11-16 00:00:00	BZN	Gallatin Field	Delta Air Lines	Passenger Property Loss	Checked Baggage		Outdoors Supplies	Tools & Home Improvement Supplies		237.87	Approve in Full
167035	2012020690686	2012-01-03 00:00:00	2011-11-14 00:00:00	BZN	Gallatin Field	Delta Air Lines	Passenger Property Loss	Checked Baggage		Electronics	Personal Electronics		0.0	Deny
167128	2012020790748	2012-01-05 00:00:00	2011-12-29 00:00:00	BZN	Gallatin Field	UAL	Passenger Property Loss	Checked Baggage		Containers,Watches & Jewelry	Baggage/Cases/Purses*Jewelry & Watches		432.5	Settle
167477	2012021791171	2012-01-17 00:00:00	2011-12-21 00:00:00	BZN	Gallatin Field	UAL	Passenger Property Loss	Checkpoint		Watches & Jewelry	Jewelry & Watches		2191.82	Settle
168830	2012040392439	2012-02-29 00:00:00	2012-02-10 00:00:00	BZN	Gallatin Field	Alaska Airlines	Passenger Property Loss	Checked Baggage		Other	Other		0.0	Deny
169275	2012042593181	2012-03-16 00:00:00	2012-03-03 00:00:00	BZN	Gallatin Field	Delta Air Lines	Passenger Property Loss	Checkpoint		Watches & Jewelry	Jewelry & Watches		0.0	Deny
170341	2012051694041	2012-04-25 00:00:00	2012-04-10 00:00:00	BZN	Gallatin Field	Frontier Airlines	Passenger Property Loss	Checked Baggage		Clothing & Accessories	Personal Accessories		0.0	Deny
172082	2012073095794	2012-06-26 00:00:00	2012-06-15 14:30:00	BZN	Gallatin Field	Alaska Airlines	Passenger Property Loss	Checked Baggage		Clothing & Accessories	Personal Accessories		0.0	Deny
172686	2012082996435	2012-07-17 00:00:00	2012-05-13 00:00:00	BZN	Gallatin Field	UAL	Passenger Property Loss	Checkpoint		Food & Drink	Food & Drink		0.0	Deny
174809	2012120799150	2012-10-01 00:00:00	2012-09-16 00:00:00	BZN	Gallatin Field	UAL	Passenger Property Loss	Checked Baggage		Other	Other		96.62	Approve in Full
175579	2012122799384	2012-10-31 00:00:00	2012-08-15 00:00:00	BZN	Gallatin Field		Passenger Property Loss	Checkpoint		Watches & Jewelry	Jewelry & Watches		0.0	Deny
182581	2013082806347	2013-07-21 00:00:00	2013-07-17 12:05:00	BZN	Gallatin Field	UAL	Passenger Property Loss	Checked Baggage		Watches & Jewelry	Jewelry & Watches		0.0	Deny
183157	2013091606957	2013-08-08 00:00:00	2013-07-20 06:10:00	BZN	Gallatin Field	Alaska Airlines	Passenger Property Loss	Checked Baggage		Scientific Intruments	Medical/Science		0.0	Deny
183535	2013082106130	2013-08-21 00:00:00	2013-06-23 10:33:00	BZN	Gallatin Field	Delta Air Lines	Passenger Property Loss	Checked Baggage		Cosmetics,Scientific Intruments	Cosmetics & Grooming*Medical/Science		0.0	Deny
184592	2013102708023	2013-09-30 00:00:00	2013-09-25 00:00:00	BZN	Gallatin Field	UAL	Passenger Property Loss	Checked Baggage		Outdoors Supplies	Hunting & Fishing Items		0.0	Deny
192635	2014091116504	2014-08-19 00:00:00	2014-07-23 00:00:00	BZN	Gallatin Field	UAL	Passenger Property Loss	Checked Baggage		Electronics	Computer & Accessories		0.0	Deny
194609	2014112418516	2014-11-24 00:00:00	2014-10-28 00:00:00	BZN	Gallatin Field		Passenger Property Loss	Checkpoint		Cosmetics	Cosmetics & Grooming			
196646	2015082825139	2015-08-21 00:00:00	2015-05-16 00:00:00	BZN	Bozeman Yellowstone International Airport		Passenger Property Loss	Checkpoint		Outdoors Supplies	Sporting Equipment & Supplies (footballs, parachutes, etc.)			
205282	2016021128837	2016-01-21 00:00:00	2016-01-03 06:05:00	BZN	Bozeman Yellowstone International Airport	UAL	Passenger Property Loss	Checkpoint		Electronics	Computer & Accessories			Closed:Canceled
205283	2016030229292	2016-02-04 00:00:00	2016-01-03 06:00:00	BZN	Bozeman Yellowstone International Airport		Passenger Property Loss	Checkpoint		Other	Other			Closed:Contractor Claim
205284	2016050231004	2016-04-11 00:00:00	2016-03-07 00:00:00	BZN	Bozeman Yellowstone International Airport	Alaska Airlines	Passenger Property Loss	Checked Baggage		Supplies	Crafting & Hobby			Closed:Contractor Claim
213516	2017051039370	2017-03-16 00:00:00	2017-03-04 00:00:00	BZN	Bozeman Yellowstone International Airport	UAL	Passenger Property Loss	Checked Baggage		Electronics	Computer & Accessories			losed: Contractor Claim