id	claim_number	date_received	incident_date	airport_code	airport_name	airline	claim_type	claim_site	claim_amount	items_new	items_old	status	close_amount	disposition
119	0315800N	2002-10-23 00:00:00	2002-07-31 00:00:00	CMH	Port Columbus International		Passenger Property Loss	Checkpoint	2.5	Other	Other	Canceled		
1835	28780	2003-01-24 00:00:00	2002-10-19 00:00:00	CMH	Port Columbus International	Southwest Airlines	Passenger Property Loss	Other	6500.0	Watches & Jewelry	Jewelry - Fine	Settled	1000.0	Settle
1843	0127018L	2003-01-27 00:00:00	2003-01-12 00:00:00	CMH	Port Columbus International		Passenger Property Loss	Checkpoint	125.0	Clothing & Accessories	Clothing - Shoes, belts, accessories, etc.	Approved	125.0	Approve in Full
1878	0127030L	2003-01-27 00:00:00	2002-08-18 00:00:00	CMH	Port Columbus International		Passenger Property Loss	Checked Baggage	172.0	Tools & Machines	Locks	Closed as a contractor claim		
4615	0402096L	2003-04-02 00:00:00	2003-03-20 00:00:00	CMH	Port Columbus International		Passenger Property Loss	Checked Baggage	37.19	Cosmetics	Cosmetics - Perfume, toilet articles, medicines, soaps, etc.	Settled	18.6	Settle
10535	0710018M	2003-07-10 00:00:00	2003-06-22 00:00:00	CMH	Port Columbus International	Northwest Airlines	Passenger Property Loss	Checked Baggage	80.0	Other	Other	Settled	40.0	Settle
10851	0715242M	2003-07-15 00:00:00	2003-06-12 00:00:00	CMH	Port Columbus International	USAir	Passenger Property Loss	Checked Baggage	100.0	Clothing & Accessories	Clothing - Shoes, belts, accessories, etc.	Approved	100.0	Approve in Full
11901	0729225M	2003-07-29 00:00:00	2003-07-19 00:00:00	CMH	Port Columbus International		Passenger Property Loss	Checkpoint		Containers	Luggage (all types including footlockers)	Canceled		
12543	0805088M	2003-08-05 00:00:00	2003-06-25 00:00:00	CMH	Port Columbus International		Passenger Property Loss	Checkpoint	3000.0	Electronics	Computer - Laptop	Denied	0.0	Deny
13225	0814026M	2003-08-14 00:00:00	2003-07-21 00:00:00	CMH	Port Columbus International	Northwest Airlines	Passenger Property Loss	Checked Baggage	56.7	Clothing & Accessories	Clothing - Shoes, belts, accessories, etc.	Approved	56.7	Approve in Full
13662	0818067M	2003-08-18 00:00:00	2003-05-26 00:00:00	CMH	Port Columbus International	America West	Passenger Property Loss	Checked Baggage	262.58	Electronics	Cameras - Digital	Settled	196.36	Settle
13821	0819156M	2003-08-19 00:00:00	2003-08-11 00:00:00	CMH	Port Columbus International		Passenger Property Loss	Checked Baggage	90.0	Other	Other	Settled	45.0	Settle
14050	0821173M	2003-08-21 00:00:00	2003-08-01 00:00:00	CMH	Port Columbus International		Passenger Property Loss	Checked Baggage	320.0	Other	Other	Settled	150.0	Settle
17728	1009204M	2003-10-09 00:00:00	2003-08-29 00:00:00	CMH	Port Columbus International	UAL	Passenger Property Loss	Checked Baggage	851.0	Clothing & Accessories	Clothing - Shoes, belts, accessories, etc.	Denied	0.0	Deny
21906	1205197M	2003-12-05 00:00:00	2003-10-04 00:00:00	CMH	Port Columbus International	USAir	Passenger Property Loss	Checked Baggage	106.74	Electronics	Cell Phones	Settled	53.37	Settle
22099	1208172M	2003-12-08 00:00:00	2003-11-28 00:00:00	CMH	Port Columbus International	American Airlines	Passenger Property Loss	Checked Baggage	350.0	Electronics	Cameras - Digital	Approved	350.0	Approve in Full
22622	1217306M	2003-12-17 00:00:00	2003-10-28 00:00:00	CMH	Port Columbus International	Delta Air Lines	Passenger Property Loss	Checked Baggage	50.0	Clothing & Accessories	Clothing - Shoes, belts, accessories, etc.	Approved	50.0	Approve in Full
24512	0107301M	2004-01-07 00:00:00	2003-12-25 00:00:00	CMH	Port Columbus International		Passenger Property Loss	Other	25.0	Other	Other	Settled	12.5	Settle
24798	0114562M	2004-01-14 00:00:00	2003-12-28 00:00:00	CMH	Port Columbus International	America West	Passenger Property Loss	Checkpoint	675.0	Electronics	Cameras - Digital	Canceled		
25619	0120158M	2004-01-20 00:00:00	2003-12-30 00:00:00	CMH	Port Columbus International	Delta Air Lines	Passenger Property Loss	Checked Baggage	107.42	Other	Other	Settled	53.76	Settle
27242	0205079M	2004-02-05 00:00:00	2003-12-18 00:00:00	CMH	Port Columbus International	Delta Air Lines	Passenger Property Loss	Checked Baggage	167.58	Other	Other	Settled	83.79	Settle
27305	0212012M	2004-02-05 00:00:00	2004-01-09 00:00:00	CMH	Port Columbus International	Northwest Airlines	Passenger Property Loss	Checked Baggage	1500.0	Electronics	Computer - Laptop	Settled	164.39	Settle
28156	2005020375625	2004-02-19 00:00:00	2004-01-09 00:00:00	CMH	Port Columbus International	Northwest Airlines	Passenger Property Loss	Checked Baggage	1500.0	Electronics	Computer - Laptop	Canceled	0.0	
28681	0308800M	2004-02-24 00:00:00	2004-02-08 00:00:00	CMH	Port Columbus International		Passenger Property Loss	Checkpoint	25.0	Other	Other	Denied	25.0	Deny
30004	2004060254236	2004-03-11 00:00:00	2004-02-23 00:00:00	CMH	Port Columbus International	Delta Air Lines	Passenger Property Loss	Checkpoint	64.09	Clothing & Accessories	Clothing - Shoes, belts, accessories, etc.	Approved	64.09	Approve in Full
31446	2004052453253	2004-03-24 00:00:00	2004-02-22 00:00:00	CMH	Port Columbus International	Delta Air Lines	Passenger Property Loss	Checked Baggage	454.02	Electronics	Cameras - Digital	Settled	227.01	Settle
31461	2004053053897	2004-03-24 00:00:00	2004-03-11 00:00:00	CMH	Port Columbus International	Southwest Airlines	Passenger Property Loss	Checked Baggage	359.29	Other	Other	Settled	179.65	Settle
31492	2004043050285	2004-03-30 00:00:00	2004-03-12 00:00:00	CMH	Port Columbus International		Passenger Property Loss	Checked Baggage	8.0	Tools & Machines	Locks	Approved	8.0	Approve in Full
33258	2004052653549	2004-04-21 00:00:00	2004-04-03 00:00:00	CMH	Port Columbus International	Southwest Airlines	Passenger Property Loss	Checked Baggage	150.0	Other	Other	Settled	75.0	Settle
33503	2004060855117	2004-04-23 00:00:00	2004-03-03 00:00:00	CMH	Port Columbus International	American Airlines	Passenger Property Loss	Checked Baggage	389.98	Other	Other	Approved	389.98	Approve in Full
33922	2004051852671	2004-05-03 00:00:00	2004-03-28 00:00:00	CMH	Port Columbus International	USAir	Passenger Property Loss	Checked Baggage	100.0	Other	Other	Denied	0.0	Deny
34966	2004061455560	2004-05-10 00:00:00	2004-05-04 00:00:00	CMH	Port Columbus International	Southwest Airlines	Passenger Property Loss	Checkpoint	30.0	Clothing & Accessories	Eyeglasses - (including contact lenses)	Denied	30.0	Deny
35800	2004062657436	2004-05-26 00:00:00	2004-04-22 00:00:00	CMH	Port Columbus International	UAL	Passenger Property Loss	Checked Baggage	91.0	Clothing & Accessories	Clothing - Shoes, belts, accessories, etc.	Approved	91.0	Approve in Full
36022	2004062156659	2004-05-27 00:00:00	2004-05-07 00:00:00	CMH	Port Columbus International	Delta Air Lines	Passenger Property Loss	Checked Baggage	10.0	Tools & Machines	Locks	Approved	10.0	Approve in Full
36177	2004061055342	2004-05-27 00:00:00	2003-10-07 00:00:00	CMH	Port Columbus International	America West	Passenger Property Loss	Checkpoint	72.0	Other	Other	Denied	0.0	Deny
37180	2004062357229	2004-06-05 00:00:00	2004-05-12 00:00:00	CMH	Port Columbus International		Passenger Property Loss	Checked Baggage	510.62	Clothing & Accessories	Clothing - Shoes, belts, accessories, etc.	Approved	510.62	Approve in Full
38675	2004071058968	2004-06-25 00:00:00	2004-05-13 00:00:00	CMH	Port Columbus International		Passenger Property Loss	Checkpoint	100.0	Watches & Jewelry	Jewelry - Fine	Approved	100.0	Approve in Full
39328	2004072059847	2004-07-07 00:00:00	2004-06-28 00:00:00	CMH	Port Columbus International		Passenger Property Loss	Checked Baggage	10.0	Other	Other	Approved	10.0	Approve in Full
39364	2004071959774	2004-07-07 00:00:00	2004-06-12 00:00:00	CMH	Port Columbus International		Passenger Property Loss	Checked Baggage	20.0	Tools & Machines	Locks	Canceled		
39911	2004080360429	2004-07-12 00:00:00	2004-06-27 00:00:00	CMH	Port Columbus International		Passenger Property Loss	Checked Baggage	450.0	Other	Other	Denied	0.0	Deny
40112	2004080560642	2004-07-13 00:00:00	2004-06-15 00:00:00	CMH	Port Columbus International	Northwest Airlines	Passenger Property Loss	Checkpoint	376.3	Electronics	Cameras - Digital	Denied	0.0	Deny
40532	2004081161154	2004-07-20 00:00:00	2004-07-13 00:00:00	CMH	Port Columbus International	Northwest Airlines	Passenger Property Loss	Checked Baggage	8.95	Supplies	Photographic Film	Approved	8.95	Approve in Full
40782	2004091062554	2004-07-21 00:00:00	2004-06-28 00:00:00	CMH	Port Columbus International		Passenger Property Loss	Checkpoint	378.95	Electronics	Cameras - Digital	Settled	291.83	Settle
42051	2004090862304	2004-08-09 00:00:00	2004-07-22 00:00:00	CMH	Port Columbus International	Delta Air Lines	Passenger Property Loss	Checkpoint	325.0	Clothing & Accessories	Clothing - Shoes, belts, accessories, etc.	Denied	0.0	Deny
42866	2004092964164	2004-08-19 00:00:00	2004-08-05 00:00:00	CMH	Port Columbus International	UAL	Passenger Property Loss	Checked Baggage	643.06	Electronics	Cameras - Digital	Denied	0.0	Deny
43626	2004100564467	2004-08-31 00:00:00	2004-07-25 00:00:00	CMH	Port Columbus International	Delta Air Lines	Passenger Property Loss	Checked Baggage	25.0	Tools & Machines	Locks	Approved	25.0	Approve in Full
44327	2004110266124	2004-09-09 00:00:00	2004-06-18 00:00:00	CMH	Port Columbus International	Delta Air Lines	Passenger Property Loss	Checked Baggage	900.0	Watches & Jewelry	Jewelry - Fine	Denied		Deny
45561	2004092363606	2004-09-23 00:00:00	2004-08-16 00:00:00	CMH	Port Columbus International	American Airlines	Passenger Property Loss	Checked Baggage	99.89	Other	Other	Approved	99.89	Approve in Full
46621	2004112067477	2004-10-05 00:00:00	2004-09-13 00:00:00	CMH	Port Columbus International	Continental Airlines	Passenger Property Loss	Checked Baggage	43.29	Cosmetics	Cosmetics - Perfume, toilet articles, medicines, soaps, etc.	Approved	43.29	Approve in Full
47705	2004120468491	2004-10-18 00:00:00	2004-09-13 00:00:00	CMH	Port Columbus International	UAL	Passenger Property Loss	Checkpoint	16.92	Cosmetics	Cosmetics - Perfume, toilet articles, medicines, soaps, etc.	Settled	8.46	Settle
47876	2004120668629	2004-10-20 00:00:00	2004-10-07 00:00:00	CMH	Port Columbus International		Passenger Property Loss	Checkpoint	150.0	Other	Other	Denied	0.0	Deny
49359	2004122270515	2004-11-05 00:00:00	2004-10-25 00:00:00	CMH	Port Columbus International		Passenger Property Loss	Checked Baggage	770.0	Electronics	Cameras - Digital	Denied	0.0	Deny
50075	2004122370784	2004-11-16 00:00:00	2004-11-14 00:00:00	CMH	Port Columbus International		Passenger Property Loss	Checked Baggage	270.07	Clothing & Accessories	Clothing - Shoes, belts, accessories, etc.	Approved	270.07	Approve in Full
50895	2004122871147	2004-11-29 00:00:00	2004-11-20 00:00:00	CMH	Port Columbus International		Passenger Property Loss	Checkpoint	576.0	Other	Currency	Denied	0.0	Deny
51187	2004123071873	2004-12-03 00:00:00	2004-10-30 00:00:00	CMH	Port Columbus International		Passenger Property Loss	Checked Baggage	1050.0	Other	Other	Denied	0.0	Deny
51357	2005010372100	2004-12-07 00:00:00	2004-10-13 00:00:00	CMH	Port Columbus International	Southwest Airlines	Passenger Property Loss	Checked Baggage	1145.0	Watches & Jewelry	Jewelry - Fine	Canceled		
51613	2005010372191	2004-12-10 00:00:00	2004-11-13 00:00:00	CMH	Port Columbus International		Passenger Property Loss	Checked Baggage	74.89	Other	Other	Approved	74.89	Approve in Full
53910	2005012874709	2005-01-10 00:00:00	2004-12-18 00:00:00	CMH	Port Columbus International	American Airlines	Passenger Property Loss	Checked Baggage	20.0	Other	Other	Approved	20.0	Approve in Full
54017	2005012874692	2005-01-10 00:00:00	2005-01-02 00:00:00	CMH	Port Columbus International	Southwest Airlines	Passenger Property Loss	Checked Baggage	98.0	Other	Other	Settled	49.0	Settle
54531	2005012874868	2005-01-14 00:00:00	2005-01-03 00:00:00	CMH	Port Columbus International	UAL	Passenger Property Loss	Checked Baggage	136.0	Other	Currency	Denied	0.0	Deny
54806	2005020175195	2005-01-19 00:00:00	2004-12-21 00:00:00	CMH	Port Columbus International		Passenger Property Loss	Checkpoint	39.95	Other	Other	Approved	39.95	Approve in Full
54899	2005021075891	2005-01-19 00:00:00	2004-10-25 00:00:00	CMH	Port Columbus International	Delta Air Lines	Passenger Property Loss	Checked Baggage	47.25	Other	Other	Approved	47.25	Approve in Full
55126	2005021175975	2005-01-21 00:00:00	2005-01-01 00:00:00	CMH	Port Columbus International		Passenger Property Loss	Checked Baggage	1200.0	Other	Other	Canceled	1200.0	
55258	2005021776352	2005-01-24 00:00:00	2005-01-15 00:00:00	CMH	Port Columbus International	Delta Air Lines	Passenger Property Loss	Checked Baggage	21.49	Supplies	Medicines	Approved	21.49	Approve in Full
55489	2005021176047	2005-01-26 00:00:00	2004-12-20 00:00:00	CMH	Port Columbus International	American Airlines	Passenger Property Loss	Checked Baggage	45.59	Other	Other	Approved	45.59	Approve in Full
55544	2005021175941	2005-01-26 00:00:00	2004-12-17 00:00:00	CMH	Port Columbus International	Delta Air Lines	Passenger Property Loss	Checkpoint	293.55	Cosmetics	Cosmetics - Perfume, toilet articles, medicines, soaps, etc.	Denied		Deny
58234	2005032179053	2005-03-03 00:00:00	2005-01-29 00:00:00	CMH	Port Columbus International		Passenger Property Loss	Checked Baggage	6.23	Other	Other	Denied	0.0	Deny
59205	2005032880130	2005-03-14 00:00:00	2005-02-11 00:00:00	CMH	Port Columbus International		Passenger Property Loss	Checked Baggage	51.0	Clothing & Accessories	Clothing - Shoes, belts, accessories, etc.	Denied	0.0	Deny
59750	2005033080589	2005-03-22 00:00:00	2005-02-19 00:00:00	CMH	Port Columbus International	Southwest Airlines	Passenger Property Loss	Checked Baggage	32.09	Other	Other	Denied	0.0	Deny
61135	2005040882055	2005-04-06 00:00:00	2005-03-12 00:00:00	CMH	Port Columbus International	UAL	Passenger Property Loss	Checked Baggage		Watches & Jewelry	Jewelry - Fine	Insufficient, one of the following items required: sum certain, statement of fact, signature, location of incident, and date.		
61498	2005041482604	2005-04-12 00:00:00	2005-02-27 00:00:00	CMH	Port Columbus International		Passenger Property Loss	Checked Baggage	129.99	Electronics	Cell Phones	Canceled	0.0	
61601	2005041482536	2005-04-12 00:00:00	2005-03-30 00:00:00	CMH	Port Columbus International	Delta Air Lines	Passenger Property Loss	Checked Baggage	175.84	Watches & Jewelry	Jewelry - Fine	Denied	0.0	Deny
62215	2005042082903	2005-04-20 00:00:00	2005-03-31 00:00:00	CMH	Port Columbus International	American Airlines	Passenger Property Loss	Checked Baggage	664.0	Electronics	Computer - Laptop	Settled	92.91	Settle
62429	2005060185597	2005-04-24 00:00:00	2005-04-19 00:00:00	CMH	Port Columbus International	Delta Air Lines	Passenger Property Loss	Checked Baggage	45.0	Clothing & Accessories	Clothing - Shoes, belts, accessories, etc.	Canceled	0.0	
62616	2005042783540	2005-04-26 00:00:00	2005-04-11 00:00:00	CMH	Port Columbus International		Passenger Property Loss	Checked Baggage	16.0	Tools & Machines	Locks	Denied	0.0	Deny
62777	2005050283738	2005-04-28 00:00:00	2005-04-04 00:00:00	CMH	Port Columbus International	Southwest Airlines	Passenger Property Loss	Checked Baggage	4100.0	Supplies	Medicines	Denied	0.0	Deny
63422	2005051084366	2005-05-09 00:00:00	2005-04-20 00:00:00	CMH	Port Columbus International	UAL	Passenger Property Loss	Checked Baggage	344.0	Watches & Jewelry	Jewelry - Fine	Denied	0.0	Deny
64067	2005052085218	2005-05-17 00:00:00	2005-05-07 00:00:00	CMH	Port Columbus International	UAL	Passenger Property Loss	Checked Baggage	300.0	Watches & Jewelry	Jewelry - Fine	Canceled	0.0	
64196	2005051884947	2005-05-17 00:00:00	2005-03-10 00:00:00	CMH	Port Columbus International	USAir	Passenger Property Loss	Checked Baggage	235.0	Clothing & Accessories	Clothing - Shoes, belts, accessories, etc.	Settled	141.0	Settle
64878	2005060986037	2005-05-31 00:00:00	2005-05-12 00:00:00	CMH	Port Columbus International	Southwest Airlines	Passenger Property Loss	Checked Baggage	28.95	Other	Other	Canceled	0.0	
65169	2005060885969	2005-06-01 00:00:00	2005-04-06 00:00:00	CMH	Port Columbus International	UAL	Passenger Property Loss	Checked Baggage	16.08	Clothing & Accessories	Clothing - Shoes, belts, accessories, etc.	Denied	0.0	Deny
65934	2005062186848	2005-06-10 00:00:00	2005-06-17 00:00:00	CMH	Port Columbus International	Delta Air Lines	Passenger Property Loss	Checked Baggage	622.1	Clothing & Accessories	Clothing - Shoes, belts, accessories, etc.	Denied	0.0	Deny
66128	2005072989868	2005-06-14 00:00:00	2005-06-01 00:00:00	CMH	Port Columbus International	Southwest Airlines	Passenger Property Loss	Checked Baggage	12.92	Tools & Machines	Locks	Canceled	0.0	
66915	2005063087833	2005-06-27 00:00:00	2005-06-11 00:00:00	CMH	Port Columbus International	American Airlines	Passenger Property Loss	Checked Baggage	20.0	Tools & Machines	Locks	Approved	20.0	Approve in Full
67935	2005071488877	2005-07-13 00:00:00	2005-05-14 00:00:00	CMH	Port Columbus International	UAL	Passenger Property Loss	Checkpoint	3500.0	Containers	Luggage (all types including footlockers)	Denied	0.0	Deny
68929	2005072989886	2005-07-26 00:00:00	2005-04-30 00:00:00	CMH	Port Columbus International	UAL	Passenger Property Loss	Checked Baggage	385.0	Watches & Jewelry	Jewelry - Fine	Settled	192.5	Settle
69751	2005081890821	2005-08-09 00:00:00	2005-08-02 00:00:00	CMH	Port Columbus International	Southwest Airlines	Passenger Property Loss	Checked Baggage	40.0	Cosmetics	Cosmetics - Perfume, toilet articles, medicines, soaps, etc.	Approved	40.0	Approve in Full
70266	2005082491329	2005-08-16 00:00:00	2005-07-03 00:00:00	CMH	Port Columbus International	Delta Air Lines	Passenger Property Loss	Checked Baggage		Electronics	Cell Phones	Insufficient, one of the following items required: sum certain, statement of fact, signature, location of incident, and date.		
70531	2005082991707	2005-08-23 00:00:00	2005-04-24 00:00:00	CMH	Port Columbus International	American Airlines	Passenger Property Loss	Checked Baggage	53.7	Other	Other	Approved	53.7	Approve in Full
71037	2005090692144	2005-08-30 00:00:00	2005-08-16 00:00:00	CMH	Port Columbus International	Delta Air Lines	Passenger Property Loss	Checked Baggage	34.0	Other	Other	Approved	34.0	Approve in Full
71109	2005090692156	2005-08-30 00:00:00	2005-05-13 00:00:00	CMH	Port Columbus International	Southwest Airlines	Passenger Property Loss	Checked Baggage	228.35	Electronics	Cameras - Digital	Denied	0.0	Deny
71289	2005091392370	2005-09-01 00:00:00	2005-03-17 00:00:00	CMH	Port Columbus International	USAir	Passenger Property Loss	Checked Baggage	823.0	Watches & Jewelry	Jewelry - Fine	Denied	0.0	Deny
71884	2005092092966	2005-09-14 00:00:00	2005-08-20 00:00:00	CMH	Port Columbus International	USAir	Passenger Property Loss	Checked Baggage	2390.0	Watches & Jewelry	Jewelry - Fine	Canceled	0.0	
71930	2005092193017	2005-09-14 00:00:00	2005-07-13 00:00:00	CMH	Port Columbus International		Passenger Property Loss	Checkpoint	266.43	Other	Other	Denied	0.0	Deny
72402	2005092993464	2005-09-20 00:00:00	2005-09-05 00:00:00	CMH	Port Columbus International	Delta Air Lines	Passenger Property Loss	Checked Baggage	269.95	Clothing & Accessories	Clothing - Shoes, belts, accessories, etc.	Denied	0.0	Deny
72516	2005093093570	2005-09-21 00:00:00	2005-07-31 00:00:00	CMH	Port Columbus International	American Airlines	Passenger Property Loss	Checked Baggage	209.99	Other	Other	Denied	0.0	Deny
72670	2005100393772	2005-09-26 00:00:00	2005-08-21 00:00:00	CMH	Port Columbus International	UAL	Passenger Property Loss	Checked Baggage	229.13	Clothing & Accessories	Clothing - Shoes, belts, accessories, etc.	Approved	229.13	Approve in Full
72871	2005063087875	2005-09-27 00:00:00	2005-06-14 00:00:00	CMH	Port Columbus International	Southwest Airlines	Passenger Property Loss	Checkpoint	795.0	Watches & Jewelry	Jewelry - Fine	Settled	397.5	Settle
73946	2005102094994	2005-10-17 00:00:00	2005-09-25 00:00:00	CMH	Port Columbus International	UAL	Passenger Property Loss	Checked Baggage	116.28	Clothing & Accessories	Clothing - Shoes, belts, accessories, etc.	Settled	58.34	Settle
74046	2005102595180	2005-10-18 00:00:00	2005-10-01 00:00:00	CMH	Port Columbus International	Northwest Airlines	Passenger Property Loss	Checked Baggage	5000.0	Watches & Jewelry	Jewelry - Fine	Denied	0.0	Deny
74074	2005102595146	2005-10-18 00:00:00	2005-10-10 00:00:00	CMH	Port Columbus International	Northwest Airlines	Passenger Property Loss	Checked Baggage		Other	Other	Insufficient, one of the following items required: sum certain, statement of fact, signature, location of incident, and date.		
74615	2005110895789	2005-10-28 00:00:00	2005-09-29 00:00:00	CMH	Port Columbus International	Aero Mexico	Passenger Property Loss	Checked Baggage	101.63	Other	Other	Approved	101.63	Approve in Full
74931	2005111496071	2005-11-03 00:00:00	2005-10-18 00:00:00	CMH	Port Columbus International	Continental Airlines	Passenger Property Loss	Checked Baggage	19.99	Supplies	Medicines	Approved	19.99	Approve in Full
75175	2005111896225	2005-11-09 00:00:00	2005-10-22 00:00:00	CMH	Port Columbus International	Delta Air Lines	Passenger Property Loss	Checked Baggage	300.0	Watches & Jewelry	Jewelry - Fine	Denied	0.0	Deny
75317	2005112596455	2005-11-10 00:00:00	2005-09-26 00:00:00	CMH	Port Columbus International	Delta Air Lines	Passenger Property Loss	Checked Baggage		Clothing & Accessories	Clothing - Shoes, belts, accessories, etc.	Insufficient, one of the following items required: sum certain, statement of fact, signature, location of incident, and date.		
75490	2005112896583	2005-11-15 00:00:00	2005-09-26 00:00:00	CMH	Port Columbus International	USAir	Passenger Property Loss	Checked Baggage	3000.0	Watches & Jewelry	Jewelry - Fine	Denied	0.0	Deny
75493	2005112896588	2005-11-15 00:00:00	2005-11-01 00:00:00	CMH	Port Columbus International		Passenger Property Loss	Checkpoint	35.0	Watches & Jewelry	Jewelry - Fine	Denied	0.0	Deny
75505	2005112896620	2005-11-15 00:00:00	2005-10-01 00:00:00	CMH	Port Columbus International		Passenger Property Loss	Checked Baggage	489.0	Watches & Jewelry	Jewelry - Fine	Denied	0.0	Deny
75705	2005120196774	2005-11-18 00:00:00	2005-11-04 00:00:00	CMH	Port Columbus International	Northwest Airlines	Passenger Property Loss	Checked Baggage	1203.77	Electronics	Computer - Laptop	Denied	0.0	Deny
76203	2005121397592	2005-11-28 00:00:00	2005-11-17 00:00:00	CMH	Port Columbus International	USAir	Passenger Property Loss	Checkpoint	1800.0	Other	Currency	Settled	900.0	Settle
76350	2005120997426	2005-12-01 00:00:00	2005-11-18 00:00:00	CMH	Port Columbus International		Passenger Property Loss	Checkpoint	182.62	Watches & Jewelry	Jewelry - Fine	Approved	182.62	Approve in Full
76450	2005121297525	2005-12-02 00:00:00	2005-07-16 00:00:00	CMH	Port Columbus International	Independence Air	Passenger Property Loss	Checked Baggage	1872.32	Watches & Jewelry	Jewelry - Fine	Denied	0.0	Deny
76794	2005121497743	2005-12-08 00:00:00	2005-10-02 00:00:00	CMH	Port Columbus International	Northwest Airlines	Passenger Property Loss	Checkpoint	8349.96	Watches & Jewelry	Jewelry - Fine	Denied	0.0	Deny
77006	2005121997981	2005-12-13 00:00:00	2005-11-20 00:00:00	CMH	Port Columbus International		Passenger Property Loss	Checked Baggage	163.0	Clothing & Accessories	Clothing - Shoes, belts, accessories, etc.	Denied	0.0	Deny
77060	2005122098135	2005-12-13 00:00:00	2005-10-17 00:00:00	CMH	Port Columbus International		Passenger Property Loss	Checked Baggage	300.0	Watches & Jewelry	Jewelry - Fine	Settled	150.0	Settle
77541	2006010598910	2005-12-22 00:00:00	2005-11-30 00:00:00	CMH	Port Columbus International	Delta Air Lines	Passenger Property Loss	Checkpoint	300.0	Other	Other	Settled	236.0	Settle
78642	2006011899786	2006-01-11 00:00:00	2005-12-18 00:00:00	CMH	Port Columbus International	Southwest Airlines	Passenger Property Loss	Checked Baggage	36.81	Clothing & Accessories	Clothing - Shoes, belts, accessories, etc.	Denied	0.0	Deny
79309	2006012600462	2006-01-23 00:00:00	2005-12-21 00:00:00	CMH	Port Columbus International	Southwest Airlines	Passenger Property Loss	Checked Baggage	133.44	Other	Other	Denied	0.0	Deny
79549	2006020100705	2006-01-25 00:00:00	2006-01-08 00:00:00	CMH	Port Columbus International	Delta Air Lines	Passenger Property Loss	Checked Baggage	245.7	Electronics	Cameras - Digital	Denied	0.0	Deny
79682	2006020200813	2006-01-27 00:00:00	2005-07-28 00:00:00	CMH	Port Columbus International	American Airlines	Passenger Property Loss	Checkpoint	181.37	Electronics	Cameras - Digital	Denied	0.0	Deny
79688	2006020200825	2006-01-27 00:00:00	2005-12-07 00:00:00	CMH	Port Columbus International		Passenger Property Loss	Checked Baggage	34.0	Clothing & Accessories	Clothing - Shoes, belts, accessories, etc.	Denied	0.0	Deny
79871	2006020701025	2006-01-31 00:00:00	2005-12-30 00:00:00	CMH	Port Columbus International	America West	Passenger Property Loss	Checked Baggage	21.35	Tools & Machines	Locks	Denied	0.0	Deny
80111	2006020901311	2006-02-03 00:00:00	2005-11-27 00:00:00	CMH	Port Columbus International	Southwest Airlines	Passenger Property Loss	Checked Baggage	249.99	Electronics	Cameras - Digital	Denied	0.0	Deny
80181	2006021001350	2006-02-07 00:00:00	2005-12-28 00:00:00	CMH	Port Columbus International	American Airlines	Passenger Property Loss	Checked Baggage	63.89	Other	Other	Approved	63.89	Approve in Full
80372	2006021001386	2006-02-07 00:00:00	2005-12-27 00:00:00	CMH	Port Columbus International	UAL	Passenger Property Loss	Checked Baggage	160.0	Other	Currency	Settled	80.0	Settle
80448	2006021601654	2006-02-09 00:00:00	2006-02-01 00:00:00	CMH	Port Columbus International	Delta Air Lines	Passenger Property Loss	Checked Baggage	397.0	Watches & Jewelry	Jewelry - Fine	Canceled	0.0	
80491	2006021601657	2006-02-09 00:00:00	2006-02-08 00:00:00	CMH	Port Columbus International	American Airlines	Passenger Property Loss	Checked Baggage	84.78	Clothing & Accessories	Clothing - Shoes, belts, accessories, etc.	Settled	42.39	Settle
81030	2006022702187	2006-02-22 00:00:00	2006-02-16 00:00:00	CMH	Port Columbus International		Passenger Property Loss	Checked Baggage	20.0	Tools & Machines	Locks	Approved	20.0	Approve in Full
81328	2006040404026	2006-02-27 00:00:00	2006-02-24 00:00:00	CMH	Port Columbus International	America West	Passenger Property Loss	Checked Baggage	200.0	Other	Other	Denied	0.0	Deny
81392	2006030602545	2006-02-28 00:00:00	2006-02-19 00:00:00	CMH	Port Columbus International	Continental Airlines	Passenger Property Loss	Checked Baggage	1500.0	Electronics	Computer - Laptop	Denied	0.0	Deny
82219	2006032103412	2006-03-14 00:00:00	2006-02-17 00:00:00	CMH	Port Columbus International	USAir	Passenger Property Loss	Checked Baggage	274.99	Electronics	PDA - Personal Data Assistants	Denied	0.0	Deny
82278	2006032103463	2006-03-15 00:00:00	2006-01-16 00:00:00	CMH	Port Columbus International	UAL	Passenger Property Loss	Checked Baggage	325.0	Other	Other	Denied	0.0	Deny
82496	2006032303585	2006-03-20 00:00:00	2006-02-14 00:00:00	CMH	Port Columbus International	Delta Air Lines	Passenger Property Loss	Checked Baggage	166.99	Watches & Jewelry	Jewelry - Fine	Settled	83.49	Settle
82556	2006032403658	2006-03-21 00:00:00	2005-11-22 00:00:00	CMH	Port Columbus International	Southwest Airlines	Passenger Property Loss	Checked Baggage	175.0	Watches & Jewelry	Jewelry - Fine	Denied	0.0	Deny
82690	2006033103858	2006-03-22 00:00:00	2006-03-28 00:00:00	CMH	Port Columbus International	Southwest Airlines	Passenger Property Loss	Checked Baggage		Clothing & Accessories	Clothing - Shoes, belts, accessories, etc.	Insufficient, one of the following items required: sum certain, statement of fact, signature, location of incident, and date.		
82885	2006040504083	2006-03-27 00:00:00	2006-02-27 00:00:00	CMH	Port Columbus International	USAir	Passenger Property Loss	Checkpoint	539.96	Electronics	Cameras - Digital	Denied	0.0	Deny
82977	2006040604142	2006-03-28 00:00:00	2006-03-09 00:00:00	CMH	Port Columbus International	Air Canada	Passenger Property Loss	Checkpoint	482.35	Electronics	Cameras - Digital	Denied	0.0	Deny
83529	2006042004865	2006-04-07 00:00:00	2006-03-31 00:00:00	CMH	Port Columbus International		Passenger Property Loss	Checked Baggage	109.0	Clothing & Accessories	Clothing - Shoes, belts, accessories, etc.	Denied	0.0	Deny
83558	2006041904730	2006-04-10 00:00:00	2005-12-14 00:00:00	CMH	Port Columbus International	Southwest Airlines	Passenger Property Loss	Checked Baggage	31.02	Electronics	Cell Phones	Approved	31.02	Approve in Full
83648	2006041904782	2006-04-11 00:00:00	2006-03-19 00:00:00	CMH	Port Columbus International	Southwest Airlines	Passenger Property Loss	Checked Baggage	74.65	Other	Other	Denied	0.0	Deny
84077	2006042405067	2006-04-19 00:00:00	2006-02-10 00:00:00	CMH	Port Columbus International	USAir	Passenger Property Loss	Checked Baggage	75.0	Clothing & Accessories	Clothing - Shoes, belts, accessories, etc.	Denied	0.0	Deny
84938	2006051106017	2006-05-08 00:00:00	2006-04-24 00:00:00	CMH	Port Columbus International	Southwest Airlines	Passenger Property Loss	Checked Baggage	539.0	Clothing & Accessories	Clothing - Shoes, belts, accessories, etc.	Denied	0.0	Deny
85518	2006052206765	2006-05-18 00:00:00	2006-05-04 00:00:00	CMH	Port Columbus International	Delta Air Lines	Passenger Property Loss	Checked Baggage	2800.0	Watches & Jewelry,Watches & Jewelry	Jewelry - Costume*Jewelry - Fine	Denied	0.0	Deny
85826	2006053107103	2006-05-25 00:00:00	2006-05-18 00:00:00	CMH	Port Columbus International	Northwest Airlines	Passenger Property Loss	Checked Baggage	40.0	Clothing & Accessories	Clothing - Shoes, belts, accessories, etc.	Approved	40.0	Approve in Full
86354	2006060907678	2006-06-06 00:00:00	2006-05-30 00:00:00	CMH	Port Columbus International	USAir	Passenger Property Loss	Checkpoint	7.95	Household Items	Kitchen Utensils -Pots, Pans, Knives (heavy aluminum, cast iron, etc.)	Approved	7.95	Approve in Full
86430	2006060807623	2006-06-06 00:00:00	2006-05-11 00:00:00	CMH	Port Columbus International	USAir	Passenger Property Loss	Checked Baggage	100.0	Scientific Intruments	Medical Equipment & Insturments	Settled	50.0	Settle
86654	2006061307822	2006-06-12 00:00:00	2006-05-23 00:00:00	CMH	Port Columbus International	UAL	Passenger Property Loss	Checked Baggage	60.0	Tools & Machines,Tools & Machines	Binoculars*Locks	Settled	30.0	Settle
86942	2006061908180	2006-06-16 00:00:00	2005-10-17 00:00:00	CMH	Port Columbus International	Southwest Airlines	Passenger Property Loss	Checkpoint	1600.0	Watches & Jewelry	Jewelry - Fine	Denied	0.0	Deny
87551	2006063008797	2006-06-29 00:00:00	2006-04-26 00:00:00	CMH	Port Columbus International	Southwest Airlines	Passenger Property Loss	Checked Baggage	85.01	Watches & Jewelry	Watches - Inexpensive $100 or less	Canceled	0.0	
87719	2006070508944	2006-07-03 00:00:00	2006-04-26 00:00:00	CMH	Port Columbus International	Southwest Airlines	Passenger Property Loss	Checked Baggage	85.0	Containers	Luggage (all types including footlockers)	Denied	0.0	Deny
87926	2006071009196	2006-07-07 00:00:00	2006-06-22 00:00:00	CMH	Port Columbus International	American Airlines	Passenger Property Loss	Checked Baggage	90.25	Office Supplies	Books - Bibles & Bound classics	Approved	90.25	Approve in Full
88099	2006071309446	2006-07-10 00:00:00	2006-04-22 00:00:00	CMH	Port Columbus International	Continental Airlines	Passenger Property Loss	Checked Baggage	458.64	Clothing & Accessories,Cosmetics	Clothing - Shoes, belts, accessories, etc.*Cosmetics - Perfume, toilet articles, medicines, soaps, etc.	Denied	0.0	Deny
88938	2006072710169	2006-07-25 00:00:00	2006-07-11 00:00:00	CMH	Port Columbus International	Northwest Airlines	Passenger Property Loss	Checked Baggage	25.0	Clothing & Accessories	Clothing - Shoes, belts, accessories, etc.	Settled	17.5	Settle
89192	2006080410535	2006-07-31 00:00:00	2006-06-10 00:00:00	CMH	Port Columbus International	American Airlines	Passenger Property Loss	Checked Baggage	50.0	Other	Other	Denied	0.0	Deny
89323	2006080910623	2006-08-02 00:00:00	2006-07-04 00:00:00	CMH	Port Columbus International	Delta Air Lines	Passenger Property Loss	Checked Baggage	490.97	Clothing & Accessories	Clothing - Shoes, belts, accessories, etc.	Denied	0.0	Deny
89356	2006080910609	2006-08-03 00:00:00	2006-08-01 00:00:00	CMH	Port Columbus International	USAir	Passenger Property Loss	Checked Baggage	3000.0	Electronics,Electronics,Other	Cameras - Digital*Computer - Laptop*Other	Canceled	0.0	
89401	2006080910608	2006-08-03 00:00:00	2006-08-01 00:00:00	CMH	Port Columbus International	American Airlines	Passenger Property Loss	Checked Baggage	150.0	Outdoors Supplies	Sporting Equipment & Supplies (footballs, parachutes, etc.)	Settled	105.0	Settle
89558	2006081110794	2006-08-07 00:00:00	2006-07-30 00:00:00	CMH	Port Columbus International	UAL	Passenger Property Loss	Checked Baggage	60.0	Clothing & Accessories,Cosmetics	Clothing - Shoes, belts, accessories, etc.*Cosmetics - Perfume, toilet articles, medicines, soaps, etc.	Settled	30.0	Settle
90554	2006083111848	2006-08-25 00:00:00	2006-08-11 00:00:00	CMH	Port Columbus International		Passenger Property Loss	Checked Baggage	94.93	Outdoors Supplies	Camping Equipment & Supplies	Denied	0.0	Deny
90561	2006090111940	2006-08-25 00:00:00	2006-08-02 00:00:00	CMH	Port Columbus International	Southwest Airlines	Passenger Property Loss	Checkpoint	260.0	Other	Other	Denied	0.0	Deny
90956	2006090812264	2006-09-01 00:00:00	2006-08-01 00:00:00	CMH	Port Columbus International	Delta Air Lines	Passenger Property Loss	Checked Baggage	150.0	Electronics	Cameras - Digital	Settled	75.0	Settle
91697	2006092113064	2006-09-15 00:00:00	2006-09-03 00:00:00	CMH	Port Columbus International		Passenger Property Loss	Checked Baggage	95.0	Cosmetics	Cosmetics - Perfume, toilet articles, medicines, soaps, etc.	Settled	47.5	Settle
92058	2006092713332	2006-09-25 00:00:00	2006-09-13 00:00:00	CMH	Port Columbus International		Passenger Property Loss	Checked Baggage	12.82	Tools & Machines	Locks	Approved	12.82	Approve in Full
92282	2006100313548	2006-09-28 00:00:00	2006-08-14 00:00:00	CMH	Port Columbus International	Southwest Airlines	Passenger Property Loss	Checkpoint	3000.0	Other	Currency	Denied	0.0	Deny
92285	2006100313553	2006-09-28 00:00:00	2006-09-22 00:00:00	CMH	Port Columbus International	Continental Airlines	Passenger Property Loss	Checked Baggage	75.41	Clothing & Accessories	Clothing - Shoes, belts, accessories, etc.	Denied	0.0	Deny
92994	2006102014242	2006-10-12 00:00:00	2006-10-12 00:00:00	CMH	Port Columbus International		Passenger Property Loss	Checked Baggage	254.95	Other	Other	Settled	149.78	Settle
93014	2006102414501	2006-10-13 00:00:00	2006-09-09 00:00:00	CMH	Port Columbus International	Delta Air Lines	Passenger Property Loss	Checked Baggage	150.0	Cosmetics	Cosmetics - Perfume, toilet articles, medicines, soaps, etc.	Settled	75.0	Settle
93527	2006103114890	2006-10-23 00:00:00	2006-10-08 00:00:00	CMH	Port Columbus International	Southwest Airlines	Passenger Property Loss	Checkpoint	300.0	Containers	Handbags & Purses (leather or fabric)	Denied	0.0	Deny
94122	2006111615721	2006-11-03 00:00:00	2006-08-23 00:00:00	CMH	Port Columbus International	USAir	Passenger Property Loss	Checked Baggage	500.0	Electronics	Cameras - Digital	Insufficient, one of the following items required: sum certain, statement of fact, signature, location of incident, and date.		
94160	2006110915398	2006-11-06 00:00:00	2006-10-26 00:00:00	CMH	Port Columbus International	Delta Air Lines	Passenger Property Loss	Checked Baggage	855.01	Electronics	Computer - Laptop	Denied	0.0	Deny
94165	2006111315415	2006-11-06 00:00:00	2006-10-10 00:00:00	CMH	Port Columbus International	Northwest Airlines	Passenger Property Loss	Checked Baggage	2041.0	Electronics	Computer - Laptop	Denied	0.0	Deny
94241	2006111315432	2006-11-07 00:00:00	2006-10-15 00:00:00	CMH	Port Columbus International	UAL	Passenger Property Loss	Checked Baggage	100.0	Watches & Jewelry	Jewelry - Fine	Denied	0.0	Deny
94303	2006111515638	2006-11-08 00:00:00	2006-10-09 00:00:00	CMH	Port Columbus International		Passenger Property Loss	Checked Baggage	26.82	Tools & Machines	Locks	Approved	26.82	Approve in Full
94516	2006111715816	2006-11-13 00:00:00	2006-09-04 00:00:00	CMH	Port Columbus International		Passenger Property Loss	Checkpoint	40.57	Cosmetics	Cosmetics - Perfume, toilet articles, medicines, soaps, etc.	Denied	0.0	Deny
94668	2006112115944	2006-11-15 00:00:00	2006-11-08 00:00:00	CMH	Port Columbus International	Delta Air Lines	Passenger Property Loss	Checked Baggage	8.5	Tools & Machines	Locks	Denied	0.0	Deny
94963	2006112716244	2006-11-21 00:00:00	2006-11-06 00:00:00	CMH	Port Columbus International		Passenger Property Loss	Checkpoint	143.99	Clothing & Accessories	Eyeglasses - (including contact lenses)	Approved	143.99	Approve in Full
94974	2006113016535	2006-11-21 00:00:00	2006-11-03 00:00:00	CMH	Port Columbus International		Passenger Property Loss	Checkpoint	300.0	Clothing & Accessories	Eyeglasses - (including contact lenses)	Approved	300.0	Approve in Full
95031	2006112816327	2006-11-22 00:00:00	2006-06-09 00:00:00	CMH	Port Columbus International	Continental Airlines	Passenger Property Loss	Checked Baggage	12.0	Containers	Luggage (all types including footlockers)	Approved	12.0	Approve in Full
95043	2006112816326	2006-11-22 00:00:00	2006-09-01 00:00:00	CMH	Port Columbus International	Southwest Airlines	Passenger Property Loss	Checked Baggage	10.0	Tools & Machines	Locks	Canceled	0.0	
95395	2006120616710	2006-11-29 00:00:00	2006-09-07 00:00:00	CMH	Port Columbus International	American Airlines	Passenger Property Loss	Checked Baggage	424.99	Electronics,Electronics	Cameras - Digital*Cameras - Non-electronic (Camera supplies, lenses, projectors, etc.)	Settled	309.82	Settle
95860	2006121517270	2006-12-07 00:00:00	2006-11-18 00:00:00	CMH	Port Columbus International	Continental Airlines	Passenger Property Loss	Checkpoint	337.93	Electronics	Cameras - Digital	Denied	0.0	Deny
96855	2007010418314	2006-12-28 00:00:00	2006-12-14 00:00:00	CMH	Port Columbus International		Passenger Property Loss	Checkpoint	38.0	Clothing & Accessories	Clothing - Shoes, belts, accessories, etc.	Approved	38.0	Approve in Full
97369	2007010818424	2007-01-04 00:00:00	2006-12-25 00:00:00	CMH	Port Columbus International	Continental Airlines	Passenger Property Loss	Checked Baggage	71.93	Electronics,Other	MP3 Players-(iPods, etc)*Other	Settled	35.97	Settle
98000	2007012319215	2007-01-11 00:00:00	2006-12-19 00:00:00	CMH	Port Columbus International	Southwest Airlines	Passenger Property Loss	Checked Baggage	30.0	Other	Currency	Settled	15.0	Settle
98089	2007022321400	2007-01-16 00:00:00	2006-11-02 00:00:00	CMH	Port Columbus International	American Airlines	Passenger Property Loss	Checked Baggage	43.35	Tools & Machines	Locks	Approved	43.35	Approve in Full
98259	2007012419306	2007-01-17 00:00:00	2007-01-08 00:00:00	CMH	Port Columbus International	Delta Air Lines	Passenger Property Loss	Checked Baggage	473.94	Electronics,Electronics	Cameras - Digital*MP3 Players-(iPods, etc)	Denied	0.0	Deny
98301	2007012319248	2007-01-17 00:00:00	2007-01-09 00:00:00	CMH	Port Columbus International	USAir	Passenger Property Loss	Checked Baggage	468.85	Electronics,Other	MP3 Players-(iPods, etc)*Other	Settled	234.43	Settle
98834	2007020120006	2007-01-25 00:00:00	2007-01-03 00:00:00	CMH	Port Columbus International	Jet Blue	Passenger Property Loss	Checked Baggage	650.0	Electronics	Computer - Laptop	Denied	0.0	Deny
99294	2007020620250	2007-02-05 00:00:00	2006-12-14 00:00:00	CMH	Port Columbus International	Delta Air Lines	Passenger Property Loss	Checked Baggage	25.0	Other	Other	Approved	25.0	Approve in Full
99416	2007020720416	2007-02-06 00:00:00	2006-12-21 00:00:00	CMH	Port Columbus International	Delta Air Lines	Passenger Property Loss	Checkpoint	208.28	Clothing & Accessories,Supplies,Other	Clothing - Shoes, belts, accessories, etc.*Medicines*Other	Denied	0.0	Deny
99628	2007021621019	2007-02-08 00:00:00	2007-01-08 00:00:00	CMH	Port Columbus International	Delta Air Lines	Passenger Property Loss	Checked Baggage	136.92	Cosmetics	Cosmetics - Perfume, toilet articles, medicines, soaps, etc.	Denied	0.0	Deny
99837	2007021320852	2007-02-13 00:00:00	2006-11-01 00:00:00	CMH	Port Columbus International	USAir	Passenger Property Loss	Checkpoint	516.0	Watches & Jewelry,Watches & Jewelry	Jewelry - Fine*Watches - Expensive more than $100	Denied	0.0	Deny
99912	2007022621563	2007-02-13 00:00:00	2007-01-08 00:00:00	CMH	Port Columbus International	Alaska Airlines	Passenger Property Loss	Checked Baggage	250.0	Cosmetics,Electronics	Cosmetics - Perfume, toilet articles, medicines, soaps, etc.*DVD/CD Players	Denied	0.0	Deny
100073	2007022121294	2007-02-16 00:00:00	2007-01-26 00:00:00	CMH	Port Columbus International	USAir	Passenger Property Loss	Checkpoint	489.0	Clothing & Accessories	Clothing - Shoes, belts, accessories, etc.	Denied	0.0	Deny
100296	2007022621513	2007-02-22 00:00:00	2007-02-06 00:00:00	CMH	Port Columbus International	USAir	Passenger Property Loss	Checked Baggage	83.0	Cosmetics	Cosmetics - Perfume, toilet articles, medicines, soaps, etc.	Denied	0.0	Deny
100698	2007030922022	2007-03-02 00:00:00	2006-12-29 00:00:00	CMH	Port Columbus International	UAL	Passenger Property Loss	Checked Baggage	250.0	Containers	Luggage (all types including footlockers)	Denied	0.0	Deny
100717	2007030721978	2007-03-05 00:00:00	2007-02-16 00:00:00	CMH	Port Columbus International		Passenger Property Loss	Checked Baggage	25.0	Tools & Machines	Locks	Approved	25.0	Approve in Full
100903	2007031322143	2007-03-07 00:00:00	2007-01-24 00:00:00	CMH	Port Columbus International	American West	Passenger Property Loss	Checkpoint	100.0	Cosmetics	Cosmetics - Perfume, toilet articles, medicines, soaps, etc.	Denied	0.0	Deny
101380	2007032022592	2007-03-16 00:00:00	2007-02-19 00:00:00	CMH	Port Columbus International	Southwest Airlines	Passenger Property Loss	Checked Baggage	125.0	Household Items	Bedding - Other pillows	Approved	125.0	Approve in Full
101602	2007032322859	2007-03-20 00:00:00	2007-02-26 00:00:00	CMH	Port Columbus International	Continental Airlines	Passenger Property Loss	Checked Baggage	650.0	Electronics	Cameras - Digital	Denied	0.0	Deny
102359	2007040623608	2007-04-04 00:00:00	2007-03-13 00:00:00	CMH	Port Columbus International	Delta Air Lines	Passenger Property Loss	Checked Baggage	189.64	Other	Other	Denied	0.0	Deny
102720	2007041624011	2007-04-11 00:00:00	2007-03-25 00:00:00	CMH	Port Columbus International	Delta Air Lines	Passenger Property Loss	Checked Baggage	1134.27	Electronics,Other	MP3 Players-(iPods, etc)*Other	Denied	0.0	Deny
103060	2007042024266	2007-04-18 00:00:00	2007-04-05 00:00:00	CMH	Port Columbus International		Passenger Property Loss	Checked Baggage	159.99	Clothing & Accessories,Watches & Jewelry	Clothing - Shoes, belts, accessories, etc.*Jewelry - Costume	Settled	79.99	Settle
103231	2007042624567	2007-04-23 00:00:00	2007-04-16 00:00:00	CMH	Port Columbus International		Passenger Property Loss	Checkpoint	7.73	Clothing & Accessories	Eyeglasses - (including contact lenses)	Approved	7.73	Approve in Full
103703	2007050424969	2007-05-02 00:00:00	2007-04-29 00:00:00	CMH	Port Columbus International	Northwest Airlines	Passenger Property Loss	Checked Baggage	97.18	Other	Other	Denied	0.0	Deny
104737	2007060426138	2007-05-23 00:00:00	2007-03-31 00:00:00	CMH	Port Columbus International	Jet Blue	Passenger Property Loss	Checked Baggage	339.0	Clothing & Accessories,Electronics	Clothing - Shoes, belts, accessories, etc.*MP3 Players-(iPods, etc)	Denied	0.0	Deny
104860	2007060426251	2007-05-29 00:00:00	2007-05-20 00:00:00	CMH	Port Columbus International	USAir	Passenger Property Loss	Checked Baggage	250.0	Other	Other	Canceled	0.0	
106634	2007071028044	2007-07-02 00:00:00	2007-06-20 00:00:00	CMH	Port Columbus International		Passenger Property Loss	Checked Baggage	50.0	Other	Other	Approved	50.0	Approve in Full
107301	2007071928722	2007-07-16 00:00:00	2007-06-19 00:00:00	CMH	Port Columbus International	USAir	Passenger Property Loss	Checked Baggage	143.73	Other	Other	Approved	143.73	Approve in Full
107856	2007072629138	2007-07-24 00:00:00	2007-07-20 00:00:00	CMH	Port Columbus International	American Airlines	Passenger Property Loss	Checked Baggage	139.99	Outdoors Supplies	Tools - Manual (not in a vehicle)	Settled	69.99	Settle
108105	2007080229521	2007-07-30 00:00:00	2007-07-01 00:00:00	CMH	Port Columbus International	UAL	Passenger Property Loss	Checked Baggage	10.0	Tools & Machines	Locks	Approved	10.0	Approve in Full
108976	2007081430239	2007-08-14 00:00:00	2007-08-09 00:00:00	CMH	Port Columbus International	American Airlines	Passenger Property Loss	Checkpoint	42.49	Other,Supplies	Currency*Medicines	Approved	42.49	Approve in Full
109414	2007082330728	2007-08-21 00:00:00	2007-07-13 00:00:00	CMH	Port Columbus International	Delta Air Lines	Passenger Property Loss	Checked Baggage	200.0	Electronics	Cameras - Digital	Settled	100.0	Settle
109440	2007082931069	2007-08-22 00:00:00	2007-07-18 00:00:00	CMH	Port Columbus International	Delta Air Lines	Passenger Property Loss	Checked Baggage	250.0	Clothing & Accessories	Clothing - Shoes, belts, accessories, etc.	Approved	250.0	Approve in Full
110087	2007090631422	2007-09-04 00:00:00	2007-08-24 00:00:00	CMH	Port Columbus International		Passenger Property Loss	Checked Baggage	494.0	Tools & Machines,Electronics,Other	Barber Supplies - Scissors, shears, elecric razors, etc.*Cameras - Digital*Currency	Denied	0.0	Deny
110281	2007091131640	2007-09-06 00:00:00	2007-07-22 00:00:00	CMH	Port Columbus International	Southwest Airlines	Passenger Property Loss	Checked Baggage	19.0	Other	Other	Denied	0.0	Deny
110303	2007091231755	2007-09-06 00:00:00	2007-08-26 00:00:00	CMH	Port Columbus International	Spirit Airlines	Passenger Property Loss	Checked Baggage	7.99	Tools & Machines	Locks	Denied	0.0	Deny
110405	2007091231723	2007-09-10 00:00:00	2007-08-30 00:00:00	CMH	Port Columbus International	Delta Air Lines	Passenger Property Loss	Checked Baggage	1001.99	Tools & Machines	Lighters - (cigar, cigerette, etc.)	Denied	0.0	Deny
111029	2007092432451	2007-09-20 00:00:00	2007-09-11 00:00:00	CMH	Port Columbus International	Southwest Airlines	Passenger Property Loss	Checkpoint	649.0	Other	Other	Approved	649.0	Approve in Full
111046	2007092132362	2007-09-20 00:00:00	2007-08-31 00:00:00	CMH	Port Columbus International	American Airlines	Passenger Property Loss	Checked Baggage	37.49	Electronics,Other	Cell Phones*Other	Denied	0.0	Deny
111374	2007100132789	2007-09-27 00:00:00	2007-09-07 00:00:00	CMH	Port Columbus International	Jet Blue	Passenger Property Loss	Checked Baggage	2200.0	Electronics	Computer - Laptop	Denied	0.0	Deny
111480	2007100232863	2007-10-01 00:00:00	2007-09-25 00:00:00	CMH	Port Columbus International	UAL	Passenger Property Loss	Checked Baggage	68.49	Clothing & Accessories	Clothing - Shoes, belts, accessories, etc.	Denied	0.0	Deny
112256	2007101833605	2007-10-16 00:00:00	2007-09-29 00:00:00	CMH	Port Columbus International	USAir	Passenger Property Loss	Checked Baggage	15.0	Other	Other	Denied	0.0	Deny
112947	2007110234433	2007-10-30 00:00:00	2007-10-23 00:00:00	CMH	Port Columbus International	American Airlines	Passenger Property Loss	Checked Baggage	200.0	Other	Other	Denied	0.0	Deny
113326	2007110934766	2007-11-06 00:00:00	2007-10-18 00:00:00	CMH	Port Columbus International	Delta Air Lines	Passenger Property Loss	Checked Baggage	21.2	Tools & Machines	Locks	Denied	0.0	Deny
113589	2007111635082	2007-11-13 00:00:00	2007-09-19 00:00:00	CMH	Port Columbus International	American Airlines	Passenger Property Loss	Checked Baggage	3829.0	Electronics,Electronics,Electronics	Cameras - Digital*Computer - Laptop*MP3 Players-(iPods, etc)	Denied	0.0	Deny
113735	2007112035244	2007-11-15 00:00:00	2007-11-06 00:00:00	CMH	Port Columbus International	Delta Air Lines	Passenger Property Loss	Checked Baggage	21000.0	Watches & Jewelry,Watches & Jewelry	Jewelry - Costume*Jewelry - Fine	Canceled	0.0	
114383	2007113035794	2007-11-28 00:00:00	2007-11-15 00:00:00	CMH	Port Columbus International	UAL	Passenger Property Loss	Checked Baggage	425.93	Electronics	MP3 Players-(iPods, etc)	Denied	0.0	Deny
114418	2007113035819	2007-11-29 00:00:00	2007-11-23 00:00:00	CMH	Port Columbus International	Continental Airlines	Passenger Property Loss	Checked Baggage	426.97	Electronics,Other	Cameras - Non-electronic (Camera supplies, lenses, projectors, etc.)*Other	Canceled	0.0	
114631	2007120435977	2007-12-03 00:00:00	2007-11-29 00:00:00	CMH	Port Columbus International	USAir	Passenger Property Loss	Checked Baggage	6367.0	Clothing & Accessories,Watches & Jewelry,Supplies	Eyeglasses - (including contact lenses)*Jewelry - Fine*Medicines	Denied	0.0	Deny
114935	2007121136398	2007-12-10 00:00:00	2007-12-06 00:00:00	CMH	Port Columbus International	American Airlines	Passenger Property Loss	Checked Baggage	65.13	Cosmetics,Other	Cosmetics - Perfume, toilet articles, medicines, soaps, etc.*Other	Denied	0.0	Deny
116547	2008011738130	2008-01-10 00:00:00	2007-12-30 00:00:00	CMH	Port Columbus International	UAL	Passenger Property Loss	Checked Baggage	69.0	Clothing & Accessories	Clothing - Shoes, belts, accessories, etc.	Denied	0.0	Deny
116764	2008012338417	2008-01-14 00:00:00	2007-07-01 00:00:00	CMH	Port Columbus International	Southwest Airlines	Passenger Property Loss	Checked Baggage	10.55	Tools & Machines	Locks	Denied	0.0	Deny
117296	2008020439036	2008-01-25 00:00:00	2008-01-07 00:00:00	CMH	Port Columbus International	Delta Air Lines	Passenger Property Loss	Checked Baggage	63.09	Scientific Intruments	Medical Equipment & Insturments	Approved	63.09	Approve in Full
117422	2008020539104	2008-01-28 00:00:00	2007-12-27 00:00:00	CMH	Port Columbus International	UAL	Passenger Property Loss	Checked Baggage	30.0	Clothing & Accessories	Clothing - Shoes, belts, accessories, etc.	Approved	30.0	Approve in Full
117880	2008012538652	2008-02-05 00:00:00	2007-12-20 00:00:00	CMH	Port Columbus International	Continental Airlines	Passenger Property Loss	Checked Baggage	540.0	Watches & Jewelry	Jewelry - Costume	Denied	0.0	Deny
118202	2008021539708	2008-02-12 00:00:00	2008-01-31 00:00:00	CMH	Port Columbus International	SkyBus	Passenger Property Loss	Checked Baggage	5.92	Tools & Machines	Locks	Denied	0.0	Deny
118357	2008022240009	2008-02-14 00:00:00	2008-01-18 00:00:00	CMH	Port Columbus International	UAL	Passenger Property Loss	Checked Baggage	385.0	Cosmetics,Clothing & Accessories,Cosmetics	Brushes - Hair, Clothes, etc.*Clothing - Shoes, belts, accessories, etc.*Cosmetics - Perfume, toilet articles, medicines, soaps, etc.	Denied	0.0	Deny
118471	2008022540089	2008-02-19 00:00:00	2007-12-29 00:00:00	CMH	Port Columbus International	SkyBus	Passenger Property Loss	Checked Baggage	242.88	Containers	Luggage (all types including footlockers)	Denied	0.0	Deny
118725	2008030440412	2008-02-22 00:00:00	2008-02-08 00:00:00	CMH	Port Columbus International	Southwest Airlines	Passenger Property Loss	Checked Baggage	88.28	Clothing & Accessories	Clothing - Shoes, belts, accessories, etc.	Denied	0.0	Deny
118982	2008030640564	2008-02-27 00:00:00	2007-08-27 00:00:00	CMH	Port Columbus International	USAir	Passenger Property Loss	Checkpoint	323390.0	Other	Other	In litigation		Deny
120006	2008040441855	2008-03-20 00:00:00	2007-08-17 00:00:00	CMH	Port Columbus International	Southwest Airlines	Passenger Property Loss	Checked Baggage	6.35	Cosmetics	Cosmetics - Perfume, toilet articles, medicines, soaps, etc.	Denied	0.0	Deny
120077	2008040241721	2008-03-21 00:00:00	2008-03-13 00:00:00	CMH	Port Columbus International	Southwest Airlines	Passenger Property Loss	Checked Baggage	2795.0	Clothing & Accessories	Clothing - Shoes, belts, accessories, etc.	Denied	0.0	Deny
120269	2008040441853	2008-03-26 00:00:00	2008-02-27 00:00:00	CMH	Port Columbus International	Southwest Airlines	Passenger Property Loss	Checked Baggage	318.0	Clothing & Accessories	Eyeglasses - (including contact lenses)	Approved	318.0	Approve in Full
120360	2008040742015	2008-03-27 00:00:00	2008-01-02 00:00:00	CMH	Port Columbus International	USAir	Passenger Property Loss	Checked Baggage	60.0	Other	Other	Denied	0.0	Deny
121276	2008041842887	2008-04-14 00:00:00	2008-03-31 00:00:00	CMH	Port Columbus International	Southwest Airlines	Passenger Property Loss	Checked Baggage	510.0	Containers,Clothing & Accessories	Bags - Fabric, plastic, etc. (not purses)*Clothing - Shoes, belts, accessories, etc.	Denied	0.0	Deny
121700	2008031140743	2008-04-21 00:00:00	2008-01-08 00:00:00	CMH	Port Columbus International	SkyBus	Passenger Property Loss	Checked Baggage	753.4	Clothing & Accessories,Cosmetics,Scientific Intruments,Containers,Other	Clothing - Shoes, belts, accessories, etc.*Cosmetics - Perfume, toilet articles, medicines, soaps, etc.*Dental Equipment and Instruments*Luggage (all types including footlockers)*Other	Settled	376.7	Settle
122247	2008050643852	2008-05-02 00:00:00	2006-05-03 00:00:00	CMH	Port Columbus International	Continental Airlines	Passenger Property Loss	Checkpoint	50.0	Clothing & Accessories	Clothing - Shoes, belts, accessories, etc.	Denied	0.0	Deny
122368	2008050843990	2008-05-06 00:00:00	2008-04-17 00:00:00	CMH	Port Columbus International	American Airlines	Passenger Property Loss	Checked Baggage	254.16	Electronics,Other	Cameras - Digital*Other	Denied	0.0	Deny
122737	2008051644423	2008-05-13 00:00:00	2008-03-30 00:00:00	CMH	Port Columbus International	Southwest Airlines	Passenger Property Loss	Checked Baggage	115.0	Clothing & Accessories,Cosmetics	Clothing - Shoes, belts, accessories, etc.*Cosmetics - Perfume, toilet articles, medicines, soaps, etc.	Denied	0.0	Deny
122919	2008041842899	2008-05-19 00:00:00	2008-03-10 00:00:00	CMH	Port Columbus International	USAir	Passenger Property Loss	Checked Baggage	1905.57	Electronics	Computer - Laptop	Denied	0.0	Deny
123147	2008052744799	2008-05-22 00:00:00	2008-05-20 00:00:00	CMH	Port Columbus International	Midwest Express Airlines	Passenger Property Loss	Checked Baggage	126.71	Electronics	Cell Phones	Denied	0.0	Deny
123156	2008052744814	2008-05-22 00:00:00	2008-05-19 00:00:00	CMH	Port Columbus International	Southwest Airlines	Passenger Property Loss	Checkpoint	154.48	Electronics,Electronics	Cameras - Digital*Cameras - Non-electronic (Camera supplies, lenses, projectors, etc.)	Denied	0.0	Deny
123362	2008061145512	2008-05-27 00:00:00	2008-05-10 00:00:00	CMH	Port Columbus International	Continental Airlines	Passenger Property Loss	Checked Baggage	8.63	Tools & Machines	Locks	Denied	0.0	Deny
123389	2008051444240	2008-05-28 00:00:00	2008-04-29 00:00:00	CMH	Port Columbus International		Passenger Property Loss	Checked Baggage	390.0	Containers,Cosmetics	Bags - Fabric, plastic, etc. (not purses)*Cosmetics - Perfume, toilet articles, medicines, soaps, etc.	Denied	0.0	Deny
123790	2008061145492	2008-06-05 00:00:00	2007-04-20 00:00:00	CMH	Port Columbus International	Northwest Airlines	Passenger Property Loss	Checked Baggage	71.0	Containers,Other	Luggage (all types including footlockers)*Other	Denied	0.0	Deny
124779	2008070246520	2008-06-27 00:00:00	2008-05-29 00:00:00	CMH	Port Columbus International	Southwest Airlines	Passenger Property Loss	Checked Baggage	518.84	Clothing & Accessories,Electronics,Other	Eyeglasses - (including contact lenses)*GPS - Global Positioning System*Other	Denied	0.0	Deny
124786	2008070346580	2008-06-27 00:00:00	2008-06-09 00:00:00	CMH	Port Columbus International	Southwest Airlines	Passenger Property Loss	Checked Baggage	285.52	Containers,Tools & Machines,Cosmetics	Bags - Fabric, plastic, etc. (not purses)*Barber Supplies - Scissors, shears, elecric razors, etc.*Cosmetics - Perfume, toilet articles, medicines, soaps, etc.	Denied	0.0	Deny
124831	2008070346534	2008-06-30 00:00:00	2008-06-13 00:00:00	CMH	Port Columbus International	Delta Air Lines	Passenger Property Loss	Checked Baggage	359.99	Electronics	GPS - Global Positioning System	Denied	0.0	Deny
124946	2008062646245	2008-07-02 00:00:00	2008-06-19 00:00:00	CMH	Port Columbus International	USAir	Passenger Property Loss	Checked Baggage	483.18	Cosmetics	Cosmetics - Perfume, toilet articles, medicines, soaps, etc.	Denied	0.0	Deny
125056	2008070946644	2008-07-03 00:00:00	2008-06-07 00:00:00	CMH	Port Columbus International	Delta Air Lines	Passenger Property Loss	Checked Baggage		Other,Household Items,Watches & Jewelry,Other	Currency*Dishes, Pottery, Glassware, Plasticware*Jewelry - Fine*Other	Insufficient, one of the following items required: sum certain, statement of fact, signature, location of incident, and date.		
125189	2008071146848	2008-07-08 00:00:00	2008-07-06 00:00:00	CMH	Port Columbus International	USAir	Passenger Property Loss	Checked Baggage	100.0	Watches & Jewelry	Jewelry - Costume	Denied	0.0	Deny
125313	2008071747066	2008-07-10 00:00:00	2008-06-04 00:00:00	CMH	Port Columbus International	Southwest Airlines	Passenger Property Loss	Checked Baggage	253.0	Electronics,Other,Containers	Cameras - Digital*Currency*Handbags & Purses (leather or fabric)	Denied	0.0	Deny
126643	2008081248432	2008-08-07 00:00:00	2008-05-10 00:00:00	CMH	Port Columbus International	Northwest Airlines	Passenger Property Loss	Checked Baggage	1100.0	Other	Currency	Denied	0.0	Deny
127525	2008090249318	2008-08-27 00:00:00	2008-08-06 00:00:00	CMH	Port Columbus International	Southwest Airlines	Passenger Property Loss	Checked Baggage	7.42	Tools & Machines	Locks	Denied	0.0	Deny
127713	2008090549568	2008-09-02 00:00:00	2008-08-22 00:00:00	CMH	Port Columbus International	UAL	Passenger Property Loss	Checked Baggage	164.0	Cosmetics,Containers	Cosmetics - Perfume, toilet articles, medicines, soaps, etc.*Luggage (all types including footlockers)	Denied	0.0	Deny
128208	2008091650027	2008-09-12 00:00:00	2008-08-06 00:00:00	CMH	Port Columbus International	USAir	Passenger Property Loss	Checked Baggage	48.88	Other	Other	Denied	0.0	Deny
128516	2008092550438	2008-09-19 00:00:00	2008-08-16 00:00:00	CMH	Port Columbus International	UAL	Passenger Property Loss	Checked Baggage	389.7	Clothing & Accessories	Clothing - Shoes, belts, accessories, etc.	Denied	0.0	Deny
128761	2008092650528	2008-09-26 00:00:00	2008-09-12 00:00:00	CMH	Port Columbus International	American Airlines	Passenger Property Loss	Checked Baggage	100.0	Cosmetics,Watches & Jewelry,Watches & Jewelry	Cosmetics - Perfume, toilet articles, medicines, soaps, etc.*Watches - Inexpensive $100 or less*Watches - Inexpensive $100 or less	Denied	0.0	Deny
128955	2008100350737	2008-10-01 00:00:00	2008-09-28 00:00:00	CMH	Port Columbus International	Delta Air Lines	Passenger Property Loss	Checked Baggage	1000.0	Electronics	Computer - Laptop	Denied	0.0	Deny
129312	2008101451089	2008-10-10 00:00:00	2008-10-01 00:00:00	CMH	Port Columbus International	Northwest Airlines	Passenger Property Loss	Checked Baggage	30.0	Household Items	Kitchen Utensils -Pots, Pans, Knives (heavy aluminum, cast iron, etc.)	Denied	0.0	Deny
129597	2008102451531	2008-10-17 00:00:00	2008-10-13 00:00:00	CMH	Port Columbus International	Southwest Airlines	Passenger Property Loss	Checked Baggage		Watches & Jewelry	Jewelry - Costume	Insufficient, one of the following items required: sum certain, statement of fact, signature, location of incident, and date.		
129967	2008110451776	2008-10-28 00:00:00	2008-10-06 00:00:00	CMH	Port Columbus International	Southwest Airlines	Passenger Property Loss	Checked Baggage	49.95	Other	Other	Denied	0.0	Deny
130162	2008111752306	2008-11-02 00:00:00	2008-10-31 00:00:00	CMH	Port Columbus International	Southwest Airlines	Passenger Property Loss	Checked Baggage	90.0	Clothing & Accessories	Clothing - Shoes, belts, accessories, etc.	Denied	0.0	Deny
130449	2008111752330	2008-11-10 00:00:00	2008-10-19 00:00:00	CMH	Port Columbus International	American Airlines	Passenger Property Loss	Checked Baggage	800.0	Electronics,Games & Toys	MP3 Players-(iPods, etc)*Toys (game systems, cartridges, radio controlled cars, etc.)	Denied	0.0	Deny
130547	2008111952465	2008-11-13 00:00:00	2008-11-05 00:00:00	CMH	Port Columbus International	Delta Air Lines	Passenger Property Loss	Checked Baggage	45.0	Other	Other	Approved	45.0	Approve in Full
131057	2008112852857	2008-11-25 00:00:00	2008-11-21 00:00:00	CMH	Port Columbus International	Delta Air Lines	Passenger Property Loss	Checked Baggage	30.0	Household Items	Kitchen Utensils -Pots, Pans, Knives (heavy aluminum, cast iron, etc.)	Denied	0.0	Deny
131160	2008120953227	2008-11-28 00:00:00	2008-10-27 00:00:00	CMH	Port Columbus International	UAL	Passenger Property Loss	Checked Baggage	62.5	Cosmetics	Cosmetics - Perfume, toilet articles, medicines, soaps, etc.	Denied	0.0	Deny
131473	2008121153336	2008-12-08 00:00:00	2008-11-30 00:00:00	CMH	Port Columbus International	USAir	Passenger Property Loss	Checked Baggage	1394.4	Electronics	Computer - Laptop	Denied	0.0	Deny
131971	2008123153922	2008-12-22 00:00:00	2008-12-02 00:00:00	CMH	Port Columbus International	Southwest Airlines	Passenger Property Loss	Checked Baggage	21.0	Clothing & Accessories	Clothing - Shoes, belts, accessories, etc.	Approved	21.0	Approve in Full
132938	2009012354872	2009-01-14 00:00:00	2008-12-25 00:00:00	CMH	Port Columbus International	AirTran Airlines	Passenger Property Loss	Checked Baggage	1700.0	Watches & Jewelry,Watches & Jewelry	Jewelry - Fine*Watches - Expensive more than $100	Denied	0.0	Deny
133009	2009012654930	2009-01-15 00:00:00	2008-12-20 00:00:00	CMH	Port Columbus International	USAir	Passenger Property Loss	Checked Baggage	12.0	Tools & Machines	Locks	Denied	0.0	Deny
133036	2009010654120	2009-01-16 00:00:00	2008-12-06 00:00:00	CMH	Port Columbus International	AirTran Airlines	Passenger Property Loss	Checkpoint	280.0	Other	Currency	Denied	0.0	Deny
133983	2009030455875	2009-02-11 00:00:00	2009-02-01 00:00:00	CMH	Port Columbus International	Northwest Airlines	Passenger Property Loss	Checkpoint	64.93	Cosmetics	Cosmetics - Perfume, toilet articles, medicines, soaps, etc.	Settled	32.5	Settle
134415	2009031756401	2009-02-26 00:00:00	2009-01-16 00:00:00	CMH	Port Columbus International	Delta Air Lines	Passenger Property Loss	Checkpoint	98.85	Supplies	Medicines	Approved	98.85	Approve in Full
134590	2009032756996	2009-03-03 00:00:00	2009-02-07 00:00:00	CMH	Port Columbus International	American Airlines	Passenger Property Loss	Checked Baggage	1500.0	Electronics	Cameras - Digital	Denied	0.0	Deny
134645	2009032056582	2009-03-04 00:00:00	2009-02-09 00:00:00	CMH	Port Columbus International	Southwest Airlines	Passenger Property Loss	Checked Baggage	536.97	Other	Other	Denied	0.0	Deny
135087	2009040757216	2009-03-13 00:00:00	2009-02-12 00:00:00	CMH	Port Columbus International	Delta Air Lines	Passenger Property Loss	Checked Baggage	300.0	Scientific Intruments	Dental Equipment and Instruments	Denied	0.0	Deny
135500	2009041457482	2009-03-25 00:00:00	2009-02-20 00:00:00	CMH	Port Columbus International	Southwest Airlines	Passenger Property Loss	Checked Baggage	200.0	Containers,Other	Boxes - Jewelry, Cigarette, Music, etc.*Currency	Settled	100.0	Settle
135904	2009042157824	2009-04-06 00:00:00	2009-02-14 00:00:00	CMH	Port Columbus International	Southwest Airlines	Passenger Property Loss	Checked Baggage	74.0	Cosmetics,Containers,Other	Cosmetics - Perfume, toilet articles, medicines, soaps, etc.*Handbags & Purses (leather or fabric)*Other	Denied	0.0	Deny
136039	2009042958132	2009-04-08 00:00:00	2009-03-25 00:00:00	CMH	Port Columbus International	Northwest Airlines	Passenger Property Loss	Checked Baggage	14.95	Office Supplies	Books - Reference books, cookbooks, etc.	Denied	0.0	Deny
136166	2009042457972	2009-04-13 00:00:00	2009-03-14 00:00:00	CMH	Port Columbus International	Continental Airlines	Passenger Property Loss	Checked Baggage	519.0	Clothing & Accessories	Eyeglasses - (including contact lenses)	Denied	0.0	Deny
136332	2009050558343	2009-04-17 00:00:00	2009-03-24 00:00:00	CMH	Port Columbus International	American Airlines	Passenger Property Loss	Checked Baggage	153.35	Containers,Cosmetics,Supplies,Tools & Machines	Bags - Fabric, plastic, etc. (not purses)*Cosmetics - Perfume, toilet articles, medicines, soaps, etc.*Medicines*Scissors, Shears (other than electric)	Denied	0.0	Deny
136595	2009041657659	2009-04-24 00:00:00	2009-03-26 00:00:00	CMH	Port Columbus International	UAL	Passenger Property Loss	Checked Baggage	998.0	Electronics	Cameras - Digital	Denied	0.0	Deny
136927	2009051958915	2009-05-04 00:00:00	2009-04-25 00:00:00	CMH	Port Columbus International	Southwest Airlines	Passenger Property Loss	Checked Baggage	69.97	Other	Other	Denied	0.0	Deny
137265	2009052259397	2009-05-14 00:00:00	2009-05-03 00:00:00	CMH	Port Columbus International	Southwest Airlines	Passenger Property Loss	Checkpoint	29.95	Cosmetics	Cosmetics - Perfume, toilet articles, medicines, soaps, etc.	Approved	29.95	Approve in Full
137419	2009052259444	2009-05-19 00:00:00	2009-05-11 00:00:00	CMH	Port Columbus International	Southwest Airlines	Passenger Property Loss	Checked Baggage	300.0	Other	Currency	Denied	0.0	Deny
137695	2009060459866	2009-05-27 00:00:00	2009-04-29 00:00:00	CMH	Port Columbus International	Southwest Airlines	Passenger Property Loss	Checked Baggage	65.0	Cosmetics	Cosmetics - Perfume, toilet articles, medicines, soaps, etc.	Denied	0.0	Deny
137990	2009061160053	2009-06-04 00:00:00	2009-05-05 00:00:00	CMH	Port Columbus International	Delta Air Lines	Passenger Property Loss	Checked Baggage	150.0	Electronics	DVD/CD Players	Denied	0.0	Deny
140014	2009072961973	2009-07-28 00:00:00	2009-07-24 00:00:00	CMH	Port Columbus International	Delta Air Lines	Passenger Property Loss	Checked Baggage	510.0	Electronics,Containers	GPS - Global Positioning System*Handbags & Purses (leather or fabric)	Denied	0.0	Deny
140202	2009080562308	2009-07-31 00:00:00	2009-07-13 00:00:00	CMH	Port Columbus International	Southwest Airlines	Passenger Property Loss	Checked Baggage	20.9	Cosmetics	Cosmetics - Perfume, toilet articles, medicines, soaps, etc.	Denied	0.0	Deny
140238	2009080462217	2009-08-03 00:00:00	2009-08-02 00:00:00	CMH	Port Columbus International	Northwest Airlines	Passenger Property Loss	Checked Baggage	576.0	Electronics	Cameras - Digital	Denied	0.0	Deny
140853	2009082662962	2009-08-19 00:00:00	2009-07-27 00:00:00	CMH	Port Columbus International	American Airlines	Passenger Property Loss	Checked Baggage	150.0	Electronics	Computer - Laptop	Denied	0.0	Deny
141061	2009082763018	2009-08-26 00:00:00	2009-08-18 00:00:00	CMH	Port Columbus International	Delta Air Lines	Passenger Property Loss	Checked Baggage	1085.0	Cosmetics,Watches & Jewelry	Cosmetics - Perfume, toilet articles, medicines, soaps, etc.*Jewelry - Fine	Canceled		
141336	2009090463355	2009-09-02 00:00:00	2009-08-19 00:00:00	CMH	Port Columbus International	Southwest Airlines	Passenger Property Loss	Checked Baggage	100.0	Clothing & Accessories	Clothing - Shoes, belts, accessories, etc.	Denied	0.0	Deny
141965	2009091863845	2009-09-22 00:00:00	2009-03-25 00:00:00	CMH	Port Columbus International	Continental Airlines	Passenger Property Loss	Checkpoint	850.0	Other	Currency	Denied	0.0	Deny
142031	2009092864061	2009-09-23 00:00:00	2009-09-05 00:00:00	CMH	Port Columbus International	Southwest Airlines	Passenger Property Loss	Checked Baggage	69.0	Cosmetics	Cosmetics - Perfume, toilet articles, medicines, soaps, etc.	Denied	0.0	Deny
142049	2009093064168	2009-09-23 00:00:00	2009-07-31 00:00:00	CMH	Port Columbus International	Southwest Airlines	Passenger Property Loss	Checkpoint	25.0	Clothing & Accessories	Clothing - Shoes, belts, accessories, etc.	Denied	0.0	Deny
142101	2009093064170	2009-09-24 00:00:00	2009-09-14 00:00:00	CMH	Port Columbus International	Delta Air Lines	Passenger Property Loss	Checked Baggage	450.0	Electronics	Computer - Laptop	Denied	0.0	Deny
142331	2009100664392	2009-10-02 00:00:00	2009-09-29 00:00:00	CMH	Port Columbus International	Delta Air Lines	Passenger Property Loss	Checked Baggage	3928.0	Electronics	Hearing Aids	Canceled		
142785	2009100264271	2009-10-20 00:00:00	2009-08-02 00:00:00	CMH	Port Columbus International	Northwest Airlines	Passenger Property Loss	Checked Baggage	266.31	Cosmetics	Cosmetics - Perfume, toilet articles, medicines, soaps, etc.	Denied	0.0	Deny
143255	2009111065270	2009-11-03 00:00:00	2009-10-29 05:30:00	CMH	Port Columbus International	Southwest Airlines	Passenger Property Loss	Checked Baggage	15.0	Tools & Machines	Locks	Approved	15.0	Approve in Full
143334	2009111365362	2009-11-05 00:00:00	2009-10-13 18:00:00	CMH	Port Columbus International	Delta Air Lines	Passenger Property Loss	Checked Baggage	1090.0	Watches & Jewelry,Watches & Jewelry	Jewelry - Fine*Watches - Expensive more than $100	Canceled		
143470	2009112465652	2009-11-10 00:00:00	2009-10-25 15:30:00	CMH	Port Columbus International	Southwest Airlines	Passenger Property Loss	Checked Baggage	39.5	Cosmetics	Cosmetics - Perfume, toilet articles, medicines, soaps, etc.	Denied	0.0	Deny
143541	2009112465670	2009-11-12 00:00:00	2009-10-27 10:30:00	CMH	Port Columbus International	Southwest Airlines	Passenger Property Loss	Checked Baggage	25.0	Electronics	Flashlights	Denied	0.0	Deny
144524	2009121466546	2009-12-10 00:00:00	2009-09-12 10:00:00	CMH	Port Columbus International	Delta Air Lines	Passenger Property Loss	Checked Baggage	395.0	Electronics,Electronics	GPS - Global Positioning System*MP3 Players-(iPods, etc)	Denied	0.0	Deny
144602	2009121666593	2009-12-14 00:00:00	2009-11-27 00:00:00	CMH	Port Columbus International	American Eagle	Passenger Property Loss	Checked Baggage	427.57	Electronics	Computer - Laptop	Denied	0.0	Deny
144709	2009122466782	2009-12-16 00:00:00	2009-11-30 17:00:00	CMH	Port Columbus International	Southwest Airlines	Passenger Property Loss	Checkpoint	75.0	Other	Other	Denied	0.0	Deny
146054	2010030469087	2010-02-23 00:00:00	2010-02-16 00:00:00	CMH	Port Columbus International	Delta Air Lines	Passenger Property Loss	Checked Baggage		Watches & Jewelry,Watches & Jewelry	Jewelry & Watches*Jewelry & Watches			
146405	2010031269522	2010-03-05 00:00:00	2010-02-08 00:00:00	CMH	Port Columbus International	UAL	Passenger Property Loss	Checked Baggage		Clothing & Accessories,Watches & Jewelry,Scientific Intruments	Clothing*Jewelry & Watches*Medical/Science			
148014	2010042971307	2010-04-23 00:00:00	2010-04-14 14:00:00	CMH	Port Columbus International	Continental Airlines	Passenger Property Loss	Checkpoint		Clothing & Accessories	Clothing		264.6	Approve in Full
148580	2010051471800	2010-05-11 00:00:00	2010-04-28 19:30:00	CMH	Port Columbus International	USAir	Passenger Property Loss	Checked Baggage		Outdoors Supplies,Electronics	Hunting & Fishing Items*Personal Electronics			
150143	2010071373586	2010-06-29 00:00:00	2010-06-10 00:00:00	CMH	Port Columbus International	American Airlines	Passenger Property Loss	Checked Baggage		Clothing & Accessories	Clothing		0.0	Deny
150724	2010072974157	2010-07-19 00:00:00	2010-06-11 00:00:00	CMH	Port Columbus International	Southwest Airlines	Passenger Property Loss	Checked Baggage		Cosmetics	Cosmetics & Grooming		0.0	Deny
151089	2010080574498	2010-07-27 00:00:00	2010-07-15 07:30:00	CMH	Port Columbus International	Delta Air Lines	Passenger Property Loss	Checked Baggage		Watches & Jewelry	Jewelry & Watches		0.0	Deny
151289	2010081074699	2010-08-02 00:00:00	2010-07-18 00:00:00	CMH	Port Columbus International	USAir	Passenger Property Loss	Checkpoint		Other	Other		14.74	Approve in Full
151395	2010090875818	2010-08-04 00:00:00	2010-06-24 00:00:00	CMH	Port Columbus International	Delta Air Lines	Passenger Property Loss	Checkpoint		Electronics	Audio/Video		106.74	Settle
152087	2010083075455	2010-08-24 00:00:00	2010-08-08 06:00:00	CMH	Port Columbus International	Delta Air Lines	Passenger Property Loss	Checked Baggage		Watches & Jewelry,Scientific Intruments	Jewelry & Watches*Medical/Science		0.0	Deny
152926	2010092276309	2010-09-17 00:00:00	2010-09-03 15:15:00	CMH	Port Columbus International	Delta Air Lines	Passenger Property Loss	Checked Baggage		Electronics	Personal Electronics		0.0	Deny
153405	2010100976816	2010-10-04 00:00:00	2010-09-26 16:00:00	CMH	Port Columbus International	American Airlines	Passenger Property Loss	Checked Baggage		Cosmetics	Travel Accessories		0.0	Deny
153838	2010102377244	2010-10-18 00:00:00	2010-10-11 00:00:00	CMH	Port Columbus International	Southwest Airlines	Passenger Property Loss	Checked Baggage		Electronics	Computer & Accessories		0.0	Deny
154414	2010111677857	2010-11-04 00:00:00	2010-10-25 15:30:00	CMH	Port Columbus International	UAL	Passenger Property Loss	Checked Baggage		Other	Other		0.0	Deny
154558	2010111977997	2010-11-09 00:00:00	2010-10-22 00:00:00	CMH	Port Columbus International	Southwest Airlines	Passenger Property Loss	Checked Baggage		Cosmetics	Cosmetics & Grooming		65.0	Approve in Full
154963	2010120878596	2010-11-22 00:00:00	2010-10-11 08:31:00	CMH	Port Columbus International	Southwest Airlines	Passenger Property Loss	Checked Baggage		Clothing & Accessories	Clothing		0.0	Deny
155078	2010120878634	2010-11-24 00:00:00	2010-09-30 00:00:00	CMH	Port Columbus International	Southwest Airlines	Passenger Property Loss	Checkpoint		Cosmetics	Cosmetics & Grooming		62.42	Settle
156419	2011020179886	2011-01-11 00:00:00	2011-01-03 15:00:00	CMH	Port Columbus International	UAL	Passenger Property Loss	Checked Baggage		Containers,Clothing & Accessories	Baggage/Cases/Purses*Clothing		0.0	Deny
156426	2011013179848	2011-01-12 00:00:00	2010-10-01 12:15:00	CMH	Port Columbus International	American Airlines	Passenger Property Loss	Checked Baggage		Electronics,Other,Games & Toys	Cameras*Other*Toys & Games		0.0	Deny
156521	2011020479928	2011-01-14 00:00:00	2010-12-22 00:00:00	CMH	Port Columbus International	Continental Airlines	Passenger Property Loss	Checked Baggage		Clothing & Accessories	Clothing		0.0	Deny
156538	2011020779968	2011-01-18 00:00:00	2011-01-09 13:00:00	CMH	Port Columbus International	American Airlines	Passenger Property Loss	Checked Baggage		Other	Other		0.0	Deny
158715	2011042783030	2011-03-28 00:00:00	2011-03-13 16:30:00	CMH	Port Columbus International	USAir	Passenger Property Loss	Checkpoint		Electronics	Computer & Accessories		0.0	Deny
158718	2011042783036	2011-03-28 00:00:00	2011-03-19 15:00:00	CMH	Port Columbus International	Delta Air Lines	Passenger Property Loss	Checked Baggage		Scientific Intruments,Other	Medical/Science*Other		0.0	Deny
159349	2011042082773	2011-04-18 00:00:00	2011-03-21 06:30:00	CMH	Port Columbus International	Continental Airlines	Passenger Property Loss			Other	Other		0.0	Deny
159351	2011042082775	2011-04-18 00:00:00	2011-03-27 00:00:00	CMH	Port Columbus International	Southwest Airlines	Passenger Property Loss	Checked Baggage		Cosmetics	Travel Accessories		0.0	Deny
159643	2011050283129	2011-04-26 00:00:00	2011-04-10 00:00:00	CMH	Port Columbus International	Delta Air Lines	Passenger Property Loss	Checked Baggage		Outdoors Supplies	Hunting & Fishing Items		0.0	Deny
159887	2011050483202	2011-05-04 00:00:00	2011-03-22 12:50:00	CMH	Port Columbus International	American Airlines	Passenger Property Loss	Checked Baggage		Other	Other		0.0	Deny
160451	2011060283958	2011-05-23 00:00:00	2011-05-15 06:00:00	CMH	Port Columbus International	Southwest Airlines	Passenger Property Loss	Checked Baggage		Other	Other		0.0	Deny
160624	2011060884168	2011-05-27 00:00:00	2011-05-07 12:50:00	CMH	Port Columbus International	UAL	Passenger Property Loss	Checked Baggage		Watches & Jewelry	Jewelry & Watches		0.0	Deny
161053	2011062284551	2011-06-13 00:00:00	2011-05-07 12:15:00	CMH	Port Columbus International	USAir	Passenger Property Loss	Checkpoint		Watches & Jewelry	Jewelry & Watches			
161106	2011062484628	2011-06-13 00:00:00	2011-03-14 00:00:00	CMH	Port Columbus International	Delta Air Lines	Passenger Property Loss	Checked Baggage		Clothing & Accessories	Clothing		59.99	Approve in Full
161347	2011070584998	2011-06-21 00:00:00	2011-05-29 14:00:00	CMH	Port Columbus International	UAL	Passenger Property Loss	Checked Baggage		Other	Other		26.8	Approve in Full
161492	2011070184945	2011-06-27 00:00:00	2011-05-19 07:15:00	CMH	Port Columbus International	Delta Air Lines	Passenger Property Loss	Checked Baggage		Clothing & Accessories	Personal Accessories		69.39	Approve in Full
161522	2011070685040	2011-06-27 00:00:00	2011-05-07 12:15:00	CMH	Port Columbus International	USAir	Passenger Property Loss	Checkpoint		Watches & Jewelry	Jewelry & Watches			
161576	2011071285102	2011-06-28 00:00:00	2011-05-13 13:00:00	CMH	Port Columbus International	Delta Air Lines	Passenger Property Loss	Checked Baggage		Other,Clothing & Accessories	Other*Personal Accessories		20.24	Approve in Full
161807	2011072085378	2011-07-06 00:00:00	2011-06-15 00:00:00	CMH	Port Columbus International	AirTran Airlines	Passenger Property Loss	Checkpoint		Other	Other			
161887	2011072285463	2011-07-11 00:00:00	2011-07-03 00:00:00	CMH	Port Columbus International	Southwest Airlines	Passenger Property Loss	Checked Baggage		Cosmetics	Cosmetics & Grooming		0.0	Deny
161927	2011072785505	2011-07-12 00:00:00	2011-07-08 12:15:00	CMH	Port Columbus International	Southwest Airlines	Passenger Property Loss	Checkpoint		Household Items	Household Items		0.0	Deny
162266	2011080885861	2011-07-20 00:00:00	2011-06-30 13:25:00	CMH	Port Columbus International	Southwest Airlines	Passenger Property Loss	Checked Baggage		Electronics	Cameras		0.0	Deny
162528	2011081586153	2011-07-28 00:00:00	2011-06-05 06:00:00	CMH	Port Columbus International	Southwest Airlines	Passenger Property Loss	Checked Baggage		Other	Other		0.0	Deny
162548	2011081286082	2011-07-29 00:00:00	2011-07-25 06:00:00	CMH	Port Columbus International	Delta Air Lines	Passenger Property Loss	Checked Baggage		Containers	Baggage/Cases/Purses		0.0	Deny
162980	2011083186572	2011-08-11 00:00:00	2011-08-06 00:00:00	CMH	Port Columbus International	UAL	Passenger Property Loss	Checked Baggage		Electronics	Computer & Accessories		0.0	Deny
163003	2011081286094	2011-08-12 00:00:00	2011-06-28 08:00:00	CMH	Port Columbus International	USAir	Passenger Property Loss	Checkpoint		Cosmetics	Cosmetics & Grooming		59.43	Settle
164191	2011120189275	2011-09-21 00:00:00	2011-09-17 00:00:00	CMH	Port Columbus International	USAir	Passenger Property Loss	Checked Baggage		Household Items	Household Items		0.0	Deny
166314	2012010389917	2011-12-06 00:00:00	2011-10-13 00:00:00	CMH	Port Columbus International	Delta Air Lines	Passenger Property Loss	Checked Baggage		Watches & Jewelry	Jewelry & Watches		0.0	Deny
168669	2012040292346	2012-02-22 00:00:00	2012-01-28 05:58:00	CMH	Port Columbus International	American Airlines	Passenger Property Loss	Checkpoint		Watches & Jewelry	Jewelry & Watches		0.0	Deny
168697	2012042493144	2012-02-23 00:00:00	2011-11-27 00:00:00	CMH	Port Columbus International		Passenger Property Loss	Checked Baggage		Other	Currency		0.0	Deny
168968	2012041092713	2012-03-05 00:00:00	2012-02-15 00:00:00	CMH	Port Columbus International	AirTran Airlines	Passenger Property Loss	Checkpoint		Cosmetics	Cosmetics & Grooming		75.74	Approve in Full
169717	2012050293488	2012-04-03 00:00:00	2012-02-29 07:30:00	CMH	Port Columbus International		Passenger Property Loss	Checkpoint		Other	Currency		0.0	Deny
170636	2012052494256	2012-05-04 00:00:00	2011-10-10 00:00:00	CMH	Port Columbus International		Passenger Property Loss	Checkpoint		Watches & Jewelry	Jewelry & Watches		0.0	Deny
171089	2012061094721	2012-05-21 00:00:00	2012-05-08 00:00:00	CMH	Port Columbus International		Passenger Property Loss	Checkpoint		Clothing & Accessories	Clothing		43.95	Approve in Full
171275	2012062694909	2012-05-29 00:00:00	2012-05-08 00:00:00	CMH	Port Columbus International	Southwest Airlines	Passenger Property Loss	Checked Baggage		Clothing & Accessories	Clothing		0.0	Deny
172588	2012082896313	2012-07-16 00:00:00	2012-07-13 12:39:00	CMH	Port Columbus International	UAL	Passenger Property Loss	Checked Baggage		Electronics	Personal Electronics		0.0	Deny
173102	2012082996360	2012-08-02 00:00:00	2012-06-24 00:00:00	CMH	Port Columbus International	American Airlines	Passenger Property Loss	Checked Baggage		Electronics	Computer & Accessories		0.0	Deny
173335	2012092297043	2012-08-10 00:00:00	2012-07-11 00:00:00	CMH	Port Columbus International	Alaska Airlines	Passenger Property Loss	Checked Baggage		Clothing & Accessories,Outdoors Supplies,Other,Other	Clothing*Hunting & Fishing Items*Other*Other		0.0	Deny
174231	2012102397950	2012-09-11 00:00:00	2012-06-04 17:40:00	CMH	Port Columbus International	UAL	Passenger Property Loss	Checked Baggage		Other,Electronics	Currency*Personal Electronics		0.0	Deny
174667	2012092697150	2012-09-26 00:00:00	2012-07-06 00:00:00	CMH	Port Columbus International	AirTran Airlines	Passenger Property Loss	Checkpoint		Watches & Jewelry	Jewelry & Watches			
176026	2013010999711	2012-11-19 00:00:00	2012-11-16 08:30:00	CMH	Port Columbus International	American Airlines	Passenger Property Loss	Checked Baggage		Cosmetics,Electronics	Cosmetics & Grooming*Personal Electronics		0.0	Deny
176342	2013011199928	2012-11-30 00:00:00	2012-11-14 00:00:00	CMH	Port Columbus International	Delta Air Lines	Passenger Property Loss	Checked Baggage		Other	Other		64.95	Approve in Full
176718	2013012400252	2012-12-17 00:00:00	2012-10-25 00:00:00	CMH	Port Columbus International	Delta Air Lines	Passenger Property Loss	Checked Baggage		Cosmetics	Travel Accessories		0.0	Deny
177026	2013012900622	2012-12-31 00:00:00	2012-12-25 19:00:00	CMH	Port Columbus International		Passenger Property Loss	Checked Baggage		Watches & Jewelry	Jewelry & Watches		0.0	Deny
177064	2013013000676	2013-01-02 00:00:00	2012-12-31 00:00:00	CMH	Port Columbus International	Southwest Airlines	Passenger Property Loss	Checked Baggage		Cosmetics	Travel Accessories		22.57	Approve in Full
177649	2013021401445	2013-01-22 00:00:00	2013-01-09 12:47:00	CMH	Port Columbus International	UAL	Passenger Property Loss	Checked Baggage		Other	Other		0.0	Deny
177861	2013022001721	2013-01-29 00:00:00	2013-01-01 00:00:00	CMH	Port Columbus International		Passenger Property Loss	Checkpoint		Clothing & Accessories	Personal Accessories		257.0	Approve in Full
177927	2013021401431	2013-01-30 00:00:00	2013-01-14 00:00:00	CMH	Port Columbus International	Southwest Airlines	Passenger Property Loss	Checked Baggage		Cosmetics	Travel Accessories		13.13	Approve in Full
177962	2013021501506	2013-01-31 00:00:00	2013-01-29 00:00:00	CMH	Port Columbus International	American Airlines	Passenger Property Loss	Checked Baggage		Other	Other		0.0	Deny
179031	2013032702782	2013-03-12 00:00:00	2013-02-22 00:00:00	CMH	Port Columbus International	British Airways	Passenger Property Loss	Checked Baggage		Other	Other		0.0	Deny
179462	2013041603198	2013-03-28 00:00:00	2013-03-28 13:30:00	CMH	Port Columbus International	American Airlines	Passenger Property Loss	Checkpoint		Cosmetics	Cosmetics & Grooming		70.0	Approve in Full
180935	2013061204307	2013-05-24 00:00:00	2013-05-21 00:00:00	CMH	Port Columbus International	Southwest Airlines	Passenger Property Loss	Checked Baggage		Watches & Jewelry	Jewelry & Watches		0.0	Deny
183173	2013092307218	2013-08-08 00:00:00	2013-06-22 13:23:00	CMH	Port Columbus International	Southwest Airlines	Passenger Property Loss	Checked Baggage		Watches & Jewelry	Jewelry & Watches			
183276	2013091606966	2013-08-14 00:00:00	2013-07-25 14:15:00	CMH	Port Columbus International	AirTran Airlines	Passenger Property Loss	Checked Baggage		Clothing & Accessories,Cosmetics	Clothing*Cosmetics & Grooming		0.0	Deny
183324	2013092307217	2013-08-15 00:00:00	2013-07-14 11:00:00	CMH	Port Columbus International	Delta Air Lines	Passenger Property Loss	Checkpoint		Clothing & Accessories	Personal Accessories		0.0	Deny
184439	2013110108554	2013-09-23 00:00:00	2013-07-14 14:00:00	CMH	Port Columbus International	Southwest Airlines	Passenger Property Loss	Checked Baggage		Scientific Intruments	Medical/Science			
184625	2013102808095	2013-10-01 00:00:00	2013-08-11 11:30:00	CMH	Port Columbus International	Qatar airlines	Passenger Property Loss	Checked Baggage		Cosmetics	Cosmetics & Grooming		0.0	Deny
184702	2013111209197	2013-10-04 00:00:00	2013-08-19 00:00:00	CMH	Port Columbus International		Passenger Property Loss	Checked Baggage		Other	Other			
186318	2013121710126	2013-12-12 00:00:00	2013-12-04 11:00:00	CMH	Port Columbus International	UAL	Passenger Property Loss	Checked Baggage		Clothing & Accessories	Clothing			
187669	2014020411428	2014-01-30 00:00:00	2014-01-18 00:00:00	CMH	Port Columbus International	JALways Airlines	Passenger Property Loss	Checked Baggage		Clothing & Accessories	Clothing		0.0	Deny
187849	2014021111613	2014-02-07 00:00:00	2014-01-05 00:00:00	CMH	Port Columbus International	UAL	Passenger Property Loss	Checked Baggage		Electronics	Cameras		0.0	Deny
188112	2014022111882	2014-02-19 00:00:00	2014-02-15 00:00:00	CMH	Port Columbus International	Southwest Airlines	Passenger Property Loss	Checked Baggage		Cosmetics	Cosmetics & Grooming		0.0	Deny
188539	2014031012316	2014-03-05 00:00:00	2014-01-19 00:00:00	CMH	Port Columbus International	Delta Air Lines	Passenger Property Loss	Checked Baggage		Containers	Baggage/Cases/Purses		50.0	Approve in Full
189061	2014033112855	2014-03-25 00:00:00	2014-02-12 00:00:00	CMH	Port Columbus International	British Airways	Passenger Property Loss	Checked Baggage		Other	Other		0.0	Deny
189098	2014040212894	2014-04-01 00:00:00	2014-02-28 00:00:00	CMH	Port Columbus International	Southwest Airlines	Passenger Property Loss	Checked Baggage		Outdoors Supplies	Sporting Equipment & Supplies (footballs, parachutes, etc.)		0.0	Deny
189190	2014040412988	2014-04-01 00:00:00	2013-10-01 00:00:00	CMH	Port Columbus International	UAL	Passenger Property Loss	Checked Baggage		Electronics	Computer & Accessories			
189235	2014040713033	2014-04-01 00:00:00	2013-12-28 00:00:00	CMH	Port Columbus International	USAir	Passenger Property Loss	Checked Baggage		Cosmetics	Travel Accessories		10.08	Approve in Full
189236	2014040713034	2014-04-01 00:00:00	2014-03-24 00:00:00	CMH	Port Columbus International	USAir	Passenger Property Loss	Checked Baggage		Cosmetics	Travel Accessories		10.08	Approve in Full
189326	2014041013126	2014-04-08 00:00:00	2014-04-06 00:00:00	CMH	Port Columbus International	Delta Air Lines	Passenger Property Loss	Checkpoint		Clothing & Accessories	Clothing		95.0	Approve in Full
189699	2014042513506	2014-04-23 00:00:00	2014-03-03 00:00:00	CMH	Port Columbus International	American Airlines	Passenger Property Loss	Checkpoint		Scientific Intruments	Medical/Science			
190458	2014052914277	2014-05-20 00:00:00	2014-04-26 00:00:00	CMH	Port Columbus International	UAL	Passenger Property Loss	Checked Baggage		Cosmetics	Travel Accessories		32.24	Approve in Full
191679	2014073115524	2014-07-15 00:00:00	2014-06-20 00:00:00	CMH	Port Columbus International	UAL	Passenger Property Loss	Checked Baggage		Electronics	Personal Electronics		0.0	Deny
191947	2014080915798	2014-07-23 00:00:00	2014-07-14 00:00:00	CMH	Port Columbus International	Delta Air Lines	Passenger Property Loss	Checked Baggage		Household Decor	Home Decor			
192423	2014082816284	2014-08-12 00:00:00	2014-07-24 00:00:00	CMH	Port Columbus International	American Airlines	Passenger Property Loss	Checkpoint		Other	Other		26.58	Approve in Full
193079	2014092416956	2014-09-08 00:00:00	2014-08-23 00:00:00	CMH	Port Columbus International	USAir	Passenger Property Loss	Checked Baggage		Outdoors Supplies	Hunting & Fishing Items			
193514	2014100617398	2014-09-24 00:00:00	2014-08-14 00:00:00	CMH	Port Columbus International	Southwest Airlines	Passenger Property Loss	Checked Baggage		Outdoors Supplies	Sporting Equipment & Supplies (footballs, parachutes, etc.)			
193647	2014100917533	2014-09-30 00:00:00	2014-09-29 00:00:00	CMH	Port Columbus International	Southwest Airlines	Passenger Property Loss	Checked Baggage		Cosmetics	Cosmetics & Grooming			
195354	2014121819297	2014-12-18 00:00:00	2014-11-29 00:00:00	CMH	Port Columbus International	Delta Air Lines	Passenger Property Loss	Checked Baggage		Cosmetics	Travel Accessories		0.0	Deny
196879	2015012620151	2015-01-23 00:00:00	2014-11-30 00:00:00	CMH	Port Columbus International	American Airlines	Passenger Property Loss	Checked Baggage		Electronics,Food & Drink,Watches & Jewelry	Computer & Accessories*Food & Drink*Jewelry & Watches		320.0	Approve in Full
196881	2015033121614	2015-03-30 00:00:00	2015-01-23 00:00:00	CMH	Port Columbus International		Passenger Property Loss	Checked Baggage		Other	Other			
196884	2015041421921	2015-04-14 00:00:00	2015-03-31 00:00:00	CMH	Port Columbus International	USAir	Passenger Property Loss	Checked Baggage		Electronics,Electronics,Other,Electronics,Electronics	Computer & Accessories*Computer & Accessories*Other*Personal Electronics*Personal Electronics		0.0	Deny
196888	2015052122654	2015-05-21 00:00:00	2015-05-18 00:00:00	CMH	Port Columbus International	Southwest Airlines	Passenger Property Loss	Checked Baggage		Other	Other		0.0	Deny
196889	2015052622732	2015-05-26 00:00:00	2015-04-26 00:00:00	CMH	Port Columbus International	Southwest Airlines	Passenger Property Loss	Checked Baggage		Other	Other		0.0	Deny
196890	2015061123058	2015-06-02 00:00:00	2015-05-18 00:00:00	CMH	Port Columbus International	Southwest Airlines	Passenger Property Loss	Checked Baggage		Containers	Baggage/Cases/Purses		0.0	Deny
196892	2015061723197	2015-06-08 00:00:00	2015-05-02 00:00:00	CMH	Port Columbus International	Southwest Airlines	Passenger Property Loss	Checked Baggage		Watches & Jewelry	Jewelry & Watches		0.0	Deny
196893	2015061923273	2015-06-10 00:00:00	2015-05-13 00:00:00	CMH	Port Columbus International	Southwest Airlines	Passenger Property Loss	Checked Baggage		Clothing & Accessories	Clothing		0.0	Deny
196894	2015062923545	2015-06-18 00:00:00	2015-06-11 00:00:00	CMH	Port Columbus International	American Airlines	Passenger Property Loss	Checked Baggage		Other	Other			
196895	2015062623494	2015-06-22 00:00:00	2015-06-16 00:00:00	CMH	Port Columbus International	American Airlines	Passenger Property Loss	Checked Baggage		Other	Currency		0.0	Deny
196899	2015072824281	2015-07-22 00:00:00	2015-07-21 00:00:00	CMH	Port Columbus International	Southwest Airlines	Passenger Property Loss	Checked Baggage		Automobile & Mechanical	Automobile Parts & Accessories			
196902	2015080724691	2015-08-07 00:00:00	2015-08-04 00:00:00	CMH	Port Columbus International	Turkish Airlines	Passenger Property Loss	Checked Baggage		Cosmetics,Scientific Intruments	Cosmetics & Grooming*Medical/Science		0.0	Deny
196906	2015102826345	2015-10-08 00:00:00	2015-09-20 00:00:00	CMH	Port Columbus International	USAir	Passenger Property Loss	Checked Baggage		Electronics,Electronics,Electronics,Electronics,Food & Drink,Electronics	Audio/Video*Audio/Video*Cameras*Computer & Accessories*Food & Drink*Personal Electronics		0.0	Deny
196907	2015101326017	2015-10-13 00:00:00	2015-10-08 00:00:00	CMH	Port Columbus International	Southwest Airlines	Passenger Property Loss	Checked Baggage		Scientific Intruments	Medical/Science		0.0	Deny
196909	2015110226476	2015-10-15 00:00:00	2015-07-31 00:00:00	CMH	Port Columbus International	Southwest Airlines	Passenger Property Loss	Checked Baggage		Outdoors Supplies	Hunting & Fishing Items		52.49	Approve in Full
196910	2015110626627	2015-10-19 00:00:00	2015-10-03 00:00:00	CMH	Port Columbus International	Southwest Airlines	Passenger Property Loss	Checked Baggage		Clothing & Accessories	Clothing		0.0	Deny
196911	2015110926703	2015-10-22 00:00:00	2015-10-15 00:00:00	CMH	Port Columbus International	American Airlines	Passenger Property Loss	Checked Baggage		Electronics	Audio/Video		0.0	Deny
196913	2015111026791	2015-10-28 00:00:00	2015-10-27 00:00:00	CMH	Port Columbus International	Delta Air Lines	Passenger Property Loss	Checked Baggage		Food & Drink	Food & Drink		0.0	Deny
196915	2015110526613	2015-11-05 00:00:00	2015-10-09 00:00:00	CMH	Port Columbus International	USAir	Passenger Property Loss	Checked Baggage		Food & Drink	Food & Drink		0.0	Deny
196916	2015120727354	2015-11-12 00:00:00	2015-06-28 00:00:00	CMH	Port Columbus International		Passenger Property Loss	Checked Baggage		Watches & Jewelry	Jewelry & Watches		0.0	Deny
205539	2016052731808	2016-05-16 00:00:00	2016-04-27 05:19:00	CMH	Port Columbus International Port Columbus International	UAL	Passenger Property Loss	Checked Baggage		Electronics	Computer & Accessories			Insufficient
205543	2016062832461	2016-06-10 00:00:00	2016-05-17 05:59:00	CMH	Port Columbus International Port Columbus International	American Airlines	Passenger Property Loss	Checkpoint		Electronics	Computer & Accessories		483.0	Approve in Full
205545	2016030929502	2016-02-22 00:00:00	2016-02-06 07:15:00	CMH	Port Columbus International Port Columbus International	American Airlines	Passenger Property Loss	Checkpoint		Scientific Intruments	Medical/Science		0.0	Deny
205546	2016041830586	2016-03-25 00:00:00	2016-03-14 00:00:00	CMH	Port Columbus International Port Columbus International	UAL	Passenger Property Loss	Checked Baggage		Electronics	Cameras		0.0	Deny
205547	2016052731852	2016-05-18 00:00:00	2016-03-22 07:30:00	CMH	Port Columbus International Port Columbus International	UAL	Passenger Property Loss	Checked Baggage		Electronics	Personal Electronics		0.0	Deny
205548	2016041930654	2016-03-31 00:00:00	2016-03-30 07:54:00	CMH	Port Columbus International Port Columbus International	UAL	Passenger Property Loss	Checked Baggage		Electronics	Computer & Accessories		0.0	Deny
205549	2016042830943	2016-04-13 00:00:00	2016-04-11 05:00:00	CMH	Port Columbus International Port Columbus International	UAL	Passenger Property Loss	Checked Baggage		Electronics	Audio/Video		0.0	Deny
205550	2016051831442	2016-05-18 00:00:00	2016-04-16 00:00:00	CMH	Port Columbus International Port Columbus International	American Airlines	Passenger Property Loss	Checked Baggage		Electronics,Watches & Jewelry	Computer & Accessories*Jewelry & Watches		0.0	Deny
205551	2016051631366	2016-04-25 00:00:00	2016-04-23 00:00:00	CMH	Port Columbus International Port Columbus International	UAL	Passenger Property Loss	Checked Baggage		Electronics	Computer & Accessories		0.0	Deny
205552	2016052731850	2016-05-18 00:00:00	2016-05-01 00:00:00	CMH	Port Columbus International Port Columbus International	UAL	Passenger Property Loss	Checked Baggage		Electronics	Computer & Accessories		0.0	Deny
205553	2016062732425	2016-06-08 00:00:00	2016-05-02 04:56:00	CMH	Port Columbus International Port Columbus International	UAL	Passenger Property Loss	Checked Baggage		Electronics	Personal Electronics		0.0	Deny
205554	2016060732046	2016-05-27 00:00:00	2016-05-02 09:45:00	CMH	Port Columbus International Port Columbus International	UAL	Passenger Property Loss	Checked Baggage		Electronics	Computer & Accessories		0.0	Deny
205555	2016060131944	2016-05-18 00:00:00	2016-05-13 05:42:00	CMH	Port Columbus International Port Columbus International	UAL	Passenger Property Loss	Checked Baggage		Electronics	Computer & Accessories		0.0	Deny
205557	2016070732547	2016-06-15 00:00:00	2016-06-13 00:00:00	CMH	Port Columbus International Port Columbus International	UAL	Passenger Property Loss	Checkpoint		Watches & Jewelry	Jewelry & Watches		0.0	Deny
205558	2016101934862	2016-08-29 00:00:00	2016-07-06 06:00:00	CMH	Port Columbus International Port Columbus International	Southwest Airlines	Passenger Property Loss	Checked Baggage		Scientific Intruments,Clothing & Accessories,Clothing & Accessories	Medical/Science*Personal Accessories*Personal Accessories			In Review
205562	2017011936726	2016-11-23 00:00:00	2016-10-06 00:00:00	CMH	Port Columbus International Port Columbus International	UAL	Passenger Property Loss	Checkpoint		Watches & Jewelry	Jewelry & Watches			In Review
205563	2017013037056	2016-12-20 00:00:00	2016-10-07 00:00:00	CMH	Port Columbus International Port Columbus International	American Airlines	Passenger Property Loss	Checked Baggage		Cosmetics	Cosmetics & Grooming			In Review
213737	2017061340543	2017-05-01 00:00:00	2017-04-03 00:00:00	CMH	John Glenn Columbus International John Glenn Columbus International	UAL	Passenger Property Loss	Checked Baggage		Cosmetics	Travel Accessories		21.7	Approve in Full
213739	2017091443086	2017-08-03 00:00:00	2017-07-27 07:40:00	CMH	 John Glenn Columbus International	UAL	Passenger Property Loss	Checked Baggage		Clothing & Accessories	Clothing			Insufficient
213740	2017071741599	2017-07-03 00:00:00	2017-04-17 00:00:00	CMH	 John Glenn Columbus International	Delta Air Lines	Passenger Property Loss	Checked Baggage		Other	Other			In Review
213741	2017120545723	2017-11-03 00:00:00	2017-10-03 12:43:00	CMH	 John Glenn Columbus International	Delta Air Lines	Passenger Property Loss	Checkpoint		Clothing & Accessories	Personal Accessories			In Review
213742	2017100443946	2017-09-05 00:00:00	2017-08-25 00:00:00	CMH	 John Glenn Columbus International	American Airlines	Passenger Property Loss	Checked Baggage		Electronics,Cosmetics,Watches & Jewelry	Cameras*Cosmetics & Grooming*Jewelry & Watches			In Review
213744	2017102444651	2017-10-10 00:00:00	2017-10-07 00:00:00	CMH	 John Glenn Columbus International	American Airlines	Passenger Property Loss	Checked Baggage		Cosmetics	Cosmetics & Grooming			In Review
213748	2017041738613	2017-02-14 00:00:00	2017-02-05 00:00:00	CMH	 John Glenn Columbus International		Passenger Property Loss	Checkpoint		Electronics	Audio/Video			In Review
213750	2017110745050	2017-10-16 00:00:00	2017-10-10 07:20:00	CMH	 John Glenn Columbus International	American Airlines	Passenger Property Loss	Checked Baggage		Electronics	Personal Electronics			Insufficient
213751	2017051939756	2017-04-17 00:00:00	2017-03-29 00:00:00	CMH	 John Glenn Columbus International	American Airlines	Passenger Property Loss	Checked Baggage		Containers	Baggage/Cases/Purses			In Review
213753	2017052239804	2017-03-20 00:00:00	2017-03-19 00:00:00	CMH	 John Glenn Columbus International	Southwest Airlines	Passenger Property Loss	Checkpoint		Clothing & Accessories	Clothing		0.0	Deny
213754	2017122146207	2017-12-21 00:00:00	2017-12-21 00:00:00	CMH	 John Glenn Columbus International	American Airlines	Passenger Property Loss	Checked Baggage		Electronics	Personal Electronics			Insufficient
213762	2017102544672	2017-09-28 00:00:00	2017-09-16 00:00:00	CMH	 John Glenn Columbus International	Delta Air Lines	Passenger Property Loss	Checked Baggage		Electronics	Cameras			Insufficient
213765	2017101144267	2017-08-30 00:00:00	2017-07-30 00:00:00	CMH	 John Glenn Columbus International	Delta Air Lines	Passenger Property Loss	Checked Baggage		Clothing & Accessories,Household Items	Clothing*Household Items			Insufficient