id	claim_number	date_received	incident_date	airport_code	airport_name	airline	claim_type	claim_site	claim_amount	items_new	items_old	status	close_amount	disposition
80	0714563M	2002-10-08 00:00:00	2002-09-12 00:00:00	COS	Colorado Springs Municipal		Passenger Property Loss	Checkpoint	185.0	Other	Other	Denied	0.0	Deny
449	0905804M	2002-12-02 00:00:00		COS	Colorado Springs Municipal		Passenger Property Loss	Checkpoint	270.0	Clothing & Accessories	Clothing - Shoes, belts, accessories, etc.	Denied	270.0	Deny
458	19905	2002-12-03 00:00:00	2002-10-17 00:00:00	COS	Colorado Springs Municipal		Passenger Property Loss	Checkpoint	125.0	Clothing & Accessories	Clothing - Shoes, belts, accessories, etc.	Approved		Approve in Full
2344	0207002L	2003-02-07 00:00:00	2002-10-20 00:00:00	COS	Colorado Springs Municipal	Continental Airlines	Passenger Property Loss	Checkpoint		Other	Other	Canceled	0.0	
2570	0212029L	2003-02-12 00:00:00	2003-01-23 00:00:00	COS	Colorado Springs Municipal		Passenger Property Loss	Checkpoint	800.0	Other	Currency	Denied	0.0	Deny
5677	0428027L	2003-04-28 00:00:00	2003-03-14 00:00:00	COS	Colorado Springs Municipal	American Airlines	Passenger Property Loss	Checked Baggage	99.0	Clothing & Accessories	Clothing - Shoes, belts, accessories, etc.	Approved	99.0	Approve in Full
6388	0514017L	2003-05-14 00:00:00	2003-01-31 00:00:00	COS	Colorado Springs Municipal		Passenger Property Loss	Checkpoint	101.0	Clothing & Accessories	Eyeglasses - (including contact lenses)	Approved	101.0	Approve in Full
9999	0703023M	2003-07-03 00:00:00	2003-06-12 00:00:00	COS	Colorado Springs Municipal		Passenger Property Loss	Checked Baggage	100000.0	Other	Other	Denied	0.0	Deny
11678	0723165M	2003-07-23 00:00:00	2003-07-02 00:00:00	COS	Colorado Springs Municipal	Delta Air Lines	Passenger Property Loss	Checked Baggage	400.0	Electronics	Cameras - Digital	Settled	200.0	Settle
14341	0826029M	2003-08-26 00:00:00	2003-08-13 00:00:00	COS	Colorado Springs Municipal		Passenger Property Loss	Checkpoint	350.0	Other	Other	Denied	0.0	Deny
16406	0925286M	2003-09-25 00:00:00	2003-08-27 00:00:00	COS	Colorado Springs Municipal	American Airlines	Passenger Property Loss	Checked Baggage	30.35	Clothing & Accessories	Clothing - Shoes, belts, accessories, etc.	Approved	30.35	Approve in Full
17032	1002161M	2003-10-02 00:00:00	2003-09-12 00:00:00	COS	Colorado Springs Municipal	Delta Air Lines	Passenger Property Loss	Checkpoint	94.5	Electronics	DVD/CD Players	Approved	94.5	Approve in Full
22203	1208259M	2003-12-08 00:00:00	2003-11-20 00:00:00	COS	Colorado Springs Municipal	UAL	Passenger Property Loss	Checked Baggage		Other	Other	Canceled		
24302	0107096M	2004-01-07 00:00:00	2003-12-11 00:00:00	COS	Colorado Springs Municipal	American Airlines	Passenger Property Loss	Checked Baggage	2000.0	Electronics	Computer - Laptop	Denied	0.0	Deny
25158	0114538M	2004-01-14 00:00:00	2003-12-29 00:00:00	COS	Colorado Springs Municipal	UAL	Passenger Property Loss	Checked Baggage	70.0	Other	Other	Settled	35.0	Settle
27765	0212101M	2004-02-12 00:00:00	2004-02-02 00:00:00	COS	Colorado Springs Municipal		Passenger Property Loss	Checked Baggage	35.0	Other	Other	Canceled	0.0	
28225	0219673M	2004-02-19 00:00:00	2004-02-11 00:00:00	COS	Colorado Springs Municipal	UAL	Passenger Property Loss	Checked Baggage	189.0	Clothing & Accessories	Clothing - Shoes, belts, accessories, etc.	Denied	0.0	Deny
29871	2004043050340	2004-03-10 00:00:00	2004-02-27 00:00:00	COS	Colorado Springs Municipal		Passenger Property Loss	Checked Baggage	90.0	Electronics	DVD/CD Players	Settled	45.0	Settle
32224	2004051852830	2004-04-06 00:00:00	2003-12-21 00:00:00	COS	Colorado Springs Municipal	UAL	Passenger Property Loss	Checked Baggage	150.0	Watches & Jewelry	Jewelry - Fine	Denied	0.0	Deny
33949	2004060254214	2004-05-03 00:00:00	2004-03-03 00:00:00	COS	Colorado Springs Municipal	American Airlines	Passenger Property Loss	Checked Baggage	1235.46	Electronics	Cameras - Digital	Denied	0.0	Deny
35380	2004061756186	2004-05-13 00:00:00	2004-04-28 00:00:00	COS	Colorado Springs Municipal		Passenger Property Loss	Checked Baggage	100.0	Clothing & Accessories	Clothing - Shoes, belts, accessories, etc.	Settled	50.0	Settle
36102	2004062757457	2004-05-27 00:00:00	2004-01-28 00:00:00	COS	Colorado Springs Municipal	American Airlines	Passenger Property Loss	Checked Baggage	54.0	Cosmetics	Cosmetics - Perfume, toilet articles, medicines, soaps, etc.	Approved	54.0	Approve in Full
36120	2004060855099	2004-05-27 00:00:00	2004-05-12 00:00:00	COS	Colorado Springs Municipal	UAL	Passenger Property Loss	Checked Baggage	200.0	Other	Other	Canceled	0.0	
37727	2004070158063	2004-06-10 00:00:00	2004-06-02 00:00:00	COS	Colorado Springs Municipal	Delta Air Lines	Passenger Property Loss	Checkpoint	500.0	Electronics	Cameras - Digital	Settled	164.06	Settle
37887	2004070658452	2004-06-16 00:00:00	2004-05-27 00:00:00	COS	Colorado Springs Municipal	UAL	Passenger Property Loss	Checked Baggage	98.93	Electronics	Cell Phones	Approved	98.93	Approve in Full
38412	2004071259026	2004-06-22 00:00:00	2004-06-11 00:00:00	COS	Colorado Springs Municipal	US Express	Passenger Property Loss	Checked Baggage	125.99	Other	Other	Approved	125.99	Approve in Full
39160	2004071959690	2004-07-06 00:00:00	2004-05-22 00:00:00	COS	Colorado Springs Municipal	Continental Airlines	Passenger Property Loss	Checked Baggage	447.13	Watches & Jewelry	Jewelry - Fine	Canceled		
42238	2004112467753	2004-08-10 00:00:00	2004-08-02 00:00:00	COS	Colorado Springs Municipal		Passenger Property Loss	Checked Baggage	21.2	Tools & Machines	Locks	Approved	21.2	Approve in Full
42598	2004092363624	2004-08-13 00:00:00	2004-05-21 00:00:00	COS	Colorado Springs Municipal	American Airlines	Passenger Theft	Checked Baggage	400.0	Other	Other	Canceled	0.0	
43646	2004100664730	2004-08-31 00:00:00	2004-08-15 00:00:00	COS	Colorado Springs Municipal	Continental Airlines	Passenger Property Loss	Checked Baggage	6.09	Other	Other	Approved	6.09	Approve in Full
43986	2004100764791	2004-09-06 00:00:00	2004-07-17 00:00:00	COS	Colorado Springs Municipal	American Airlines	Passenger Property Loss	Checked Baggage	450.0	Watches & Jewelry	Jewelry - Fine	Denied	0.0	Deny
44043	2004092864061	2004-09-09 00:00:00	2004-07-08 00:00:00	COS	Colorado Springs Municipal	UAL	Passenger Property Loss	Checked Baggage	185.0	Other	Other	Approved	185.0	Approve in Full
45110	2004110766578	2004-09-16 00:00:00	2004-09-08 00:00:00	COS	Colorado Springs Municipal	UAL	Passenger Property Loss	Checked Baggage	1072.0	Clothing & Accessories	Eyeglasses - (including contact lenses)	Denied	0.0	Deny
45524	2004111566999	2004-09-21 00:00:00	2004-09-10 00:00:00	COS	Colorado Springs Municipal		Passenger Property Loss	Checked Baggage	295.0	Watches & Jewelry	Jewelry - Fine	Denied	0.0	Deny
45729	2004103065887	2004-09-23 00:00:00	2004-09-03 00:00:00	COS	Colorado Springs Municipal		Passenger Property Loss	Checked Baggage	13.9	Other	Other	Denied	13.9	Deny
47917	2004121469093	2004-10-20 00:00:00	2004-10-11 00:00:00	COS	Colorado Springs Municipal	Delta Air Lines	Passenger Property Loss	Checkpoint	800.0	Watches & Jewelry	Jewelry - Fine	Denied	0.0	Deny
48156	2004120868841	2004-10-25 00:00:00	2004-08-19 00:00:00	COS	Colorado Springs Municipal	Northwest Airlines	Passenger Property Loss	Checkpoint	90.04	Supplies	Medicines	Denied	90.04	Deny
48211	2004121068966	2004-10-25 00:00:00	2004-08-31 00:00:00	COS	Colorado Springs Municipal		Passenger Property Loss	Checked Baggage	136.65	Clothing & Accessories	Clothing - Shoes, belts, accessories, etc.	Settled	68.32	Settle
49161	2004122169772	2004-11-04 00:00:00	2004-03-19 00:00:00	COS	Colorado Springs Municipal	American Airlines	Passenger Property Loss	Checked Baggage	70.0	Other	Other	Denied	0.0	Deny
49474	2004122971647	2004-11-08 00:00:00	2004-09-15 00:00:00	COS	Colorado Springs Municipal		Passenger Property Loss	Checked Baggage	276.0	Clothing & Accessories	Eyeglasses - (including contact lenses)	Settled	138.0	Settle
51590	2004123071966	2004-12-08 00:00:00	2004-11-25 00:00:00	COS	Colorado Springs Municipal		Passenger Property Loss	Checked Baggage	300.0	Other	Other	Settled	50.0	Settle
53658	2005012474121	2005-01-05 00:00:00	2004-12-20 00:00:00	COS	Colorado Springs Municipal		Passenger Property Loss	Checked Baggage	100.0	Other	Other	Denied	0.0	Deny
54083	2005020275445	2005-01-11 00:00:00	2005-01-04 00:00:00	COS	Colorado Springs Municipal		Passenger Property Loss	Checked Baggage	19.98	Tools & Machines	Locks	Approved	19.98	Approve in Full
54227	2005020375532	2005-01-11 00:00:00	2004-12-31 00:00:00	COS	Colorado Springs Municipal	USAir	Passenger Property Loss	Checked Baggage	181.4	Clothing & Accessories	Clothing - Shoes, belts, accessories, etc.	Denied		Deny
58331	2005032279182	2005-03-04 00:00:00	2004-12-28 00:00:00	COS	Colorado Springs Municipal	Northwest Airlines	Passenger Property Loss	Checked Baggage	18.89	Clothing & Accessories	Clothing - Shoes, belts, accessories, etc.	Denied	0.0	Deny
59802	2005033180683	2005-03-23 00:00:00	2005-02-20 00:00:00	COS	Colorado Springs Municipal		Passenger Property Loss	Checked Baggage	80.0	Other	Other	Approved	80.0	Approve in Full
60603	2005040481415	2005-03-30 00:00:00	2005-03-13 00:00:00	COS	Colorado Springs Municipal	UAL	Passenger Property Loss	Checked Baggage	618.97	Electronics	Cameras - Digital	Settled	189.94	Settle
60745	2005040681701	2005-04-04 00:00:00	2005-02-12 00:00:00	COS	Colorado Springs Municipal	Delta Air Lines	Passenger Property Loss	Checked Baggage	773.0	Other	Other	Denied	0.0	Deny
63851	2005061086188	2005-05-13 00:00:00	2005-05-17 00:00:00	COS	Colorado Springs Municipal	Northwest Airlines	Passenger Property Loss	Checked Baggage	12.0	Other	Currency	Approved	12.0	Approve in Full
64285	2005052085220	2005-05-18 00:00:00	2005-05-02 00:00:00	COS	Colorado Springs Municipal	UAL	Passenger Property Loss	Checked Baggage	400.0	Other	Other	Denied	0.0	Deny
65000	2005061086143	2005-05-31 00:00:00	2005-05-20 00:00:00	COS	Colorado Springs Municipal	Delta Air Lines	Passenger Property Loss	Checked Baggage	422.28	Electronics	Cameras - Digital	Denied	0.0	Deny
65189	2005060986109	2005-06-01 00:00:00	2005-05-05 00:00:00	COS	Colorado Springs Municipal	Delta Air Lines	Passenger Property Loss	Checked Baggage	130.0	Other	Other	Denied	0.0	Deny
65257	2005060986046	2005-06-01 00:00:00	2005-05-20 00:00:00	COS	Colorado Springs Municipal		Passenger Property Loss	Checkpoint	235.0	Clothing & Accessories	Clothing - Shoes, belts, accessories, etc.	Settled	35.0	Settle
65332	2005061386315	2005-06-02 00:00:00	2005-05-18 00:00:00	COS	Colorado Springs Municipal	American Airlines	Passenger Property Loss	Checked Baggage	116.0	Tools & Machines	Locks	Settled	92.0	Settle
66328	2005062787281	2005-06-16 00:00:00	2005-05-09 00:00:00	COS	Colorado Springs Municipal	Northwest Airlines	Passenger Property Loss	Checked Baggage	42.59	Cosmetics	Cosmetics - Perfume, toilet articles, medicines, soaps, etc.	Denied	0.0	Deny
66374	2005062787226	2005-06-17 00:00:00	2005-06-01 00:00:00	COS	Colorado Springs Municipal	UAL	Passenger Property Loss	Checked Baggage	9.66	Tools & Machines	Locks	Approved	9.66	Approve in Full
67031	2005070188144	2005-06-28 00:00:00	2005-06-25 00:00:00	COS	Colorado Springs Municipal		Passenger Property Loss	Checked Baggage	22.0	Other	Other	Approved	22.0	Approve in Full
67998	2005071589016	2005-07-13 00:00:00	2005-03-28 00:00:00	COS	Colorado Springs Municipal		Passenger Property Loss	Checked Baggage		Clothing & Accessories	Clothing - Shoes, belts, accessories, etc.	Insufficient, one of the following items required: sum certain, statement of fact, signature, location of incident, and date.		
68639	2005072589657	2005-07-22 00:00:00	2005-05-25 00:00:00	COS	Colorado Springs Municipal	UAL	Passenger Property Loss	Checked Baggage	2.0	Tools & Machines	Locks	Denied	0.0	Deny
68687	2005072589624	2005-07-22 00:00:00	2005-06-30 00:00:00	COS	Colorado Springs Municipal	America West	Passenger Property Loss	Checked Baggage	429.56	Electronics	Cameras - Digital	Settled	180.0	Settle
69004	2005080390037	2005-07-28 00:00:00	2005-07-07 00:00:00	COS	Colorado Springs Municipal	Delta Air Lines	Passenger Property Loss	Checked Baggage	17.98	Tools & Machines	Locks	Approved	17.98	Approve in Full
69021	2005081690667	2005-07-28 00:00:00	2005-05-25 00:00:00	COS	Colorado Springs Municipal	Delta Air Lines	Passenger Property Loss	Checked Baggage	8.99	Tools & Machines	Locks	Canceled	0.0	
69264	2005081190397	2005-08-02 00:00:00	2005-07-14 00:00:00	COS	Colorado Springs Municipal	American West	Passenger Property Loss	Checked Baggage	30.0	Other	Other	Approved	30.0	Approve in Full
70131	2005082391195	2005-08-16 00:00:00	2005-05-29 00:00:00	COS	Colorado Springs Municipal	American Airlines	Passenger Property Loss	Checkpoint	74.5	Clothing & Accessories	Clothing - Shoes, belts, accessories, etc.	Approved	74.5	Approve in Full
70559	2005091292338	2005-08-23 00:00:00	2005-08-14 00:00:00	COS	Colorado Springs Municipal	Delta Air Lines	Passenger Property Loss	Checked Baggage	79.99	Other	Other	Approved	79.99	Approve in Full
71345	2005091492429	2005-09-06 00:00:00	2005-08-25 00:00:00	COS	Colorado Springs Municipal		Passenger Property Loss	Checked Baggage	129.95	Clothing & Accessories	Eyeglasses - (including contact lenses)	Approved	129.95	Approve in Full
71762	2005091992713	2005-09-12 00:00:00	2005-09-04 00:00:00	COS	Colorado Springs Municipal	Northwest Airlines	Passenger Property Loss	Checked Baggage	15.8	Other	Other	Approved	15.8	Approve in Full
72324	2005092893310	2005-09-19 00:00:00	2005-07-26 00:00:00	COS	Colorado Springs Municipal	Delta Air Lines	Passenger Property Loss	Checked Baggage	409.1	Electronics	Stereo Items & Accessories	Settled	325.0	Settle
72664	2005100393739	2005-09-26 00:00:00	2005-09-17 00:00:00	COS	Colorado Springs Municipal	UAL	Passenger Property Loss	Checked Baggage	8.95	Tools & Machines	Locks	Approved	8.95	Approve in Full
72691	2005100393741	2005-09-26 00:00:00	2005-09-13 00:00:00	COS	Colorado Springs Municipal	UAL	Passenger Property Loss	Checked Baggage	4.95	Tools & Machines	Locks	Canceled	0.0	
72785	2005100493833	2005-09-27 00:00:00	2005-09-17 00:00:00	COS	Colorado Springs Municipal	Delta Air Lines	Passenger Property Loss	Checked Baggage	317.99	Other	Other	Denied	0.0	Deny
73158	2005101194352	2005-10-04 00:00:00	2005-07-24 00:00:00	COS	Colorado Springs Municipal	American Airlines	Passenger Property Loss	Checked Baggage	30.0	Tools & Machines	Locks	Approved	30.0	Approve in Full
74184	2005102895323	2005-10-20 00:00:00	2005-10-01 00:00:00	COS	Colorado Springs Municipal	UAL	Passenger Property Loss	Checked Baggage	543.27	Electronics	Cameras - Digital	Denied	0.0	Deny
74426	2005110395581	2005-10-25 00:00:00	2005-10-09 00:00:00	COS	Colorado Springs Municipal	UAL	Passenger Property Loss	Checked Baggage	114.89	Other	Other	Denied	0.0	Deny
74672	2005102795239	2005-10-29 00:00:00	2005-10-07 00:00:00	COS	Colorado Springs Municipal		Passenger Property Loss	Checkpoint	40.0	Other	Other	Approved	40.0	Approve in Full
74760	2005110995924	2005-11-01 00:00:00	2005-10-07 00:00:00	COS	Colorado Springs Municipal	America West	Passenger Property Loss	Checked Baggage	9.0	Tools & Machines	Locks	Approved	9.0	Approve in Full
76342	2005120897292	2005-11-30 00:00:00	2005-11-25 00:00:00	COS	Colorado Springs Municipal	Allegiant Air	Passenger Property Loss	Checked Baggage	315.47	Other	Other	Settled	157.74	Settle
76775	2005121497815	2005-12-08 00:00:00	2005-09-23 00:00:00	COS	Colorado Springs Municipal	American Airlines	Passenger Property Loss	Checked Baggage	41.44	Clothing & Accessories	Clothing - Shoes, belts, accessories, etc.	Approved	41.44	Approve in Full
77730	2006010598856	2005-12-28 00:00:00	2005-11-23 00:00:00	COS	Colorado Springs Municipal	American Airlines	Passenger Property Loss	Checked Baggage	70.37	Supplies	Medicines	Denied	0.0	Deny
77805	2006010698985	2005-12-28 00:00:00	2005-12-08 00:00:00	COS	Colorado Springs Municipal	UAL	Passenger Property Loss	Checked Baggage	43.59	Other	Other	Settled	21.8	Settle
77900	2006010699002	2006-01-03 00:00:00	2005-12-14 00:00:00	COS	Colorado Springs Municipal	America West	Passenger Property Loss	Checkpoint	400.0	Watches & Jewelry	Jewelry - Fine	Denied	0.0	Deny
78557	2006011999832	2006-01-10 00:00:00	2005-12-29 00:00:00	COS	Colorado Springs Municipal	America West	Passenger Property Loss	Checked Baggage	1940.0	Watches & Jewelry	Jewelry - Fine	Denied	0.0	Deny
78606	2006011899785	2006-01-10 00:00:00	2005-12-29 00:00:00	COS	Colorado Springs Municipal	Alaska Airlines	Passenger Property Loss	Checked Baggage	490.0	Other	Other	Settled	427.49	Settle
78993	2006011999840	2006-01-18 00:00:00	2006-01-13 00:00:00	COS	Colorado Springs Municipal	Delta Air Lines	Passenger Property Loss	Checked Baggage	290.0	Clothing & Accessories	Clothing - Shoes, belts, accessories, etc.	Denied	0.0	Deny
79205	2006012600453	2006-01-20 00:00:00	2005-11-19 00:00:00	COS	Colorado Springs Municipal		Passenger Property Loss	Checkpoint	466.01	Outdoors Supplies	Fish/Game	Canceled	0.0	
79358	2006012600433	2006-01-23 00:00:00	2005-10-02 00:00:00	COS	Colorado Springs Municipal	UAL	Passenger Property Loss	Checked Baggage	138.0	Watches & Jewelry	Jewelry - Fine	Settled	69.0	Settle
79762	2006020300950	2006-01-30 00:00:00	2005-12-21 00:00:00	COS	Colorado Springs Municipal	America West	Passenger Property Loss	Checked Baggage	30.0	Other	Other	Approved	30.0	Approve in Full
79804	2006020801156	2006-01-30 00:00:00	2006-01-16 00:00:00	COS	Colorado Springs Municipal	UAL	Passenger Property Loss	Other	100.0	Watches & Jewelry	Jewelry - Fine	Denied	0.0	Deny
79985	2006020801138	2006-02-01 00:00:00	2006-01-23 00:00:00	COS	Colorado Springs Municipal	UAL	Passenger Property Loss	Checkpoint	367.0	Electronics	Cameras - Digital	Settled	339.24	Settle
80135	2006020901256	2006-02-03 00:00:00	2006-01-13 00:00:00	COS	Colorado Springs Municipal	UAL	Passenger Property Loss	Checked Baggage	2130.46	Electronics	Computer - Laptop	Settled	915.02	Settle
80196	2006021301409	2006-02-07 00:00:00	2005-12-23 00:00:00	COS	Colorado Springs Municipal	Delta Air Lines	Passenger Property Loss	Checked Baggage	10.0	Tools & Machines	Locks	Approved	10.0	Approve in Full
80223	2006021401508	2006-02-07 00:00:00	2006-01-31 00:00:00	COS	Colorado Springs Municipal	UAL	Passenger Property Loss	Checked Baggage	109.99	Clothing & Accessories	Clothing - Shoes, belts, accessories, etc.	Approved	109.99	Approve in Full
80474	2006021701715	2006-02-09 00:00:00	2006-01-02 00:00:00	COS	Colorado Springs Municipal	American Airlines	Passenger Property Loss	Checked Baggage	253.0	Watches & Jewelry	Jewelry - Fine	Denied	0.0	Deny
80703	2006022201935	2006-02-14 00:00:00	2006-02-09 00:00:00	COS	Colorado Springs Municipal	UAL	Passenger Property Loss	Checked Baggage	25.0	Other	Other	Denied	0.0	Deny
80876	2006022302045	2006-02-17 00:00:00	2005-12-16 00:00:00	COS	Colorado Springs Municipal	Delta Air Lines	Passenger Property Loss	Checked Baggage	94.72	Clothing & Accessories	Clothing - Shoes, belts, accessories, etc.	Approved	94.72	Approve in Full
80951	2006022402155	2006-02-21 00:00:00	2006-01-19 00:00:00	COS	Colorado Springs Municipal	American Airlines	Passenger Property Loss	Checkpoint	59.0	Watches & Jewelry	Jewelry - Fine	Approved	59.0	Approve in Full
81041	2006030602498	2006-02-22 00:00:00	2006-02-17 00:00:00	COS	Colorado Springs Municipal	Northwest Airlines	Passenger Property Loss	Checked Baggage	239.1	Clothing & Accessories	Clothing - Shoes, belts, accessories, etc.	Denied	0.0	Deny
81105	2006022702227	2006-02-23 00:00:00	2005-12-29 00:00:00	COS	Colorado Springs Municipal	American Airlines	Passenger Property Loss	Checked Baggage	22.0	Other	Currency	Denied	0.0	Deny
81518	2006030802829	2006-03-02 00:00:00	2006-02-22 00:00:00	COS	Colorado Springs Municipal	UAL	Passenger Property Loss	Checked Baggage	34.99	Other	Other	Approved	34.99	Approve in Full
82070	2006031703302	2006-03-13 00:00:00	2006-03-10 00:00:00	COS	Colorado Springs Municipal		Passenger Property Loss	Checked Baggage	18.95	Other	Other	Approved	18.95	Approve in Full
82132	2006032003345	2006-03-14 00:00:00	2006-02-28 00:00:00	COS	Colorado Springs Municipal		Passenger Property Loss	Checked Baggage	61.0	Clothing & Accessories	Clothing - Shoes, belts, accessories, etc.	Approved	61.0	Approve in Full
82235	2006031603266	2006-03-14 00:00:00	2006-03-01 00:00:00	COS	Colorado Springs Municipal	UAL	Passenger Property Loss	Checked Baggage	765.0	Other	Other	Settled	382.5	Settle
82528	2006032803752	2006-03-21 00:00:00	2006-02-24 00:00:00	COS	Colorado Springs Municipal	UAL	Passenger Property Loss	Checked Baggage	21.8	Tools & Machines	Locks	Approved	21.8	Approve in Full
82570	2006032703702	2006-03-21 00:00:00	2006-01-31 00:00:00	COS	Colorado Springs Municipal		Passenger Property Loss	Checkpoint	24.95	Other	Other	Denied	0.0	Deny
82998	2006040704183	2006-03-28 00:00:00	2005-05-31 00:00:00	COS	Colorado Springs Municipal	American Airlines	Passenger Property Loss	Checked Baggage	100.0	Clothing & Accessories	Clothing - Shoes, belts, accessories, etc.	Denied	0.0	Deny
83032	2006040604112	2006-03-28 00:00:00	2006-03-20 00:00:00	COS	Colorado Springs Municipal	American Airlines	Passenger Property Loss	Checked Baggage	160.0	Clothing & Accessories	Eyeglasses - (including contact lenses)	Settled	80.0	Settle
83857	2006042405031	2006-04-14 00:00:00	2006-03-29 00:00:00	COS	Colorado Springs Municipal	UAL	Passenger Property Loss	Checked Baggage	194.9	Electronics	Cameras - Digital	Denied	0.0	Deny
83962	2006042505222	2006-04-17 00:00:00	2006-03-26 00:00:00	COS	Colorado Springs Municipal	Continental Airlines	Passenger Property Loss	Checked Baggage	830.95	Electronics	Cameras - Digital	Settled	417.16	Settle
85057	2006051206118	2006-05-09 00:00:00	2006-04-18 00:00:00	COS	Colorado Springs Municipal		Passenger Property Loss	Checked Baggage	800.0	Watches & Jewelry	Jewelry - Fine	Settled	770.0	Settle
87096	2006062108325	2006-06-20 00:00:00	2006-06-07 00:00:00	COS	Colorado Springs Municipal	Northwest Airlines	Passenger Property Loss	Checked Baggage	20.0	Other	Other	Denied	0.0	Deny
87646	2006070508904	2006-06-30 00:00:00	2006-05-15 00:00:00	COS	Colorado Springs Municipal	UAL	Passenger Property Loss	Checked Baggage	51.56	Clothing & Accessories,Clothing & Accessories	Clothing - Shoes, belts, accessories, etc.*Clothing - Shoes, belts, accessories, etc.	Denied	0.0	Deny
87878	2006070709141	2006-07-06 00:00:00	2006-06-16 00:00:00	COS	Colorado Springs Municipal	Northwest Airlines	Passenger Property Loss	Checked Baggage	75.21	Electronics	Electrical and Gas Appliances Minor - $200 or less (humidifiers, tv's, etc)	Denied	0.0	Deny
88292	2006071409530	2006-07-13 00:00:00	2006-06-29 00:00:00	COS	Colorado Springs Municipal		Passenger Property Loss	Checked Baggage	50.0	Clothing & Accessories	Clothing - Shoes, belts, accessories, etc.	Approved	50.0	Approve in Full
88342	2006071709605	2006-07-13 00:00:00	2006-06-03 00:00:00	COS	Colorado Springs Municipal	UAL	Passenger Property Loss	Checked Baggage	130.0	Cosmetics	Cosmetics - Perfume, toilet articles, medicines, soaps, etc.	Denied	0.0	Deny
88428	2006082111337	2006-07-16 00:00:00	2006-08-04 00:00:00	COS	Colorado Springs Municipal		Passenger Property Loss	Checked Baggage	8.68	Tools & Machines	Locks	Approved	8.68	Approve in Full
89486	2006081611136	2006-08-07 00:00:00	2006-07-04 00:00:00	COS	Colorado Springs Municipal	American Airlines	Passenger Property Loss	Checked Baggage	248.0	Clothing & Accessories	Eyeglasses - (including contact lenses)	Approved	248.0	Approve in Full
89824	2006081811296	2006-08-14 00:00:00	2006-05-29 00:00:00	COS	Colorado Springs Municipal	Delta Air Lines	Passenger Property Loss	Checked Baggage	100.0	Scientific Intruments	Professional Equipment	Approved	100.0	Approve in Full
89987	2006081811298	2006-08-16 00:00:00	2006-07-26 00:00:00	COS	Colorado Springs Municipal		Passenger Property Loss	Checked Baggage	8.68	Tools & Machines	Locks	Approved	8.68	Approve in Full
90176	2006082211359	2006-08-18 00:00:00	2006-08-13 00:00:00	COS	Colorado Springs Municipal	UAL	Passenger Property Loss	Checked Baggage	600.0	Electronics,Electronics	Cameras - Digital*Cameras - Non-electronic (Camera supplies, lenses, projectors, etc.)	Settled	417.08	Settle
90236	2006082411491	2006-08-21 00:00:00	2006-08-03 00:00:00	COS	Colorado Springs Municipal	US Express	Passenger Property Loss	Checked Baggage	369.42	Outdoors Supplies	Sporting Equipment & Supplies (footballs, parachutes, etc.)	Denied	0.0	Deny
90595	2006083111897	2006-08-28 00:00:00	2006-08-19 00:00:00	COS	Colorado Springs Municipal	UAL	Passenger Property Loss	Checked Baggage	42.49	Household Items	Linens - Quilts, Comforters	Approved	42.49	Approve in Full
90856	2006090812171	2006-08-31 00:00:00	2006-08-17 00:00:00	COS	Colorado Springs Municipal		Passenger Property Loss	Checked Baggage	12.0	Electronics	Flashlights	Denied	0.0	Deny
91101	2006091212356	2006-09-06 00:00:00	2006-08-20 00:00:00	COS	Colorado Springs Municipal	American Airlines	Passenger Property Loss	Checked Baggage	101.04	Cosmetics	Cosmetics - Perfume, toilet articles, medicines, soaps, etc.	Approved	101.04	Approve in Full
91276	2006091412563	2006-09-08 00:00:00	2006-08-25 00:00:00	COS	Colorado Springs Municipal	UAL	Passenger Property Loss	Checked Baggage	399.0	Watches & Jewelry	Jewelry - Fine	Canceled	0.0	
91320	2006091312514	2006-09-11 00:00:00	2006-07-23 00:00:00	COS	Colorado Springs Municipal	Delta Air Lines	Passenger Property Loss	Checked Baggage	36.41	Other	Other	Approved	36.41	Approve in Full
92323	2006101013756	2006-09-29 00:00:00	2006-09-16 00:00:00	COS	Colorado Springs Municipal		Passenger Property Loss	Checked Baggage	9.64	Tools & Machines	Locks	Approved	9.64	Approve in Full
92725	2006101914175	2006-10-10 00:00:00	2006-09-15 00:00:00	COS	Colorado Springs Municipal	American Airlines	Passenger Property Loss	Checked Baggage	376.9	Other	Other	Approved	376.9	Approve in Full
92821	2006101213904	2006-10-11 00:00:00	2006-10-08 00:00:00	COS	Colorado Springs Municipal	Delta Air Lines	Passenger Property Loss	Checked Baggage	8.47	Tools & Machines	Locks	Approved	8.47	Approve in Full
93330	2006102614637	2006-10-19 00:00:00	2006-10-15 00:00:00	COS	Colorado Springs Municipal	UAL	Passenger Property Loss	Checked Baggage	189.44	Clothing & Accessories	Eyeglasses - (including contact lenses)	Approved	189.44	Approve in Full
94197	2006111615733	2006-11-06 00:00:00	2006-10-21 00:00:00	COS	Colorado Springs Municipal		Passenger Property Loss	Checked Baggage		Tools & Machines	Locks	Insufficient, one of the following items required: sum certain, statement of fact, signature, location of incident, and date.		
94356	2006111515601	2006-11-09 00:00:00	2006-08-30 00:00:00	COS	Colorado Springs Municipal	American Airlines	Passenger Property Loss	Checked Baggage	300.0	Other	Currency	Approved	300.0	Approve in Full
94823	2006112416190	2006-11-17 00:00:00	2006-06-26 00:00:00	COS	Colorado Springs Municipal	American West	Passenger Property Loss	Checked Baggage	53.88	Electronics	Cameras - Digital	Denied	0.0	Deny
94857	2006112416169	2006-11-20 00:00:00	2006-11-12 00:00:00	COS	Colorado Springs Municipal	Continental Airlines	Passenger Property Loss	Checked Baggage	10.0	Tools & Machines	Locks	Approved	10.0	Approve in Full
95901	2006121417174	2006-12-08 00:00:00	2006-10-11 00:00:00	COS	Colorado Springs Municipal	Delta Air Lines	Passenger Property Loss	Checked Baggage	1100.0	Watches & Jewelry	Jewelry - Costume	Denied	0.0	Deny
96050	2006121917375	2006-12-12 00:00:00	2006-11-25 00:00:00	COS	Colorado Springs Municipal	American Airlines	Passenger Property Loss	Checked Baggage	25.0	Games & Toys	Toys (game systems, cartridges, radio controlled cars, etc.)	Approved	25.0	Approve in Full
96899	2007010418323	2006-12-29 00:00:00	2006-12-01 00:00:00	COS	Colorado Springs Municipal	Continental Airlines	Passenger Property Loss	Checked Baggage	127.0	Other	Currency	Approved	127.0	Approve in Full
96989	2007052425920		2007-05-17 00:00:00	COS	Colorado Springs Municipal	USAir	Passenger Property Loss	Checked Baggage	7.5	Other	Currency	Approved	7.5	Approve in Full
97011	2004082661371		2004-05-31 00:00:00	COS	Colorado Springs Municipal	American West	Passenger Property Loss	Checkpoint	373.99	Clothing & Accessories	Eyeglasses - (including contact lenses)	Denied	0.0	Deny
97322	2007010818459	2007-01-04 00:00:00	2006-12-10 00:00:00	COS	Colorado Springs Municipal	Delta Air Lines	Passenger Property Loss	Checked Baggage	43.2	Tools & Machines	Locks	Approved	43.2	Approve in Full
97627	2007011218734	2007-01-08 00:00:00	2006-11-19 00:00:00	COS	Colorado Springs Municipal	USAir	Passenger Property Loss	Checked Baggage	1099.99	Electronics	Computer - Laptop	Denied	0.0	Deny
98051	2007012219070	2007-01-12 00:00:00	2006-12-29 00:00:00	COS	Colorado Springs Municipal	American Airlines	Passenger Property Loss	Checked Baggage	53.0	Cosmetics,Supplies,Supplies	Cosmetics - Perfume, toilet articles, medicines, soaps, etc.*Medicines*Medicines	Settled	26.5	Settle
98217	2007012419307	2007-01-16 00:00:00	2006-10-11 00:00:00	COS	Colorado Springs Municipal	American Airlines	Passenger Property Loss	Checked Baggage	57.5	Household Decor,Clothing & Accessories,Other	Clocks - Inexpensive ($75.00 or less)*Clothing - Shoes, belts, accessories, etc.*Other	Settled	28.75	Settle
99481	2007021220789	2007-02-06 00:00:00	2006-12-15 00:00:00	COS	Colorado Springs Municipal	UAL	Passenger Property Loss	Checked Baggage	321.13	Electronics	Cameras - Digital	Denied	0.0	Deny
99641	2007021220768	2007-02-08 00:00:00	2006-12-31 00:00:00	COS	Colorado Springs Municipal	American Airlines	Passenger Property Loss	Checked Baggage	75.9	Watches & Jewelry	Watches - Inexpensive $100 or less	Settled	37.95	Settle
99992	2007021621145	2007-02-14 00:00:00	2007-02-04 00:00:00	COS	Colorado Springs Municipal	Continental Airlines	Passenger Property Loss	Checked Baggage	194.83	Other	Other	Settled	97.42	Settle
100088	2007022121231	2007-02-16 00:00:00	2006-11-13 00:00:00	COS	Colorado Springs Municipal	Allegiant Air	Passenger Property Loss	Checked Baggage	65.0	Scientific Intruments	Medical Equipment & Insturments	Settled	32.5	Settle
101178	2007032022550	2007-03-12 00:00:00	2007-03-04 00:00:00	COS	Colorado Springs Municipal	UAL	Passenger Property Loss	Checked Baggage	53.41	Cosmetics	Cosmetics - Perfume, toilet articles, medicines, soaps, etc.	Settled	26.71	Settle
101286	2007031922496	2007-03-15 00:00:00	2007-01-15 00:00:00	COS	Colorado Springs Municipal	American Airlines	Passenger Property Loss	Checked Baggage	9.53	Tools & Machines	Locks	Approved	9.53	Approve in Full
101550	2007032322892	2007-03-19 00:00:00	2007-02-26 00:00:00	COS	Colorado Springs Municipal	Delta Air Lines	Passenger Property Loss	Checked Baggage	149.95	Electronics	Cameras - Digital	Settled	74.98	Settle
101631	2007032723008	2007-03-21 00:00:00	2007-03-17 00:00:00	COS	Colorado Springs Municipal	Northwest Airlines	Passenger Property Loss	Checkpoint	85.0	Watches & Jewelry	Watches - Inexpensive $100 or less	Approved	85.0	Approve in Full
101742	2007032622910	2007-03-22 00:00:00	2007-02-25 00:00:00	COS	Colorado Springs Municipal	UAL	Passenger Property Loss	Checked Baggage	270.62	Clothing & Accessories	Eyeglasses - (including contact lenses)	Settled	135.31	Settle
101906	2007032923181	2007-03-27 00:00:00	2007-03-14 00:00:00	COS	Colorado Springs Municipal	Delta Air Lines	Passenger Property Loss	Checked Baggage	28.1	Electronics	GPS - Global Positioning System	Approved	28.1	Approve in Full
101907	2007032923194	2007-03-27 00:00:00	2007-03-19 00:00:00	COS	Colorado Springs Municipal	Delta Air Lines	Passenger Property Loss	Checked Baggage	35.51	Office Supplies	Books - Bibles & Bound classics	Approved	35.51	Approve in Full
101995	2007032923208	2007-03-28 00:00:00	2007-02-25 00:00:00	COS	Colorado Springs Municipal	Delta Air Lines	Passenger Property Loss	Checked Baggage	500.0	Electronics,Electronics,Electronics	Batteries - Dry cell only*Cameras - Digital*Cameras - Non-electronic (Camera supplies, lenses, projectors, etc.)	Denied	0.0	Deny
102233	2007040423468	2007-04-02 00:00:00	2007-03-22 00:00:00	COS	Colorado Springs Municipal	UAL	Passenger Property Loss	Checked Baggage	275.0	Clothing & Accessories,Containers	Clothing - Shoes, belts, accessories, etc.*Luggage (all types including footlockers)	Denied	0.0	Deny
103012	2007041824213	2007-04-18 00:00:00	2007-04-14 00:00:00	COS	Colorado Springs Municipal	American Airlines	Passenger Property Loss	Checked Baggage	1838.0	Watches & Jewelry,Watches & Jewelry	Jewelry - Costume*Jewelry - Fine	Denied	0.0	Deny
103757	2007050725013	2007-05-03 00:00:00	2007-04-26 00:00:00	COS	Colorado Springs Municipal	UAL	Passenger Property Loss	Checked Baggage	350.0	Watches & Jewelry	Watches - Expensive more than $100	Denied	0.0	Deny
103761	2007050725024	2007-05-03 00:00:00	2007-04-29 00:00:00	COS	Colorado Springs Municipal	American Airlines	Passenger Property Loss	Checked Baggage	120.0	Containers	Handbags & Purses (leather or fabric)	Denied	0.0	Deny
103859	2007050825097	2007-05-04 00:00:00	2007-04-20 00:00:00	COS	Colorado Springs Municipal	American Airlines	Passenger Property Loss	Checked Baggage	123.5	Cosmetics,Other	Cosmetics - Perfume, toilet articles, medicines, soaps, etc.*Other	Settled	61.75	Settle
103998	2007050925180	2007-05-08 00:00:00	2007-04-14 00:00:00	COS	Colorado Springs Municipal	American Airlines	Passenger Property Loss	Checked Baggage	75.0	Clothing & Accessories	Clothing - Shoes, belts, accessories, etc.	Settled	37.5	Settle
104745	2007060126016	2007-05-24 00:00:00	2007-05-17 00:00:00	COS	Colorado Springs Municipal	American Airlines	Passenger Property Loss	Checked Baggage	16.12	Other	Other	Approved	16.12	Approve in Full
105071	2007060426239	2007-06-01 00:00:00	2007-05-18 00:00:00	COS	Colorado Springs Municipal	Delta Air Lines	Passenger Property Loss	Checked Baggage	7.18	Tools & Machines	Locks	Approved	7.18	Approve in Full
105073	2007060526260	2007-06-01 00:00:00	2007-05-18 00:00:00	COS	Colorado Springs Municipal	Delta Air Lines	Passenger Property Loss	Checked Baggage	7.18	Tools & Machines	Locks	Approved	7.18	Approve in Full
105104	2007060426210	2007-06-01 00:00:00	2007-05-25 00:00:00	COS	Colorado Springs Municipal	American Airlines	Passenger Property Loss	Checked Baggage	90.0	Cosmetics	Cosmetics - Perfume, toilet articles, medicines, soaps, etc.	Denied	0.0	Deny
105163	2007060526266	2007-06-01 00:00:00	2007-04-22 00:00:00	COS	Colorado Springs Municipal		Passenger Property Loss	Checked Baggage	125.0	Tools & Machines	Barber Supplies - Scissors, shears, elecric razors, etc.	Settled	62.5	Settle
105194	2007060826566	2007-06-04 00:00:00	2007-05-20 00:00:00	COS	Colorado Springs Municipal	UAL	Passenger Property Loss	Checked Baggage	9.0	Tools & Machines	Locks	Approved	9.0	Approve in Full
105399	2007061126718	2007-06-06 00:00:00	2007-05-29 00:00:00	COS	Colorado Springs Municipal	Northwest Airlines	Passenger Property Loss	Checked Baggage	350.0	Containers	Luggage (all types including footlockers)	Canceled	0.0	
105723	2007061426975	2007-06-12 00:00:00	2007-06-03 00:00:00	COS	Colorado Springs Municipal		Passenger Property Loss	Checked Baggage	70.0	Cosmetics	Cosmetics - Perfume, toilet articles, medicines, soaps, etc.	Settled	35.0	Settle
105824	2007061827101	2007-06-14 00:00:00	2007-06-03 00:00:00	COS	Colorado Springs Municipal	UAL	Passenger Property Loss	Checked Baggage	74.0	Cosmetics	Cosmetics - Perfume, toilet articles, medicines, soaps, etc.	Denied	0.0	Deny
105857	2007061827082	2007-06-14 00:00:00	2007-05-03 00:00:00	COS	Colorado Springs Municipal	UAL	Passenger Property Loss	Checked Baggage	29.37	Tools & Machines	Locks	Settled	14.69	Settle
105887	2007061927161	2007-06-15 00:00:00	2007-05-14 00:00:00	COS	Colorado Springs Municipal	UAL	Passenger Property Loss	Checked Baggage	800.0	Electronics	Cameras - Digital	Denied	0.0	Deny
105936	2007062027205	2007-06-15 00:00:00	2007-04-11 00:00:00	COS	Colorado Springs Municipal	Delta Air Lines	Passenger Property Loss	Checkpoint	350.99	Scientific Intruments,Supplies,Other	Dental Equipment and Instruments*Medicines*Other	Settled	261.49	Settle
106140	2007062527442	2007-06-20 00:00:00	2006-12-04 00:00:00	COS	Colorado Springs Municipal	American Airlines	Passenger Property Loss	Checked Baggage	1864.87	Outdoors Supplies	Sporting Equipment & Supplies (footballs, parachutes, etc.)	Settled	932.44	Settle
106428	2007070227743	2007-06-26 00:00:00	2007-06-09 00:00:00	COS	Colorado Springs Municipal	Delta Air Lines	Passenger Property Loss	Checked Baggage	75.0	Clothing & Accessories	Clothing - Shoes, belts, accessories, etc.	Insufficient, one of the following items required: sum certain, statement of fact, signature, location of incident, and date.		
107372	2007071928669	2007-07-16 00:00:00	2007-07-06 00:00:00	COS	Colorado Springs Municipal	UAL	Passenger Property Loss	Checked Baggage	451.0	Clothing & Accessories,Clothing & Accessories,Electronics	Clothing - Shoes, belts, accessories, etc.*Eyeglasses - (including contact lenses)*MP3 Players-(iPods, etc)	Denied	0.0	Deny
107454	2007071928718	2007-07-17 00:00:00	2007-06-11 00:00:00	COS	Colorado Springs Municipal	Northwest Airlines	Passenger Property Loss	Checked Baggage	2500.0	Clothing & Accessories,Watches & Jewelry,Supplies	Clothing - Shoes, belts, accessories, etc.*Jewelry - Fine*Medicines	Denied	0.0	Deny
107526	2007072328841	2007-07-19 00:00:00	2007-07-12 00:00:00	COS	Colorado Springs Municipal	Continental Express Inc	Passenger Property Loss	Checked Baggage	85.12	Clothing & Accessories	Clothing - Shoes, belts, accessories, etc.	Approved	85.12	Approve in Full
107784	2007072629137	2007-07-24 00:00:00	2007-07-22 00:00:00	COS	Colorado Springs Municipal	Delta Air Lines	Passenger Property Loss	Checked Baggage	28.5	Watches & Jewelry	Jewelry - Costume	Approved	28.5	Approve in Full
107880	2007072629103	2007-07-25 00:00:00	2007-07-22 00:00:00	COS	Colorado Springs Municipal	Delta Air Lines	Passenger Property Loss	Checked Baggage	449.0	Electronics	Computer - Laptop	Denied	0.0	Deny
107920	2007072729228	2007-07-25 00:00:00	2007-06-28 00:00:00	COS	Colorado Springs Municipal	American Eagle	Passenger Property Loss	Checked Baggage	420.0	Clothing & Accessories	Eyeglasses - (including contact lenses)	Settled	210.0	Settle
108132	2007080129439	2007-07-30 00:00:00	2007-07-28 00:00:00	COS	Colorado Springs Municipal	UAL	Passenger Property Loss	Checkpoint	180.0	Other	Currency	Denied	0.0	Deny
108197	2007080129450	2007-07-30 00:00:00	2007-07-25 00:00:00	COS	Colorado Springs Municipal	American Airlines	Passenger Property Loss	Checked Baggage	147.5	Electronics	PDA - Personal Data Assistants	Settled	94.5	Settle
108210	2007080129469	2007-07-31 00:00:00	2007-07-17 00:00:00	COS	Colorado Springs Municipal	Northwest Airlines	Passenger Property Loss	Checked Baggage	65.0	Office Supplies	Books - Bibles & Bound classics	Canceled	0.0	
108507	2007080929942	2007-08-06 00:00:00	2007-05-15 00:00:00	COS	Colorado Springs Municipal	American West	Passenger Property Loss	Checked Baggage	10.0	Tools & Machines	Locks	Approved	10.0	Approve in Full
108628	2007080729735	2007-08-07 00:00:00	2007-08-02 00:00:00	COS	Colorado Springs Municipal	UAL	Passenger Property Loss	Checked Baggage	75.0	Other	Other	Canceled	0.0	
108755	2007081030027	2007-08-09 00:00:00	2007-07-30 00:00:00	COS	Colorado Springs Municipal	Continental Express Inc	Passenger Property Loss	Checked Baggage	219.99	Electronics	Cell Phones	Canceled	0.0	
108812	2007081330128	2007-08-09 00:00:00	2007-08-05 00:00:00	COS	Colorado Springs Municipal	Delta Air Lines	Passenger Property Loss	Checked Baggage	200.0	Watches & Jewelry	Jewelry - Fine	Settled	100.0	Settle
109240	2007082130527	2007-08-17 00:00:00	2007-08-11 00:00:00	COS	Colorado Springs Municipal	Delta Air Lines	Passenger Property Loss	Checked Baggage	500.0	Watches & Jewelry	Jewelry - Costume	Settled	250.0	Settle
109310	2007082130608	2007-08-21 00:00:00	2007-08-08 00:00:00	COS	Colorado Springs Municipal	UAL	Passenger Property Loss	Checked Baggage	23.0	Tools & Machines,Supplies	Locks*Medicines	Approved	23.0	Approve in Full
109511	2007082330735	2007-08-22 00:00:00	2007-07-28 00:00:00	COS	Colorado Springs Municipal	Delta Air Lines	Passenger Property Loss	Checked Baggage	169.97	Electronics,Other	DVD/CD Players*Other	Settled	84.99	Settle
109684	2007082931088	2007-08-27 00:00:00	2007-08-18 00:00:00	COS	Colorado Springs Municipal	American Airlines	Passenger Property Loss	Checked Baggage	20.95	Tools & Machines	Locks	Approved	20.95	Approve in Full
110022	2007090531387	2007-08-31 00:00:00	2007-06-10 00:00:00	COS	Colorado Springs Municipal	Northwest Airlines	Passenger Property Loss	Checked Baggage	18.5	Clothing & Accessories	Clothing - Shoes, belts, accessories, etc.	Denied	0.0	Deny
110091	2007090631432	2007-09-04 00:00:00	2007-08-12 00:00:00	COS	Colorado Springs Municipal	Northwest Airlines	Passenger Property Loss	Checked Baggage	29.97	Other	Other	Denied	0.0	Deny
110230	2007091031594	2007-09-05 00:00:00	2007-05-18 00:00:00	COS	Colorado Springs Municipal	Delta Air Lines	Passenger Property Loss	Checked Baggage	13.94	Tools & Machines	Locks	Denied	0.0	Deny
110265	2007091031567	2007-09-06 00:00:00	2007-09-05 00:00:00	COS	Colorado Springs Municipal	Continental Airlines	Passenger Property Loss	Checked Baggage	100.0	Other	Other	Denied	0.0	Deny
110275	2007091131611	2007-09-06 00:00:00	2007-08-31 00:00:00	COS	Colorado Springs Municipal	American Airlines	Passenger Property Loss	Checked Baggage	539.19	Electronics,Electronics	Cameras - Digital*DVD/CD Players	Denied	0.0	Deny
110445	2007091331840	2007-09-10 00:00:00	2007-09-04 00:00:00	COS	Colorado Springs Municipal	Delta Air Lines	Passenger Property Loss	Checked Baggage	24.99	Outdoors Supplies	Sporting Equipment & Supplies (footballs, parachutes, etc.)	Denied	0.0	Deny
110450	2007091331848	2007-09-10 00:00:00	2007-08-16 00:00:00	COS	Colorado Springs Municipal	American Airlines	Passenger Property Loss	Checked Baggage	504.65	Electronics,Clothing & Accessories,Clothing & Accessories,Other	Cameras - Digital*Clothing - Shoes, belts, accessories, etc.*Eyeglasses - (including contact lenses)*Other	Denied	0.0	Deny
110626	2007091732086	2007-09-12 00:00:00	2007-08-18 00:00:00	COS	Colorado Springs Municipal	Delta Air Lines	Passenger Property Loss	Checked Baggage	500.0	Cosmetics,Containers,Other	Cosmetics - Perfume, toilet articles, medicines, soaps, etc.*Handbags & Purses (leather or fabric)*Other	Denied	0.0	Deny
110816	2007091832156	2007-09-17 00:00:00	2007-09-13 00:00:00	COS	Colorado Springs Municipal		Passenger Property Loss	Checked Baggage	42.9	Clothing & Accessories	Clothing - Shoes, belts, accessories, etc.	Denied	0.0	Deny
110901	2007091932198	2007-09-18 00:00:00	2007-09-04 00:00:00	COS	Colorado Springs Municipal	Delta Air Lines	Passenger Property Loss	Checkpoint	223.92	Clothing & Accessories	Eyeglasses - (including contact lenses)	Denied	0.0	Deny
110967	2007092032311	2007-09-19 00:00:00	2007-08-02 00:00:00	COS	Colorado Springs Municipal	Northwest Airlines	Passenger Property Loss	Checked Baggage	43.7	Other	Other	Denied	0.0	Deny
111003	2007092432439	2007-09-19 00:00:00	2007-08-18 00:00:00	COS	Colorado Springs Municipal	UAL	Passenger Property Loss	Checked Baggage	91.92	Tools & Machines,Other	Locks*Other	Denied	0.0	Deny
111347	2007100232821	2007-09-27 00:00:00	2007-09-24 00:00:00	COS	Colorado Springs Municipal		Passenger Property Loss	Checked Baggage	40.95	Clothing & Accessories	Clothing - Shoes, belts, accessories, etc.	Approved	40.95	Approve in Full
111406	2007100232841	2007-09-27 00:00:00	2007-09-03 00:00:00	COS	Colorado Springs Municipal		Passenger Property Loss	Checked Baggage	79.99	Other	Other	Settled	40.0	Settle
111690	2007100933107	2007-10-04 00:00:00	2007-09-28 00:00:00	COS	Colorado Springs Municipal	Northwest Airlines	Passenger Property Loss	Checked Baggage	120.91	Cosmetics	Cosmetics - Perfume, toilet articles, medicines, soaps, etc.	Canceled	0.0	
111831	2007100933150	2007-10-09 00:00:00	2007-10-03 00:00:00	COS	Colorado Springs Municipal	Allegiant Air	Passenger Property Loss	Checked Baggage	350.0	Clothing & Accessories	Clothing - Shoes, belts, accessories, etc.	Denied	0.0	Deny
111914	2007101233360	2007-10-09 00:00:00	2007-08-28 00:00:00	COS	Colorado Springs Municipal	USAir	Passenger Property Loss	Checked Baggage	248.99	Electronics,Electronics	Cameras - Digital*Cameras - Non-electronic (Camera supplies, lenses, projectors, etc.)	Denied	0.0	Deny
112002	2007101633495	2007-10-11 00:00:00	2007-09-17 00:00:00	COS	Colorado Springs Municipal	American Airlines	Passenger Property Loss	Checked Baggage	6.69	Tools & Machines	Locks	Approved	6.69	Approve in Full
112286	2007101933718	2007-10-16 00:00:00	2007-05-26 00:00:00	COS	Colorado Springs Municipal	Delta Air Lines	Passenger Property Loss	Checked Baggage	450.0	Clothing & Accessories,Cosmetics,Watches & Jewelry	Clothing - Shoes, belts, accessories, etc.*Cosmetics - Perfume, toilet articles, medicines, soaps, etc.*Jewelry - Costume	Denied	0.0	Deny
112391	2007102433821	2007-10-18 00:00:00	2007-10-09 00:00:00	COS	Colorado Springs Municipal	American Airlines	Passenger Property Loss	Checked Baggage	285.0	Outdoors Supplies	Sporting Equipment & Supplies (footballs, parachutes, etc.)	Denied	0.0	Deny
112764	2007110134222	2007-10-26 00:00:00	2007-10-25 00:00:00	COS	Colorado Springs Municipal	USAir	Passenger Property Loss	Checked Baggage	800.0	Containers,Watches & Jewelry	Handbags & Purses (leather or fabric)*Jewelry - Fine	Canceled	0.0	
112878	2007110234359	2007-10-29 00:00:00	2007-10-19 00:00:00	COS	Colorado Springs Municipal	Delta Air Lines	Passenger Property Loss	Checked Baggage	84.15	Clothing & Accessories	Eyeglasses - (including contact lenses)	Denied	0.0	Deny
113312	2007110834735	2007-11-06 00:00:00	2007-11-02 00:00:00	COS	Colorado Springs Municipal	American Airlines	Passenger Property Loss	Checked Baggage	134.58	Electronics	MP3 Players-(iPods, etc)	Denied	0.0	Deny
113501	2007111334861	2007-11-09 00:00:00	2007-10-27 00:00:00	COS	Colorado Springs Municipal	UAL	Passenger Property Loss	Checked Baggage	512.33	Cosmetics	Cosmetics - Perfume, toilet articles, medicines, soaps, etc.	Settled	333.13	Settle
113584	2007111535075	2007-11-13 00:00:00	2007-10-13 00:00:00	COS	Colorado Springs Municipal	USAir	Passenger Property Loss	Checked Baggage	30.0	Clothing & Accessories	Clothing - Shoes, belts, accessories, etc.	Denied	0.0	Deny
113647	2007111535062	2007-11-13 00:00:00	2007-10-05 00:00:00	COS	Colorado Springs Municipal	American Airlines	Passenger Property Loss	Checked Baggage	60.0	Automobile & Mechanical	Bicycles	Settled	30.0	Settle
114051	2007112835574	2007-11-21 00:00:00	2007-06-26 00:00:00	COS	Colorado Springs Municipal	American Airlines	Passenger Property Loss	Checked Baggage	752.0	Tools & Machines,Clothing & Accessories,Containers,Watches & Jewelry,Watches & Jewelry	Barber Supplies - Scissors, shears, elecric razors, etc.*Clothing - Shoes, belts, accessories, etc.*Handbags & Purses (leather or fabric)*Jewelry - Costume*Jewelry - Fine	Denied	0.0	Deny
114272	2007112935682	2007-11-26 00:00:00	2007-10-17 00:00:00	COS	Colorado Springs Municipal	American Airlines	Passenger Property Loss	Checked Baggage	106.0	Clothing & Accessories	Eyeglasses - (including contact lenses)	Settled	53.0	Settle
114322	2007120335858	2007-11-27 00:00:00	2007-11-18 00:00:00	COS	Colorado Springs Municipal	Delta Air Lines	Passenger Property Loss	Checked Baggage	606.88	Electronics,Cosmetics,Other	Cameras - Digital*Cosmetics - Perfume, toilet articles, medicines, soaps, etc.*Other	Denied	0.0	Deny
114442	2007120335898	2007-11-29 00:00:00	2007-11-14 00:00:00	COS	Colorado Springs Municipal	Northwest Airlines	Passenger Property Loss	Checked Baggage	35.0	Tools & Machines,Containers	Locks*Luggage (all types including footlockers)	Denied	0.0	Deny
115685	2008010337267	2007-12-26 00:00:00	2007-12-09 00:00:00	COS	Colorado Springs Municipal	Allegiant Air	Passenger Property Loss	Checked Baggage	25.0	Food & Drink	Alcoholic beverages	Denied	0.0	Deny
116184	2008010937625	2008-01-07 00:00:00	2008-01-05 00:00:00	COS	Colorado Springs Municipal	American Airlines	Passenger Property Loss	Checked Baggage	460.39	Containers	Handbags & Purses (leather or fabric)	Denied	0.0	Deny
116264	2008011437839	2008-01-07 00:00:00	2007-12-18 00:00:00	COS	Colorado Springs Municipal		Passenger Property Loss	Checked Baggage	12.0	Tools & Machines	Locks	Denied	0.0	Deny
116355	2008011437810	2008-01-08 00:00:00	2008-01-06 00:00:00	COS	Colorado Springs Municipal		Passenger Property Loss	Checked Baggage	100.0	Other	Other	Denied	0.0	Deny
116362	2008011437820	2008-01-08 00:00:00	2007-12-20 00:00:00	COS	Colorado Springs Municipal	American Airlines	Passenger Property Loss	Checked Baggage	249.95	Other	Other	Denied	0.0	Deny
116580	2008011738077	2008-01-10 00:00:00	2008-01-03 00:00:00	COS	Colorado Springs Municipal	Northwest Airlines	Passenger Property Loss	Checked Baggage	342.85	Clothing & Accessories	Eyeglasses - (including contact lenses)	Settled	171.43	Settle
116671	2008011738084	2008-01-14 00:00:00	2008-01-04 00:00:00	COS	Colorado Springs Municipal	USAir	Passenger Property Loss	Checked Baggage	200.0	Other	Other	Canceled	0.0	
116994	2008012538583	2008-01-17 00:00:00	2007-12-29 00:00:00	COS	Colorado Springs Municipal	Continental Airlines	Passenger Property Loss	Checked Baggage	36.0	Cosmetics,Other	Cosmetics - Perfume, toilet articles, medicines, soaps, etc.*Other	Settled	18.0	Settle
117125	2008012938749	2008-01-22 00:00:00	2007-12-16 00:00:00	COS	Colorado Springs Municipal	Continental Airlines	Passenger Property Loss	Checked Baggage	390.0	Other,Watches & Jewelry	Currency*Jewelry - Costume	Denied	0.0	Deny
117134	2008012938777	2008-01-22 00:00:00	2008-01-04 00:00:00	COS	Colorado Springs Municipal	UAL	Passenger Property Loss	Checked Baggage	597.86	Electronics,Electronics	Cameras - Digital*MP3 Players-(iPods, etc)	Denied	0.0	Deny
117318	2008013038849	2008-01-25 00:00:00	2007-12-22 00:00:00	COS	Colorado Springs Municipal	American Airlines	Passenger Property Loss	Checked Baggage	59.07	Cosmetics	Cosmetics - Perfume, toilet articles, medicines, soaps, etc.	Denied	0.0	Deny
117697	2008021239406	2008-01-31 00:00:00	2008-01-21 00:00:00	COS	Colorado Springs Municipal	UAL	Passenger Property Loss	Checked Baggage	80.0	Clothing & Accessories,Cosmetics	Clothing - Shoes, belts, accessories, etc.*Cosmetics - Perfume, toilet articles, medicines, soaps, etc.	Denied	0.0	Deny
117883	2008020439042	2008-02-05 00:00:00	2008-01-04 00:00:00	COS	Colorado Springs Municipal	UAL	Passenger Property Loss	Checked Baggage	214.45	Other	Other	Denied	0.0	Deny
118332	2008022039859	2008-02-14 00:00:00	2008-01-30 00:00:00	COS	Colorado Springs Municipal	UAL	Passenger Property Loss	Checked Baggage	10.0	Tools & Machines	Locks	Denied	0.0	Deny
118425	2008022640207	2008-02-19 00:00:00	2008-02-06 00:00:00	COS	Colorado Springs Municipal	Delta Air Lines	Passenger Property Loss	Checked Baggage	179.73	Electronics	Flashlights	Canceled	0.0	
118979	2008030740648	2008-02-27 00:00:00	2008-02-21 00:00:00	COS	Colorado Springs Municipal	American Airlines	Passenger Property Loss	Checked Baggage	16.0	Clothing & Accessories	Clothing - Shoes, belts, accessories, etc.	Denied	0.0	Deny
119228	2008031240917	2008-03-04 00:00:00	2008-02-24 00:00:00	COS	Colorado Springs Municipal	Northwest Airlines	Passenger Property Loss	Checked Baggage	124.93	Office Supplies	Books - Fiction, paperbacks, magazines, etc.	Denied	0.0	Deny
119281	2008031441034	2008-03-05 00:00:00	2008-01-27 00:00:00	COS	Colorado Springs Municipal	Allegiant Air	Passenger Property Loss	Checkpoint	6000.0	Watches & Jewelry	Jewelry - Fine	Denied	0.0	Deny
119414	2008031341010	2008-03-10 00:00:00	2008-03-06 00:00:00	COS	Colorado Springs Municipal		Passenger Property Loss	Checked Baggage	20.52	Other	Other	Canceled	0.0	
119463	2008031741114	2008-03-10 00:00:00	2008-03-01 00:00:00	COS	Colorado Springs Municipal	UAL	Passenger Property Loss	Checked Baggage	29.95	Electronics	Cameras - Non-electronic (Camera supplies, lenses, projectors, etc.)	Denied	0.0	Deny
119693	2008031140760	2008-03-14 00:00:00	2008-02-27 00:00:00	COS	Colorado Springs Municipal	UAL	Passenger Property Loss	Checked Baggage	1324.28	Electronics	Computer - Laptop	Denied	0.0	Deny
119755	2008032141359	2008-03-17 00:00:00	2008-03-13 00:00:00	COS	Colorado Springs Municipal	Northwest Airlines	Passenger Property Loss	Checked Baggage	64.99	Supplies	Medicines	Denied	0.0	Deny
120199	2008040241724	2008-03-25 00:00:00	2008-01-26 00:00:00	COS	Colorado Springs Municipal	USAir	Passenger Property Loss	Checked Baggage	204.27	Other	Other	Denied	0.0	Deny
120973	2008041742774	2008-04-07 00:00:00	2008-02-28 00:00:00	COS	Colorado Springs Municipal	American Airlines	Passenger Property Loss	Checked Baggage	70.0	Cosmetics,Other	Cosmetics - Perfume, toilet articles, medicines, soaps, etc.*Other	Denied	0.0	Deny
121393	2008042243067	2008-04-15 00:00:00	2008-01-22 00:00:00	COS	Colorado Springs Municipal	American Airlines	Passenger Property Loss	Checked Baggage	259.99	Other	Other	Canceled	0.0	
121602	2008042543396	2008-04-21 00:00:00	2008-03-29 00:00:00	COS	Colorado Springs Municipal	UAL	Passenger Property Loss	Checkpoint	160.0	Scientific Intruments	Dental Equipment and Instruments	Approved	160.0	Approve in Full
122163	2008050543779	2008-05-01 00:00:00	2008-04-27 00:00:00	COS	Colorado Springs Municipal	American Airlines	Passenger Property Loss	Checked Baggage	7.5	Other	Other	Approved	7.5	Approve in Full
122700	2008051544338	2008-05-12 00:00:00	2008-03-07 00:00:00	COS	Colorado Springs Municipal	UAL	Passenger Property Loss	Checked Baggage	48.0	Household Decor	Clocks - Inexpensive ($75.00 or less)	Settled	24.0	Settle
124028	2008061345624	2008-06-10 00:00:00	2008-05-30 00:00:00	COS	Colorado Springs Municipal	USAir	Passenger Property Loss	Checked Baggage	35.0	Cosmetics	Cosmetics - Perfume, toilet articles, medicines, soaps, etc.	Settled	17.5	Settle
124034	2008061645705	2008-06-10 00:00:00	2008-05-25 00:00:00	COS	Colorado Springs Municipal	American Airlines	Passenger Property Loss	Checked Baggage	140.0	Cosmetics	Cosmetics - Perfume, toilet articles, medicines, soaps, etc.	Settled	35.0	Settle
124057	2008061845805	2008-06-11 00:00:00	2008-06-05 00:00:00	COS	Colorado Springs Municipal	Allegiant Air	Passenger Property Loss	Checked Baggage	64.54	Other	Other	Denied	0.0	Deny
124066	2008061845830	2008-06-11 00:00:00	2008-06-05 00:00:00	COS	Colorado Springs Municipal	Northwest Airlines	Passenger Property Loss	Checked Baggage	17.06	Tools & Machines	Locks	Denied	0.0	Deny
124102	2008061745776	2008-06-12 00:00:00	2008-05-15 00:00:00	COS	Colorado Springs Municipal	UAL	Passenger Property Loss	Checked Baggage	250.0	Electronics,Other	MP3 Players-(iPods, etc)*Other	Denied	0.0	Deny
124350	2008062446067	2008-06-18 00:00:00	2008-06-08 00:00:00	COS	Colorado Springs Municipal	UAL	Passenger Property Loss	Checked Baggage	20.17	Tools & Machines	Locks	Denied	0.0	Deny
124389	2008062446065	2008-06-19 00:00:00	2008-04-13 00:00:00	COS	Colorado Springs Municipal	UAL	Passenger Property Loss	Checked Baggage	20.16	Tools & Machines	Locks	Denied	0.0	Deny
124483	2008062546138	2008-06-23 00:00:00	2008-06-17 00:00:00	COS	Colorado Springs Municipal	Delta Air Lines	Passenger Property Loss	Checked Baggage	307.43	Electronics,Electronics	Cameras - Digital*Cameras - Non-electronic (Camera supplies, lenses, projectors, etc.)	Denied	0.0	Deny
125136	2008071546944	2008-07-07 00:00:00	2008-06-21 00:00:00	COS	Colorado Springs Municipal	Continental Airlines	Passenger Property Loss	Checked Baggage	6.41	Tools & Machines	Locks	Denied	0.0	Deny
125137	2008071546945	2008-07-07 00:00:00	2007-12-24 00:00:00	COS	Colorado Springs Municipal		Passenger Property Loss	Checked Baggage	12.82	Tools & Machines	Locks	Denied	0.0	Deny
125361	2008072147164	2008-07-11 00:00:00	2008-06-06 00:00:00	COS	Colorado Springs Municipal	American Airlines	Passenger Property Loss	Checked Baggage	4444.96	Watches & Jewelry	Jewelry - Fine	Canceled	0.0	
125400	2008071747092	2008-07-11 00:00:00	2008-06-11 00:00:00	COS	Colorado Springs Municipal		Passenger Property Loss	Checkpoint	335.0	Electronics,Other	MP3 Players-(iPods, etc)*Other	Settled	299.0	Settle
125424	2008071046729	2008-07-14 00:00:00	2008-05-14 00:00:00	COS	Colorado Springs Municipal	Northwest Airlines	Passenger Property Loss	Checked Baggage	7.75	Tools & Machines	Locks	Denied	0.0	Deny
125461	2008072147154	2008-07-14 00:00:00	2008-05-29 00:00:00	COS	Colorado Springs Municipal	American Airlines	Passenger Property Loss	Checked Baggage	18.0	Tools & Machines	Locks	Denied	0.0	Deny
125765	2008072847534	2008-07-21 00:00:00	2008-06-23 00:00:00	COS	Colorado Springs Municipal	UAL	Passenger Property Loss	Checked Baggage	30.0	Clothing & Accessories,Other	Clothing - Shoes, belts, accessories, etc.*Other	Denied	0.0	Deny
125789	2008072847565	2008-07-22 00:00:00	2008-07-21 00:00:00	COS	Colorado Springs Municipal	UAL	Passenger Property Loss	Checked Baggage	70.36	Clothing & Accessories	Clothing - Shoes, belts, accessories, etc.	Approved	70.36	Approve in Full
125885	2008072947593	2008-07-23 00:00:00	2008-07-19 00:00:00	COS	Colorado Springs Municipal	Northwest Airlines	Passenger Property Loss	Checked Baggage	789.81	Electronics,Cosmetics	Cameras - Digital*Cosmetics - Perfume, toilet articles, medicines, soaps, etc.	Denied	0.0	Deny
126378	2008080648144	2008-08-01 00:00:00	2008-07-29 00:00:00	COS	Colorado Springs Municipal	Delta Air Lines	Passenger Property Loss	Checked Baggage		Supplies	Medicines	Insufficient, one of the following items required: sum certain, statement of fact, signature, location of incident, and date.		
126478	2008080748224	2008-08-05 00:00:00	2008-08-04 00:00:00	COS	Colorado Springs Municipal	USAir	Passenger Property Loss	Checkpoint	46.0	Other	Currency	Denied	0.0	Deny
126539	2008080848271	2008-08-06 00:00:00	2008-05-31 00:00:00	COS	Colorado Springs Municipal	UAL	Passenger Property Loss	Checked Baggage	667.0	Clothing & Accessories,Cosmetics	Clothing - Shoes, belts, accessories, etc.*Cosmetics - Perfume, toilet articles, medicines, soaps, etc.	Denied	0.0	Deny
126706	2008081348524	2008-08-08 00:00:00	2008-07-19 00:00:00	COS	Colorado Springs Municipal	American Airlines	Passenger Property Loss	Checked Baggage	63.05	Outdoors Supplies	Sporting Equipment & Supplies (footballs, parachutes, etc.)	Denied	0.0	Deny
126707	2008081348527	2008-08-08 00:00:00	2008-07-28 00:00:00	COS	Colorado Springs Municipal	American Airlines	Passenger Property Loss	Checked Baggage	10.73	Tools & Machines	Locks	Denied	0.0	Deny
126745	2008080648155	2008-08-11 00:00:00	2008-06-21 00:00:00	COS	Colorado Springs Municipal	American Airlines	Passenger Property Loss	Checked Baggage	41.12	Clothing & Accessories,Other	Clothing - Shoes, belts, accessories, etc.*Currency	Denied	0.0	Deny
126776	2008081448605	2008-08-11 00:00:00	2008-07-27 00:00:00	COS	Colorado Springs Municipal	UAL	Passenger Property Loss	Checked Baggage	48.51	Supplies	Medicines	Denied	0.0	Deny
126806	2008081448567	2008-08-11 00:00:00	2008-03-19 00:00:00	COS	Colorado Springs Municipal	American Airlines	Passenger Property Loss	Checked Baggage	794.98	Electronics	Computer - Laptop	Insufficient, one of the following items required: sum certain, statement of fact, signature, location of incident, and date.		
127147	2008082248962	2008-08-19 00:00:00	2008-06-22 00:00:00	COS	Colorado Springs Municipal	UAL	Passenger Property Loss	Checked Baggage	1732.0	Electronics	Computer - Laptop	Insufficient, one of the following items required: sum certain, statement of fact, signature, location of incident, and date.		
127359	2008082749157	2008-08-25 00:00:00	2008-08-19 00:00:00	COS	Colorado Springs Municipal	Northwest Airlines	Passenger Property Loss	Checked Baggage	74.19	Clothing & Accessories	Clothing - Shoes, belts, accessories, etc.	Denied	0.0	Deny
127381	2008082749214	2008-08-25 00:00:00	2008-08-03 00:00:00	COS	Colorado Springs Municipal	American Airlines	Passenger Property Loss	Checked Baggage	72.3	Cosmetics	Cosmetics - Perfume, toilet articles, medicines, soaps, etc.	Denied	0.0	Deny
127412	2008082949266	2008-08-26 00:00:00	2008-08-12 00:00:00	COS	Colorado Springs Municipal	American Airlines	Passenger Property Loss	Checked Baggage	400.0	Clothing & Accessories	Clothing - Shoes, belts, accessories, etc.	Canceled	0.0	
127441	2008082749190	2008-08-26 00:00:00	2008-08-24 00:00:00	COS	Colorado Springs Municipal	Continental Airlines	Passenger Property Loss	Checked Baggage	1070.0	Containers,Cosmetics,Supplies	Bags - Fabric, plastic, etc. (not purses)*Cosmetics - Perfume, toilet articles, medicines, soaps, etc.*Medicines	Denied	0.0	Deny
127494	2008090249341	2008-08-27 00:00:00	2008-07-25 00:00:00	COS	Colorado Springs Municipal	UAL	Passenger Property Loss	Checked Baggage	35.0	Clothing & Accessories	Clothing - Shoes, belts, accessories, etc.	Approved	35.0	Approve in Full
127730	2008090449499	2008-09-02 00:00:00	2008-08-27 00:00:00	COS	Colorado Springs Municipal	American Airlines	Passenger Property Loss	Checked Baggage	157.95	Clothing & Accessories,Other	Clothing - Shoes, belts, accessories, etc.*Other	Settled	111.95	Settle
127756	2008090449488	2008-09-03 00:00:00	2008-08-23 00:00:00	COS	Colorado Springs Municipal	Continental Airlines	Passenger Property Loss	Checked Baggage	62.77	Clothing & Accessories,Games & Toys	Clothing - Shoes, belts, accessories, etc.*Toys - Other (including games, toys, play dolls etc.)	Denied	0.0	Deny
127847	2008090949691	2008-09-05 00:00:00	2008-09-01 00:00:00	COS	Colorado Springs Municipal	Allegiant Air	Passenger Property Loss	Checked Baggage	12.95	Electronics	Flashlights	Approved	12.95	Approve in Full
127906	2008091249803	2008-09-08 00:00:00	2008-08-24 00:00:00	COS	Colorado Springs Municipal		Passenger Property Loss	Checked Baggage	105.0	Clothing & Accessories	Clothing - Shoes, belts, accessories, etc.	Approved	105.0	Approve in Full
128078	2008091049744	2008-09-09 00:00:00	2008-04-20 00:00:00	COS	Colorado Springs Municipal		Passenger Property Loss	Checked Baggage	265.48	Household Decor	Paintings and Pictures (including frames, etchings, photos, etc)	Settled	200.0	Settle
128312	2008091950157	2008-09-16 00:00:00	2008-09-09 00:00:00	COS	Colorado Springs Municipal	American Airlines	Passenger Property Loss	Checkpoint		Electronics	Cameras - Digital	Canceled	0.0	
128328	2008091850105	2008-09-16 00:00:00	2008-08-29 00:00:00	COS	Colorado Springs Municipal	Delta Air Lines	Passenger Property Loss	Checked Baggage	278.17	Clothing & Accessories	Eyeglasses - (including contact lenses)	Denied	0.0	Deny
128415	2008092550494	2008-09-17 00:00:00	2008-09-12 00:00:00	COS	Colorado Springs Municipal	Frontier Airlines	Passenger Property Loss	Checked Baggage	5.54	Tools & Machines,Other	Locks*Other	Denied	0.0	Deny
128588	2008092450357	2008-09-22 00:00:00	2008-09-10 00:00:00	COS	Colorado Springs Municipal	USAir	Passenger Property Loss	Checked Baggage	30.0	Tools & Machines	Locks	Denied	0.0	Deny
128716	2008092650509	2008-09-25 00:00:00	2008-09-06 00:00:00	COS	Colorado Springs Municipal	Frontier Airlines	Passenger Property Loss	Checked Baggage	350.0	Clothing & Accessories,Tools & Machines,Containers	Eyeglasses - (including contact lenses)*Locks*Luggage (all types including footlockers)	Denied	0.0	Deny
128742	2008092450384	2008-09-25 00:00:00	2008-09-21 00:00:00	COS	Colorado Springs Municipal	UAL	Passenger Property Loss	Checked Baggage	200.0	Clothing & Accessories,Other	Clothing - Shoes, belts, accessories, etc.*Other	Settled	84.0	Settle
128954	2008100350736	2008-10-01 00:00:00	2008-09-18 00:00:00	COS	Colorado Springs Municipal	USAir	Passenger Property Loss	Checked Baggage	20.0	Electronics,Electronics	Batteries - Dry cell only*Hearing Aids	Denied	0.0	Deny
129097	2008100850923	2008-10-06 00:00:00	2008-09-21 00:00:00	COS	Colorado Springs Municipal	UAL	Passenger Property Loss	Checked Baggage	50.0	Clothing & Accessories	Clothing - Shoes, belts, accessories, etc.	Denied	0.0	Deny
129192	2008101051017	2008-10-08 00:00:00	2008-09-05 00:00:00	COS	Colorado Springs Municipal	UAL	Passenger Property Loss	Checked Baggage	37.86	Clothing & Accessories	Clothing - Shoes, belts, accessories, etc.	Approved	37.86	Approve in Full
129313	2008101451090	2008-10-10 00:00:00	2008-10-01 00:00:00	COS	Colorado Springs Municipal	UAL	Passenger Property Loss	Checked Baggage	149.95	Electronics,Electronics	Cameras - Digital*Cameras - Non-electronic (Camera supplies, lenses, projectors, etc.)	Denied	0.0	Deny
129701	2008102251411	2008-10-21 00:00:00	2008-10-11 00:00:00	COS	Colorado Springs Municipal	Frontier Airlines	Passenger Property Loss	Checked Baggage	120.0	Clothing & Accessories	Clothing - Shoes, belts, accessories, etc.	Denied	0.0	Deny
130265	2008110752073	2008-11-04 00:00:00	2008-11-01 00:00:00	COS	Colorado Springs Municipal	UAL	Passenger Property Loss	Checked Baggage	100.0	Outdoors Supplies	Sporting Equipment & Supplies (footballs, parachutes, etc.)	Denied	0.0	Deny
130304	2008111352176	2008-11-05 00:00:00	2008-10-25 00:00:00	COS	Colorado Springs Municipal	Delta Air Lines	Passenger Property Loss	Checked Baggage	10.0	Containers	Luggage (all types including footlockers)	Denied	0.0	Deny
130504	2008111752319	2008-11-12 00:00:00	2008-11-04 00:00:00	COS	Colorado Springs Municipal	USAir	Passenger Property Loss	Checkpoint	209.0	Clothing & Accessories	Eyeglasses - (including contact lenses)	Denied	0.0	Deny
131118	2008110451838	2008-11-28 00:00:00	2008-09-27 00:00:00	COS	Colorado Springs Municipal	UAL	Passenger Property Loss	Checked Baggage	10.0	Tools & Machines	Locks	Approved	10.0	Approve in Full
131316	2008121053264	2008-12-02 00:00:00	2008-11-17 00:00:00	COS	Colorado Springs Municipal	Northwest Airlines	Passenger Property Loss	Checked Baggage	300.0	Watches & Jewelry	Jewelry - Fine	Denied	0.0	Deny
131443	2008121153282	2008-12-08 00:00:00	2008-11-30 00:00:00	COS	Colorado Springs Municipal	American Airlines	Passenger Property Loss	Checked Baggage	40.73	Tools & Machines	Barber Supplies - Scissors, shears, elecric razors, etc.	Denied	0.0	Deny
131649	2008121853496	2008-12-11 00:00:00	2008-12-05 00:00:00	COS	Colorado Springs Municipal	American Airlines	Passenger Property Loss	Checked Baggage	129.95	Clothing & Accessories	Clothing - Shoes, belts, accessories, etc.	Denied	0.0	Deny
132620	2009011454510	2009-01-08 00:00:00	2008-12-31 00:00:00	COS	Colorado Springs Municipal	Delta Air Lines	Passenger Property Loss	Checked Baggage	169.5	Watches & Jewelry,Other	Jewelry - Costume*Other	Denied	0.0	Deny
132880	2009012354799	2009-01-13 00:00:00	2008-10-13 00:00:00	COS	Colorado Springs Municipal	Continental Airlines	Passenger Property Loss	Checked Baggage	2670.0	Electronics,Other	Batteries - Dry cell only*Other	Denied	0.0	Deny
133040	2009011554542	2009-01-16 00:00:00	2008-12-23 00:00:00	COS	Colorado Springs Municipal	UAL	Passenger Property Loss	Checked Baggage	180.0	Clothing & Accessories	Clothing - Shoes, belts, accessories, etc.	Denied	0.0	Deny
133576	2009021355493	2009-02-02 00:00:00	2008-11-27 00:00:00	COS	Colorado Springs Municipal	Delta Air Lines	Passenger Property Loss	Checked Baggage	60.0	Cosmetics	Cosmetics - Perfume, toilet articles, medicines, soaps, etc.	Denied	0.0	Deny
133618	2009022455777	2009-02-02 00:00:00	2008-11-25 00:00:00	COS	Colorado Springs Municipal	Continental Airlines	Passenger Property Loss	Checked Baggage		Watches & Jewelry	Jewelry - Fine	Insufficient, one of the following items required: sum certain, statement of fact, signature, location of incident, and date.		
133991	2009031756341	2009-02-12 00:00:00	2008-06-06 00:00:00	COS	Colorado Springs Municipal	UAL	Passenger Property Loss	Checked Baggage	12.5	Tools & Machines	Locks	Approved	12.5	Approve in Full
134791	2009032056644	2009-03-09 00:00:00	2009-01-28 00:00:00	COS	Colorado Springs Municipal	American Airlines	Passenger Property Loss	Checked Baggage	9.48	Tools & Machines	Barber Supplies - Scissors, shears, elecric razors, etc.	Approved	9.48	Approve in Full
134922	2009032656956	2009-03-11 00:00:00	2009-02-09 00:00:00	COS	Colorado Springs Municipal	American Airlines	Passenger Property Loss	Checked Baggage	180.0	Other	Other	Approved	180.0	Approve in Full
134988	2009040257123	2009-03-11 00:00:00	2009-01-30 00:00:00	COS	Colorado Springs Municipal	Delta Air Lines	Passenger Property Loss	Checked Baggage	37.55	Household Items	Kitchen Utensils -Pots, Pans, Knives (heavy aluminum, cast iron, etc.)	Denied	0.0	Deny
135017	2009032757003	2009-03-12 00:00:00	2009-02-20 00:00:00	COS	Colorado Springs Municipal	Delta Air Lines	Passenger Property Loss	Checked Baggage	498.0	Cosmetics	Cosmetics - Perfume, toilet articles, medicines, soaps, etc.	Denied	0.0	Deny
135196	2009040357167	2009-03-18 00:00:00	2009-03-14 00:00:00	COS	Colorado Springs Municipal	UAL	Passenger Property Loss	Checked Baggage	75.0	Clothing & Accessories	Clothing - Shoes, belts, accessories, etc.	Canceled	0.0	
135525	2009041457494	2009-03-26 00:00:00	2008-09-26 00:00:00	COS	Colorado Springs Municipal	Northwest Airlines	Passenger Property Loss	Checked Baggage	1294.0	Electronics,Clothing & Accessories,Electronics	Cameras - Digital*Clothing - Shoes, belts, accessories, etc.*MP3 Players-(iPods, etc)	Denied	0.0	Deny
135648	2009040857222	2009-03-30 00:00:00	2009-03-26 00:00:00	COS	Colorado Springs Municipal	UAL	Passenger Property Loss	Checked Baggage	100.0	Electronics	GPS - Global Positioning System	Canceled	0.0	
136189	2009050158229	2009-04-13 00:00:00	2009-02-23 00:00:00	COS	Colorado Springs Municipal	Continental Airlines	Passenger Property Loss	Checkpoint	242.05	Cosmetics	Cosmetics - Perfume, toilet articles, medicines, soaps, etc.	Denied	0.0	Deny
136561	2009051358554	2009-04-23 00:00:00	2009-04-01 00:00:00	COS	Colorado Springs Municipal	American Airlines	Passenger Property Loss	Checked Baggage	299.0	Electronics	Stereo Items & Accessories	Denied	0.0	Deny
136855	2009051858844	2009-05-01 00:00:00	2009-04-04 00:00:00	COS	Colorado Springs Municipal	Frontier Airlines	Passenger Property Loss	Checked Baggage	32.19	Other	Other	Approved	32.19	Approve in Full
137006	2009051959055	2009-05-06 00:00:00	2009-04-05 00:00:00	COS	Colorado Springs Municipal	UAL	Passenger Property Loss	Checked Baggage	85.91	Electronics	Computer - Laptop	Approved	85.91	Approve in Full
137443	2009052159357	2009-05-20 00:00:00	2009-04-19 00:00:00	COS	Colorado Springs Municipal	Northwest Airlines	Passenger Property Loss	Checked Baggage	320.88	Supplies	Medicines	Canceled	0.0	
137873	2009060459892	2009-06-01 00:00:00	2009-05-28 00:00:00	COS	Colorado Springs Municipal	American Airlines	Passenger Property Loss	Checked Baggage	375.85	Containers,Electronics,Other	Luggage (all types including footlockers)*MP3 Players-(iPods, etc)*Other	Denied	0.0	Deny
137962	2009060959961	2009-06-04 00:00:00	2009-03-22 00:00:00	COS	Colorado Springs Municipal	Delta Air Lines	Passenger Property Loss	Checkpoint	65.0	Other	Other	Denied	0.0	Deny
137973	2009061059994	2009-06-04 00:00:00	2009-05-18 00:00:00	COS	Colorado Springs Municipal	American Airlines	Passenger Property Loss	Checked Baggage	373.0	Other	Other	Denied	0.0	Deny
138060	2009042858032	2009-06-06 00:00:00	2008-11-26 00:00:00	COS	Colorado Springs Municipal	USAir	Passenger Property Loss	Checked Baggage	7.52	Other	Other	Denied	0.0	Deny
138218	2009061560203	2009-06-10 00:00:00	2009-06-08 00:00:00	COS	Colorado Springs Municipal	American Airlines	Passenger Property Loss	Checked Baggage	693.33	Electronics	Cameras - Digital	Denied	0.0	Deny
138308	2009062460573	2009-06-12 00:00:00	2009-05-22 00:00:00	COS	Colorado Springs Municipal	UAL	Passenger Property Loss	Checked Baggage	16.45	Tools & Machines	Locks	Canceled	0.0	
138461	2009062260473	2009-06-17 00:00:00	2009-06-02 00:00:00	COS	Colorado Springs Municipal		Passenger Property Loss	Checkpoint	2000.0	Electronics	Hearing Aids	Canceled	0.0	
138462	2009062260478	2009-06-17 00:00:00	2009-06-07 00:00:00	COS	Colorado Springs Municipal	American Airlines	Passenger Property Loss	Checked Baggage	21.8	Clothing & Accessories	Clothing - Shoes, belts, accessories, etc.	Canceled	0.0	
139125	2009071461226	2009-07-06 00:00:00	2009-06-29 00:00:00	COS	Colorado Springs Municipal	American Airlines	Passenger Property Loss	Checked Baggage	2798.0	Electronics	Cameras - Non-electronic (Camera supplies, lenses, projectors, etc.)	Denied	0.0	Deny
139169	2009071461154	2009-07-07 00:00:00	2009-06-14 00:00:00	COS	Colorado Springs Municipal	American Airlines	Passenger Property Loss	Checked Baggage	100.0	Outdoors Supplies	Sporting Equipment & Supplies (footballs, parachutes, etc.)	Denied	0.0	Deny
139170	2009071461155	2009-07-07 00:00:00	2009-06-14 00:00:00	COS	Colorado Springs Municipal	Frontier Airlines	Passenger Property Loss	Checked Baggage	45.0	Supplies	Medicines	Denied	0.0	Deny
139190	2009071561260	2009-07-07 00:00:00	2009-06-21 00:00:00	COS	Colorado Springs Municipal	UAL	Passenger Property Loss	Checked Baggage	200.0	Clothing & Accessories	Clothing - Shoes, belts, accessories, etc.	Denied	0.0	Deny
139206	2009072061456	2009-07-07 00:00:00	2008-09-27 00:00:00	COS	Colorado Springs Municipal	Northwest Airlines	Passenger Property Loss	Checked Baggage	1471.63	Electronics,Clothing & Accessories,Cosmetics,Electronics	Cameras - Digital*Clothing - Shoes, belts, accessories, etc.*Cosmetics - Perfume, toilet articles, medicines, soaps, etc.*MP3 Players-(iPods, etc)	Denied	0.0	Deny
139251	2009071561246	2009-07-08 00:00:00	2009-06-14 00:00:00	COS	Colorado Springs Municipal	American Airlines	Passenger Property Loss	Checked Baggage	149.99	Electronics	GPS - Global Positioning System	Denied	0.0	Deny
139393	2009071761414	2009-07-13 00:00:00	2009-06-15 00:00:00	COS	Colorado Springs Municipal	American Airlines	Passenger Property Loss	Checked Baggage	414.51	Electronics	Cameras - Digital	Denied	0.0	Deny
139452	2009072161533	2009-07-14 00:00:00	2009-06-22 00:00:00	COS	Colorado Springs Municipal	American Airlines	Passenger Property Loss	Checked Baggage	218.88	Clothing & Accessories	Clothing - Shoes, belts, accessories, etc.	Canceled	0.0	Deny
139490	2009072261591	2009-07-14 00:00:00	2009-07-02 00:00:00	COS	Colorado Springs Municipal	Frontier Airlines	Passenger Property Loss	Checked Baggage	101.5	Containers,Cosmetics,Cosmetics	Bags - Fabric, plastic, etc. (not purses)*Cosmetics - Perfume, toilet articles, medicines, soaps, etc.*Razors (other than electric)	Denied	0.0	Deny
139502	2009072161571	2009-07-15 00:00:00	2009-06-29 00:00:00	COS	Colorado Springs Municipal	American Airlines	Passenger Property Loss	Checked Baggage	21.65	Tools & Machines	Locks	Canceled	0.0	
139710	2009072761790	2009-07-20 00:00:00	2009-07-01 00:00:00	COS	Colorado Springs Municipal	American Airlines	Passenger Property Loss	Checked Baggage	100.0	Clothing & Accessories,Containers	Clothing - Shoes, belts, accessories, etc.*Luggage (all types including footlockers)	Denied	0.0	Deny
139885	2009071661288	2009-07-24 00:00:00	2009-06-21 00:00:00	COS	Colorado Springs Municipal	UAL	Passenger Property Loss	Checked Baggage	261.03	Clothing & Accessories,Outdoors Supplies	Clothing - Shoes, belts, accessories, etc.*Sporting Equipment & Supplies (footballs, parachutes, etc.)	Denied	0.0	Deny
140122	2009080462204	2009-07-30 00:00:00	2009-07-19 00:00:00	COS	Colorado Springs Municipal	UAL	Passenger Property Loss	Checked Baggage	65.0	Watches & Jewelry	Jewelry - Costume	Canceled	0.0	
140427	2009081062461	2009-08-07 00:00:00	2009-05-27 00:00:00	COS	Colorado Springs Municipal	Continental Airlines	Passenger Property Loss	Checked Baggage	146.59	Clothing & Accessories	Clothing - Shoes, belts, accessories, etc.	Canceled	0.0	
140444	2009081262546	2009-08-07 00:00:00	2009-07-02 00:00:00	COS	Colorado Springs Municipal	Frontier Airlines	Passenger Property Loss	Checked Baggage	34.95	Clothing & Accessories	Clothing - Shoes, belts, accessories, etc.	Denied	0.0	Deny
140447	2009081162480	2009-08-07 00:00:00	2009-08-05 00:00:00	COS	Colorado Springs Municipal	Delta Air Lines	Passenger Property Loss	Checked Baggage	3000.0	Electronics	Computer - Laptop	Insufficient, one of the following items required: sum certain, statement of fact, signature, location of incident, and date.		
140568	2009081462620	2009-08-11 00:00:00	2009-06-27 00:00:00	COS	Colorado Springs Municipal	UAL	Passenger Property Loss	Checked Baggage	1192.98	Watches & Jewelry	Jewelry - Fine	Denied	0.0	Deny
140710	2009082062757	2009-08-14 00:00:00	2009-08-01 00:00:00	COS	Colorado Springs Municipal	Continental Airlines	Passenger Property Loss	Checked Baggage	30.0	Containers,Cosmetics	Bags - Fabric, plastic, etc. (not purses)*Cosmetics - Perfume, toilet articles, medicines, soaps, etc.	Settled	15.0	Settle
140805	2009082162858	2009-08-18 00:00:00	2009-08-16 00:00:00	COS	Colorado Springs Municipal	UAL	Passenger Property Loss	Checked Baggage	62.96	Tools & Machines	Lighters - (cigar, cigerette, etc.)	Denied	0.0	Deny
140872	2009082162844	2009-08-20 00:00:00	2009-08-04 00:00:00	COS	Colorado Springs Municipal	American Airlines	Passenger Property Loss	Checked Baggage	27.0	Clothing & Accessories	Clothing - Shoes, belts, accessories, etc.	Denied	0.0	Deny
141364	2009090463365	2009-09-03 00:00:00	2009-07-29 00:00:00	COS	Colorado Springs Municipal	Delta Air Lines	Passenger Property Loss	Checked Baggage	200.0	Electronics	Video Recordings (blank & commercial)	Canceled		
141647	2009082062756	2009-09-14 00:00:00	2009-07-30 00:00:00	COS	Colorado Springs Municipal	American Airlines	Passenger Property Loss	Checkpoint	65.0	Cosmetics,Supplies	Cosmetics - Perfume, toilet articles, medicines, soaps, etc.*Medicines	Denied	0.0	Deny
141729	2009091663706	2009-09-15 00:00:00	2009-09-08 00:00:00	COS	Colorado Springs Municipal	USAir	Passenger Property Loss	Checked Baggage	322.19	Games & Toys	Toys (game systems, cartridges, radio controlled cars, etc.)	Denied	0.0	Deny
141870	2009092163859	2009-09-18 00:00:00	2009-06-27 00:00:00	COS	Colorado Springs Municipal	American Airlines	Passenger Property Loss	Checked Baggage	12.0	Tools & Machines	Locks	Canceled		
141876	2009091863810	2009-09-18 00:00:00	2009-09-13 00:00:00	COS	Colorado Springs Municipal	UAL	Passenger Property Loss	Checked Baggage	100.0	Electronics	Cameras - Digital	Denied	0.0	Deny
141958	2009092363943	2009-09-22 00:00:00	2009-08-20 00:00:00	COS	Colorado Springs Municipal	American Airlines	Passenger Property Loss	Checked Baggage	500.0	Clothing & Accessories	Clothing - Shoes, belts, accessories, etc.	Canceled		
142002	2009092964134	2009-09-23 00:00:00	2009-09-10 00:00:00	COS	Colorado Springs Municipal	Delta Air Lines	Passenger Property Loss	Checked Baggage	10.0	Other	Other	Canceled		
142308	2009100664340	2009-10-01 00:00:00	2009-09-11 00:00:00	COS	Colorado Springs Municipal	UAL	Passenger Property Loss	Checkpoint	130.16	Electronics	Cameras - Digital	Denied	0.0	Deny
142343	2009100564333	2009-10-02 00:00:00	2009-09-22 00:00:00	COS	Colorado Springs Municipal	American Airlines	Passenger Property Loss	Checked Baggage	10.83	Tools & Machines	Locks	Denied	0.0	Deny
142472	2009100964490	2009-10-08 00:00:00	2009-09-03 00:00:00	COS	Colorado Springs Municipal	Allegiant Air	Passenger Property Loss	Checked Baggage	350.0	Watches & Jewelry	Jewelry - Fine	Approved	350.0	Approve in Full
142551	2009102264613	2009-10-09 00:00:00	2009-08-02 06:30:00	COS	Colorado Springs Municipal	Delta Air Lines	Passenger Property Loss	Checkpoint	250.0	Clothing & Accessories	Eyeglasses - (including contact lenses)	Denied	0.0	Deny
142968	2009102964953	2009-10-26 00:00:00	2009-10-25 08:20:00	COS	Colorado Springs Municipal	Delta Air Lines	Passenger Property Loss	Checked Baggage	5.0	Tools & Machines	Locks	Denied	0.0	Deny
143214	2009110965248	2009-11-02 00:00:00	2009-09-28 00:00:00	COS	Colorado Springs Municipal	Delta Air Lines	Passenger Property Loss	Checkpoint	460.0	Watches & Jewelry	Jewelry - Fine	Denied	0.0	Deny
143497	2009112365555	2009-11-12 00:00:00	2009-10-18 10:47:00	COS	Colorado Springs Municipal		Passenger Property Loss	Checked Baggage	32.0	Watches & Jewelry	Jewelry - Costume	Approved	32.0	Approve in Full
143823	2009112565757	2009-11-19 00:00:00	2009-10-28 21:00:00	COS	Colorado Springs Municipal	Frontier Airlines	Passenger Property Loss	Checked Baggage	364.76	Tools & Machines,Electronics	Locks*MP3 Players-(iPods, etc)	Denied	0.0	Deny
144066	2009120966338	2009-11-27 00:00:00	2009-09-30 00:00:00	COS	Colorado Springs Municipal	UAL	Passenger Property Loss	Checked Baggage	1600.0	Other	Other	Settled	500.0	Settle
144353	2009121166437	2009-12-04 00:00:00	2009-11-15 09:58:00	COS	Colorado Springs Municipal	UAL	Passenger Property Loss	Checked Baggage	50.0	Cosmetics,Tools & Machines	Brushes - Hair, Clothes, etc.*Locks	Settled	12.0	Settle
144428	2009121166423	2009-12-08 00:00:00	2009-11-28 06:00:00	COS	Colorado Springs Municipal	American Airlines	Passenger Property Loss	Checked Baggage	94.99	Electronics	Computer - Laptop	Denied	0.0	Deny
145377	2010012868007	2010-01-25 00:00:00	2010-01-14 05:45:00	COS	Colorado Springs Municipal	UAL	Passenger Property Loss	Checkpoint		Watches & Jewelry	Jewelry & Watches		2500.0	Settle
145506	2010020368209	2010-01-29 00:00:00	2010-01-23 15:00:00	COS	Colorado Springs Municipal	UAL	Passenger Property Loss	Checked Baggage		Clothing & Accessories,Electronics,Watches & Jewelry	Clothing*Computer & Accessories*Jewelry & Watches			
145965	2010030268941	2010-02-19 00:00:00	2010-01-25 00:00:00	COS	Colorado Springs Municipal	Continental Airlines	Passenger Property Loss	Checked Baggage		Clothing & Accessories	Personal Accessories		0.0	Deny
146162	2010030669169	2010-02-26 00:00:00	2010-02-18 08:30:00	COS	Colorado Springs Municipal	UAL	Passenger Property Loss	Checked Baggage		Watches & Jewelry	Jewelry & Watches			
146356	2010031169451	2010-03-04 00:00:00	2010-02-21 00:00:00	COS	Colorado Springs Municipal	UAL	Passenger Property Loss	Checked Baggage		Clothing & Accessories,Other	Clothing*Other		0.0	Deny
146512	2010031369580	2010-03-09 00:00:00	2010-02-22 00:00:00	COS	Colorado Springs Municipal		Passenger Property Loss	Checked Baggage		Cosmetics	Cosmetics & Grooming		0.0	Deny
147001	2010032469968	2010-03-24 00:00:00	2010-03-14 00:00:00	COS	Colorado Springs Municipal	Delta Air Lines	Passenger Property Loss	Checked Baggage		Other	Currency		0.0	Deny
147118	2010033170277	2010-03-29 00:00:00	2010-02-19 00:00:00	COS	Colorado Springs Municipal	UAL	Passenger Property Loss	Checked Baggage		Other	Other		0.0	Deny
147120	2010033170287	2010-03-29 00:00:00	2010-03-10 06:00:00	COS	Colorado Springs Municipal	UAL	Passenger Property Loss	Checked Baggage		Electronics	Cameras		0.0	Deny
147257	2010040570426	2010-03-31 00:00:00	2010-03-20 05:18:00	COS	Colorado Springs Municipal	UAL	Passenger Property Loss	Checked Baggage		Watches & Jewelry	Jewelry & Watches		0.0	Deny
147369	2010040870590	2010-04-05 00:00:00	2010-03-25 11:00:00	COS	Colorado Springs Municipal	Continental Airlines	Passenger Property Loss	Checked Baggage		Other	Other		0.0	Deny
147397	2010040970635	2010-04-05 00:00:00	2010-04-02 05:44:00	COS	Colorado Springs Municipal	Delta Air Lines	Passenger Property Loss	Checked Baggage		Clothing & Accessories,Other,Games & Toys	Clothing*Other*Toys & Games		0.0	Deny
147440	2010040870594	2010-04-06 00:00:00	2010-04-02 00:00:00	COS	Colorado Springs Municipal	UAL	Passenger Property Loss	Checked Baggage		Cosmetics	Travel Accessories		10.0	Approve in Full
148278	2010050571510	2010-05-03 00:00:00	2010-03-21 13:44:00	COS	Colorado Springs Municipal	UAL	Passenger Property Loss	Checked Baggage		Other	Other		0.0	Deny
148376	2010022468702	2010-05-05 00:00:00	2010-01-13 12:10:00	COS	Colorado Springs Municipal	American Airlines	Passenger Property Loss	Checked Baggage		Electronics	Personal Electronics		269.1	Settle
148873	2010052472080	2010-05-20 00:00:00	2010-01-03 00:00:00	COS	Colorado Springs Municipal	Northwest Airlines	Passenger Property Loss	Checked Baggage		Clothing & Accessories	Clothing		1229.86	Settle
149167	2010060772443	2010-06-01 00:00:00	2010-05-14 13:20:00	COS	Colorado Springs Municipal	Delta Air Lines	Passenger Property Loss	Checked Baggage		Outdoors Supplies	Hunting & Fishing Items		0.0	Deny
149179	2010060772466	2010-06-01 00:00:00	2010-05-23 05:30:00	COS	Colorado Springs Municipal	Delta Air Lines	Passenger Property Loss	Checked Baggage		Outdoors Supplies	Sporting Equipment & Supplies (footballs, parachutes, etc.)		414.49	Settle
149319	2010061172573	2010-06-03 00:00:00	2010-05-28 06:07:00	COS	Colorado Springs Municipal	Delta Air Lines	Passenger Property Loss	Checked Baggage		Clothing & Accessories	Clothing		48.56	Approve in Full
150277	2010071273563	2010-07-06 00:00:00	2010-06-14 18:15:00	COS	Colorado Springs Municipal	Delta Air Lines	Passenger Property Loss	Checkpoint		Watches & Jewelry,Watches & Jewelry	Jewelry & Watches*Jewelry & Watches		0.0	Deny
151398	2010062973213	2010-08-05 00:00:00	2010-06-14 00:00:00	COS	Colorado Springs Municipal		Passenger Property Loss	Checked Baggage		Electronics	Computer & Accessories		0.0	Deny
153076	2010092676417	2010-09-22 00:00:00	2010-09-10 10:00:00	COS	Colorado Springs Municipal	American Airlines	Passenger Property Loss	Checked Baggage		Electronics	Computer & Accessories		0.0	Deny
156859	2011022380424	2011-01-24 00:00:00	2010-12-28 12:28:00	COS	Colorado Springs Municipal	American Airlines	Passenger Property Loss	Checked Baggage		Containers	Baggage/Cases/Purses		0.0	Deny
157112	2011022480526	2011-02-01 00:00:00	2010-11-17 00:00:00	COS	Colorado Springs Municipal	Allegiant Air	Passenger Property Loss	Checkpoint		Clothing & Accessories	Personal Accessories		322.0	Settle
157441	2011030780952	2011-02-10 00:00:00	2011-01-13 00:00:00	COS	Colorado Springs Municipal	UAL	Passenger Property Loss	Checked Baggage		Food & Drink	Food & Drink		0.0	Deny
157752	2011031681262	2011-02-23 00:00:00	2010-12-12 00:00:00	COS	Colorado Springs Municipal	UAL	Passenger Property Loss	Checked Baggage		Electronics,Electronics	Cameras*Cameras		0.0	Deny
159072	2011041482451	2011-04-07 00:00:00	2011-03-25 00:00:00	COS	Colorado Springs Municipal	American Airlines	Passenger Property Loss	Checked Baggage		Other	Other		47.7	Approve in Full
159660	2011050483176	2011-04-26 00:00:00	2011-04-06 06:00:00	COS	Colorado Springs Municipal	American Airlines	Passenger Property Loss	Checked Baggage		Cosmetics	Travel Accessories		0.0	Deny
160421	2011060183905	2011-05-23 00:00:00	2011-05-14 04:30:00	COS	Colorado Springs Municipal	Delta Air Lines	Passenger Property Loss	Checked Baggage		Cosmetics	Travel Accessories		0.0	Deny
164672	2011101888096	2011-10-11 00:00:00	2011-10-01 00:00:00	COS	Colorado Springs Municipal	UAL	Passenger Property Loss	Checked Baggage		Clothing & Accessories	Clothing		0.0	Deny
168019	2012031491701	2012-01-31 00:00:00	2011-11-19 07:00:00	COS	Colorado Springs Municipal	UAL	Passenger Property Loss	Checked Baggage		Other	Other		22.22	Settle
168411	2012032692114	2012-02-14 00:00:00	2012-01-31 00:00:00	COS	Colorado Springs Municipal	Continental Airlines	Passenger Property Loss	Checked Baggage		Electronics	Computer & Accessories			
168752	2012040492512	2012-02-27 00:00:00	2012-02-20 00:00:00	COS	Colorado Springs Municipal	UAL	Passenger Property Loss	Checked Baggage		Electronics	Personal Electronics		0.0	Deny
169041	2012040592612	2012-03-07 00:00:00	2012-01-02 00:00:00	COS	Colorado Springs Municipal	American Airlines	Passenger Property Loss	Checked Baggage		Clothing & Accessories,Cosmetics,Watches & Jewelry	Clothing*Cosmetics & Grooming*Jewelry & Watches		0.0	Deny
169365	2012041792967	2012-03-20 00:00:00	2012-03-04 00:00:00	COS	Colorado Springs Municipal	American Airlines	Passenger Property Loss	Checked Baggage		Cosmetics	Cosmetics & Grooming		136.54	Approve in Full
170401	2012051493905	2012-04-27 00:00:00	2012-04-15 00:00:00	COS	Colorado Springs Municipal	American Airlines	Passenger Property Loss	Checked Baggage		Other	Other		0.0	Deny
171182	2012062194827	2012-05-23 00:00:00	2012-04-28 00:00:00	COS	Colorado Springs Municipal	UAL	Passenger Property Loss	Checkpoint		Watches & Jewelry	Jewelry & Watches		0.0	Deny
171738	2012070795105	2012-06-13 00:00:00	2012-02-24 00:00:00	COS	Colorado Springs Municipal	UAL	Passenger Property Loss	Checked Baggage		Electronics	Personal Electronics		0.0	Deny
172520	2012082896261	2012-07-12 00:00:00	2012-07-02 00:00:00	COS	Colorado Springs Municipal	Frontier Airlines	Passenger Property Loss	Checked Baggage		Cosmetics,Watches & Jewelry	Cosmetics & Grooming*Jewelry & Watches		0.0	Deny
173009	2012091396789	2012-07-30 00:00:00	2012-07-22 00:00:00	COS	Colorado Springs Municipal	Delta Air Lines	Passenger Property Loss	Checked Baggage		Electronics	Computer & Accessories		74.53	Approve in Full
176767	2013012500397	2012-12-19 00:00:00	2012-09-14 00:00:00	COS	Colorado Springs Municipal	American Airlines	Passenger Property Loss	Checked Baggage		Other	Other		32.45	Approve in Full
177215	2013020100810	2013-01-08 00:00:00	2012-12-29 06:11:00	COS	Colorado Springs Municipal	Frontier Airlines	Passenger Property Loss	Checkpoint		Other	Other		0.0	Deny
178838	2013031302551	2013-03-05 00:00:00	2012-08-27 00:00:00	COS	Colorado Springs Municipal	Scandinavian Airlines Systems	Passenger Property Loss	Checked Baggage		Watches & Jewelry	Jewelry & Watches		0.0	Deny
179941	2013051603720	2013-04-16 00:00:00	2013-04-14 10:45:00	COS	Colorado Springs Municipal	UAL	Passenger Property Loss	Checked Baggage		Other	Other		0.0	Deny
180071	2013052903878	2013-04-22 00:00:00	2013-04-14 10:45:00	COS	Colorado Springs Municipal	UAL	Passenger Property Loss	Checked Baggage		Containers,Cosmetics	Baggage/Cases/Purses*Cosmetics & Grooming			
181940	2013072405398	2013-06-28 00:00:00	2013-05-26 05:42:00	COS	Colorado Springs Municipal	UAL	Passenger Property Loss	Checked Baggage		Other	Other		0.0	Deny
181984	2013072205329	2013-07-01 00:00:00	2013-06-12 00:00:00	COS	Colorado Springs Municipal	American Airlines	Passenger Property Loss	Checked Baggage		Outdoors Supplies	Sporting Equipment & Supplies (footballs, parachutes, etc.)		0.0	Deny
183601	2013102207604	2013-08-23 00:00:00	2013-08-20 00:00:00	COS	Colorado Springs Municipal	UAL	Passenger Property Loss	Checked Baggage		Electronics	Cameras		0.0	Deny
184937	2013111009050	2013-10-17 00:00:00	2013-09-17 00:00:00	COS	Colorado Springs Municipal	UAL	Passenger Property Loss	Checked Baggage		Cosmetics	Travel Accessories			
185358	2013111009074	2013-11-01 00:00:00	2013-10-25 16:35:00	COS	Colorado Springs Municipal	American Airlines	Passenger Property Loss	Checked Baggage		Food & Drink	Food & Drink			
185378	2013110308630	2013-11-03 00:00:00	2013-09-16 15:30:00	COS	Colorado Springs Municipal	UAL	Passenger Property Loss	Checkpoint		Electronics	Personal Electronics			
186220	2013121210043	2013-12-09 00:00:00	2013-11-20 05:55:00	COS	Colorado Springs Municipal	UAL	Passenger Property Loss	Checked Baggage		Watches & Jewelry	Jewelry & Watches			
187900	2014021311664	2014-01-24 00:00:00	2013-12-23 00:00:00	COS	Colorado Springs Municipal	American Airlines	Passenger Property Loss	Checked Baggage		Electronics	Computer & Accessories		0.0	Deny
189712	2014042513521	2014-04-21 00:00:00	2014-04-10 00:00:00	COS	Colorado Springs Municipal	UAL	Passenger Property Loss	Checked Baggage		Electronics	Personal Electronics		0.0	Deny
189718	2014042813527	2014-04-23 00:00:00	2014-04-13 00:00:00	COS	Colorado Springs Municipal	American Airlines	Passenger Property Loss	Checkpoint		Other	Currency		0.0	Deny
190730	2014061114553	2014-06-06 00:00:00	2014-05-29 00:00:00	COS	Colorado Springs Municipal	UAL	Passenger Property Loss	Checked Baggage		Watches & Jewelry	Jewelry & Watches		0.0	Deny
196921	2015031021118	2015-03-10 00:00:00	2015-02-16 00:00:00	COS	Colorado Springs Municipal	American Airlines	Passenger Property Loss	Checked Baggage		Containers	Baggage/Cases/Purses		113.02	Settle
196924	2015061523141	2015-06-05 00:00:00	2015-05-20 00:00:00	COS	Colorado Springs Municipal	UAL	Passenger Property Loss	Checkpoint		Watches & Jewelry,Watches & Jewelry,Watches & Jewelry,Watches & Jewelry,Watches & Jewelry,Watches & Jewelry	Jewelry & Watches*Jewelry & Watches*Jewelry & Watches*Jewelry & Watches*Jewelry & Watches*Jewelry & Watches		0.0	Deny
205575	2016121635991	2016-10-26 00:00:00	2016-10-18 00:00:00	COS	Colorado Springs Municipal Colorado Springs Municipal	Frontier Airlines	Passenger Property Loss	Checkpoint		Clothing & Accessories	Personal Accessories			In Review
205576	2017011136434	2016-11-10 00:00:00	2016-10-18 00:00:00	COS	Colorado Springs Municipal Colorado Springs Municipal	Frontier Airlines	Passenger Property Loss	Checked Baggage		Clothing & Accessories	Personal Accessories			In Review
205579	2016062432400	2016-06-08 00:00:00	2016-05-21 16:35:00	COS	Colorado Springs Municipal Colorado Springs Municipal	American Airlines	Passenger Property Loss	Checked Baggage		Electronics,Electronics	Personal Electronics*Personal Electronics		23.8	Settle
213768	2017050939313	2017-04-03 00:00:00	2017-03-26 00:00:00	COS	Colorado Springs Municipal Colorado Springs Municipal	American Airlines	Passenger Property Loss	Checkpoint		Electronics	Personal Electronics			In Review
213769	2017060140101	2017-05-11 00:00:00	2017-04-20 00:00:00	COS	Colorado Springs Municipal Colorado Springs Municipal	American Airlines	Passenger Property Loss	Checked Baggage		Other	Other			In Review
213772	2017071241439	2017-05-30 00:00:00	2017-05-24 06:00:00	COS	Colorado Springs Municipal Colorado Springs Municipal	UAL	Passenger Property Loss	Checked Baggage		Containers,Cosmetics,Scientific Intruments	Baggage/Cases/Purses*Cosmetics & Grooming*Medical/Science		0.0	Deny