id	claim_number	date_received	incident_date	airport_code	airport_name	airline	claim_type	claim_site	claim_amount	items_new	items_old	status	close_amount	disposition
2822	0224090L	2003-02-24 00:00:00	2003-02-05 00:00:00	DAY	James M. Cox Dayton International	USAir	Passenger Property Loss	Checked Baggage	238.0	Containers	Luggage (all types including footlockers)	Settled	112.5	Settle
18594	1022317M	2003-10-22 00:00:00	2003-08-10 00:00:00	DAY	James M. Cox Dayton International		Passenger Property Loss	Checked Baggage	80.0	Other	Other	Approved	80.0	Approve in Full
23352	1222190M	2003-12-22 00:00:00	2003-12-11 00:00:00	DAY	James M. Cox Dayton International	Delta Air Lines	Passenger Property Loss	Checkpoint	1000.0	Electronics	Computer - Laptop	Denied	0.0	Deny
38085	2004070658434	2004-06-16 00:00:00	2004-05-25 00:00:00	DAY	James M. Cox Dayton International	American Eagle	Passenger Property Loss	Checked Baggage	95.0	Cosmetics	Cosmetics - Perfume, toilet articles, medicines, soaps, etc.	Settled	47.5	Settle
38721	2004071359128	2004-06-28 00:00:00	2004-02-06 00:00:00	DAY	James M. Cox Dayton International		Passenger Property Loss	Checked Baggage	420.0	Watches & Jewelry	Jewelry - Fine	Approved	420.0	Approve in Full
39032	2004071559485	2004-06-29 00:00:00	2004-06-13 00:00:00	DAY	James M. Cox Dayton International		Passenger Property Loss	Checked Baggage	383.36	Cosmetics	Cosmetics - Perfume, toilet articles, medicines, soaps, etc.	Settled	191.68	Settle
39192	2004071659624	2004-07-06 00:00:00	2004-04-17 00:00:00	DAY	James M. Cox Dayton International		Passenger Property Loss	Checkpoint	500.0	Clothing & Accessories	Clothing - Shoes, belts, accessories, etc.	Denied	0.0	Deny
41245	2004111967375	2004-07-27 00:00:00	2004-07-03 00:00:00	DAY	James M. Cox Dayton International		Passenger Property Loss	Checked Baggage	126.28	Other	Other	Settled	50.65	Settle
41727	2004090962477	2004-08-05 00:00:00	2004-05-12 00:00:00	DAY	James M. Cox Dayton International	UAL	Passenger Property Loss	Checkpoint	23.75	Other	Other	Approved	23.75	Approve in Full
41733	2004090962496	2004-08-05 00:00:00	2004-06-10 00:00:00	DAY	James M. Cox Dayton International	American Airlines	Passenger Property Loss	Checked Baggage	42.0	Other	Other	Approved	42.0	Approve in Full
41897	2004090261980	2004-08-05 00:00:00	2004-07-09 00:00:00	DAY	James M. Cox Dayton International	USAir	Passenger Property Loss	Checked Baggage	450.0	Clothing & Accessories	Eyeglasses - (including contact lenses)	Settled	266.55	Settle
42996	2004092964135	2004-08-23 00:00:00	2004-08-05 00:00:00	DAY	James M. Cox Dayton International	AirTran Airlines	Passenger Property Loss	Checked Baggage	10.0	Tools & Machines	Locks	Denied	10.0	Deny
44021	2004090962535	2004-09-08 00:00:00	2004-03-18 00:00:00	DAY	James M. Cox Dayton International	Delta Air Lines	Passenger Property Loss	Checkpoint	335.0	Electronics	Cell Phones	Denied	0.0	Deny
44377	2004101465028	2004-09-09 00:00:00	2004-08-24 00:00:00	DAY	James M. Cox Dayton International	Continental Airlines	Passenger Property Loss	Checkpoint	432.0	Watches & Jewelry	Jewelry - Fine	Settled	216.0	Settle
44988	2004092363758	2004-09-16 00:00:00	2004-08-28 00:00:00	DAY	James M. Cox Dayton International		Passenger Property Loss	Checked Baggage	75.0	Clothing & Accessories	Clothing - Shoes, belts, accessories, etc.	Approved	75.0	Approve in Full
45763	2004110766599	2004-09-23 00:00:00	2004-08-25 00:00:00	DAY	James M. Cox Dayton International	Delta Air Lines	Passenger Property Loss	Checked Baggage	300.0	Watches & Jewelry	Jewelry - Fine	Denied	0.0	Deny
45822	2004103065847	2004-09-23 00:00:00	2004-09-15 00:00:00	DAY	James M. Cox Dayton International	American Airlines	Passenger Property Loss	Checked Baggage	76.99	Supplies	Medicines	Settled	38.5	Settle
46136	2004110366195	2004-09-29 00:00:00	2004-09-15 00:00:00	DAY	James M. Cox Dayton International	Delta Air Lines	Passenger Property Loss	Checked Baggage	10.0	Tools & Machines	Locks	Approved	10.0	Approve in Full
47209	2004120168140	2004-10-14 00:00:00	2004-09-20 00:00:00	DAY	James M. Cox Dayton International	Air Tran Airlines(do not use)	Passenger Property Loss	Checked Baggage	22.54	Electronics	Computer - Laptop	Approved	22.54	Approve in Full
47780	2004120668635	2004-10-20 00:00:00	2004-09-29 00:00:00	DAY	James M. Cox Dayton International	Alaska Airlines	Passenger Property Loss	Checked Baggage	36.0	Other	Other	Approved	36.0	Approve in Full
50510	2004122871181	2004-11-23 00:00:00	2004-11-17 00:00:00	DAY	James M. Cox Dayton International	USAir	Passenger Property Loss	Checked Baggage	8.59	Other	Other	Approved	8.59	Approve in Full
50782	2004122771097	2004-11-26 00:00:00	2004-10-15 00:00:00	DAY	James M. Cox Dayton International	Delta Air Lines	Passenger Property Loss	Checked Baggage	163.46	Supplies	Medicines	Settled	61.73	Settle
51753	2005010372368	2004-12-10 00:00:00	2004-08-28 00:00:00	DAY	James M. Cox Dayton International	Northwest Airlines	Passenger Property Loss	Checked Baggage	537.47	Electronics	Cameras - Digital	Settled	268.74	Settle
52717	2005011173442	2004-12-21 00:00:00	2004-08-06 00:00:00	DAY	James M. Cox Dayton International	Delta Air Lines	Passenger Property Loss	Checked Baggage	694.13	Other	Other	Denied	0.0	Deny
53639	2005012874815	2005-01-04 00:00:00	2004-12-26 00:00:00	DAY	James M. Cox Dayton International		Passenger Property Loss	Checked Baggage	141.56	Watches & Jewelry	Jewelry - Fine	Settled	70.78	Settle
54288	2005012874725	2005-01-11 00:00:00	2004-11-28 00:00:00	DAY	James M. Cox Dayton International		Passenger Property Loss	Checked Baggage	1267.94	Electronics	Cameras - Digital	Settled	150.0	Settle
54371	2005012874869	2005-01-12 00:00:00	2004-12-02 00:00:00	DAY	James M. Cox Dayton International	UAL	Passenger Property Loss	Checked Baggage	89.99	Other	Other	Approved	89.99	Approve in Full
55068	2005020775725	2005-01-19 00:00:00	2004-12-22 00:00:00	DAY	James M. Cox Dayton International	Air Tran Airlines(do not use)	Passenger Property Loss	Checked Baggage	528.14	Electronics	Cameras - Digital	Settled	264.07	Settle
56391	2005030877187	2005-02-03 00:00:00	2004-12-29 00:00:00	DAY	James M. Cox Dayton International	AirTran Airlines	Passenger Property Loss	Checked Baggage	75.0	Clothing & Accessories	Clothing - Shoes, belts, accessories, etc.	Denied	0.0	Deny
58342	2005032279213	2005-03-04 00:00:00	2004-09-21 00:00:00	DAY	James M. Cox Dayton International	Delta Air Lines	Passenger Property Loss	Checked Baggage	630.0	Watches & Jewelry	Jewelry - Fine	Denied	0.0	Deny
58462	2005032379536	2005-03-07 00:00:00	2005-02-01 00:00:00	DAY	James M. Cox Dayton International	USAir	Passenger Property Loss	Checked Baggage	75.19	Electronics	DVD/CD Players	Approved	75.19	Approve in Full
59644	2005033080494	2005-03-18 00:00:00	2005-01-15 00:00:00	DAY	James M. Cox Dayton International	Air Tran Airlines(do not use)	Passenger Property Loss	Checked Baggage	35.0	Other	Other	Denied		Deny
60091	2005032479712	2005-03-24 00:00:00	2005-11-14 00:00:00	DAY	James M. Cox Dayton International	USAir	Passenger Property Loss	Checked Baggage	175.0	Watches & Jewelry	Jewelry - Fine	Canceled	0.0	
60130	2005033180802	2005-03-25 00:00:00	2005-03-08 00:00:00	DAY	James M. Cox Dayton International	Delta Air Lines	Passenger Property Loss	Checked Baggage	210.0	Other	Other	Settled	105.0	Settle
64506	2005052485494	2005-05-23 00:00:00	2005-04-21 00:00:00	DAY	James M. Cox Dayton International	Delta Air Lines	Passenger Property Loss	Checked Baggage	59.85	Other	Other	Approved	59.85	Approve in Full
66049	2005062487193	2005-06-13 00:00:00	2005-05-24 00:00:00	DAY	James M. Cox Dayton International	Continental Airlines	Passenger Property Loss	Checked Baggage	25.0	Other	Other	Denied	0.0	Deny
68367	2005072189415	2005-07-20 00:00:00	2005-06-07 00:00:00	DAY	James M. Cox Dayton International	Air Tran Airlines(do not use)	Passenger Property Loss	Checked Baggage	202.81	Electronics	DVD/CD Players	Approved	202.81	Approve in Full
68513	2005072189354	2005-07-20 00:00:00	2005-06-24 00:00:00	DAY	James M. Cox Dayton International	American Airlines	Passenger Property Loss	Checked Baggage	21.25	Tools & Machines	Locks	Settled	10.63	Settle
71464	2005091592587	2005-09-08 00:00:00	2005-06-17 00:00:00	DAY	James M. Cox Dayton International	American Airlines	Passenger Property Loss	Checked Baggage	7.5	Tools & Machines	Locks	Approved	7.5	Approve in Full
73159	2005101194354	2005-10-04 00:00:00	2005-08-23 00:00:00	DAY	James M. Cox Dayton International	Northwest Airlines	Passenger Property Loss	Checked Baggage	9.39	Tools & Machines	Locks	Approved	9.39	Approve in Full
73549	2005101794665	2005-10-11 00:00:00	2005-10-02 00:00:00	DAY	James M. Cox Dayton International	AirTran Airlines	Passenger Property Loss	Checked Baggage	3000.0	Electronics	Cameras - Digital	Denied	0.0	Deny
74223	2005102895333	2005-10-21 00:00:00	2005-08-08 00:00:00	DAY	James M. Cox Dayton International	Air Tran Airlines(do not use)	Passenger Property Loss	Checkpoint	150.0	Other	Currency	Denied	0.0	Deny
74815	2005110995906	2005-11-01 00:00:00	2005-08-02 00:00:00	DAY	James M. Cox Dayton International	UAL	Passenger Property Loss	Checked Baggage	30.13	Other	Other	Denied	0.0	Deny
75692	2005120596904	2005-11-18 00:00:00	2005-10-14 00:00:00	DAY	James M. Cox Dayton International	American Airlines	Passenger Property Loss	Checked Baggage	20.57	Clothing & Accessories	Clothing - Shoes, belts, accessories, etc.	Canceled	0.0	
75881	2005120596975	2005-11-22 00:00:00	2005-10-15 00:00:00	DAY	James M. Cox Dayton International	AirTran Airlines	Passenger Property Loss	Checked Baggage	127.2	Clothing & Accessories	Clothing - Shoes, belts, accessories, etc.	Canceled	0.0	
76673	2005121697948	2005-12-06 00:00:00	2005-11-13 00:00:00	DAY	James M. Cox Dayton International		Passenger Property Loss	Checkpoint	79.0	Electronics	Cell Phones	Denied	0.0	Deny
76811	2005121497844	2005-12-08 00:00:00	2005-11-29 00:00:00	DAY	James M. Cox Dayton International		Passenger Property Loss	Checked Baggage	29.0	Other	Other	Denied	0.0	Deny
77163	2005122298269	2005-12-15 00:00:00	2005-11-29 00:00:00	DAY	James M. Cox Dayton International	Air Tran Airlines(do not use)	Passenger Property Loss	Checked Baggage	413.38	Electronics	Cameras - Digital	Canceled	0.0	
77374	2005122898493	2005-12-21 00:00:00	2005-11-04 00:00:00	DAY	James M. Cox Dayton International	Delta Air Lines	Passenger Property Loss	Checked Baggage	12.9	Tools & Machines	Locks	Approved	12.9	Approve in Full
78031	2006010999087	2006-01-04 00:00:00	2005-11-30 00:00:00	DAY	James M. Cox Dayton International	Air Tran Airlines(do not use)	Passenger Property Loss	Checkpoint	159.0	Clothing & Accessories	Clothing - Shoes, belts, accessories, etc.	Denied	0.0	Deny
79142	2006011999820	2006-01-19 00:00:00	2005-10-11 00:00:00	DAY	James M. Cox Dayton International	AirTran Airlines	Passenger Property Loss	Checkpoint	1264.0	Other	Other	Denied	0.0	Deny
79754	2006020300893	2006-01-30 00:00:00	2005-12-17 00:00:00	DAY	James M. Cox Dayton International	Delta Air Lines	Passenger Property Loss	Checked Baggage	100.0	Clothing & Accessories	Clothing - Shoes, belts, accessories, etc.	Approved	100.0	Approve in Full
80590	2006021701740	2006-02-13 00:00:00	2006-10-21 00:00:00	DAY	James M. Cox Dayton International	Northwest Airlines	Passenger Property Loss	Checked Baggage	871.0	Other	Other	Denied	0.0	Deny
80845	2006022302059	2006-02-16 00:00:00	2005-06-25 00:00:00	DAY	James M. Cox Dayton International	Air Tran Airlines(do not use)	Passenger Property Loss	Checkpoint	500.0	Electronics	Cameras - Digital	Denied	0.0	Deny
81706	2006031302931	2006-03-06 00:00:00	2006-01-22 00:00:00	DAY	James M. Cox Dayton International	American Eagle	Passenger Property Loss	Other	301.09	Other	Currency	Denied	0.0	Deny
84324	2006042705419	2006-04-25 00:00:00	2006-04-12 00:00:00	DAY	James M. Cox Dayton International	Northwest Airlines	Passenger Property Loss	Checkpoint	530.0	Watches & Jewelry	Jewelry - Fine	Approved	530.0	Approve in Full
84373	2006042705423	2006-04-25 00:00:00	2006-03-25 00:00:00	DAY	James M. Cox Dayton International	American Airlines	Passenger Property Loss	Checkpoint	435.0	Other	Other	Settled	215.52	Settle
85415	2006051906647	2006-05-17 00:00:00	2006-04-18 00:00:00	DAY	James M. Cox Dayton International		Passenger Property Loss	Checked Baggage	267.5	Cosmetics	Cosmetics - Perfume, toilet articles, medicines, soaps, etc.	Denied	0.0	Deny
89719	2006081410955	2006-08-11 00:00:00	2006-07-22 00:00:00	DAY	James M. Cox Dayton International	American Airlines	Passenger Property Loss	Checked Baggage	180.0	Outdoors Supplies	Sporting Equipment & Supplies (footballs, parachutes, etc.)	Approved	180.0	Approve in Full
91221	2006091312474	2006-09-07 00:00:00	2006-08-31 00:00:00	DAY	James M. Cox Dayton International	Delta Air Lines	Passenger Property Loss	Checked Baggage	3000.0	Electronics	Computer - Laptop	Denied	0.0	Deny
93208	2006102114335	2006-10-17 00:00:00	2006-03-18 00:00:00	DAY	James M. Cox Dayton International		Passenger Property Loss	Checkpoint	325.9	Watches & Jewelry	Jewelry - Fine	Denied	0.0	Deny
93280	2006102414488	2006-10-18 00:00:00	2006-10-06 00:00:00	DAY	James M. Cox Dayton International		Passenger Property Loss	Checked Baggage	300.0	Clothing & Accessories,Cosmetics	Clothing - Shoes, belts, accessories, etc.*Cosmetics - Perfume, toilet articles, medicines, soaps, etc.	Denied	0.0	Deny
93900	2006110315146	2006-10-30 00:00:00	2006-10-06 00:00:00	DAY	James M. Cox Dayton International	American Airlines	Passenger Property Loss	Checkpoint	208.38	Containers,Cosmetics	Bags - Fabric, plastic, etc. (not purses)*Cosmetics - Perfume, toilet articles, medicines, soaps, etc.	Settled	156.29	Settle
94673	2006112115951	2006-11-15 00:00:00	2006-11-13 00:00:00	DAY	James M. Cox Dayton International	USAir	Passenger Property Loss	Checked Baggage	678.0	Clothing & Accessories	Clothing - Shoes, belts, accessories, etc.	Denied	0.0	Deny
96779	2006122818064	2006-12-27 00:00:00	2006-12-23 00:00:00	DAY	James M. Cox Dayton International	AirTran Airlines	Passenger Property Loss	Checked Baggage	300.0	Electronics,Electronics	Cameras - Digital*Cameras - Non-electronic (Camera supplies, lenses, projectors, etc.)	Denied	0.0	Deny
97298	2007010418341	2007-01-03 00:00:00		DAY	James M. Cox Dayton International	American Airlines	Passenger Property Loss	Checked Baggage	200.0	Electronics	Cameras - Digital	Insufficient, one of the following items required: sum certain, statement of fact, signature, location of incident, and date.		
97412	2007011118618	2007-01-05 00:00:00	2007-01-02 00:00:00	DAY	James M. Cox Dayton International	Frontier Airlines	Passenger Property Loss	Checkpoint	50.0	Clothing & Accessories	Clothing - Shoes, belts, accessories, etc.	Approved	50.0	Approve in Full
97524	2007011018551	2007-01-05 00:00:00	2006-12-29 00:00:00	DAY	James M. Cox Dayton International	Frontier Airlines	Passenger Property Loss	Checked Baggage	65.16	Clothing & Accessories,Cosmetics,Household Items,Games & Toys	Clothing - Shoes, belts, accessories, etc.*Cosmetics - Perfume, toilet articles, medicines, soaps, etc.*Linens - Fine, Expensive*Toys - Other (including games, toys, play dolls etc.)	Settled	32.58	Settle
98288	2007012419397	2007-01-17 00:00:00	2006-12-08 00:00:00	DAY	James M. Cox Dayton International	American Airlines	Passenger Property Loss	Checked Baggage	131.0	Food & Drink	Alcoholic beverages	Denied	0.0	Deny
98475	2007013019834	2007-01-22 00:00:00	2006-10-21 00:00:00	DAY	James M. Cox Dayton International	Northwest Airlines	Passenger Property Loss	Checked Baggage	10.0	Tools & Machines	Locks	Approved	10.0	Approve in Full
99400	2007020920558	2007-02-06 00:00:00	2006-12-20 00:00:00	DAY	James M. Cox Dayton International	Delta Air Lines	Passenger Property Loss	Checked Baggage	50.0	Electronics	Cameras - Digital	Approved	50.0	Approve in Full
100850	2007031222085	2007-03-06 00:00:00	2007-02-10 00:00:00	DAY	James M. Cox Dayton International	Northwest Airlines	Passenger Property Loss	Checked Baggage	227.57	Electronics	MP3 Players-(iPods, etc)	Denied	0.0	Deny
101539	2007032222723	2007-03-19 00:00:00	2007-03-09 00:00:00	DAY	James M. Cox Dayton International		Passenger Property Loss	Checked Baggage	280.0	Electronics	Cameras - Digital	Settled	140.0	Settle
102434	2007041023677	2007-04-05 00:00:00	2007-01-13 00:00:00	DAY	James M. Cox Dayton International	USAir	Passenger Property Loss	Checked Baggage	360.78	Cosmetics	Cosmetics - Perfume, toilet articles, medicines, soaps, etc.	Settled	180.39	Settle
102951	2007041724128	2007-04-16 00:00:00	2007-03-30 00:00:00	DAY	James M. Cox Dayton International	Air Tran Airlines(do not use)	Passenger Property Loss	Checked Baggage	297.11	Supplies	Medicines	Settled	148.56	Settle
104834	2007060426231	2007-05-25 00:00:00	2007-05-12 00:00:00	DAY	James M. Cox Dayton International	Delta Air Lines	Passenger Property Loss	Checked Baggage	106.5	Watches & Jewelry	Jewelry - Fine	Settled	53.25	Settle
105043	2007060426179	2007-05-31 00:00:00	2007-05-29 00:00:00	DAY	James M. Cox Dayton International	USAir	Passenger Property Loss	Checked Baggage	370.22	Containers,Watches & Jewelry,Other	Handbags & Purses (leather or fabric)*Jewelry - Fine*Other	Denied	0.0	Deny
107190	2007071628423	2007-07-12 00:00:00	2007-06-14 00:00:00	DAY	James M. Cox Dayton International	Pakistan International Airlines Cor	Passenger Property Loss	Checked Baggage	1000.0	Clothing & Accessories,Containers,Other,Watches & Jewelry	Clothing - Shoes, belts, accessories, etc.*Handbags & Purses (leather or fabric)*Other*Watches - Expensive more than $100	Denied	0.0	Deny
108687	2007081030070	2007-08-07 00:00:00	2006-12-06 00:00:00	DAY	James M. Cox Dayton International	Delta Air Lines	Passenger Property Loss	Checked Baggage		Containers,Other	Luggage (all types including footlockers)*Other	Insufficient, one of the following items required: sum certain, statement of fact, signature, location of incident, and date.		
108846	2007081330115	2007-08-10 00:00:00	2007-07-29 00:00:00	DAY	James M. Cox Dayton International	Delta Air Lines	Passenger Property Loss	Checked Baggage	300.0	Watches & Jewelry,Other	Jewelry - Costume*Other	Denied	0.0	Deny
109602	2007082830986	2007-08-24 00:00:00	2007-08-19 00:00:00	DAY	James M. Cox Dayton International	USAir	Passenger Property Loss	Checkpoint	349.99	Electronics	PDA - Personal Data Assistants	Approved	349.99	Approve in Full
109771	2007082931103	2007-08-27 00:00:00	2007-08-13 00:00:00	DAY	James M. Cox Dayton International	UAL	Passenger Property Loss	Checked Baggage	24.0	Clothing & Accessories	Clothing - Shoes, belts, accessories, etc.	Denied	0.0	Deny
110609	2007091431999	2007-09-12 00:00:00	2007-07-08 00:00:00	DAY	James M. Cox Dayton International	Air Tran Airlines(do not use)	Passenger Property Loss	Checked Baggage	219.57	Clothing & Accessories	Clothing - Shoes, belts, accessories, etc.	Denied	0.0	Deny
110631	2007091832160	2007-09-12 00:00:00	2007-09-01 00:00:00	DAY	James M. Cox Dayton International	Northwest Airlines	Passenger Property Loss	Checked Baggage	148.8	Containers,Cosmetics,Other	Bags - Fabric, plastic, etc. (not purses)*Cosmetics - Perfume, toilet articles, medicines, soaps, etc.*Other	Denied	0.0	Deny
110751	2007091832183	2007-09-14 00:00:00	2007-08-24 00:00:00	DAY	James M. Cox Dayton International	USAir	Passenger Property Loss	Checkpoint	32.41	Other	Other	Denied	0.0	Deny
112661	2007102934043	2007-10-24 00:00:00	2007-10-06 00:00:00	DAY	James M. Cox Dayton International	Delta Air Lines	Passenger Property Loss	Checked Baggage	1519.0	Other	Other	Denied	0.0	Deny
113256	2007110834694	2007-11-05 00:00:00	2007-09-21 00:00:00	DAY	James M. Cox Dayton International	Northwest Airlines	Passenger Property Loss	Checked Baggage	850.0	Clothing & Accessories,Cosmetics,Other	Clothing - Shoes, belts, accessories, etc.*Cosmetics - Perfume, toilet articles, medicines, soaps, etc.*Other	Denied	0.0	Deny
114644	2007120636119	2007-12-03 00:00:00	2007-11-18 00:00:00	DAY	James M. Cox Dayton International	Frontier Airlines	Passenger Property Loss	Checked Baggage	31.17	Other	Other	Denied	0.0	Deny
116851	2008012538560	2008-01-15 00:00:00	2008-01-02 00:00:00	DAY	James M. Cox Dayton International		Passenger Property Loss	Checked Baggage	549.99	Electronics	Cell Phones	Denied	0.0	Deny
117112	2008012838699	2008-01-22 00:00:00	2008-01-15 00:00:00	DAY	James M. Cox Dayton International	Northwest Airlines	Passenger Property Loss	Checked Baggage	10.0	Tools & Machines	Locks	Denied	0.0	Deny
117178	2008012938793	2008-01-23 00:00:00	2008-01-03 00:00:00	DAY	James M. Cox Dayton International	American Airlines	Passenger Property Loss	Checkpoint	257.0	Containers,Other	Handbags & Purses (leather or fabric)*Other	Approved	257.0	Approve in Full
117543	2008020539135	2008-01-29 00:00:00	2008-01-11 00:00:00	DAY	James M. Cox Dayton International	UAL	Passenger Property Loss	Checked Baggage	74.88	Clothing & Accessories	Clothing - Shoes, belts, accessories, etc.	Denied	0.0	Deny
119234	2008031340974	2008-03-04 00:00:00	2008-01-07 00:00:00	DAY	James M. Cox Dayton International	Air Tran Airlines(do not use)	Passenger Property Loss	Checked Baggage	1481.94	Containers,Watches & Jewelry	Boxes - Jewelry, Cigarette, Music, etc.*Jewelry - Fine	Denied	0.0	Deny
121891	2008042943525	2008-04-25 00:00:00	2008-04-18 00:00:00	DAY	James M. Cox Dayton International	UAL	Passenger Property Loss	Checked Baggage	54.11	Other	Other	Denied	0.0	Deny
123194	2008052744847	2008-05-23 00:00:00	2008-05-16 00:00:00	DAY	James M. Cox Dayton International	Air Tran Airlines(do not use)	Passenger Property Loss	Checked Baggage	284.88	Clothing & Accessories	Eyeglasses - (including contact lenses)	Denied	0.0	Deny
123758	2008061045450	2008-06-04 00:00:00	2008-05-02 00:00:00	DAY	James M. Cox Dayton International	Delta Air Lines	Passenger Property Loss	Checked Baggage	60.0	Cosmetics	Cosmetics - Perfume, toilet articles, medicines, soaps, etc.	Denied	0.0	Deny
124428	2008062646190	2008-06-20 00:00:00	2008-06-11 00:00:00	DAY	James M. Cox Dayton International	UAL	Passenger Property Loss	Checked Baggage	120.0	Office Supplies	Books - Reference books, cookbooks, etc.	Denied	0.0	Deny
124726	2008070146494	2008-06-26 00:00:00	2008-06-22 00:00:00	DAY	James M. Cox Dayton International	Air Tran Airlines(do not use)	Passenger Property Loss	Checkpoint	1750.0	Watches & Jewelry	Jewelry - Fine	Settled	500.0	Settle
125214	2008071546922	2008-07-08 00:00:00	2008-05-20 00:00:00	DAY	James M. Cox Dayton International	UAL	Passenger Property Loss	Checked Baggage	332.5	Clothing & Accessories,Containers	Clothing - Shoes, belts, accessories, etc.*Luggage (all types including footlockers)	Denied	0.0	Deny
125302	2008071747048	2008-07-10 00:00:00	2008-06-11 00:00:00	DAY	James M. Cox Dayton International	Frontier Airlines	Passenger Property Loss	Checked Baggage	65.0	Clothing & Accessories	Clothing - Shoes, belts, accessories, etc.	Denied	0.0	Deny
125590	2008072447335	2008-07-16 00:00:00	2008-06-24 00:00:00	DAY	James M. Cox Dayton International	Air Tran Airlines(do not use)	Passenger Property Loss	Checked Baggage	276.87	Electronics,Other	Cameras - Digital*Other	Settled	138.87	Settle
127450	2008082749218	2008-08-26 00:00:00	2008-07-25 00:00:00	DAY	James M. Cox Dayton International	UAL	Passenger Property Loss	Checked Baggage	1041.99	Watches & Jewelry	Jewelry - Fine	Denied	0.0	Deny
127562	2008052744841	2008-08-28 00:00:00	2008-03-26 00:00:00	DAY	James M. Cox Dayton International	UAL	Passenger Property Loss	Checked Baggage	161.95	Cosmetics,Supplies,Other,Cosmetics,Outdoors Supplies	Cosmetics - Perfume, toilet articles, medicines, soaps, etc.*Medicines*Other*Razors (other than electric)*Sporting Equipment & Supplies (footballs, parachutes, etc.)	Denied	0.0	Deny
128498	2008092350292	2008-09-19 00:00:00	2008-08-17 00:00:00	DAY	James M. Cox Dayton International		Passenger Property Loss	Checkpoint	154.45	Clothing & Accessories	Clothing - Shoes, belts, accessories, etc.	Denied	0.0	Deny
129275	2008101051037	2008-10-09 00:00:00	2008-10-05 00:00:00	DAY	James M. Cox Dayton International	Air Tran Airlines(do not use)	Passenger Property Loss	Checkpoint	5600.0	Watches & Jewelry	Watches - Expensive more than $100	Denied	0.0	Deny
130593	2008111952497	2008-11-13 00:00:00	2008-10-30 00:00:00	DAY	James M. Cox Dayton International	AirTran Airlines	Passenger Property Loss	Checked Baggage	300.0	Clothing & Accessories,Watches & Jewelry	Eyeglasses - (including contact lenses)*Jewelry - Fine	Denied	0.0	Deny
131308	2008120853173	2008-12-02 00:00:00	2008-11-13 00:00:00	DAY	James M. Cox Dayton International	Delta Air Lines	Passenger Property Loss	Checked Baggage	450.0	Electronics	Cameras - Digital	Denied	0.0	Deny
132172	2009010654138	2008-12-29 00:00:00	2008-12-23 00:00:00	DAY	James M. Cox Dayton International	USAir	Passenger Property Loss	Checked Baggage	169.99	Outdoors Supplies	Tools - Manual (not in a vehicle)	Canceled	0.0	
132463	2009011254342	2009-01-05 00:00:00	2008-12-11 00:00:00	DAY	James M. Cox Dayton International	American Airlines	Passenger Property Loss	Checkpoint	37.0	Other	Currency	Denied	0.0	Deny
133374	2009020755268	2009-01-28 00:00:00	2009-01-06 00:00:00	DAY	James M. Cox Dayton International	USAir	Passenger Property Loss	Checkpoint	9580.0	Watches & Jewelry	Jewelry - Fine	Denied	0.0	Deny
134969	2009032556908	2009-03-11 00:00:00	2009-03-09 00:00:00	DAY	James M. Cox Dayton International	AirTran Airlines	Passenger Property Loss	Checked Baggage	682.72	Electronics	Computer - Laptop	Denied	0.0	Deny
135607	2009041657601	2009-03-27 00:00:00	2009-02-15 00:00:00	DAY	James M. Cox Dayton International	Frontier Airlines	Passenger Property Loss	Checked Baggage	164.34	Electronics	Cameras - Digital	Denied	0.0	Deny
135611	2009041657606	2009-03-27 00:00:00	2008-12-22 00:00:00	DAY	James M. Cox Dayton International	Delta Air Lines	Passenger Property Loss	Checkpoint	180.0	Other	Currency	Denied	0.0	Deny
135622	2009041657624	2009-03-27 00:00:00	2009-03-05 00:00:00	DAY	James M. Cox Dayton International	Delta Air Lines	Passenger Property Loss	Checked Baggage	100.0	Other	Other	Denied	0.0	Deny
136853	2009051858774	2009-05-01 00:00:00	2009-04-29 00:00:00	DAY	James M. Cox Dayton International	Frontier Airlines	Passenger Property Loss	Checked Baggage	60.0	Clothing & Accessories	Clothing - Shoes, belts, accessories, etc.	Approved	60.0	Approve in Full
139045	2009071061054	2009-07-01 00:00:00	2009-02-02 00:00:00	DAY	James M. Cox Dayton International	UAL	Passenger Property Loss	Checked Baggage	26.91	Clothing & Accessories	Clothing - Shoes, belts, accessories, etc.	Insufficient, one of the following items required: sum certain, statement of fact, signature, location of incident, and date.		
139148	2009071461212	2009-07-07 00:00:00	2009-07-05 00:00:00	DAY	James M. Cox Dayton International	Delta Air Lines	Passenger Property Loss	Checked Baggage	150.0	Containers	Handbags & Purses (leather or fabric)	Canceled		
142609	2009110965251	2009-10-13 00:00:00	2009-10-13 15:30:00	DAY	James M. Cox Dayton International	Delta Air Lines	Passenger Property Loss	Checked Baggage	352.0	Scientific Intruments	Medical Equipment & Insturments	Settled	315.0	Settle
143186	2009111265327	2009-11-02 00:00:00	2009-10-09 00:00:00	DAY	James M. Cox Dayton International	Frontier Airlines	Passenger Property Loss	Checked Baggage	9.05	Clothing & Accessories	Eyeglasses - (including contact lenses)	Approved	9.05	Approve in Full
143630	2009112465695	2009-11-13 00:00:00	2009-10-27 00:00:00	DAY	James M. Cox Dayton International	Delta Air Lines	Passenger Property Loss	Checked Baggage	14.42	Electronics	Flashlights	Denied	0.0	Deny
144669	2009122366754	2009-12-15 00:00:00	2009-10-31 09:45:00	DAY	James M. Cox Dayton International	UAL	Passenger Property Loss	Checked Baggage	600.0	Electronics	Computer - Laptop	Insufficient, one of the following items required: sum certain, statement of fact, signature, location of incident, and date.		
145505	2010020368207	2010-01-29 00:00:00	2010-01-14 06:00:00	DAY	James M. Cox Dayton International	Delta Air Lines	Passenger Property Loss	Checked Baggage		Electronics	Cameras		0.0	Deny
145564	2010021368381	2010-02-01 00:00:00	2010-01-26 00:00:00	DAY	James M. Cox Dayton International	Northwest Airlines	Passenger Property Loss	Checked Baggage		Clothing & Accessories,Cosmetics	Clothing*Cosmetics & Grooming		178.58	Settle
148206	2010043071374	2010-04-29 00:00:00	2010-04-14 05:30:00	DAY	James M. Cox Dayton International	AirTran Airlines	Passenger Property Loss	Checked Baggage		Electronics	Audio/Video		0.0	Deny
148781	2010052772174	2010-05-17 00:00:00	2010-04-20 00:00:00	DAY	James M. Cox Dayton International	American Airlines	Passenger Property Loss	Checked Baggage		Electronics	Personal Electronics		0.0	Deny
151487	2010081374838	2010-08-09 00:00:00	2010-06-14 06:45:00	DAY	James M. Cox Dayton International		Passenger Property Loss	Checkpoint		Watches & Jewelry	Jewelry & Watches			
151610	2010070873475	2010-08-11 00:00:00	2010-06-14 06:45:00	DAY	James M. Cox Dayton International	AirTran Airlines	Passenger Property Loss	Checkpoint		Watches & Jewelry	Jewelry & Watches		0.0	Deny
153308	2010100676739	2010-09-29 00:00:00	2010-09-23 00:00:00	DAY	James M. Cox Dayton International	AirTran Airlines	Passenger Property Loss	Checked Baggage		Outdoors Supplies	Hunting & Fishing Items		0.0	Deny
153395	2010100876788	2010-10-04 00:00:00	2010-09-29 06:55:00	DAY	James M. Cox Dayton International	Continental Airlines	Passenger Property Loss	Checked Baggage		Cosmetics	Cosmetics & Grooming		0.0	Deny
153581	2010101877008	2010-10-07 00:00:00	2010-09-16 08:48:00	DAY	James M. Cox Dayton International	UAL	Passenger Property Loss	Checked Baggage		Containers,Cosmetics	Baggage/Cases/Purses*Cosmetics & Grooming			
153666	2010102077113	2010-10-12 00:00:00	2010-09-25 07:00:00	DAY	James M. Cox Dayton International	Delta Air Lines	Passenger Property Loss	Checked Baggage		Cosmetics,Other,Clothing & Accessories	Cosmetics & Grooming*Other*Personal Accessories		0.0	Deny
155411	2010121778839	2010-12-07 00:00:00	2010-11-29 18:15:00	DAY	James M. Cox Dayton International	UAL	Passenger Property Loss	Checked Baggage		Watches & Jewelry	Jewelry & Watches		89.99	Approve in Full
157415	2011030380841	2011-02-10 00:00:00	2011-01-20 00:00:00	DAY	James M. Cox Dayton International		Passenger Property Loss	Checkpoint		Other	Other		0.0	Deny
159126	2011041582659	2011-04-08 00:00:00	2011-03-29 00:00:00	DAY	James M. Cox Dayton International	UAL	Passenger Property Loss	Checked Baggage		Electronics	Audio/Video		0.0	Deny
161244	2011062984767	2011-06-17 00:00:00	2011-06-09 09:30:00	DAY	James M. Cox Dayton International	AirTran Airlines	Passenger Property Loss	Checkpoint		Other	Currency		0.0	Deny
162181	2011080885851	2011-07-18 00:00:00	2011-06-17 00:00:00	DAY	James M. Cox Dayton International	UAL	Passenger Property Loss	Checked Baggage		Watches & Jewelry	Jewelry & Watches		0.0	Deny
162813	2011082486389	2011-08-08 00:00:00	2011-04-21 17:00:00	DAY	James M. Cox Dayton International	American Airlines	Passenger Property Loss	Checked Baggage		Electronics	Computer & Accessories		0.0	Deny
164298	2011100587505	2011-09-28 00:00:00	2011-09-05 07:30:00	DAY	James M. Cox Dayton International	UAL	Passenger Property Loss	Checkpoint		Electronics	Personal Electronics		673.99	Approve in Full
164596	2011100787628	2011-10-07 00:00:00	2011-10-07 00:00:00	DAY	James M. Cox Dayton International	UAL	Passenger Property Loss	Checkpoint		Other	Other		0.0	Deny
164691	2011101988123	2011-10-11 00:00:00	2011-09-15 00:00:00	DAY	James M. Cox Dayton International	Frontier Airlines	Passenger Property Loss	Checked Baggage		Watches & Jewelry	Jewelry & Watches		97.0	Approve in Full
164869	2011101787971	2011-10-17 00:00:00	2011-08-24 05:25:00	DAY	James M. Cox Dayton International	USAir	Passenger Property Loss	Checked Baggage		Other	Other		0.0	Deny
168797	2012040392417	2012-02-28 00:00:00	2012-02-20 00:00:00	DAY	James M. Cox Dayton International	Delta Air Lines	Passenger Property Loss	Checked Baggage		Clothing & Accessories	Personal Accessories		0.0	Deny
169074	2012041092696	2012-03-08 00:00:00	2012-02-27 05:40:00	DAY	James M. Cox Dayton International	Delta Air Lines	Passenger Property Loss	Checked Baggage		Other	Other		20.0	Approve in Full
169845	2012043093421	2012-04-09 00:00:00	2012-02-25 00:00:00	DAY	James M. Cox Dayton International	AirTran Airlines	Passenger Property Loss	Checked Baggage		Containers	Baggage/Cases/Purses			
170027	2012050793631	2012-04-13 00:00:00	2012-02-27 05:40:00	DAY	James M. Cox Dayton International	Delta Air Lines	Passenger Property Loss	Checked Baggage		Other	Other		0.0	Deny
170307	2012050993762	2012-04-24 00:00:00	2012-04-06 00:00:00	DAY	James M. Cox Dayton International	Frontier Airlines	Passenger Property Loss	Checked Baggage		Cosmetics	Travel Accessories		12.8	Approve in Full
171174	2012062094818	2012-05-23 00:00:00	2012-04-21 00:00:00	DAY	James M. Cox Dayton International	UAL	Passenger Property Loss	Checkpoint		Clothing & Accessories	Clothing		0.0	Deny
171314	2012062694933	2012-05-30 00:00:00	2012-05-20 05:00:00	DAY	James M. Cox Dayton International	AirTran Airlines	Passenger Property Loss	Checked Baggage		Clothing & Accessories	Clothing		180.19	Approve in Full
171467	2012071095166	2012-06-04 00:00:00	2012-05-08 14:40:00	DAY	James M. Cox Dayton International	Frontier Airlines	Passenger Property Loss	Checkpoint		Clothing & Accessories	Personal Accessories			
172525	2012082896273	2012-07-12 00:00:00	2012-06-29 06:00:00	DAY	James M. Cox Dayton International	Frontier Airlines	Passenger Property Loss	Checked Baggage		Clothing & Accessories	Personal Accessories		413.26	Settle
173337	2012092297050	2012-08-10 00:00:00	2012-07-28 00:00:00	DAY	James M. Cox Dayton International	Frontier Airlines	Passenger Property Loss	Checked Baggage		Clothing & Accessories	Clothing		42.95	Approve in Full
176424	2013011499980	2012-12-04 00:00:00	2012-10-30 16:45:00	DAY	James M. Cox Dayton International	UAL	Passenger Property Loss	Checked Baggage		Containers	Baggage/Cases/Purses		0.0	Deny
177629	2013021301363	2013-01-22 00:00:00	2012-12-30 00:00:00	DAY	James M. Cox Dayton International	USAir	Passenger Property Loss	Checked Baggage		Cosmetics	Cosmetics & Grooming		0.0	Deny
178418	2013022702147	2013-02-19 00:00:00	2013-01-01 00:00:00	DAY	James M. Cox Dayton International		Passenger Property Loss	Checked Baggage		Outdoors Supplies	Hunting & Fishing Items			
181250	2013070204984	2013-06-05 00:00:00	2013-04-12 16:30:00	DAY	James M. Cox Dayton International	Delta Air Lines	Passenger Property Loss	Checked Baggage		Outdoors Supplies	Sporting Equipment & Supplies (footballs, parachutes, etc.)		0.0	Deny
181518	2013080205596	2013-06-14 00:00:00	2013-04-30 11:00:00	DAY	James M. Cox Dayton International	Delta Air Lines	Passenger Property Loss	Checked Baggage		Cosmetics	Cosmetics & Grooming		82.0	Approve in Full
188965	2014032712758	2014-03-27 00:00:00	2014-03-13 00:00:00	DAY	James M. Cox Dayton International	Delta Air Lines	Passenger Property Loss	Checked Baggage		Cosmetics	Travel Accessories		6.98	Approve in Full
190107	2014051413921	2014-05-08 00:00:00	2014-04-24 00:00:00	DAY	James M. Cox Dayton International	USAir	Passenger Property Loss	Checked Baggage		Electronics	Personal Electronics			
190436	2014052814254	2014-05-27 00:00:00	2014-05-17 00:00:00	DAY	James M. Cox Dayton International	UAL	Passenger Property Loss	Checked Baggage		Cosmetics	Cosmetics & Grooming		0.0	Deny
191128	2014070114961	2014-06-24 00:00:00	2014-06-22 00:00:00	DAY	James M. Cox Dayton International	Delta Air Lines	Passenger Property Loss	Checked Baggage		Cosmetics	Cosmetics & Grooming		0.0	Deny
193609	2014100817494	2014-09-30 00:00:00	2014-09-12 00:00:00	DAY	James M. Cox Dayton International	Delta Air Lines	Passenger Property Loss	Checked Baggage		Cosmetics	Cosmetics & Grooming			
197045	2015021220547	2015-02-10 00:00:00	2015-01-18 00:00:00	DAY	James M. Cox Dayton International	UAL	Passenger Property Loss	Checked Baggage		Containers,Clothing & Accessories,Clothing & Accessories,Cosmetics	Baggage/Cases/Purses*Clothing*Clothing*Cosmetics & Grooming		0.0	Deny
197048	2015061123065	2015-06-03 00:00:00	2015-05-28 00:00:00	DAY	James M. Cox Dayton International	Southwest Airlines	Passenger Property Loss	Checked Baggage		Electronics	Personal Electronics		0.0	Deny
197050	2015071723925	2015-07-09 00:00:00	2015-06-27 00:00:00	DAY	James M. Cox Dayton International	American Airlines	Passenger Property Loss	Checked Baggage		Cosmetics	Travel Accessories		0.0	Deny
197051	2015081224828	2015-08-12 00:00:00	2015-07-24 00:00:00	DAY	James M. Cox Dayton International	Delta Air Lines	Passenger Property Loss	Checked Baggage		Cosmetics	Travel Accessories		0.0	Deny
197052	2015092925746	2015-09-17 00:00:00	2015-09-02 00:00:00	DAY	James M. Cox Dayton International	American Airlines	Passenger Property Loss	Checked Baggage		Clothing & Accessories	Personal Accessories		0.0	Deny
197055	2015122127732	2015-12-21 00:00:00	2015-12-05 00:00:00	DAY	James M. Cox Dayton International	American Airlines	Passenger Property Loss	Checked Baggage		Electronics	Personal Electronics			
197056	2015123128037	2015-12-21 00:00:00	2015-12-07 00:00:00	DAY	James M. Cox Dayton International	American Airlines	Passenger Property Loss	Checked Baggage		Clothing & Accessories	Clothing		0.0	Deny
205668	2016040830454	2016-03-23 00:00:00	2016-02-11 00:00:00	DAY	James M. Cox Dayton International	Delta Air Lines	Passenger Property Loss	Checked Baggage		Outdoors Supplies	Hunting & Fishing Items			Insufficient
205670	2016050931153	2016-04-20 00:00:00	2016-03-12 08:45:00	DAY	James M. Cox Dayton International	Delta Air Lines	Passenger Property Loss	Checkpoint		Other	Currency		500.0	Approve in Full
205674	2016040630406	2016-03-23 00:00:00	2016-03-08 05:30:00	DAY	James M. Cox Dayton International	Southwest Airlines	Passenger Property Loss	Checked Baggage		Containers	Baggage/Cases/Purses		0.0	Deny
213864	2017072741917	2017-06-22 00:00:00	2017-06-02 00:00:00	DAY	 James M. Cox Dayton International	UAL	Passenger Property Loss	Checked Baggage		Cosmetics	Travel Accessories		0.0	Deny