id	claim_number	date_received	incident_date	airport_code	airport_name	airline	claim_type	claim_site	claim_amount	items_new	items_old	status	close_amount	disposition
25999	0130064M	2004-01-30 00:00:00	2004-01-07 00:00:00	DLH	Duluth, MN	Northwest Airlines	Passenger Property Loss	Checked Baggage	3800.0	Electronics	Cameras - Digital	Denied	0.0	Deny
31601	2004050550538	2004-03-30 00:00:00	2004-01-27 00:00:00	DLH	Duluth, MN	Northwest Airlines	Passenger Property Loss	Checked Baggage	89.99	Clothing & Accessories	Clothing - Shoes, belts, accessories, etc.	Denied	0.0	Deny
39338	2004072760086	2004-07-07 00:00:00	2004-06-19 00:00:00	DLH	Duluth, MN		Passenger Property Loss	Checked Baggage	135.0	Clothing & Accessories	Eyeglasses - (including contact lenses)	Approved	135.0	Approve in Full
46396	2004111767270	2004-10-01 00:00:00	2004-07-21 00:00:00	DLH	Duluth, MN		Passenger Property Loss	Checked Baggage	79.0	Containers	Luggage (all types including footlockers)	Approved	79.0	Approve in Full
46526	2004111767261	2004-10-04 00:00:00	2004-09-20 00:00:00	DLH	Duluth, MN		Passenger Property Loss	Checked Baggage	212.0	Other	Other	Settled	100.0	Settle
53860	2005012674402	2005-01-07 00:00:00	2004-12-20 00:00:00	DLH	Duluth, MN	Northwest Airlines	Passenger Property Loss	Checked Baggage	272.79	Clothing & Accessories	Clothing - Shoes, belts, accessories, etc.	Settled	111.53	Settle
54682	2005020175159	2005-01-18 00:00:00	2004-12-04 00:00:00	DLH	Duluth, MN		Passenger Property Loss	Checked Baggage	27.95	Other	Other	Approved	27.95	Approve in Full
55477	2005021175981	2005-01-26 00:00:00	2005-01-14 00:00:00	DLH	Duluth, MN	Northwest Airlines	Passenger Property Loss	Checked Baggage	69.95	Other	Other	Approved	69.95	Approve in Full
59252	2005032980176	2005-03-15 00:00:00	2005-02-23 00:00:00	DLH	Duluth, MN	Northwest Airlines	Passenger Property Loss	Checked Baggage	12.45	Other	Other	Approved	12.45	Approve in Full
62152	2005042082922	2005-04-19 00:00:00	2005-04-07 00:00:00	DLH	Duluth, MN	Sun Country Airlines Inc	Passenger Property Loss	Checked Baggage	300.68	Electronics	Cameras - Digital	Settled	245.13	Settle
66805	2005062987760	2005-06-23 00:00:00	2005-06-06 00:00:00	DLH	Duluth, MN	Northwest Airlines	Passenger Property Loss	Checked Baggage	17.83	Other	Other	Denied	0.0	Deny
70846	2005083091901	2005-08-25 00:00:00	2005-07-26 00:00:00	DLH	Duluth, MN	Northwest Airlines	Passenger Property Loss	Checked Baggage	778.0	Watches & Jewelry	Jewelry - Fine	Denied	0.0	Deny
72385	2005100393669	2005-09-20 00:00:00	2005-09-06 00:00:00	DLH	Duluth, MN	Northwest Airlines	Passenger Property Loss	Checked Baggage	10.0	Tools & Machines	Locks	Approved	10.0	Approve in Full
72907	2005100594005	2005-09-29 00:00:00	2005-09-14 00:00:00	DLH	Duluth, MN	Northwest Airlines	Passenger Property Loss	Checked Baggage	16.0	Other	Other	Approved	16.0	Approve in Full
73103	2005100694222	2005-10-03 00:00:00	2005-09-21 00:00:00	DLH	Duluth, MN	Northwest International Airways Ltd	Passenger Property Loss	Checked Baggage	80.0	Clothing & Accessories	Clothing - Shoes, belts, accessories, etc.	Denied	0.0	Deny
73222	2005100794306	2005-10-04 00:00:00	2005-09-26 00:00:00	DLH	Duluth, MN		Passenger Property Loss	Checked Baggage	474.98	Electronics	Cameras - Digital	Denied	0.0	Deny
76837	2005121597869	2005-12-08 00:00:00	2005-05-19 00:00:00	DLH	Duluth, MN	Northwest Airlines	Passenger Property Loss	Checked Baggage	347.72	Cosmetics	Cosmetics - Perfume, toilet articles, medicines, soaps, etc.	Settled	173.86	Settle
76904	2005121998048	2005-12-12 00:00:00	2005-08-29 00:00:00	DLH	Duluth, MN	Northwest Airlines	Passenger Property Loss	Checked Baggage	6.62	Tools & Machines	Locks	Approved	6.62	Approve in Full
77648	2006010598789	2005-12-27 00:00:00	2005-12-07 00:00:00	DLH	Duluth, MN	Northwest Airlines	Passenger Property Loss	Checked Baggage	363.0	Clothing & Accessories	Clothing - Shoes, belts, accessories, etc.	Denied	0.0	Deny
87857	2006070709104	2006-07-06 00:00:00	2006-06-16 00:00:00	DLH	Duluth, MN	Northwest Airlines	Passenger Property Loss	Checked Baggage	12.5	Other	Other	Denied	0.0	Deny
89563	2006081010713	2006-08-08 00:00:00	2006-07-09 00:00:00	DLH	Duluth, MN	Northwest Airlines	Passenger Property Loss	Checked Baggage	35.0	Other	Other	Approved	35.0	Approve in Full
90634	2006083111885	2006-08-28 00:00:00	2006-08-05 00:00:00	DLH	Duluth, MN	Allegiant Air	Passenger Property Loss	Checked Baggage	100.0	Clothing & Accessories	Clothing - Shoes, belts, accessories, etc.	Denied	0.0	Deny
92043	2006092613260	2006-09-22 00:00:00	2006-09-01 00:00:00	DLH	Duluth, MN		Passenger Property Loss	Checked Baggage	720.0	Watches & Jewelry,Watches & Jewelry,Watches & Jewelry,Watches & Jewelry,Supplies	Jewelry - Costume*Jewelry - Fine*Jewelry - Fine*Jewelry - Fine*Medicines	Settled	708.0	Settle
93040	2006102314458	2006-10-16 00:00:00	2006-10-04 00:00:00	DLH	Duluth, MN	Northwest Airlines	Passenger Property Loss	Checked Baggage	33.0	Electronics,Other	Electrical and Gas Appliances Minor - $200 or less (humidifiers, tv's, etc)*Other	Approved	33.0	Approve in Full
94046	2006111315527	2006-11-02 00:00:00	2006-08-15 00:00:00	DLH	Duluth, MN	Northwest Airlines	Passenger Property Loss	Checked Baggage	95.37	Other	Other	Denied	0.0	Deny
94105	2006110815364	2006-11-03 00:00:00	2006-10-10 00:00:00	DLH	Duluth, MN		Passenger Property Loss	Checked Baggage	1327.0	Cosmetics,Containers,Watches & Jewelry,Watches & Jewelry	Cosmetics - Perfume, toilet articles, medicines, soaps, etc.*Handbags & Purses (leather or fabric)*Jewelry - Costume*Jewelry - Fine	Denied	0.0	Deny
95957	2006122017443	2006-12-11 00:00:00	2006-11-12 00:00:00	DLH	Duluth, MN		Passenger Property Loss	Checked Baggage	9.66	Tools & Machines	Locks	Approved	9.66	Approve in Full
96237	2006122017530	2006-12-14 00:00:00	2006-12-03 00:00:00	DLH	Duluth, MN	Northwest Airlines	Passenger Property Loss	Checked Baggage	150.0	Tools & Machines	Barber Supplies - Scissors, shears, elecric razors, etc.	Denied	0.0	Deny
99101	2007020220109	2007-01-30 00:00:00	2007-01-18 00:00:00	DLH	Duluth, MN	Northwest Airlines	Passenger Property Loss	Checked Baggage	450.0	Outdoors Supplies	Fish/Game	Settled	155.62	Settle
99124	2007020620361	2007-01-31 00:00:00	2006-11-04 00:00:00	DLH	Duluth, MN	Northwest Airlines	Passenger Property Loss	Checked Baggage	46.9	Tools & Machines,Other	Locks*Other	Approved	46.9	Approve in Full
104871	2007060426125	2007-05-29 00:00:00	2007-04-18 00:00:00	DLH	Duluth, MN	Continental Airlines	Passenger Property Loss	Checked Baggage	339.0	Scientific Intruments	Professional Equipment	Denied	0.0	Deny
106177	2007062527476	2007-06-21 00:00:00	2007-06-03 00:00:00	DLH	Duluth, MN	Northwest Airlines	Passenger Property Loss	Checkpoint	565.0	Clothing & Accessories,Electronics,Other	Eyeglasses - (including contact lenses)*GPS - Global Positioning System*Other	Denied	0.0	Deny
107605	2007072328858	2007-07-19 00:00:00	2007-07-11 00:00:00	DLH	Duluth, MN	Northwest Airlines	Passenger Property Loss	Checked Baggage		Other	Other	Insufficient, one of the following items required: sum certain, statement of fact, signature, location of incident, and date.		
108478	2007080829817	2007-08-03 00:00:00	2007-06-29 00:00:00	DLH	Duluth, MN		Passenger Property Loss	Checked Baggage	125.0	Clothing & Accessories,Other	Clothing - Shoes, belts, accessories, etc.*Other	Denied	0.0	Deny
111696	2007100433026	2007-10-04 00:00:00	2007-09-27 00:00:00	DLH	Duluth, MN	Northwest Airlines	Passenger Property Loss	Checked Baggage	89.5	Outdoors Supplies	Tools - Manual (not in a vehicle)	Denied	0.0	Deny
113957	2007112735452	2007-11-19 00:00:00	2007-11-10 00:00:00	DLH	Duluth, MN	Northwest Airlines	Passenger Property Loss	Checked Baggage	1524.0	Tools & Machines,Electronics	Binoculars*Cell Phones	Denied	0.0	Deny
129777	2008102751627	2008-10-22 00:00:00	2008-08-07 00:00:00	DLH	Duluth, MN	Northwest Airlines	Passenger Property Loss	Checked Baggage	95.0	Clothing & Accessories	Clothing - Shoes, belts, accessories, etc.	Settled	43.64	Settle
129947	2008110451790	2008-10-28 00:00:00	2008-10-08 00:00:00	DLH	Duluth, MN	Northwest Airlines	Passenger Property Loss	Checked Baggage	25.0	Outdoors Supplies	Sporting Equipment & Supplies (footballs, parachutes, etc.)	Canceled	0.0	
132997	2009012354893	2009-01-15 00:00:00	2008-11-25 00:00:00	DLH	Duluth, MN	Northwest Airlines	Passenger Property Loss	Checked Baggage	10.0	Containers	Luggage (all types including footlockers)	Denied	0.0	Deny
135818	2009042758013	2009-04-02 00:00:00	2009-03-02 00:00:00	DLH	Duluth, MN	Allegiant Air	Passenger Property Loss	Checked Baggage	25.86	Cosmetics	Cosmetics - Perfume, toilet articles, medicines, soaps, etc.	Approved	25.86	Approve in Full
138700	2009063060717	2009-06-23 00:00:00	2009-06-15 00:00:00	DLH	Duluth, MN	Allegiant Air	Passenger Property Loss	Checkpoint	85.0	Other	Currency	Denied	0.0	Deny
141536	2009091063511	2009-09-10 00:00:00	2009-07-31 00:00:00	DLH	Duluth, MN	Northwest Airlines	Passenger Property Loss	Checked Baggage	25.0	Tools & Machines	Locks	Denied	0.0	Deny
142441	2009100864456	2009-10-07 00:00:00	2009-09-25 00:00:00	DLH	Duluth, MN	Northwest Airlines	Passenger Property Loss	Checked Baggage	22.0	Tools & Machines	Locks	Approved	22.0	Approve in Full
154250	2010102977486	2010-10-29 00:00:00	2010-09-21 00:00:00	DLH	Duluth, MN	UAL	Passenger Property Loss	Checked Baggage		Clothing & Accessories	Clothing		0.0	Deny
165678	2011112989201	2011-11-14 00:00:00	2011-10-15 00:00:00	DLH	Duluth, MN	Delta Air Lines	Passenger Property Loss	Checked Baggage		Clothing & Accessories	Clothing		0.0	Deny
166464	2012011990245	2011-12-12 00:00:00	2011-12-04 14:00:00	DLH	Duluth, MN	Allegiant Air	Passenger Property Loss	Checkpoint		Cosmetics	Cosmetics & Grooming		30.0	Settle
172646	2012082996420	2012-07-16 00:00:00	2012-07-07 13:30:00	DLH	Duluth, MN	Delta Air Lines	Passenger Property Loss	Checked Baggage		Other	Other		0.0	Deny
175985	2013010299460	2012-11-16 00:00:00	2012-10-30 15:31:00	DLH	Duluth, MN		Passenger Property Loss	Checkpoint		Other	Other			
192549	2014090316414	2014-08-14 00:00:00	2014-07-11 00:00:00	DLH	Duluth, MN	Allegiant Air	Passenger Property Loss	Checked Baggage		Clothing & Accessories	Clothing		0.0	Deny
193561	2014100717445	2014-09-26 00:00:00	2014-09-25 00:00:00	DLH	Duluth, MN	Delta Air Lines	Passenger Property Loss	Checked Baggage		Containers	Baggage/Cases/Purses		0.0	Deny
193771	2014101517660	2014-10-15 00:00:00	2014-08-09 00:00:00	DLH	Duluth, MN	Delta Air Lines	Passenger Property Loss	Checkpoint		Cosmetics	Cosmetics & Grooming			