id	claim_number	date_received	incident_date	airport_code	airport_name	airline	claim_type	claim_site	claim_amount	items_new	items_old	status	close_amount	disposition
1375	24613	2003-01-14 00:00:00	2002-12-26 00:00:00	DSM	Des Moines International	Delta Air Lines	Passenger Property Loss	Checkpoint	471.21	Other	Other	Canceled	0.0	
1398	0617667L	2003-01-14 00:00:00	2002-12-26 00:00:00	DSM	Des Moines International	Delta Air Lines	Passenger Property Loss	Checkpoint	471.21	Other	Other	Denied	0.0	Deny
1805	26879	2003-01-24 00:00:00	2002-12-31 00:00:00	DSM	Des Moines International	Northwest Airlines	Passenger Property Loss	Checked Baggage	35.0	Other	Other	Approved	35.0	Approve in Full
2385	0210019L	2003-02-10 00:00:00	2003-01-05 00:00:00	DSM	Des Moines International		Passenger Property Loss	Checked Baggage	100.0	Other	Other	Settled	50.0	Settle
3097	0228005L	2003-02-28 00:00:00	2003-01-11 00:00:00	DSM	Des Moines International	American Airlines	Passenger Property Loss	Checked Baggage	80.0	Clothing & Accessories	Clothing - Shoes, belts, accessories, etc.	Settled	40.0	Settle
3336	0306033L	2003-03-06 00:00:00	2002-12-30 00:00:00	DSM	Des Moines International		Passenger Property Loss	Checked Baggage	84.0	Other	Other	Settled	42.0	Settle
8499	0616034L	2003-06-16 00:00:00	2003-05-07 00:00:00	DSM	Des Moines International		Passenger Property Loss	Checked Baggage	75.0	Clothing & Accessories	Clothing - Shoes, belts, accessories, etc.	Approved	75.0	Approve in Full
8613	0616058L	2003-06-16 00:00:00	2003-05-14 00:00:00	DSM	Des Moines International		Passenger Property Loss	Checked Baggage	100.0	Watches & Jewelry	Jewelry - Fine	Settled	50.0	Settle
8958	0619072L	2003-06-19 00:00:00	2003-04-23 00:00:00	DSM	Des Moines International	UAL	Passenger Property Loss	Checked Baggage	118.0	Other	Other	Canceled		
10053	0707002M	2003-07-07 00:00:00	2003-06-24 00:00:00	DSM	Des Moines International		Passenger Property Loss	Checkpoint	7.99	Other	Other	Approved	8.0	Approve in Full
13106	0813000M	2003-08-13 00:00:00	2003-06-26 00:00:00	DSM	Des Moines International	Northwest Airlines	Passenger Property Loss	Checkpoint	64.95	Other	Other	Denied	0.0	Deny
13852	0820000M	2003-08-20 00:00:00	2003-08-13 00:00:00	DSM	Des Moines International	UAL	Passenger Property Loss	Checked Baggage	50.0	Clothing & Accessories	Clothing - Shoes, belts, accessories, etc.	Settled	25.0	Settle
13886	0821068M	2003-08-21 00:00:00	2003-07-30 00:00:00	DSM	Des Moines International		Passenger Property Loss	Checked Baggage	75.0	Clothing & Accessories	Clothing - Shoes, belts, accessories, etc.	Approved	75.0	Approve in Full
15237	0905064M	2003-09-05 00:00:00	2003-05-19 00:00:00	DSM	Des Moines International	UAL	Passenger Property Loss	Checked Baggage	130.0	Clothing & Accessories	Clothing - Shoes, belts, accessories, etc.	Settled	65.0	Settle
16142	0922068M	2003-09-22 00:00:00	2003-08-03 00:00:00	DSM	Des Moines International		Passenger Property Loss	Checked Baggage	904.18	Other	Other	Denied	0.0	Deny
18233	1021343M	2003-10-21 00:00:00	2003-08-21 00:00:00	DSM	Des Moines International		Passenger Property Loss	Checked Baggage	284.04	Electronics	Cameras - Digital	Approved	284.04	Approve in Full
18379	1021292M	2003-10-21 00:00:00	2003-09-04 00:00:00	DSM	Des Moines International		Passenger Property Loss	Checked Baggage	400.0	Other	Other	Denied	0.0	Deny
18393	1021317M	2003-10-21 00:00:00	2003-09-14 00:00:00	DSM	Des Moines International		Passenger Property Loss	Checked Baggage	4500.0	Other	Other	Denied	0.0	Deny
18716	1022164M	2003-10-22 00:00:00	2003-10-08 00:00:00	DSM	Des Moines International	UAL	Passenger Property Loss	Checked Baggage	835.0	Cosmetics	Cosmetics - Perfume, toilet articles, medicines, soaps, etc.	Denied	835.0	Deny
20141	1117257M	2003-11-17 00:00:00	2003-10-25 00:00:00	DSM	Des Moines International		Passenger Property Loss	Checked Baggage	125.0	Clothing & Accessories	Clothing - Shoes, belts, accessories, etc.	Approved	125.0	Approve in Full
21554	1205695M	2003-12-05 00:00:00	2003-08-17 00:00:00	DSM	Des Moines International	UAL	Passenger Property Loss	Checked Baggage	52.33	Other	Other	Approved	52.33	Approve in Full
21963	1205406M	2003-12-05 00:00:00	2003-08-05 00:00:00	DSM	Des Moines International		Passenger Property Loss	Checked Baggage	304.78	Other	Other	Settled	152.39	Settle
22423	1208163M	2003-12-08 00:00:00	2003-11-23 00:00:00	DSM	Des Moines International		Passenger Property Loss	Checked Baggage	90.0	Clothing & Accessories	Clothing - Shoes, belts, accessories, etc.	Settled	45.0	Settle
23429	1222046M	2003-12-22 00:00:00	2003-10-27 00:00:00	DSM	Des Moines International	American Airlines	Passenger Property Loss	Checked Baggage	300.0	Other	Currency	Settled	200.0	Settle
23794	0105181M	2004-01-05 00:00:00	2003-11-11 00:00:00	DSM	Des Moines International	American Airlines	Passenger Property Loss	Checked Baggage	356.16	Watches & Jewelry	Jewelry - Fine	Denied	0.0	Deny
30002	2004060254189	2004-03-11 00:00:00	2003-12-21 00:00:00	DSM	Des Moines International		Passenger Property Loss	Checked Baggage	250.0	Clothing & Accessories	Clothing - Shoes, belts, accessories, etc.	Approved	250.0	Approve in Full
30257	2004052453160	2004-03-12 00:00:00	2004-01-02 00:00:00	DSM	Des Moines International	UAL	Passenger Property Loss	Checked Baggage	106.05	Other	Other	Approved	106.05	Approve in Full
32072	2004051852832	2004-04-05 00:00:00	2004-03-13 00:00:00	DSM	Des Moines International	UAL	Passenger Property Loss	Checked Baggage	165.0	Other	Other	Approved	165.0	Approve in Full
34169	2004060454780	2004-05-04 00:00:00	2004-03-21 00:00:00	DSM	Des Moines International	Northwest Airlines	Passenger Property Loss	Checked Baggage	32.5	Other	Currency	Approved	32.5	Approve in Full
34491	2004060454728	2004-05-04 00:00:00	2004-04-04 00:00:00	DSM	Des Moines International		Passenger Property Loss	Checked Baggage	235.0	Other	Other	Settled	117.5	Settle
34813	2004060955182	2004-05-10 00:00:00	2004-03-19 00:00:00	DSM	Des Moines International	Continental Airlines	Passenger Property Loss	Checked Baggage	42.38	Clothing & Accessories	Clothing - Shoes, belts, accessories, etc.	Approved	42.38	Approve in Full
35140	2004061555893	2004-05-13 00:00:00	2004-04-05 00:00:00	DSM	Des Moines International	UAL	Passenger Property Loss	Checked Baggage	52.89	Electronics	Cell Phones	Approved	52.89	Approve in Full
35207	2004061856297	2004-05-13 00:00:00	2004-05-06 00:00:00	DSM	Des Moines International		Passenger Property Loss	Checked Baggage	30.0	Other	Other	Approved	30.0	Approve in Full
40253	2004080960914	2004-07-15 00:00:00	2004-03-14 00:00:00	DSM	Des Moines International		Passenger Property Loss	Checked Baggage	150.0	Other	Other	Canceled	0.0	
41301	2004090161852	2004-07-29 00:00:00	2004-07-07 00:00:00	DSM	Des Moines International	America West	Passenger Property Loss	Checkpoint	250.0	Watches & Jewelry	Jewelry - Fine	Canceled		
42442	2004092763869	2004-08-10 00:00:00	2004-08-04 00:00:00	DSM	Des Moines International	Northwest Airlines	Passenger Property Loss	Checked Baggage	1587.0	Electronics	Computer - Laptop	Settled	716.85	Settle
47522	2004110566492	2004-10-18 00:00:00	2004-09-18 00:00:00	DSM	Des Moines International	UAL	Passenger Property Loss	Checked Baggage	399.99	Electronics	Cameras - Digital	Approved	399.99	Approve in Full
49173	2004122170065	2004-11-04 00:00:00	2004-10-05 00:00:00	DSM	Des Moines International	American Airlines	Passenger Property Loss	Checkpoint	452.46	Electronics	Cameras - Digital	Denied	0.0	Deny
56015	2005030576982	2005-02-01 00:00:00	2005-01-02 00:00:00	DSM	Des Moines International	UAL	Passenger Property Loss	Checked Baggage	68.86	Other	Other	Approved	68.86	Approve in Full
56609	2005030977451	2005-02-07 00:00:00	2005-01-30 00:00:00	DSM	Des Moines International		Passenger Property Loss	Checked Baggage	567.08	Electronics	Cameras - Digital	Denied	0.0	Deny
56645	2005031077468	2005-02-07 00:00:00	2005-01-11 00:00:00	DSM	Des Moines International		Passenger Property Loss	Checked Baggage	119.0	Cosmetics	Cosmetics - Perfume, toilet articles, medicines, soaps, etc.	Settled	59.5	Settle
62302	2005042583315	2005-04-22 00:00:00	2005-04-15 00:00:00	DSM	Des Moines International	Northwest Airlines	Passenger Property Loss	Checked Baggage	8.0	Other	Currency	Approved	8.0	Approve in Full
64080	2005051884967	2005-05-17 00:00:00	2004-12-12 00:00:00	DSM	Des Moines International	UAL	Passenger Property Loss	Checked Baggage	446.0	Other	Other	Denied	0.0	Deny
64431	2005052385355	2005-05-20 00:00:00	2005-04-03 00:00:00	DSM	Des Moines International	American Eagle	Passenger Property Loss	Checked Baggage	257.6	Containers	Luggage (all types including footlockers)	Denied	0.0	Deny
64535	2005052485419	2005-05-23 00:00:00	2005-05-10 00:00:00	DSM	Des Moines International	Delta Air Lines	Passenger Property Loss	Checkpoint	157.89	Clothing & Accessories	Eyeglasses - (including contact lenses)	Denied	0.0	Deny
64745	2005053185549	2005-05-24 00:00:00	2005-05-05 00:00:00	DSM	Des Moines International	Northwest Airlines	Passenger Property Loss	Checked Baggage	249.99	Other	Other	Settled	175.1	Settle
66856	2005063087911	2005-06-24 00:00:00	2005-06-10 00:00:00	DSM	Des Moines International	American Airlines	Passenger Property Loss	Checked Baggage	12.86	Tools & Machines	Locks	Approved	12.86	Approve in Full
69506	2005081590596	2005-08-04 00:00:00	2005-07-04 00:00:00	DSM	Des Moines International	American Airlines	Passenger Property Loss	Checked Baggage	71.75	Clothing & Accessories	Clothing - Shoes, belts, accessories, etc.	Denied	0.0	Deny
69732	2005081790764	2005-08-08 00:00:00	2005-07-23 00:00:00	DSM	Des Moines International	Northwest Airlines	Passenger Property Loss	Checked Baggage	152.98	Cosmetics	Cosmetics - Perfume, toilet articles, medicines, soaps, etc.	Settled	76.49	Settle
69998	2005082291066	2005-08-12 00:00:00	2005-08-01 00:00:00	DSM	Des Moines International	American Airlines	Passenger Property Loss	Checked Baggage	65.72	Other	Other	Approved	65.72	Approve in Full
70143	2005082391297	2005-08-16 00:00:00	2005-06-18 00:00:00	DSM	Des Moines International	Delta Air Lines	Passenger Property Loss	Checked Baggage	4.24	Tools & Machines	Locks	Approved	4.24	Approve in Full
70457	2005082591482	2005-08-19 00:00:00	2005-07-04 00:00:00	DSM	Des Moines International	American Airlines	Passenger Property Loss	Checked Baggage	41.28	Clothing & Accessories	Clothing - Shoes, belts, accessories, etc.	Denied	0.0	Deny
71273	2005090892286	2005-09-01 00:00:00	2005-08-25 00:00:00	DSM	Des Moines International		Passenger Property Loss	Checked Baggage	700.0	Supplies	Medicines	Canceled	0.0	
75368	2005112596447	2005-11-14 00:00:00	2005-08-31 00:00:00	DSM	Des Moines International	UAL	Passenger Property Loss	Checkpoint	42.0	Other	Other	Canceled	0.0	
75699	2005120196749	2005-11-18 00:00:00	2005-10-29 00:00:00	DSM	Des Moines International	American Airlines	Passenger Property Loss	Checked Baggage	700.0	Electronics	Cell Phones	Denied	0.0	Deny
76033	2005120797170	2005-11-23 00:00:00	2005-11-05 00:00:00	DSM	Des Moines International	Northwest Airlines	Passenger Property Loss	Checked Baggage	342.0	Supplies	Medicines	Settled	243.67	Settle
77614	2006010498708	2005-12-26 00:00:00	2005-12-25 00:00:00	DSM	Des Moines International	UAL	Passenger Property Loss	Checked Baggage	76.47	Electronics	Computer - Laptop	Denied	0.0	Deny
77898	2006010698990	2006-01-03 00:00:00	2005-09-03 00:00:00	DSM	Des Moines International		Passenger Property Loss	Checked Baggage	502.43	Electronics	Cameras - Digital	Denied	0.0	Deny
78711	2006012099886	2006-01-12 00:00:00	2005-12-21 00:00:00	DSM	Des Moines International	American Airlines	Passenger Property Loss	Checked Baggage	2480.38	Electronics	Computer - Laptop	Denied	0.0	Deny
79534	2006020100701	2006-01-25 00:00:00	2005-01-16 00:00:00	DSM	Des Moines International		Passenger Property Loss	Checked Baggage	19.99	Tools & Machines	Locks	Approved	19.99	Approve in Full
80279	2006021001401	2006-02-07 00:00:00	2005-11-23 00:00:00	DSM	Des Moines International	UAL	Passenger Property Loss	Checked Baggage	193.98	Clothing & Accessories	Clothing - Shoes, belts, accessories, etc.	Denied	0.0	Deny
81141	2006030102331	2006-02-23 00:00:00	2006-01-27 00:00:00	DSM	Des Moines International	Northwest Airlines	Passenger Property Loss	Checked Baggage	1400.0	Clothing & Accessories	Clothing - Shoes, belts, accessories, etc.	Denied	0.0	Deny
83679	2006042004846	2006-04-11 00:00:00	2006-03-30 00:00:00	DSM	Des Moines International	Delta Air Lines	Passenger Property Loss	Checked Baggage	60.0	Other	Other	Denied	0.0	Deny
85021	2006051206100	2006-05-09 00:00:00	2006-04-13 00:00:00	DSM	Des Moines International	Continental Airlines	Passenger Property Loss	Checked Baggage	2195.41	Electronics,Electronics,Clothing & Accessories,Electronics	Cameras - Digital*Cell Phones*Clothing - Shoes, belts, accessories, etc.*Computer - Laptop	Denied	0.0	Deny
86266	2006060607474	2006-06-05 00:00:00	2006-05-12 00:00:00	DSM	Des Moines International	Northwest Airlines	Passenger Property Loss	Checked Baggage	209.95	Other	Other	Canceled	0.0	
86556	2006061207769	2006-06-09 00:00:00	2006-06-08 00:00:00	DSM	Des Moines International	Northwest Airlines	Passenger Property Loss	Checked Baggage	9.0	Tools & Machines	Locks	Denied	0.0	Deny
87557	2006063008766	2006-06-29 00:00:00	2006-06-14 00:00:00	DSM	Des Moines International	UAL	Passenger Property Loss	Checkpoint	577.0	Clothing & Accessories	Eyeglasses - (including contact lenses)	Denied	0.0	Deny
88493	2006071909779	2006-07-17 00:00:00	2006-06-25 00:00:00	DSM	Des Moines International		Passenger Property Loss	Checked Baggage	144.95	Containers,Other	Luggage (all types including footlockers)*Other	Denied	0.0	Deny
88691	2006072409936	2006-07-20 00:00:00	2006-05-05 00:00:00	DSM	Des Moines International		Passenger Property Loss	Checked Baggage	43.72	Tools & Machines	Locks	Denied	0.0	Deny
88694	2006072409939	2006-07-20 00:00:00	2006-06-04 00:00:00	DSM	Des Moines International		Passenger Property Loss	Checked Baggage	43.72	Tools & Machines,Other	Locks*Other	Denied	0.0	Deny
89651	2006081110796	2006-08-09 00:00:00	2006-07-27 00:00:00	DSM	Des Moines International	American Airlines	Passenger Property Loss	Checked Baggage		Electronics,Electronics	Cameras - Digital*Cameras - Non-electronic (Camera supplies, lenses, projectors, etc.)	Insufficient, one of the following items required: sum certain, statement of fact, signature, location of incident, and date.		
89675	2006081410979	2006-08-10 00:00:00	2006-06-30 00:00:00	DSM	Des Moines International	Northwest Airlines	Passenger Property Loss	Checked Baggage	6331.18	Watches & Jewelry,Watches & Jewelry	Jewelry - Fine*Jewelry - Fine	Canceled	0.0	
89856	2006081511063	2006-08-14 00:00:00	2006-07-27 00:00:00	DSM	Des Moines International	American Airlines	Passenger Property Loss	Checked Baggage	400.0	Electronics,Electronics	Cameras - Digital*Cameras - Non-electronic (Camera supplies, lenses, projectors, etc.)	Denied	0.0	Deny
90184	2006082311452	2006-08-21 00:00:00	2006-07-15 00:00:00	DSM	Des Moines International	Northwest Airlines	Passenger Property Loss	Checkpoint	78.6	Scientific Intruments	Medical Equipment & Insturments	Approved	78.6	Approve in Full
90657	2006090511950	2006-08-28 00:00:00	2006-08-10 00:00:00	DSM	Des Moines International	UAL	Passenger Property Loss	Checked Baggage	458.7	Clothing & Accessories,Outdoors Supplies	Eyeglasses - (including contact lenses)*Sporting Equipment & Supplies (footballs, parachutes, etc.)	Denied	0.0	Deny
90722	2006090511979	2006-08-29 00:00:00	2006-08-24 00:00:00	DSM	Des Moines International		Passenger Property Loss	Checked Baggage	600.0	Clothing & Accessories	Clothing - Shoes, belts, accessories, etc.	Denied	0.0	Deny
90793	2006090712100	2006-08-30 00:00:00	2006-08-24 00:00:00	DSM	Des Moines International	Northwest Airlines	Passenger Property Loss	Checked Baggage	230.0	Tools & Machines,Electronics	Barber Supplies - Scissors, shears, elecric razors, etc.*Cell Phones	Denied	0.0	Deny
93710	2006110615171	2006-10-26 00:00:00	2006-09-25 00:00:00	DSM	Des Moines International	Delta Air Lines	Passenger Property Loss	Checked Baggage	450.0	Containers	Luggage (all types including footlockers)	Denied	0.0	Deny
94031	2006110715265	2006-11-02 00:00:00	2006-10-22 00:00:00	DSM	Des Moines International	UAL	Passenger Property Loss	Checked Baggage	1795.02	Electronics	Computer - Laptop	Denied	0.0	Deny
94325	2006111515637	2006-11-08 00:00:00	2006-10-02 00:00:00	DSM	Des Moines International	Midwest Express Airlines	Passenger Property Loss	Checked Baggage	150.0	Watches & Jewelry	Watches - Expensive more than $100	Denied	0.0	Deny
97004	2006102314454		2006-07-22 00:00:00	DSM	Des Moines International		Passenger Property Loss	Checked Baggage	141.49	Clothing & Accessories	Clothing - Shoes, belts, accessories, etc.	Denied	0.0	Deny
97624	2007011218728	2007-01-08 00:00:00	2007-01-01 00:00:00	DSM	Des Moines International	American Airlines	Passenger Property Loss	Checked Baggage	35.0	Food & Drink	Alcoholic beverages	Denied	0.0	Deny
97700	2007011618811	2007-01-09 00:00:00	2006-11-26 00:00:00	DSM	Des Moines International	Northwest Airlines	Passenger Property Loss	Checked Baggage	8.47	Tools & Machines	Barber Supplies - Scissors, shears, elecric razors, etc.	Approved	8.47	Approve in Full
99287	2007020620345	2007-02-02 00:00:00	2006-12-22 00:00:00	DSM	Des Moines International	UAL	Passenger Property Loss	Checked Baggage	286.0	Electronics,Electronics	Cameras - Digital*Cell Phones	Settled	90.89	Settle
102117	2007040223372	2007-03-29 00:00:00	2007-03-16 00:00:00	DSM	Des Moines International	Continental Airlines	Passenger Property Loss	Checked Baggage	199.99	Electronics,Other	GPS - Global Positioning System*Other	Settled	100.0	Settle
102991	2007042424383	2007-04-17 00:00:00	2007-04-12 00:00:00	DSM	Des Moines International	Northwest Airlines	Passenger Property Loss	Checked Baggage	255.63	Electronics	Cameras - Digital	Settled	135.78	Settle
103755	2007050725009	2007-05-03 00:00:00	2007-04-16 00:00:00	DSM	Des Moines International	American Eagle	Passenger Property Loss	Checkpoint	15.0	Clothing & Accessories	Clothing - Shoes, belts, accessories, etc.	Denied	0.0	Deny
103811	2007050925200	2007-05-04 00:00:00	2007-04-13 00:00:00	DSM	Des Moines International	Delta Air Lines	Passenger Property Loss	Checked Baggage	10.55	Tools & Machines	Locks	Approved	10.55	Approve in Full
106604	2007071128095	2007-06-29 00:00:00	2007-06-02 00:00:00	DSM	Des Moines International	Northwest Airlines	Passenger Property Loss	Checked Baggage	139.21	Cosmetics,Scientific Intruments	Cosmetics - Perfume, toilet articles, medicines, soaps, etc.*Dental Equipment and Instruments	Denied	0.0	Deny
106922	2007071228227	2007-07-06 00:00:00	2007-07-04 00:00:00	DSM	Des Moines International	Midwest Express Airlines	Passenger Property Loss	Checked Baggage	528.94	Electronics	Cell Phones	Settled	264.47	Settle
106933	2007071228218	2007-07-09 00:00:00	2007-07-04 00:00:00	DSM	Des Moines International	American Airlines	Passenger Property Loss	Checked Baggage	12.0	Tools & Machines	Locks	Approved	12.0	Approve in Full
110498	2007091131638	2007-09-11 00:00:00	2007-07-13 00:00:00	DSM	Des Moines International		Passenger Property Loss	Checked Baggage	100.0	Clothing & Accessories	Clothing - Shoes, belts, accessories, etc.	Approved	100.0	Approve in Full
110893	2007091832110	2007-09-18 00:00:00	2007-09-13 00:00:00	DSM	Des Moines International	Northwest Airlines	Passenger Property Loss	Checked Baggage	9.26	Tools & Machines	Locks	Denied	0.0	Deny
110902	2007091932203	2007-09-18 00:00:00	2007-09-07 00:00:00	DSM	Des Moines International	Northwest Airlines	Passenger Property Loss	Checkpoint	187.0	Other,Watches & Jewelry	Currency*Watches - Expensive more than $100	Denied	0.0	Deny
112971	2007110534458	2007-10-31 00:00:00	2007-10-20 00:00:00	DSM	Des Moines International	Northwest Airlines	Passenger Property Loss	Checkpoint	35.96	Supplies	Medicines	Canceled	0.0	
113914	2007112135323	2007-11-19 00:00:00	2007-10-28 00:00:00	DSM	Des Moines International	Allegiant Air	Passenger Property Loss	Checked Baggage	269.38	Watches & Jewelry	Jewelry - Costume	Denied	0.0	Deny
115023	2007121436522	2007-12-11 00:00:00	2007-11-20 00:00:00	DSM	Des Moines International	Northwest Airlines	Passenger Property Loss	Checked Baggage	7.91	Other	Other	Denied	0.0	Deny
116292	2008011537917	2008-01-07 00:00:00	2007-12-23 00:00:00	DSM	Des Moines International	American Airlines	Passenger Property Loss	Checked Baggage	25.0	Games & Toys	Toys (game systems, cartridges, radio controlled cars, etc.)	Denied	0.0	Deny
117061	2008012538589	2008-01-22 00:00:00	2007-12-28 00:00:00	DSM	Des Moines International	American Airlines	Passenger Property Loss	Checked Baggage	33.0	Other,Other	Other*Other	Denied	0.0	Deny
117253	2008012938798	2008-01-24 00:00:00	2007-01-12 00:00:00	DSM	Des Moines International	Northwest Airlines	Passenger Property Loss	Checked Baggage	181.5	Clothing & Accessories	Clothing - Shoes, belts, accessories, etc.	Denied	0.0	Deny
117557	2008020639188	2008-01-29 00:00:00	2008-01-16 00:00:00	DSM	Des Moines International	UAL	Passenger Property Loss	Checked Baggage	250.0	Electronics	Cameras - Digital	Denied	0.0	Deny
118977	2008030740639	2008-02-27 00:00:00	2008-01-11 00:00:00	DSM	Des Moines International	Northwest Airlines	Passenger Property Loss	Checked Baggage	199.95	Electronics	Cameras - Digital	Denied	0.0	Deny
119117	2008031240910	2008-03-02 00:00:00	2008-02-22 00:00:00	DSM	Des Moines International	Continental Airlines	Passenger Property Loss	Checked Baggage		Other	Currency	Insufficient, one of the following items required: sum certain, statement of fact, signature, location of incident, and date.		
122659	2008051644372	2008-05-12 00:00:00	2008-04-30 00:00:00	DSM	Des Moines International	Continental Airlines	Passenger Property Loss	Checkpoint	700.0	Electronics	Computer - Laptop	Denied	0.0	Deny
122729	2008051644375	2008-05-13 00:00:00	2008-04-29 00:00:00	DSM	Des Moines International	UAL	Passenger Property Loss	Checked Baggage	299.99	Outdoors Supplies	Sporting Equipment & Supplies (footballs, parachutes, etc.)	Denied	0.0	Deny
123472	2008060345180	2008-05-29 00:00:00	2008-05-18 00:00:00	DSM	Des Moines International	Northwest Airlines	Passenger Property Loss	Checked Baggage	14.0	Tools & Machines	Locks	Denied	0.0	Deny
123671	2008060445258	2008-06-03 00:00:00	2008-05-25 00:00:00	DSM	Des Moines International	UAL	Passenger Property Loss	Checked Baggage	350.0	Electronics,Electronics,Other	Computer - Laptop*MP3 Players-(iPods, etc)*Other	Denied	0.0	Deny
124229	2008061845885	2008-06-16 00:00:00	2008-05-23 00:00:00	DSM	Des Moines International	American Eagle	Passenger Property Loss	Checked Baggage	174.9	Clothing & Accessories	Eyeglasses - (including contact lenses)	Denied	0.0	Deny
124985	2008071046794	2008-07-02 00:00:00	2008-05-24 00:00:00	DSM	Des Moines International	American Airlines	Passenger Property Loss	Checked Baggage	58.0	Other	Other	Denied	0.0	Deny
125487	2008072347238	2008-07-14 00:00:00	2008-06-13 00:00:00	DSM	Des Moines International	UAL	Passenger Property Loss	Checked Baggage	91.78	Other	Other	Denied	0.0	Deny
125537	2008072247200	2008-07-15 00:00:00	2008-06-30 00:00:00	DSM	Des Moines International	Allegiant Air	Passenger Property Loss	Checked Baggage	200.0	Office Supplies	Cards - Greeting	Denied	0.0	Deny
128047	2008091049738	2008-09-09 00:00:00	2008-08-23 00:00:00	DSM	Des Moines International	UAL	Passenger Property Loss	Checked Baggage	412.63	Containers,Cosmetics	Bags - Fabric, plastic, etc. (not purses)*Cosmetics - Perfume, toilet articles, medicines, soaps, etc.	Denied	0.0	Deny
128750	2008093050603	2008-09-26 00:00:00	2008-09-21 00:00:00	DSM	Des Moines International	UAL	Passenger Property Loss	Checked Baggage	174.0	Outdoors Supplies	Sporting Equipment & Supplies (footballs, parachutes, etc.)	Canceled	0.0	
129369	2008101551174	2008-10-14 00:00:00	2008-10-09 00:00:00	DSM	Des Moines International	Northwest Airlines	Passenger Property Loss	Checked Baggage	50.0	Clothing & Accessories	Clothing - Shoes, belts, accessories, etc.	Denied	0.0	Deny
129646	2008102251445	2008-10-20 00:00:00	2008-09-10 00:00:00	DSM	Des Moines International	American Airlines	Passenger Property Loss	Checked Baggage	201.0	Cosmetics,Tools & Machines,Other	Cosmetics - Perfume, toilet articles, medicines, soaps, etc.*Locks*Other	Denied	0.0	Deny
129816	2008110451842	2008-10-23 00:00:00	2008-10-03 00:00:00	DSM	Des Moines International	USAir	Passenger Property Loss	Checked Baggage	10.78	Tools & Machines	Locks	Denied	0.0	Deny
130475	2008111752270	2008-11-10 00:00:00	2008-10-06 00:00:00	DSM	Des Moines International	American Airlines	Passenger Property Loss	Checked Baggage	1987.57	Electronics	Computer - Laptop	Insufficient, one of the following items required: sum certain, statement of fact, signature, location of incident, and date.		
131484	2008121253368	2008-12-08 00:00:00	2008-11-07 00:00:00	DSM	Des Moines International	Northwest Airlines	Passenger Property Loss	Checked Baggage	561.78	Electronics,Electronics	Audio - Other (Phonograph, cassettes, etc)*Electrical and Gas Appliances Minor - $200 or less (humidifiers, tv's, etc)	Denied	0.0	Deny
132893	2009012354837	2009-01-13 00:00:00	2009-01-03 00:00:00	DSM	Des Moines International	UAL	Passenger Property Loss	Checked Baggage	110.0	Cosmetics	Cosmetics - Perfume, toilet articles, medicines, soaps, etc.	Denied	0.0	Deny
133003	2009012654913	2009-01-15 00:00:00	2008-12-11 00:00:00	DSM	Des Moines International	Allegiant Air	Passenger Property Loss	Checkpoint	50.0	Other	Currency	Denied	0.0	Deny
133875	2009022555816	2009-02-09 00:00:00	2009-01-24 00:00:00	DSM	Des Moines International	UAL	Passenger Property Loss	Checked Baggage	218.0	Clothing & Accessories	Eyeglasses - (including contact lenses)	Denied	0.0	Deny
134207	2009031656284	2009-02-19 00:00:00	2009-02-06 00:00:00	DSM	Des Moines International	Northwest Airlines	Passenger Property Loss	Checked Baggage	10.99	Tools & Machines	Locks	Denied	0.0	Deny
136665	2009051558662	2009-04-27 00:00:00	2009-04-05 00:00:00	DSM	Des Moines International	UAL	Passenger Property Loss	Checked Baggage	477.29	Watches & Jewelry	Jewelry - Fine	Denied	0.0	Deny
137296	2009052159181	2009-05-15 00:00:00	2009-02-26 00:00:00	DSM	Des Moines International	Delta Air Lines	Passenger Property Loss	Checked Baggage	2000.0	Electronics	Video Recordings - Laser Discs	Denied	0.0	Deny
137560	2009052859579	2009-05-22 00:00:00	2009-04-27 00:00:00	DSM	Des Moines International	American Airlines	Passenger Property Loss	Checked Baggage	2988.9	Watches & Jewelry	Jewelry - Fine	Denied	0.0	Deny
141168	2009090163239	2009-08-28 00:00:00	2009-08-16 00:00:00	DSM	Des Moines International	Delta Air Lines	Passenger Property Loss	Checked Baggage	184.99	Electronics	GPS - Global Positioning System	Denied	0.0	Deny
142817	2009110565185	2009-10-20 00:00:00	2009-04-27 00:00:00	DSM	Des Moines International	American Airlines	Passenger Property Loss	Checked Baggage	2988.9	Other	Other	Denied	0.0	Deny
144161	2009120866204	2009-12-01 00:00:00	2009-10-05 19:00:00	DSM	Des Moines International	Allegiant Air	Passenger Property Loss	Checked Baggage	421.95	Games & Toys	Toys (game systems, cartridges, radio controlled cars, etc.)	Denied	0.0	Deny
144527	2009121566562	2009-12-10 00:00:00	2009-10-30 00:00:00	DSM	Des Moines International	Allegiant Air	Passenger Property Loss	Checked Baggage	641.84	Electronics	Cameras - Digital	Denied	0.0	Deny
144849	2009122966866	2009-12-22 00:00:00	2009-12-18 00:00:00	DSM	Des Moines International	Northwest Airlines	Passenger Property Loss	Checked Baggage	55.0	Clothing & Accessories	Clothing - Shoes, belts, accessories, etc.	Denied	0.0	Deny
150280	2010071373587	2010-07-06 00:00:00	2010-06-23 12:00:00	DSM	Des Moines International	American Airlines	Passenger Property Loss	Checked Baggage		Cosmetics	Cosmetics & Grooming		0.0	Deny
151363	2010081274748	2010-08-04 00:00:00	2010-06-14 13:30:00	DSM	Des Moines International	UAL	Passenger Property Loss	Checked Baggage		Outdoors Supplies	Sporting Equipment & Supplies (footballs, parachutes, etc.)		0.0	Deny
152116	2010082775404	2010-08-25 00:00:00	2010-07-26 17:30:00	DSM	Des Moines International	Delta Air Lines	Passenger Property Loss	Checked Baggage		Food & Drink,Other	Food & Drink*Other		0.0	Deny
155541	2010122178976	2010-12-13 00:00:00	2010-12-10 00:00:00	DSM	Des Moines International	UAL	Passenger Property Loss	Checked Baggage		Electronics	Computer & Accessories		0.0	Deny
160580	2011060784103	2011-05-26 00:00:00	2011-05-18 16:45:00	DSM	Des Moines International	Allegiant Air	Passenger Property Loss	Checked Baggage		Scientific Intruments	Medical/Science			
161338	2011070584969	2011-06-21 00:00:00	2011-06-19 00:00:00	DSM	Des Moines International	Delta Air Lines	Passenger Property Loss	Checked Baggage		Scientific Intruments	Medical/Science		0.0	Deny
161889	2011072485472	2011-07-11 00:00:00	2011-06-21 11:30:00	DSM	Des Moines International	Frontier Airlines	Passenger Property Loss	Checked Baggage		Electronics	Personal Electronics			
167888	2012012790486	2012-01-27 00:00:00	2011-11-06 15:00:00	DSM	Des Moines International	American Airlines	Passenger Property Loss	Checked Baggage		Other	Other		18.54	Approve in Full
169200	2012041192782	2012-03-14 00:00:00	2012-03-04 00:00:00	DSM	Des Moines International	Delta Air Lines	Passenger Property Loss	Checked Baggage		Containers	Baggage/Cases/Purses		0.0	Deny
169928	2012041092781	2012-04-11 00:00:00	2012-04-11 00:00:00	DSM	Des Moines International	American Airlines	Passenger Property Loss	Checked Baggage		Clothing & Accessories	Clothing			
171274	2012062694907	2012-05-29 00:00:00	2012-05-07 06:00:00	DSM	Des Moines International	UAL	Passenger Property Loss	Checked Baggage		Clothing & Accessories	Clothing		128.99	Approve in Full
175733	2013010499527	2012-11-06 00:00:00	2012-06-30 14:30:00	DSM	Des Moines International	UAL	Passenger Property Loss	Checkpoint		Scientific Intruments	Medical/Science		0.0	Deny
177420	2013012400233	2013-01-15 00:00:00	2012-12-07 00:00:00	DSM	Des Moines International	American Airlines	Passenger Property Loss	Checked Baggage		Clothing & Accessories	Clothing		0.0	Deny
177804	2013021301398	2013-01-28 00:00:00	2012-11-23 00:00:00	DSM	Des Moines International	UAL	Passenger Property Loss	Checked Baggage		Electronics	Cameras		0.0	Deny
177918	2013021301418	2013-01-30 00:00:00	2013-01-24 00:00:00	DSM	Des Moines International	American Airlines	Passenger Property Loss	Checked Baggage		Electronics	Computer & Accessories		0.0	Deny
178053	2013020500987	2013-02-05 00:00:00	2013-01-04 00:00:00	DSM	Des Moines International	American Airlines	Passenger Property Loss	Checked Baggage		Clothing & Accessories,Cosmetics,Watches & Jewelry	Clothing*Cosmetics & Grooming*Jewelry & Watches		0.0	Deny
178965	2013031902632	2013-03-11 00:00:00	2013-02-20 00:00:00	DSM	Des Moines International	USAir	Passenger Property Loss	Checked Baggage		Other	Other		0.0	Deny
185336	2013111209175	2013-10-31 00:00:00	2013-10-19 00:00:00	DSM	Des Moines International		Passenger Property Loss	Checked Baggage		Scientific Intruments	Medical/Science		0.0	Deny
188933	2014032612725	2014-03-23 00:00:00	2014-03-14 00:00:00	DSM	Des Moines International	American Airlines	Passenger Property Loss	Checked Baggage		Cosmetics,Other,Clothing & Accessories	Cosmetics & Grooming*Other*Personal Accessories			
193085	2014092416963	2014-09-03 00:00:00	2014-08-30 00:00:00	DSM	Des Moines International	Delta Air Lines	Passenger Property Loss	Checked Baggage		Electronics	Audio/Video			
193358	2014093017240	2014-09-16 00:00:00	2014-07-09 00:00:00	DSM	Des Moines International	Delta Air Lines	Passenger Property Loss	Checked Baggage		Watches & Jewelry	Jewelry & Watches			
197531	2015052822828	2015-05-21 00:00:00	2015-02-24 00:00:00	DSM	Des Moines International	Southwest Airlines	Passenger Property Loss	Checked Baggage		Cosmetics,Watches & Jewelry,Electronics	Cosmetics & Grooming*Jewelry & Watches*Personal Electronics		0.0	Deny
197532	2015061223085	2015-06-04 00:00:00	2015-05-31 00:00:00	DSM	Des Moines International	Allegiant Air	Passenger Property Loss	Checked Baggage		Electronics	Personal Electronics		0.0	Deny
197534	2015073124393	2015-07-23 00:00:00	2015-06-30 00:00:00	DSM	Des Moines International	Southwest Airlines	Passenger Property Loss	Checked Baggage		Electronics,Electronics	Computer & Accessories*Personal Electronics		74.18	Approve in Full
197535	2015080624671	2015-08-04 00:00:00	2015-07-07 00:00:00	DSM	Des Moines International	UAL	Passenger Property Loss	Checked Baggage		Clothing & Accessories	Clothing		80.25	Settle
197537	2015110926716	2015-11-09 00:00:00	2015-09-14 00:00:00	DSM	Des Moines International	Delta Air Lines	Passenger Property Loss	Checked Baggage		Electronics	Personal Electronics		67.48	Settle
197539	2016010528119	2015-12-22 00:00:00	2015-11-30 00:00:00	DSM	Des Moines International	American Airlines	Passenger Property Loss	Checked Baggage		Clothing & Accessories	Clothing		169.99	Settle
206152	2016092133673	2016-07-28 00:00:00	2016-07-23 13:00:00	DSM	Des Moines International Des Moines International	Air France	Passenger Property Loss	Checked Baggage		Watches & Jewelry,Other	Jewelry & Watches*Personal Documents			Insufficient
206153	2016101734731	2016-10-17 00:00:00	2016-08-23 00:00:00	DSM	Des Moines International Des Moines International	Delta Air Lines	Passenger Property Loss	Checked Baggage		Electronics	Personal Electronics			Insufficient
206159	2016021828949	2016-01-28 00:00:00	2016-01-08 06:30:00	DSM	Des Moines International Des Moines International	Southwest Airlines	Passenger Property Loss	Checked Baggage		Cosmetics	Cosmetics & Grooming		195.0	Closed:Contractor Claim
206162	2016100634489	2016-08-23 00:00:00	2016-08-05 00:00:00	DSM	Des Moines International Des Moines International		Passenger Property Loss	Checked Baggage		Cosmetics	Travel Accessories			In Review
206163	2016102835376	2016-09-30 00:00:00	2016-09-20 15:30:00	DSM	Des Moines International Des Moines International	Delta Air Lines	Passenger Property Loss	Checkpoint		Electronics	Computer & Accessories			In Review
206164	2017020937423	2016-12-29 00:00:00	2016-12-29 00:00:00	DSM	Des Moines International Des Moines International	Delta Air Lines	Passenger Property Loss	Checked Baggage		Other	Currency			In Review
214368	2017040538368	2017-02-01 00:00:00	2017-01-04 00:00:00	DSM	Des Moines International Des Moines International	UAL	Passenger Property Loss	Checkpoint		Clothing & Accessories	Clothing		42.37	Approve in Full
214369	2017070641208	2017-06-02 00:00:00	2017-05-15 00:00:00	DSM	Des Moines International Des Moines International	UAL	Passenger Property Loss	Checkpoint		Watches & Jewelry	Jewelry & Watches			Closed: Canceled
214372	2017120845806	2017-11-18 00:00:00	2017-11-16 00:00:00	DSM	Des Moines International Des Moines International	American Airlines	Passenger Property Loss	Checked Baggage		Electronics	Computer & Accessories			In Review
214373	2017092943827	2017-08-23 00:00:00	2017-07-21 05:30:00	DSM	Des Moines International Des Moines International	American Airlines	Passenger Property Loss	Checkpoint		Other	Currency			In Review
214374	2017032238108	2017-01-26 00:00:00	2017-01-04 14:25:00	DSM	Des Moines International Des Moines International		Passenger Property Loss	Checked Baggage		Scientific Intruments	Medical/Science			In Review