id	claim_number	date_received	incident_date	airport_code	airport_name	airline	claim_type	claim_site	claim_amount	items_new	items_old	status	close_amount	disposition
1858	0127057L	2003-01-27 00:00:00	2003-01-05 00:00:00	EUG	Eugene Airport/Mahlon Sweet Field	UAL	Passenger Property Loss	Checked Baggage	65.0	Cosmetics	Cosmetics - Perfume, toilet articles, medicines, soaps, etc.	Approved	65.0	Approve in Full
11851	0729111M	2003-07-29 00:00:00	2003-07-11 00:00:00	EUG	Eugene Airport/Mahlon Sweet Field		Passenger Property Loss	Checked Baggage	25.0	Other	Other	Approved	25.0	Approve in Full
28879	0226034M	2004-02-26 00:00:00	2003-12-05 00:00:00	EUG	Eugene Airport/Mahlon Sweet Field	UAL	Passenger Property Loss	Checked Baggage	678.91	Electronics	Cameras - Digital	Denied	0.0	Deny
33475	2004060354528	2004-04-23 00:00:00	2004-03-22 00:00:00	EUG	Eugene Airport/Mahlon Sweet Field	UAL	Passenger Property Loss	Checked Baggage	217.94	Electronics	Cameras - Digital	Approved	217.94	Approve in Full
37379	2004070158142	2004-06-08 00:00:00	2004-05-17 00:00:00	EUG	Eugene Airport/Mahlon Sweet Field		Passenger Property Loss	Checked Baggage	34.64	Clothing & Accessories	Clothing - Shoes, belts, accessories, etc.	Approved	34.64	Approve in Full
39951	2004080360437	2004-07-12 00:00:00	2004-05-07 00:00:00	EUG	Eugene Airport/Mahlon Sweet Field		Passenger Property Loss	Checked Baggage	335.0	Electronics	Cameras - Digital	Settled	167.5	Settle
40939	2004090962449	2004-07-23 00:00:00	2004-02-23 00:00:00	EUG	Eugene Airport/Mahlon Sweet Field		Passenger Property Loss	Checked Baggage	125.0	Other	Other	Settled	62.5	Settle
47810	2004121469121	2004-10-20 00:00:00	2004-09-15 00:00:00	EUG	Eugene Airport/Mahlon Sweet Field	UAL	Passenger Property Loss	Checked Baggage	10.0	Tools & Machines	Locks	Approved	10.0	Approve in Full
50923	2004122771024	2004-11-29 00:00:00	2004-11-05 00:00:00	EUG	Eugene Airport/Mahlon Sweet Field		Passenger Property Loss	Checked Baggage	575.0	Electronics	Cameras - Digital	Settled	184.64	Settle
52011	2006020801211	2004-12-14 00:00:00	2004-10-30 00:00:00	EUG	Eugene Airport/Mahlon Sweet Field	UAL	Passenger Property Loss	Checked Baggage	10.72	Tools & Machines	Locks	Approved	10.72	Approve in Full
52674	2005011073269	2004-12-21 00:00:00	2004-12-15 00:00:00	EUG	Eugene Airport/Mahlon Sweet Field		Passenger Property Loss	Checked Baggage	2000.0	Electronics	Computer - Laptop	Denied	0.0	Deny
53674	2005012674308	2005-01-06 00:00:00	2004-09-29 00:00:00	EUG	Eugene Airport/Mahlon Sweet Field	UAL	Passenger Property Loss	Checkpoint	100.0	Other	Other	Approved	100.0	Approve in Full
56308	2005031177783	2005-02-01 00:00:00	2004-11-16 00:00:00	EUG	Eugene Airport/Mahlon Sweet Field	American Airlines	Passenger Property Loss	Checked Baggage	300.0	Other	Other	Settled	150.0	Settle
56454	2005030877224	2005-02-04 00:00:00	2004-11-14 00:00:00	EUG	Eugene Airport/Mahlon Sweet Field	America West	Passenger Property Loss	Checkpoint	343.0	Clothing & Accessories	Eyeglasses - (including contact lenses)	Approved	343.0	Approve in Full
57234	2005031578383	2005-02-11 00:00:00	2005-01-06 00:00:00	EUG	Eugene Airport/Mahlon Sweet Field		Passenger Property Loss	Checked Baggage	122.89	Cosmetics	Cosmetics - Perfume, toilet articles, medicines, soaps, etc.	Settled	30.6	Settle
57815	2005032178967	2005-02-24 00:00:00	2005-01-20 00:00:00	EUG	Eugene Airport/Mahlon Sweet Field	American Airlines	Passenger Property Loss	Checked Baggage	54.9	Other	Other	Approved	54.9	Approve in Full
59989	2005033180907	2005-03-23 00:00:00	2005-02-18 00:00:00	EUG	Eugene Airport/Mahlon Sweet Field		Passenger Property Loss	Checked Baggage	599.0	Other	Other	Denied	0.0	Deny
62159	2005042082950	2005-04-19 00:00:00	2005-04-06 00:00:00	EUG	Eugene Airport/Mahlon Sweet Field	Skywest Airlines Inc USA	Passenger Property Loss	Checked Baggage	111.0	Supplies	Medicines	Settled	56.5	Settle
62402	2005042583223	2005-04-22 00:00:00	2005-04-12 00:00:00	EUG	Eugene Airport/Mahlon Sweet Field	UAL	Passenger Property Loss	Checked Baggage	749.92	Electronics	Cameras - Digital	Settled	169.72	Settle
63869	2005051684745	2005-05-13 00:00:00	2004-12-16 00:00:00	EUG	Eugene Airport/Mahlon Sweet Field	Delta Air Lines	Passenger Property Loss	Checked Baggage	16652.5	Other	Other	Denied	0.0	Deny
64586	2005053185540	2005-05-24 00:00:00	2005-05-01 00:00:00	EUG	Eugene Airport/Mahlon Sweet Field	UAL	Passenger Property Loss	Checked Baggage	14.5	Tools & Machines	Locks	Approved	14.5	Approve in Full
65087	2005060986051	2005-05-31 00:00:00	2005-05-10 00:00:00	EUG	Eugene Airport/Mahlon Sweet Field	Korean Airlines	Passenger Property Loss	Checkpoint	211.03	Clothing & Accessories	Clothing - Shoes, belts, accessories, etc.	Settled	114.51	Settle
65463	2005062086673	2005-06-03 00:00:00	2005-05-11 00:00:00	EUG	Eugene Airport/Mahlon Sweet Field	Skywest Airlines Inc USA	Passenger Property Loss	Checked Baggage	25.0	Containers	Luggage (all types including footlockers)	Denied	0.0	Deny
65650	2005061786526	2005-06-07 00:00:00	2005-05-07 00:00:00	EUG	Eugene Airport/Mahlon Sweet Field	Alaska Airlines	Passenger Property Loss	Checked Baggage	275.1	Electronics	Stereo Items & Accessories	Denied	0.0	Deny
68791	2005072889786	2005-07-26 00:00:00	2005-07-08 00:00:00	EUG	Eugene Airport/Mahlon Sweet Field	America West	Passenger Property Loss	Checkpoint	59.99	Electronics	Computer - Laptop	Approved	59.99	Approve in Full
69111	2005080890193	2005-07-29 00:00:00	2005-05-07 00:00:00	EUG	Eugene Airport/Mahlon Sweet Field	Delta Air Lines	Passenger Property Loss	Checked Baggage	109.0	Clothing & Accessories	Clothing - Shoes, belts, accessories, etc.	Denied	0.0	Deny
69144	2005081590496	2005-07-29 00:00:00	2005-06-20 00:00:00	EUG	Eugene Airport/Mahlon Sweet Field	UAL	Passenger Property Loss	Checked Baggage	250.0	Watches & Jewelry	Jewelry - Fine	Settled	125.0	Settle
70983	2005090292064	2005-08-29 00:00:00	2005-08-11 00:00:00	EUG	Eugene Airport/Mahlon Sweet Field	UAL	Passenger Property Loss	Checked Baggage	19.95	Other	Other	Denied	0.0	Deny
71326	2005091392357	2005-09-01 00:00:00	2005-08-14 00:00:00	EUG	Eugene Airport/Mahlon Sweet Field	UAL	Passenger Property Loss	Checked Baggage	460.0	Other	Other	Settled	165.0	Settle
71350	2005091492471	2005-09-06 00:00:00	2005-08-03 00:00:00	EUG	Eugene Airport/Mahlon Sweet Field	Horizon Air	Passenger Property Loss	Checked Baggage	50.0	Clothing & Accessories	Clothing - Shoes, belts, accessories, etc.	Approved	50.0	Approve in Full
73056	2005100694171	2005-09-30 00:00:00	2005-09-19 00:00:00	EUG	Eugene Airport/Mahlon Sweet Field	Northwest Airlines	Passenger Property Loss	Checked Baggage	69.95	Other	Other	Settled	34.98	Settle
73864	2005101994907	2005-10-17 00:00:00	2005-10-01 00:00:00	EUG	Eugene Airport/Mahlon Sweet Field	UAL	Passenger Property Loss	Checked Baggage	255.0	Containers	Luggage (all types including footlockers)	Denied	0.0	Deny
73945	2005102094993	2005-10-17 00:00:00	2005-09-20 00:00:00	EUG	Eugene Airport/Mahlon Sweet Field	UAL	Passenger Property Loss	Checked Baggage	179.99	Other	Other	Settled	90.0	Settle
76598	2005121497757	2005-12-06 00:00:00	2005-11-28 00:00:00	EUG	Eugene Airport/Mahlon Sweet Field	Horizon Air	Passenger Property Loss	Checkpoint	53.18	Other	Other	Approved	53.18	Approve in Full
77985	2006010999176	2006-01-04 00:00:00	2005-12-27 00:00:00	EUG	Eugene Airport/Mahlon Sweet Field	Delta Air Lines	Passenger Property Loss	Checked Baggage	100.0	Other	Currency	Approved	100.0	Approve in Full
78861	2006012300062	2006-01-17 00:00:00	2005-12-19 00:00:00	EUG	Eugene Airport/Mahlon Sweet Field		Passenger Property Loss	Checkpoint	260.15	Other	Currency	Approved	260.15	Approve in Full
80577	2006022101795	2006-02-13 00:00:00	2006-01-21 00:00:00	EUG	Eugene Airport/Mahlon Sweet Field	Alaska Airlines	Passenger Property Loss	Checked Baggage	197.87	Other	Other	Approved	197.87	Approve in Full
80864	2006022302042	2006-02-16 00:00:00	2006-01-18 00:00:00	EUG	Eugene Airport/Mahlon Sweet Field	America West	Passenger Property Loss	Checked Baggage	744.3	Electronics	Cameras - Digital	Settled	311.53	Settle
81156	2006022702230	2006-02-23 00:00:00	2005-12-11 00:00:00	EUG	Eugene Airport/Mahlon Sweet Field	American West	Passenger Property Loss	Checked Baggage	1530.0	Watches & Jewelry	Jewelry - Fine	Settled	765.0	Settle
83890	2006042505197	2006-04-14 00:00:00	2006-04-05 00:00:00	EUG	Eugene Airport/Mahlon Sweet Field	UAL	Passenger Property Loss	Checked Baggage	149.99	Clothing & Accessories	Clothing - Shoes, belts, accessories, etc.	Settled	75.0	Settle
83953	2006042405030	2006-04-17 00:00:00	2006-01-25 00:00:00	EUG	Eugene Airport/Mahlon Sweet Field	Horizon Air	Passenger Property Loss	Checked Baggage	161.0	Watches & Jewelry	Jewelry - Fine	Settled	80.5	Settle
84720	2006051206173	2006-05-02 00:00:00	2006-02-26 00:00:00	EUG	Eugene Airport/Mahlon Sweet Field	Aloha Airlines	Passenger Property Loss	Checkpoint	3149.14	Watches & Jewelry	Jewelry - Fine	Denied	0.0	Deny
85094	2006051506321	2006-05-10 00:00:00	2006-04-11 00:00:00	EUG	Eugene Airport/Mahlon Sweet Field	UAL	Passenger Property Loss	Checked Baggage	50.0	Watches & Jewelry	Jewelry - Costume	Denied	0.0	Deny
85345	2006051906637	2006-05-16 00:00:00	2006-04-12 00:00:00	EUG	Eugene Airport/Mahlon Sweet Field	UAL	Passenger Property Loss	Checked Baggage	758.81	Watches & Jewelry	Jewelry - Fine	Denied	0.0	Deny
86279	2006060707501	2006-06-05 00:00:00	2006-05-31 00:00:00	EUG	Eugene Airport/Mahlon Sweet Field	USAir	Passenger Property Loss	Checked Baggage	3600.0	Watches & Jewelry	Jewelry - Fine	Denied	0.0	Deny
87138	2006062108322	2006-06-20 00:00:00	2006-05-02 00:00:00	EUG	Eugene Airport/Mahlon Sweet Field	Alaska Airlines	Passenger Property Loss	Checked Baggage	60.0	Office Supplies,Containers	Books - Other (Hardcover non-fiction)*Handbags & Purses (leather or fabric)	Settled	30.0	Settle
89453	2006080910661	2006-08-04 00:00:00	2006-03-17 00:00:00	EUG	Eugene Airport/Mahlon Sweet Field	American Airlines	Passenger Property Loss	Checked Baggage	197.02	Watches & Jewelry	Jewelry - Fine	Settled	98.51	Settle
89916	2006081511012	2006-08-14 00:00:00	2006-07-24 00:00:00	EUG	Eugene Airport/Mahlon Sweet Field	Delta Air Lines	Passenger Property Loss	Checked Baggage	30.0	Tools & Machines	Scissors, Shears (other than electric)	Settled	15.0	Settle
90032	2006082111325	2006-08-16 00:00:00	2006-08-02 00:00:00	EUG	Eugene Airport/Mahlon Sweet Field	UAL	Passenger Property Loss	Checked Baggage	243.98	Clothing & Accessories,Electronics	Clothing - Shoes, belts, accessories, etc.*Electrical and Gas Appliances Minor - $200 or less (humidifiers, tv's, etc)	Settled	122.0	Settle
91491	2006092012920	2006-09-12 00:00:00	2006-09-07 00:00:00	EUG	Eugene Airport/Mahlon Sweet Field	Alaska Airlines	Passenger Property Loss	Checked Baggage	219.99	Electronics	Cameras - Digital	Denied	0.0	Deny
92218	2006100213504	2006-09-27 00:00:00	2006-05-13 00:00:00	EUG	Eugene Airport/Mahlon Sweet Field	UAL	Passenger Property Loss	Checked Baggage	350.0	Watches & Jewelry	Jewelry - Fine	Denied	0.0	Deny
93820	2006110915408	2006-10-30 00:00:00	2006-10-02 00:00:00	EUG	Eugene Airport/Mahlon Sweet Field	Delta Air Lines	Passenger Property Loss	Checked Baggage	23.94	Clothing & Accessories,Tools & Machines	Clothing - Shoes, belts, accessories, etc.*Locks	Approved	23.94	Approve in Full
93853	2006110315166	2006-10-30 00:00:00	2006-09-27 00:00:00	EUG	Eugene Airport/Mahlon Sweet Field	UAL	Passenger Property Loss	Checked Baggage	625.0	Watches & Jewelry	Jewelry - Fine	Denied	0.0	Deny
94480	2006111615738	2006-11-13 00:00:00	2006-11-03 00:00:00	EUG	Eugene Airport/Mahlon Sweet Field	UAL	Passenger Property Loss	Checked Baggage	79.99	Clothing & Accessories	Clothing - Shoes, belts, accessories, etc.	Denied	0.0	Deny
95079	2006112916413	2006-11-22 00:00:00	2006-11-09 00:00:00	EUG	Eugene Airport/Mahlon Sweet Field	Horizon Air	Passenger Property Loss	Checked Baggage	230.9	Clothing & Accessories,Clothing & Accessories	Clothing - Shoes, belts, accessories, etc.*Eyeglasses - (including contact lenses)	Settled	115.45	Settle
97757	2007011618845	2007-01-09 00:00:00	2006-12-27 00:00:00	EUG	Eugene Airport/Mahlon Sweet Field	UAL	Passenger Property Loss	Checked Baggage	78.0	Clothing & Accessories	Clothing - Shoes, belts, accessories, etc.	Denied	0.0	Deny
98184	2008012338407	2007-01-16 00:00:00	2008-01-09 00:00:00	EUG	Eugene Airport/Mahlon Sweet Field	USAir	Passenger Property Loss	Checked Baggage	8.95	Tools & Machines	Locks	Denied	0.0	Deny
98835	2007020120010	2007-01-25 00:00:00	2006-11-12 00:00:00	EUG	Eugene Airport/Mahlon Sweet Field	UAL	Passenger Property Loss	Checked Baggage	108.0	Clothing & Accessories,Cosmetics	Clothing - Shoes, belts, accessories, etc.*Cosmetics - Perfume, toilet articles, medicines, soaps, etc.	Denied	0.0	Deny
100253	2007022321470	2007-02-22 00:00:00	2007-01-29 00:00:00	EUG	Eugene Airport/Mahlon Sweet Field	USAir	Passenger Property Loss	Checked Baggage	20.0	Tools & Machines	Locks	Approved	20.0	Approve in Full
100340	2007022821686	2007-02-23 00:00:00	2007-02-15 00:00:00	EUG	Eugene Airport/Mahlon Sweet Field	Horizon Air	Passenger Property Loss	Checked Baggage		Other	Currency	Insufficient, one of the following items required: sum certain, statement of fact, signature, location of incident, and date.		
100552	2007030121736	2007-02-28 00:00:00	2007-02-16 00:00:00	EUG	Eugene Airport/Mahlon Sweet Field	Alaska Airlines	Passenger Property Loss	Checked Baggage	275.0	Clothing & Accessories	Clothing - Shoes, belts, accessories, etc.	Canceled	0.0	
102409	2007041023687	2007-04-05 00:00:00	2007-03-20 00:00:00	EUG	Eugene Airport/Mahlon Sweet Field		Passenger Property Loss	Checked Baggage	290.0	Electronics	Cameras - Digital	Denied	0.0	Deny
106447	2007062927659	2007-06-27 00:00:00	2007-05-27 00:00:00	EUG	Eugene Airport/Mahlon Sweet Field	America West	Passenger Property Loss	Checked Baggage	500.0	Other	Other	Denied	0.0	Deny
113622	2007111935167	2007-11-13 00:00:00	2007-09-11 00:00:00	EUG	Eugene Airport/Mahlon Sweet Field	UAL	Passenger Property Loss	Checked Baggage	324.54	Electronics	Cameras - Digital	Denied	0.0	Deny
114188	2007112835595	2007-11-26 00:00:00	2006-11-26 00:00:00	EUG	Eugene Airport/Mahlon Sweet Field	UAL	Passenger Property Loss	Checked Baggage	2622.65	Watches & Jewelry,Watches & Jewelry	Jewelry - Fine*Watches - Inexpensive $100 or less	Denied	0.0	Deny
116230	2008011037744	2008-01-07 00:00:00	2007-12-15 00:00:00	EUG	Eugene Airport/Mahlon Sweet Field	UAL	Passenger Property Loss	Checked Baggage	27.0	Other	Other	Denied	0.0	Deny
117823	2008021239426	2008-02-04 00:00:00	2008-02-02 00:00:00	EUG	Eugene Airport/Mahlon Sweet Field		Passenger Property Loss	Checkpoint	4.5	Tools & Machines	Lighters - (cigar, cigerette, etc.)	Denied	0.0	Deny
121441	2008040942234	2008-04-16 00:00:00	2008-01-17 00:00:00	EUG	Eugene Airport/Mahlon Sweet Field		Passenger Property Loss	Checked Baggage	161.73	Supplies	Medicines	Denied	0.0	Deny
124208	2008062045996	2008-06-16 00:00:00	2008-05-10 00:00:00	EUG	Eugene Airport/Mahlon Sweet Field	UAL	Passenger Property Loss	Checked Baggage	875.0	Clothing & Accessories,Watches & Jewelry,Other,Tools & Machines	Eyeglasses - (including contact lenses)*Jewelry - Fine*Other*Scissors, Shears (other than electric)	Canceled	0.0	
127033	2008073047654	2008-08-18 00:00:00	2008-06-17 00:00:00	EUG	Eugene Airport/Mahlon Sweet Field	Alaska Airlines	Passenger Property Loss	Checked Baggage	49.99	Household Items	Dishes, Pottery, Glassware, Plasticware	Denied	0.0	Deny
129657	2008102351489	2008-10-20 00:00:00	2007-11-16 00:00:00	EUG	Eugene Airport/Mahlon Sweet Field	Delta Air Lines	Passenger Property Loss	Checked Baggage	400.0	Electronics	Cameras - Digital	Denied	0.0	Deny
130579	2008111952431	2008-11-13 00:00:00	2008-10-16 00:00:00	EUG	Eugene Airport/Mahlon Sweet Field	UAL	Passenger Property Loss	Checked Baggage	120.0	Electronics	Cameras - Digital	Denied	0.0	Deny
131922	2008123053902	2008-12-18 00:00:00	2008-06-05 00:00:00	EUG	Eugene Airport/Mahlon Sweet Field	UAL	Passenger Property Loss	Checked Baggage	607.1	Electronics	Cameras - Digital	Denied	0.0	Deny
136077	2009042157823	2009-04-09 00:00:00	2009-03-19 00:00:00	EUG	Eugene Airport/Mahlon Sweet Field	UAL	Passenger Property Loss	Checked Baggage	125.0	Clothing & Accessories	Clothing - Shoes, belts, accessories, etc.	Denied	0.0	Deny
137703	2009060159680	2009-05-27 00:00:00	2009-04-09 00:00:00	EUG	Eugene Airport/Mahlon Sweet Field	UAL	Passenger Property Loss	Checkpoint	2552.08	Containers,Electronics	Bags - Fabric, plastic, etc. (not purses)*Computer - Laptop	Settled	1987.34	Settle
138276	2009061760274	2009-06-11 00:00:00	2008-12-30 00:00:00	EUG	Eugene Airport/Mahlon Sweet Field	Alaska Airlines	Passenger Property Loss	Checked Baggage	8.0	Tools & Machines	Locks	Denied	0.0	Deny
139851	2009072761797	2009-07-23 00:00:00	2009-06-30 00:00:00	EUG	Eugene Airport/Mahlon Sweet Field	Alaska Airlines	Passenger Property Loss	Checked Baggage	239.53	Clothing & Accessories	Eyeglasses - (including contact lenses)	Denied	0.0	Deny
140459	2009081062424	2009-08-10 00:00:00	2009-06-27 00:00:00	EUG	Eugene Airport/Mahlon Sweet Field	UAL	Passenger Property Loss	Checked Baggage	42.4	Tools & Machines	Barber Supplies - Scissors, shears, elecric razors, etc.	Approved	42.4	Approve in Full
141818	2009092463957	2009-09-17 00:00:00	2009-08-27 00:00:00	EUG	Eugene Airport/Mahlon Sweet Field	Allegiant Air	Passenger Property Loss	Checked Baggage	75.0	Clothing & Accessories	Clothing - Shoes, belts, accessories, etc.	Approved	75.0	Approve in Full
145939	2010030869204	2010-02-18 00:00:00	2010-01-18 00:00:00	EUG	Eugene Airport/Mahlon Sweet Field	UAL	Passenger Property Loss	Checked Baggage		Clothing & Accessories	Personal Accessories			
146334	2010031169438	2010-03-03 00:00:00	2010-01-18 17:30:00	EUG	Eugene Airport/Mahlon Sweet Field	UAL	Passenger Property Loss	Checked Baggage		Clothing & Accessories	Personal Accessories		308.75	Settle
146967	2010032970141	2010-03-23 00:00:00	2010-03-18 06:55:00	EUG	Eugene Airport/Mahlon Sweet Field	UAL	Passenger Property Loss	Checked Baggage		Watches & Jewelry	Jewelry & Watches		125.0	Settle
148711	2010051871916	2010-05-17 00:00:00	2010-05-05 10:55:00	EUG	Eugene Airport/Mahlon Sweet Field	Horizon Air	Passenger Property Loss	Checked Baggage		Other	Other		27.0	Settle
149423	2010061572663	2010-06-08 00:00:00	2010-01-22 05:15:00	EUG	Eugene Airport/Mahlon Sweet Field	UAL	Passenger Property Loss	Checked Baggage		Electronics	Computer & Accessories		0.0	Deny
150178	2010070973530	2010-06-30 00:00:00	2010-06-01 00:00:00	EUG	Eugene Airport/Mahlon Sweet Field	Alaska Airlines	Passenger Property Loss	Checked Baggage		Scientific Intruments	Medical/Science		0.0	Deny
153243	2010100476632	2010-09-28 00:00:00	2010-07-14 00:00:00	EUG	Eugene Airport/Mahlon Sweet Field	UAL	Passenger Property Loss	Checked Baggage		Cosmetics	Travel Accessories		0.0	Deny
156550	2011020880001	2011-01-18 00:00:00	2010-12-31 11:00:00	EUG	Eugene Airport/Mahlon Sweet Field	Alaska Airlines	Passenger Property Loss	Checked Baggage		Other	Other			
165900	2011121389586	2011-11-21 00:00:00	2011-10-30 00:00:00	EUG	Eugene Airport/Mahlon Sweet Field	UAL	Passenger Property Loss	Checked Baggage		Outdoors Supplies	Hunting & Fishing Items		25.5	Approve in Full
166266	2011122889860	2011-12-05 00:00:00	2011-10-22 00:00:00	EUG	Eugene Airport/Mahlon Sweet Field	UAL	Passenger Property Loss	Checked Baggage		Watches & Jewelry	Jewelry & Watches		380.0	Settle
167950	2012031391653	2012-01-30 00:00:00	2012-01-27 00:00:00	EUG	Eugene Airport/Mahlon Sweet Field	Alaska Airlines	Passenger Property Loss	Checked Baggage		Other	Currency		100.0	Approve in Full
167969	2012031691773	2012-01-30 00:00:00	2011-12-24 00:00:00	EUG	Eugene Airport/Mahlon Sweet Field	Alaska Airlines	Passenger Property Loss	Checked Baggage		Clothing & Accessories	Clothing		44.99	Approve in Full
169067	2012040692638	2012-03-08 00:00:00	2012-02-13 00:00:00	EUG	Eugene Airport/Mahlon Sweet Field	UAL	Passenger Property Loss	Checked Baggage		Other	Other		0.0	Deny
169585	2012032892211	2012-03-28 00:00:00	2012-02-09 11:00:00	EUG	Eugene Airport/Mahlon Sweet Field	UAL	Passenger Property Loss	Checked Baggage		Other	Other		0.0	Deny
172725	2012083096487	2012-07-18 00:00:00	2012-07-11 18:42:00	EUG	Eugene Airport/Mahlon Sweet Field	USAir	Passenger Property Loss	Checked Baggage		Other	Other		70.0	Approve in Full
173596	2012100197279	2012-08-20 00:00:00	2012-08-13 05:20:00	EUG	Eugene Airport/Mahlon Sweet Field	Alaska Airlines	Passenger Property Loss	Checked Baggage		Clothing & Accessories	Personal Accessories		0.0	Deny
178536	2013022702151	2013-02-22 00:00:00	2013-02-11 00:00:00	EUG	Eugene Airport/Mahlon Sweet Field	Allegiant Air	Passenger Property Loss	Checked Baggage		Cosmetics	Cosmetics & Grooming			
178933	2013031102514	2013-03-11 00:00:00	2013-03-05 05:00:00	EUG	Eugene Airport/Mahlon Sweet Field	Delta Air Lines	Passenger Property Loss	Checked Baggage		Clothing & Accessories	Clothing			
179202	2013032902877	2013-03-19 00:00:00	2012-03-02 00:00:00	EUG	Eugene Airport/Mahlon Sweet Field	Delta Air Lines	Passenger Property Loss	Checked Baggage		Other	Other		13.03	Approve in Full
181434	2013073005510	2013-06-12 00:00:00	2013-04-16 05:00:00	EUG	Eugene Airport/Mahlon Sweet Field	Alaska Airlines	Passenger Property Loss	Checked Baggage		Outdoors Supplies	Tools & Home Improvement Supplies		44.97	Approve in Full
182306	2013081906029	2013-07-15 00:00:00	2013-06-07 00:00:00	EUG	Eugene Airport/Mahlon Sweet Field	Alaska Airlines	Passenger Property Loss	Checkpoint		Clothing & Accessories	Personal Accessories		24.99	Approve in Full
183417	2013092307252	2013-08-16 00:00:00	2013-08-15 12:30:00	EUG	Eugene Airport/Mahlon Sweet Field	American Airlines	Passenger Property Loss	Checked Baggage		Electronics	Personal Electronics			
186356	2013122410252	2013-12-13 00:00:00	2013-08-04 23:34:00	EUG	Eugene Airport/Mahlon Sweet Field	Alaska Airlines	Passenger Property Loss	Checked Baggage		Cosmetics,Food & Drink,Scientific Intruments	Cosmetics & Grooming*Food & Drink*Medical/Science			
191908	2014080715757	2014-07-21 00:00:00	2014-06-27 00:00:00	EUG	Eugene Airport/Mahlon Sweet Field	UAL	Passenger Property Loss	Checkpoint		Electronics,Cosmetics	Computer & Accessories*Cosmetics & Grooming		168.95	Approve in Full
197653	2015060422917	2015-05-29 00:00:00	2015-05-11 00:00:00	EUG	Eugene Airport/Mahlon Sweet Field	UAL	Passenger Property Loss	Checked Baggage		Other	Currency		0.0	Deny
214519	2017040538375	2017-02-06 00:00:00	2017-01-26 16:00:00	EUG	 Eugene Airport/Mahlon Sweet Field	Allegiant Air	Passenger Property Loss	Checked Baggage		Electronics	Personal Electronics		14.17	Approve in Full
214521	2017061440663	2017-04-26 00:00:00	2017-04-23 00:00:00	EUG	Eugene Airport/Mahlon Sweet Field Eugene Airport/Mahlon Sweet Field	Delta Air Lines	Passenger Property Loss	Checked Baggage		Clothing & Accessories	Clothing			In Review
214522	2017062240937	2017-05-30 00:00:00	2017-05-10 00:00:00	EUG	 Eugene Airport/Mahlon Sweet Field	UAL	Passenger Property Loss	Checked Baggage		Outdoors Supplies,Cosmetics	Sporting Equipment & Supplies (footballs, parachutes, etc.)*Travel Accessories			In Review