id	claim_number	date_received	incident_date	airport_code	airport_name	airline	claim_type	claim_site	claim_amount	items_new	items_old	status	close_amount	disposition
692	0616693L	2002-12-16 00:00:00	2002-10-20 00:00:00	GEG	Spokane International		Passenger Property Loss	Checkpoint	30.0	Other	Other	Approved	30.0	Approve in Full
1933	0128053L	2003-01-28 00:00:00	2003-01-07 00:00:00	GEG	Spokane International	Northwest Airlines	Passenger Property Loss	Checked Baggage	57.0	Clothing & Accessories	Clothing - Shoes, belts, accessories, etc.	Canceled		
2534	0212048L	2003-02-12 00:00:00	2003-12-23 00:00:00	GEG	Spokane International		Passenger Property Loss	Checked Baggage	90.95	Clothing & Accessories	Clothing - Shoes, belts, accessories, etc.	Approved	90.95	Approve in Full
3054	0227005L	2003-02-27 00:00:00	2003-02-13 00:00:00	GEG	Spokane International		Passenger Property Loss	Checked Baggage	325.0	Other	Other	Settled	165.0	Settle
3248	0305067L	2003-03-05 00:00:00	2003-02-10 00:00:00	GEG	Spokane International		Passenger Property Loss	Checked Baggage	38.0	Watches & Jewelry	Jewelry - Fine	Approved	38.0	Approve in Full
3293	0305053L	2003-03-05 00:00:00	2003-02-21 00:00:00	GEG	Spokane International	America West	Passenger Property Loss	Checked Baggage	756.0	Electronics,Clothing & Accessories,Clothing & Accessories	Cameras - Digital*Clothing - Shoes, belts, accessories, etc.*Clothing - Shoes, belts, accessories, etc.	Settled	378.0	Settle
3843	0318106L	2003-03-18 00:00:00	2003-02-01 00:00:00	GEG	Spokane International	Alaska Airlines	Passenger Property Loss	Checked Baggage	102.6	Other	Other	Denied	0.0	Deny
3874	0318020L	2003-03-18 00:00:00	2003-02-26 00:00:00	GEG	Spokane International	Delta Air Lines	Passenger Property Loss	Checked Baggage	300.0	Other	Other	Settled	150.0	Settle
4001	0321017L	2003-03-21 00:00:00	2003-02-25 00:00:00	GEG	Spokane International	Southwest Airlines	Passenger Property Loss	Checked Baggage	40.0	Other	Other	Approved	40.0	Approve in Full
4208	0325144L	2003-03-25 00:00:00	2003-03-08 00:00:00	GEG	Spokane International	Alaska Airlines	Passenger Property Loss	Checked Baggage	4500.0	Electronics	Computer - Laptop	Settled	730.0	Settle
4343	0328005L	2003-03-28 00:00:00	2003-03-08 00:00:00	GEG	Spokane International		Passenger Property Loss	Checked Baggage	40.0	Cosmetics	Cosmetics - Perfume, toilet articles, medicines, soaps, etc.	Settled	20.0	Settle
4816	0408035L	2003-04-08 00:00:00	2003-01-31 00:00:00	GEG	Spokane International	America West	Passenger Property Loss	Checked Baggage	420.73	Other	Other	Settled	210.5	Settle
4828	0408088L	2003-04-08 00:00:00	2003-03-17 00:00:00	GEG	Spokane International		Passenger Property Loss	Checked Baggage	75.0	Watches & Jewelry	Jewelry - Fine	Settled	37.5	Settle
4847	0714542M	2003-04-08 00:00:00	2003-01-09 00:00:00	GEG	Spokane International	Southwest Airlines	Passenger Property Loss	Checked Baggage	3677.46	Electronics	Computer - Laptop	Settled	1838.73	Settle
5030	0415028L	2003-04-15 00:00:00	2003-03-18 00:00:00	GEG	Spokane International		Passenger Property Loss	Checked Baggage	108.24	Other	Other	Approved	108.24	Approve in Full
5080	0415000L	2003-04-15 00:00:00	2003-03-20 00:00:00	GEG	Spokane International		Passenger Property Loss	Checked Baggage	51.59	Other	Other	Settled	22.8	Settle
5338	0421048L	2003-04-21 00:00:00	2003-03-18 00:00:00	GEG	Spokane International	Alaska Airlines	Passenger Property Loss	Checked Baggage	30.0	Other	Other	Approved	30.0	Approve in Full
6197	0506111L	2003-05-06 00:00:00	2003-01-01 00:00:00	GEG	Spokane International		Passenger Property Loss	Checked Baggage	53.0	Other	Other	Settled	26.5	Settle
7183	0529077L	2003-05-29 00:00:00	2003-05-11 00:00:00	GEG	Spokane International	Alaska Airlines	Passenger Property Loss	Checked Baggage	20.0	Other	Other	Approved	20.0	Approve in Full
7862	0605011L	2003-06-05 00:00:00	2003-05-12 00:00:00	GEG	Spokane International		Passenger Property Loss	Checked Baggage	132.0	Clothing & Accessories	Eyeglasses - (including contact lenses)	Settled	66.0	Settle
8041	0609028L	2003-06-09 00:00:00	2003-04-16 00:00:00	GEG	Spokane International		Passenger Property Loss	Checked Baggage	25.0	Watches & Jewelry	Jewelry - Fine	Settled	8.0	Settle
8122	0610113L	2003-06-10 00:00:00	2003-05-20 00:00:00	GEG	Spokane International		Passenger Property Loss	Checked Baggage	140.0	Clothing & Accessories	Clothing - Shoes, belts, accessories, etc.	Approved	140.0	Approve in Full
8312	0610227L	2003-06-10 00:00:00	2003-04-26 00:00:00	GEG	Spokane International	Alaska Airlines	Passenger Property Loss	Checked Baggage	110.0	Other	Other	Settled	55.0	Settle
8517	0616119L	2003-06-16 00:00:00	2003-05-30 00:00:00	GEG	Spokane International		Passenger Property Loss	Checked Baggage	50.0	Outdoors Supplies	Fish/Game	Approved	50.0	Approve in Full
8612	0616050L	2003-06-16 00:00:00	2003-04-19 00:00:00	GEG	Spokane International	UAL	Passenger Property Loss	Checked Baggage	55.0	Clothing & Accessories	Clothing - Shoes, belts, accessories, etc.	Settled	27.5	Settle
8988	0619008L	2003-06-19 00:00:00	2003-05-17 00:00:00	GEG	Spokane International		Passenger Property Loss	Checked Baggage	600.0	Watches & Jewelry	Jewelry - Fine	Settled	300.0	Settle
9553	0626045M	2003-06-26 00:00:00	2003-05-07 00:00:00	GEG	Spokane International	Alaska Airlines	Passenger Property Loss	Checked Baggage	1238.64	Electronics	Cameras - Digital	Settled	236.66	Settle
9652	0701008M	2003-07-01 00:00:00	2003-05-15 00:00:00	GEG	Spokane International		Passenger Property Loss	Checkpoint	10.02	Cosmetics	Cosmetics - Perfume, toilet articles, medicines, soaps, etc.	Approved	10.0	Approve in Full
9948	0702042M	2003-07-02 00:00:00	2003-06-21 00:00:00	GEG	Spokane International		Passenger Property Loss	Checked Baggage	400.0	Clothing & Accessories	Eyeglasses - (including contact lenses)	Settled	100.0	Settle
10159	0707054M	2003-07-07 00:00:00	2003-06-17 00:00:00	GEG	Spokane International	Delta Air Lines	Passenger Property Loss	Checked Baggage	85.0	Other	Other	Settled	63.75	Settle
10799	0715059M	2003-07-15 00:00:00	2003-07-07 00:00:00	GEG	Spokane International	Northwest Airlines	Passenger Property Loss	Checked Baggage	47.0	Other	Other	Approved	47.0	Approve in Full
11105	0717099M	2003-07-17 00:00:00	2003-07-01 00:00:00	GEG	Spokane International	Delta Air Lines	Passenger Property Loss	Checked Baggage	45.0	Other	Other	Approved	45.0	Approve in Full
11374	0721037M	2003-07-21 00:00:00	2003-06-27 00:00:00	GEG	Spokane International	Alaska Airlines	Passenger Property Loss	Checkpoint	209.0	Clothing & Accessories	Eyeglasses - (including contact lenses)	Settled	197.99	Settle
11499	0722053M	2003-07-22 00:00:00	2003-06-23 00:00:00	GEG	Spokane International	Delta Air Lines	Passenger Property Loss	Checked Baggage	900.0	Electronics	Cameras - Digital	Settled	236.39	Settle
11693	0725005M	2003-07-25 00:00:00	2003-07-01 00:00:00	GEG	Spokane International	Alaska Airlines	Passenger Property Loss	Checked Baggage	41.0	Cosmetics	Cosmetics - Perfume, toilet articles, medicines, soaps, etc.	Approved	41.0	Approve in Full
11871	0729172M	2003-07-29 00:00:00	2003-07-09 00:00:00	GEG	Spokane International	Northwest Airlines	Passenger Property Loss	Checked Baggage	175.0	Electronics	Cameras - Digital	Approved	175.0	Approve in Full
12184	0731144M	2003-07-31 00:00:00	2003-05-26 00:00:00	GEG	Spokane International	UAL	Passenger Property Loss	Checked Baggage	162.0	Clothing & Accessories	Clothing - Shoes, belts, accessories, etc.	Approved	162.0	Approve in Full
12452	0804005M	2003-08-04 00:00:00	2003-04-03 00:00:00	GEG	Spokane International		Passenger Property Loss	Checked Baggage	229.96	Electronics	Cameras - Digital	Settled	114.98	Settle
13101	0813151M	2003-08-13 00:00:00	2003-07-18 00:00:00	GEG	Spokane International	UAL	Passenger Property Loss	Checked Baggage	200.0	Watches & Jewelry	Jewelry - Fine	Canceled		
13173	0813055M	2003-08-13 00:00:00	2003-07-31 00:00:00	GEG	Spokane International		Passenger Property Loss	Checked Baggage	35.0	Other	Other	Settled	17.5	Settle
13232	0814049M	2003-08-14 00:00:00	2003-07-01 00:00:00	GEG	Spokane International		Passenger Property Loss	Checked Baggage	25.7	Clothing & Accessories	Clothing - Shoes, belts, accessories, etc.	Approved	25.7	Approve in Full
13263	0814172M	2003-08-14 00:00:00	2003-07-27 00:00:00	GEG	Spokane International	UAL	Passenger Property Loss	Checked Baggage	14.95	Cosmetics	Cosmetics - Perfume, toilet articles, medicines, soaps, etc.	Approved	14.95	Approve in Full
13362	0814019M	2003-08-14 00:00:00	2003-07-27 00:00:00	GEG	Spokane International		Passenger Property Loss	Checked Baggage	171.21	Watches & Jewelry	Jewelry - Fine	Settled	85.6	Settle
13655	0818009M	2003-08-18 00:00:00	2003-01-11 00:00:00	GEG	Spokane International		Passenger Property Loss	Checked Baggage	200.0	Watches & Jewelry	Jewelry - Fine	Settled	100.0	Settle
13889	0821080M	2003-08-21 00:00:00	2003-07-16 00:00:00	GEG	Spokane International	Delta Air Lines	Passenger Property Loss	Checked Baggage	43.1	Other	Other	Approved	43.1	Approve in Full
14060	0822037M	2003-08-22 00:00:00	2003-07-01 00:00:00	GEG	Spokane International		Passenger Property Loss	Checked Baggage	30.0	Other	Other	Approved	30.0	Approve in Full
14327	0826203M	2003-08-26 00:00:00	2003-08-02 00:00:00	GEG	Spokane International	Southwest Airlines	Passenger Property Loss	Checked Baggage	422.65	Other	Other	Canceled		
14363	0826107M	2003-08-26 00:00:00	2003-08-10 00:00:00	GEG	Spokane International		Passenger Property Loss	Checked Baggage	170.0	Electronics	Cameras - Digital	Denied	0.0	Deny
14366	0826116M	2003-08-26 00:00:00	2003-07-30 00:00:00	GEG	Spokane International		Passenger Property Loss	Checked Baggage	260.0	Watches & Jewelry	Jewelry - Fine	Denied	0.0	Deny
14393	0826191M	2003-08-26 00:00:00	2003-08-15 00:00:00	GEG	Spokane International	UAL	Passenger Property Loss	Checked Baggage	35.0	Other	Other	Denied	0.0	Deny
15183	0905159M	2003-09-05 00:00:00	2003-07-04 00:00:00	GEG	Spokane International		Passenger Property Loss	Checked Baggage	5000.0	Watches & Jewelry	Jewelry - Fine	Denied	0.0	Deny
15585	0909086M	2003-09-09 00:00:00	2003-08-21 00:00:00	GEG	Spokane International		Passenger Property Loss	Checked Baggage	200.0	Watches & Jewelry	Jewelry - Fine	Settled	100.0	Settle
16091	1215800M	2003-09-17 00:00:00	2003-02-06 00:00:00	GEG	Spokane International	Alaska Airlines	Passenger Property Loss	Checked Baggage	300.0	Other	Other	Canceled		
16394	0925252M	2003-09-25 00:00:00	2003-08-29 00:00:00	GEG	Spokane International	Alaska Airlines	Passenger Property Loss	Checked Baggage	118.0	Clothing & Accessories	Clothing - Shoes, belts, accessories, etc.	Approved	118.0	Approve in Full
16426	0925366M	2003-09-25 00:00:00	2003-08-21 00:00:00	GEG	Spokane International	America West	Passenger Property Loss	Checked Baggage	770.0	Other	Other	Approved	770.0	Approve in Full
16718	0925177M	2003-09-25 00:00:00	2003-09-07 00:00:00	GEG	Spokane International		Passenger Property Loss	Checked Baggage	200.0	Other	Other	Settled	55.0	Settle
17314	1006079M	2003-10-06 00:00:00	2003-09-20 00:00:00	GEG	Spokane International		Passenger Property Loss	Checked Baggage	27.11	Cosmetics	Cosmetics - Perfume, toilet articles, medicines, soaps, etc.	Approved	27.11	Approve in Full
17337	1006172M	2003-10-06 00:00:00		GEG	Spokane International		Passenger Property Loss	Other	150.0	Other	Other	Approved	150.0	Approve in Full
17701	1009110M	2003-10-09 00:00:00	2003-09-02 00:00:00	GEG	Spokane International	Alaska Airlines	Passenger Property Loss	Checked Baggage	300.0	Clothing & Accessories	Clothing - Shoes, belts, accessories, etc.	Denied	0.0	Deny
19111	1029700M	2003-10-29 00:00:00	2003-02-06 00:00:00	GEG	Spokane International	Alaska Airlines	Passenger Property Loss	Checked Baggage	300.0	Other	Other	Settled	150.0	Settle
19424	1106036M	2003-11-06 00:00:00	2003-10-14 00:00:00	GEG	Spokane International	Northwest Airlines	Passenger Property Loss	Checked Baggage	10.0	Other	Currency	Approved	10.0	Approve in Full
20180	1117382M	2003-11-17 00:00:00	2003-09-18 00:00:00	GEG	Spokane International		Passenger Property Loss	Checkpoint	167.0	Watches & Jewelry	Jewelry - Fine	Approved	167.0	Approve in Full
22578	1217145M	2003-12-17 00:00:00	2003-12-03 00:00:00	GEG	Spokane International	Continental Airlines	Passenger Property Loss	Checked Baggage	443.12	Watches & Jewelry	Jewelry - Fine	Approved	443.42	Approve in Full
22814	1217212M	2003-12-17 00:00:00	2003-11-20 00:00:00	GEG	Spokane International	Southwest Airlines	Passenger Property Loss	Checked Baggage	1000.0	Other	Other	Denied	0.0	Deny
23042	1217249M	2003-12-17 00:00:00	2003-11-04 00:00:00	GEG	Spokane International	Southwest Airlines	Passenger Property Loss	Checked Baggage	461.27	Cosmetics	Cosmetics - Perfume, toilet articles, medicines, soaps, etc.	Settled	234.0	Settle
24172	0107263M	2004-01-07 00:00:00	2003-12-18 00:00:00	GEG	Spokane International	UAL	Passenger Property Loss	Checked Baggage	120.0	Other	Other	Approved	120.0	Approve in Full
24540	0107419M	2004-01-07 00:00:00	2003-07-21 00:00:00	GEG	Spokane International		Passenger Property Loss	Checked Baggage	79.5	Clothing & Accessories	Clothing - Shoes, belts, accessories, etc.	Settled	39.75	Settle
27983	2004052453182	2004-02-15 00:00:00	2004-02-20 00:00:00	GEG	Spokane International		Passenger Property Loss	Checked Baggage	34.0	Watches & Jewelry	Jewelry - Fine	Canceled	0.0	
28047	0219458M	2004-02-19 00:00:00	2003-12-29 00:00:00	GEG	Spokane International	Northwest Airlines	Passenger Property Loss	Checked Baggage	25.0	Clothing & Accessories	Clothing - Shoes, belts, accessories, etc.	Approved	25.0	Approve in Full
28095	0219665M	2004-02-19 00:00:00	2003-12-19 00:00:00	GEG	Spokane International	Alaska Airlines	Passenger Property Loss	Checked Baggage	50.0	Other	Other	Approved	50.0	Approve in Full
30574	2004051351598	2004-03-18 00:00:00	2003-02-22 00:00:00	GEG	Spokane International	USAir	Passenger Property Loss	Checked Baggage	35.0	Other	Other	Approved	35.0	Approve in Full
31147	2004051351856	2004-03-24 00:00:00	2004-02-15 00:00:00	GEG	Spokane International		Passenger Property Loss	Checked Baggage	60.0	Clothing & Accessories	Clothing - Shoes, belts, accessories, etc.	Approved	60.0	Approve in Full
31616	2004051351759	2004-03-30 00:00:00	2004-03-12 00:00:00	GEG	Spokane International	Alaska Airlines	Passenger Property Loss	Checked Baggage	72.49	Clothing & Accessories	Clothing - Shoes, belts, accessories, etc.	Denied	0.0	Deny
31766	2004051452194	2004-04-01 00:00:00	2004-02-29 00:00:00	GEG	Spokane International	Southwest Airlines	Passenger Property Loss	Checked Baggage	53.0	Other	Other	Approved	53.0	Approve in Full
31906	2004051752404	2004-04-01 00:00:00	2004-03-20 00:00:00	GEG	Spokane International		Passenger Property Loss	Checkpoint	50.0	Other	Other	Denied	0.0	Deny
32376	2004052152967	2004-04-15 00:00:00	2004-03-18 00:00:00	GEG	Spokane International	UAL	Passenger Property Loss	Checked Baggage	358.49	Clothing & Accessories	Clothing - Shoes, belts, accessories, etc.	Approved	358.49	Approve in Full
32677	2004051752521	2004-04-16 00:00:00	2004-04-12 00:00:00	GEG	Spokane International		Passenger Property Loss	Checked Baggage	50.0	Clothing & Accessories	Clothing - Shoes, belts, accessories, etc.	Insufficient, one of the following items required: sum certain, statement of fact, signature, location of incident, and date.		
32854	2004052853844	2004-04-21 00:00:00	2004-03-23 00:00:00	GEG	Spokane International	UAL	Passenger Property Loss	Checked Baggage	70.0	Clothing & Accessories	Clothing - Shoes, belts, accessories, etc.	Approved	70.0	Approve in Full
33123	2004060154021	2004-04-21 00:00:00	2004-03-29 00:00:00	GEG	Spokane International	Northwest Airlines	Passenger Property Loss	Checked Baggage	2500.0	Electronics	Computer - Laptop	Denied	2500.0	Deny
33229	2004052453304	2004-04-21 00:00:00	2004-04-09 00:00:00	GEG	Spokane International		Passenger Property Loss	Checked Baggage	150.0	Other	Other	Settled	75.0	Settle
33242	2004052553452	2004-04-21 00:00:00	2004-02-14 00:00:00	GEG	Spokane International		Passenger Property Loss	Checked Baggage	60.0	Other	Other	Settled	30.0	Settle
33556	2004060254149	2004-04-23 00:00:00	2004-03-30 00:00:00	GEG	Spokane International	Alaska Airlines	Passenger Property Loss	Checked Baggage	10.29	Supplies	Medicines	Denied	0.0	Deny
34050	2004051150944	2004-05-04 00:00:00	2004-04-16 00:00:00	GEG	Spokane International	UAL	Passenger Property Loss	Checked Baggage	550.0	Watches & Jewelry	Jewelry - Fine	Approved	550.0	Approve in Full
34219	2004061455520	2004-05-04 00:00:00	2004-04-11 00:00:00	GEG	Spokane International		Passenger Property Loss	Checked Baggage	73.07	Clothing & Accessories	Clothing - Shoes, belts, accessories, etc.	Approved	73.07	Approve in Full
35136	2004061555875	2004-05-13 00:00:00	2004-03-18 00:00:00	GEG	Spokane International	UAL	Passenger Property Loss	Checked Baggage	15.0	Containers	Luggage (all types including footlockers)	Approved	15.0	Approve in Full
36710	2004062357066	2004-06-02 00:00:00	2004-05-20 00:00:00	GEG	Spokane International	Northwest Airlines	Passenger Property Loss	Checked Baggage	150.0	Other	Currency	Denied	0.0	Deny
37227	2004062957826	2004-06-07 00:00:00	2004-09-06 00:00:00	GEG	Spokane International	Delta Air Lines	Passenger Property Loss	Checked Baggage	45.0	Clothing & Accessories	Clothing - Shoes, belts, accessories, etc.	Approved	45.0	Approve in Full
37350	2004062957830	2004-06-08 00:00:00	2004-05-20 00:00:00	GEG	Spokane International		Passenger Property Loss	Checked Baggage	37.78	Other	Other	Approved	37.78	Approve in Full
37968	2004070858789	2004-06-16 00:00:00	2004-05-26 00:00:00	GEG	Spokane International		Passenger Property Loss	Checked Baggage	650.0	Watches & Jewelry	Jewelry - Fine	Canceled	0.0	
38553	2004071259057	2004-06-22 00:00:00	2004-05-23 00:00:00	GEG	Spokane International	British Airways	Passenger Property Loss	Checked Baggage	159.0	Other	Other	Settled	75.5	Settle
39083	2004071659610	2004-07-01 00:00:00	2004-05-23 00:00:00	GEG	Spokane International	UAL	Passenger Property Loss	Checked Baggage	190.1	Watches & Jewelry	Jewelry - Fine	Settled	95.05	Settle
40282	2004081060941	2004-07-15 00:00:00	2004-07-06 00:00:00	GEG	Spokane International	America West	Passenger Property Loss	Checked Baggage	285.0	Cosmetics	Cosmetics - Perfume, toilet articles, medicines, soaps, etc.	Denied	0.0	Deny
40481	2004072760051	2004-07-20 00:00:00	2004-06-02 00:00:00	GEG	Spokane International		Passenger Property Loss	Checked Baggage	80.0	Other	Other	Approved	38.0	Approve in Full
41834	2004090762254	2004-08-05 00:00:00	2004-06-14 00:00:00	GEG	Spokane International	UAL	Passenger Property Loss	Checked Baggage	2485.0	Other	Other	Denied	0.0	Deny
41993	2004090862352	2004-08-09 00:00:00	2004-05-29 00:00:00	GEG	Spokane International	Southwest Airlines	Passenger Property Loss	Checked Baggage	48.09	Other	Other	Approved	48.09	Approve in Full
42485	2004090962505	2004-08-11 00:00:00	2004-07-19 00:00:00	GEG	Spokane International	Northwest Airlines	Passenger Property Loss	Checked Baggage	997.0	Other	Other	Denied	0.0	Deny
43268	2004093064296	2004-08-24 00:00:00	2004-07-19 00:00:00	GEG	Spokane International	Northwest Airlines	Passenger Property Loss	Checked Baggage	200.0	Clothing & Accessories	Eyeglasses - (including contact lenses)	Settled	100.0	Settle
43464	2004091362772	2004-08-27 00:00:00	2004-07-23 00:00:00	GEG	Spokane International	Southwest Airlines	Passenger Property Loss	Checked Baggage	800.0	Other	Other	Denied	0.0	Deny
43582	2004110166024	2004-08-30 00:00:00	2004-07-04 00:00:00	GEG	Spokane International		Passenger Property Loss	Checked Baggage	2500.0	Watches & Jewelry	Jewelry - Fine	Denied	0.0	Deny
43770	2004101465018	2004-08-31 00:00:00	2004-07-31 00:00:00	GEG	Spokane International		Passenger Property Loss	Checked Baggage	8.0	Other	Other	Denied	0.0	Deny
43923	2004100664661	2004-09-01 00:00:00	2004-08-16 00:00:00	GEG	Spokane International	Delta Air Lines	Passenger Property Loss	Checkpoint	75.28	Other	Other	Denied	0.0	Deny
43998	2004100764793	2004-09-06 00:00:00	2004-08-27 00:00:00	GEG	Spokane International		Passenger Property Loss	Checked Baggage	70.3	Other	Other	Settled	35.15	Settle
44076	2004101364905	2004-09-09 00:00:00	2004-08-12 00:00:00	GEG	Spokane International	Northwest Airlines	Passenger Property Loss	Checked Baggage	95.0	Other	Other	Approved	95.0	Approve in Full
44098	2004102065338	2004-09-09 00:00:00	2004-07-09 00:00:00	GEG	Spokane International	Alaska Airlines	Passenger Property Loss	Checked Baggage	3.24	Other	Other	Approved	3.24	Approve in Full
44369	2004101364899	2004-09-09 00:00:00	2004-01-07 00:00:00	GEG	Spokane International		Passenger Property Loss	Checked Baggage	249.95	Electronics	Cameras - Digital	Settled	194.0	Settle
44573	2004110666550	2004-09-10 00:00:00	2004-08-25 00:00:00	GEG	Spokane International	Northwest Airlines	Passenger Property Loss	Checked Baggage	87.0	Other	Other	Denied	0.0	Deny
44716	2004092263419	2004-09-14 00:00:00	2004-08-17 00:00:00	GEG	Spokane International		Passenger Property Loss	Checked Baggage	24.98	Other	Other	Approved	24.98	Approve in Full
45294	2004102065361	2004-09-17 00:00:00	2004-08-25 00:00:00	GEG	Spokane International		Passenger Property Loss	Checked Baggage	100.0	Clothing & Accessories	Clothing - Shoes, belts, accessories, etc.	Settled	60.0	Settle
45337	2004101965123	2004-09-20 00:00:00	2004-08-25 00:00:00	GEG	Spokane International	UAL	Passenger Property Loss	Checked Baggage	75.0	Electronics	PDA - Personal Data Assistants	Approved	75.0	Approve in Full
45591	2004103065895	2004-09-23 00:00:00	2004-08-17 00:00:00	GEG	Spokane International	Southwest Airlines	Passenger Property Loss	Checked Baggage	77.95	Clothing & Accessories	Eyeglasses - (including contact lenses)	Approved	77.95	Approve in Full
45662	2004120168157	2004-09-23 00:00:00	2004-08-24 00:00:00	GEG	Spokane International	Alaska Airlines	Passenger Property Loss	Checked Baggage	500.0	Electronics	Cameras - Digital	Approved	500.0	Approve in Full
45708	2004093064263	2004-09-23 00:00:00	2004-08-01 00:00:00	GEG	Spokane International		Passenger Theft	Checked Baggage	26.0	Other	Other	Denied	26.0	Deny
46071	2004101965237	2004-09-28 00:00:00	2004-09-13 00:00:00	GEG	Spokane International		Passenger Property Loss	Checked Baggage	432.0	Clothing & Accessories	Eyeglasses - (including contact lenses)	Settled	365.35	Settle
46462	2004111767219	2004-10-04 00:00:00	2004-08-22 00:00:00	GEG	Spokane International	Northwest Airlines	Passenger Property Loss	Checked Baggage	390.0	Watches & Jewelry	Jewelry - Fine	Approved	390.0	Approve in Full
47587	2005011673729	2004-10-18 00:00:00	2004-09-02 00:00:00	GEG	Spokane International	Horizon Air	Passenger Property Loss	Checked Baggage	40.0	Clothing & Accessories	Clothing - Shoes, belts, accessories, etc.	Approved	40.0	Approve in Full
47811	2005042683431	2004-10-20 00:00:00	2004-09-23 00:00:00	GEG	Spokane International	Southwest Airlines	Passenger Property Loss	Checked Baggage	4.0	Other	Other	Approved	4.0	Approve in Full
47974	2004120868838	2004-10-20 00:00:00	2004-09-29 00:00:00	GEG	Spokane International		Passenger Property Loss	Checked Baggage	237.8	Electronics	Cameras - Digital	Settled	118.9	Settle
47989	2004121469086	2004-10-20 00:00:00	2004-10-04 00:00:00	GEG	Spokane International	America West	Passenger Property Loss	Checked Baggage	100.0	Other	Other	Settled	50.0	Settle
48129	2004120868840	2004-10-25 00:00:00	2004-10-14 00:00:00	GEG	Spokane International	Alaska Airlines	Passenger Property Loss	Checked Baggage		Supplies	Medicines	Canceled		
49500	2004122169835	2004-11-09 00:00:00	2004-10-17 00:00:00	GEG	Spokane International	UAL	Passenger Property Loss	Checked Baggage	19.85	Tools & Machines	Locks	Approved	19.95	Approve in Full
49708	2004122069725	2004-11-10 00:00:00	2004-10-23 00:00:00	GEG	Spokane International		Passenger Property Loss	Checked Baggage	48.48	Other	Other	Approved	48.48	Approve in Full
50287	2004122871131	2004-11-18 00:00:00	2004-10-17 00:00:00	GEG	Spokane International	Alaska Airlines	Passenger Property Loss	Checked Baggage	2929.01	Electronics	Computer - Laptop	Settled	1661.15	Settle
50768	2004122771073	2004-11-26 00:00:00	2004-09-25 00:00:00	GEG	Spokane International	Horizon Air	Passenger Property Loss	Checked Baggage	555.0	Other	Other	Denied	0.0	Deny
50928	2004122871119	2004-11-29 00:00:00	2004-07-08 00:00:00	GEG	Spokane International	Alaska Airlines	Passenger Property Loss	Checked Baggage	303.41	Electronics	Cameras - Digital	Settled	288.24	Settle
52206	2005030777145	2004-12-14 00:00:00	2004-12-08 00:00:00	GEG	Spokane International		Passenger Property Loss	Checked Baggage	1100.0	Watches & Jewelry	Jewelry - Fine	Settled	550.0	Settle
53053	2005011973765	2004-12-28 00:00:00	2004-11-19 00:00:00	GEG	Spokane International	Continental Airlines	Passenger Property Loss	Checked Baggage	110.0	Watches & Jewelry	Jewelry - Fine	Canceled	0.0	
53472	2005012173977	2005-01-04 00:00:00	2004-10-24 00:00:00	GEG	Spokane International	UAL	Passenger Property Loss	Checked Baggage	59.99	Other	Other	Denied	0.0	Deny
54066	2005020275400	2005-01-11 00:00:00	2005-01-01 00:00:00	GEG	Spokane International	Delta Air Lines	Passenger Property Loss	Checked Baggage	75.0	Other	Other	Approved	75.0	Approve in Full
54704	2005020175274	2005-01-18 00:00:00	2004-12-22 00:00:00	GEG	Spokane International		Passenger Property Loss	Checked Baggage	211.76	Clothing & Accessories	Clothing - Shoes, belts, accessories, etc.	Approved	211.76	Approve in Full
55025	2005021075883	2005-01-19 00:00:00	2004-12-27 00:00:00	GEG	Spokane International	Delta Air Lines	Passenger Property Loss	Checked Baggage	900.0	Other	Other	Denied	0.0	Deny
55317	2005021576150	2005-01-24 00:00:00	2004-11-24 00:00:00	GEG	Spokane International	Alaska Airlines	Passenger Property Loss	Checked Baggage	168.98	Electronics	Cameras - Digital	Denied	0.0	Deny
55545	2005021175945	2005-01-26 00:00:00	2005-01-15 00:00:00	GEG	Spokane International		Passenger Property Loss	Checkpoint	20.0	Other	Other	Denied	0.0	Deny
56155	2005030777045	2005-02-01 00:00:00	2005-01-18 00:00:00	GEG	Spokane International	UAL	Passenger Property Loss	Checked Baggage	331.28	Other	Other	Denied	0.0	Deny
56230	2005031578336	2005-02-01 00:00:00	2005-01-04 00:00:00	GEG	Spokane International	Horizon Air	Passenger Property Loss	Checkpoint	23.74	Other	Other	Denied	0.0	Deny
56641	2005030877306	2005-02-07 00:00:00	2004-07-13 00:00:00	GEG	Spokane International		Passenger Property Loss	Checked Baggage	527.67	Electronics	DVD/CD Players	Settled	213.84	Settle
57283	2005031478127	2005-02-16 00:00:00	2004-12-13 00:00:00	GEG	Spokane International	Southwest Airlines	Passenger Property Loss	Checked Baggage	36.88	Other	Other	Approved	36.88	Approve in Full
57672	2005031778576	2005-02-23 00:00:00	2004-12-29 00:00:00	GEG	Spokane International	Southwest Airlines	Passenger Property Loss	Checked Baggage	42.99	Other	Other	Approved	42.99	Approve in Full
58182	2005032179029	2005-03-02 00:00:00	2004-11-27 00:00:00	GEG	Spokane International	Delta Air Lines	Passenger Property Loss	Checkpoint	400.0	Other	Other	Denied	0.0	Deny
59378	2005033080468	2005-03-16 00:00:00	2005-01-07 00:00:00	GEG	Spokane International	Southwest Airlines	Passenger Property Loss	Checked Baggage	190.0	Clothing & Accessories	Clothing - Shoes, belts, accessories, etc.	Approved	190.0	Approve in Full
60415	2005081590571	2005-03-29 00:00:00	2004-07-19 00:00:00	GEG	Spokane International		Passenger Property Loss	Checked Baggage	827.84	Watches & Jewelry	Jewelry - Fine	Settled	429.95	Settle
60485	2005040581634	2005-03-30 00:00:00	2005-03-02 00:00:00	GEG	Spokane International	UAL	Passenger Property Loss	Checked Baggage	12.0	Tools & Machines	Locks	Approved	12.0	Approve in Full
60544	2005040581439	2005-03-30 00:00:00	2005-02-16 00:00:00	GEG	Spokane International	Delta Air Lines	Passenger Property Loss	Checkpoint	152.63	Electronics	Cell Phones	Denied	0.0	Deny
60593	2005040481340	2005-03-30 00:00:00	2005-02-26 00:00:00	GEG	Spokane International	UAL	Passenger Property Loss	Checked Baggage	389.47	Electronics	Cameras - Digital	Settled	344.25	Settle
60848	2005040681650	2005-04-05 00:00:00	2005-03-16 00:00:00	GEG	Spokane International	Southwest Airlines	Passenger Property Loss	Checked Baggage	17.95	Other	Other	Denied	0.0	Deny
60998	2005040882080	2005-04-06 00:00:00	2005-03-18 00:00:00	GEG	Spokane International	Northwest Airlines	Passenger Property Loss	Checkpoint	31.25	Other	Currency	Approved	31.25	Approve in Full
62247	2005042283128	2005-04-21 00:00:00	2005-03-27 00:00:00	GEG	Spokane International	UAL	Passenger Property Loss	Checked Baggage		Other	Other	Insufficient, one of the following items required: sum certain, statement of fact, signature, location of incident, and date.		
62560	2005042783504	2005-04-26 00:00:00	2005-04-10 00:00:00	GEG	Spokane International	Horizon Air	Passenger Property Loss	Checked Baggage	742.8	Electronics	Stereo Items & Accessories	Canceled	0.0	
63498	2005051184448	2005-05-10 00:00:00	2005-04-30 00:00:00	GEG	Spokane International		Passenger Property Loss	Checkpoint	30.0	Other	Other	Approved	30.0	Approve in Full
63502	2005051184456	2005-05-10 00:00:00	2005-04-24 00:00:00	GEG	Spokane International	Southwest Airlines	Passenger Property Loss	Checked Baggage	315.29	Clothing & Accessories	Eyeglasses - (including contact lenses)	Approved	315.29	Approve in Full
63639	2005051284549	2005-05-11 00:00:00	2005-04-29 00:00:00	GEG	Spokane International	Horizon Air	Passenger Property Loss	Checked Baggage	483.0	Electronics	Cameras - Digital	Denied	0.0	Deny
64581	2005052485514	2005-05-23 00:00:00	2005-05-05 00:00:00	GEG	Spokane International	Alaska Airlines	Passenger Property Loss	Checked Baggage	459.85	Electronics	Cameras - Digital	Settled	337.8	Settle
65041	2005060285693	2005-05-31 00:00:00	2005-04-22 00:00:00	GEG	Spokane International	American Airlines	Passenger Property Loss	Checked Baggage	2046.0	Watches & Jewelry	Jewelry - Fine	Settled	1750.0	Settle
65119	2005060986081	2005-06-01 00:00:00	2005-05-15 00:00:00	GEG	Spokane International	Southwest Airlines	Passenger Property Loss	Checked Baggage	60.0	Clothing & Accessories	Clothing - Shoes, belts, accessories, etc.	Approved	60.0	Approve in Full
65226	2005061086258	2005-06-01 00:00:00	2005-04-14 00:00:00	GEG	Spokane International	Southwest Airlines	Passenger Property Loss	Checked Baggage	100.0	Other	Currency	Denied	0.0	Deny
65370	2005061486371	2005-06-03 00:00:00	2005-05-07 00:00:00	GEG	Spokane International		Passenger Property Loss	Checked Baggage	780.0	Watches & Jewelry	Jewelry - Fine	Approved	780.0	Approve in Full
67340	2005070688308	2005-07-02 00:00:00	2005-06-13 00:00:00	GEG	Spokane International	Delta Air Lines	Passenger Property Loss	Checked Baggage	356.46	Supplies	Medicines	Settled	178.23	Settle
67831	2005071288717	2005-07-11 00:00:00	2005-06-27 00:00:00	GEG	Spokane International	Alaska Airlines	Passenger Property Loss	Checked Baggage	59.99	Other	Other	Settled	30.0	Settle
68348	2005072189342	2005-07-20 00:00:00	2005-07-09 00:00:00	GEG	Spokane International	Alaska Airlines	Passenger Property Loss	Checked Baggage	28.0	Containers	Luggage (all types including footlockers)	Approved	28.0	Approve in Full
68834	2005072889785	2005-07-26 00:00:00	2005-07-17 00:00:00	GEG	Spokane International	Alaska Airlines	Passenger Property Loss	Checked Baggage	900.0	Electronics	Cameras - Digital	Denied	0.0	Deny
69074	2005080490067	2005-07-28 00:00:00	2005-07-16 00:00:00	GEG	Spokane International	Alaska Airlines	Passenger Property Loss	Checked Baggage	75.0	Other	Other	Settled	37.5	Settle
69626	2005081990973	2005-08-05 00:00:00	2004-11-30 00:00:00	GEG	Spokane International	UAL	Passenger Property Loss	Checked Baggage	300.0	Other	Other	Denied	0.0	Deny
70758	2005083091864	2005-08-24 00:00:00	2005-07-14 00:00:00	GEG	Spokane International	Frontier Airlines	Passenger Property Loss	Checked Baggage	10.0	Tools & Machines	Locks	Approved	10.0	Approve in Full
70999	2005090292091	2005-08-29 00:00:00	2005-08-19 00:00:00	GEG	Spokane International	Southwest Airlines	Passenger Property Loss	Checkpoint	100.0	Other	Currency	Denied	0.0	Deny
72280	2005092893388	2005-09-19 00:00:00	2005-09-05 00:00:00	GEG	Spokane International		Passenger Property Loss	Checkpoint	250.0	Containers	Luggage (all types including footlockers)	Denied	0.0	Deny
72985	2005100594048	2005-09-29 00:00:00	2005-09-04 00:00:00	GEG	Spokane International	Alaska Airlines	Passenger Property Loss	Checked Baggage	1200.0	Clothing & Accessories	Clothing - Shoes, belts, accessories, etc.	Settled	300.0	Settle
73525	2005101794716	2005-10-11 00:00:00	2005-08-24 00:00:00	GEG	Spokane International	Delta Air Lines	Passenger Property Loss	Checked Baggage	250.0	Cosmetics	Cosmetics - Perfume, toilet articles, medicines, soaps, etc.	Canceled	0.0	
74386	2005110195462	2005-10-25 00:00:00	2005-09-18 00:00:00	GEG	Spokane International	Horizon Air	Passenger Property Loss	Checked Baggage	163.28	Other	Other	Denied	0.0	Deny
74822	2005110995919	2005-11-01 00:00:00	2005-10-18 00:00:00	GEG	Spokane International	USAir	Passenger Property Loss	Checked Baggage	1765.0	Other	Other	Denied	0.0	Deny
76237	2005120797045	2005-11-29 00:00:00	2005-10-31 00:00:00	GEG	Spokane International	America West	Passenger Property Loss	Checked Baggage	26.04	Tools & Machines	Locks	Denied	0.0	Deny
76298	2005120897299	2005-11-29 00:00:00	2005-09-23 00:00:00	GEG	Spokane International	Northwest Airlines	Passenger Property Loss	Checked Baggage	63.95	Other	Other	Settled	32.0	Settle
76798	2005121497759	2005-12-08 00:00:00	2005-06-25 00:00:00	GEG	Spokane International	Continental Airlines	Passenger Property Loss	Checked Baggage	330.0	Electronics	Cell Phones	Denied	0.0	Deny
77008	2005121997991	2005-12-13 00:00:00	2005-11-28 00:00:00	GEG	Spokane International		Passenger Property Loss	Checked Baggage	110.0	Cosmetics	Cosmetics - Perfume, toilet articles, medicines, soaps, etc.	Denied	0.0	Deny
77600	2006010498729	2005-12-23 00:00:00	2005-12-12 00:00:00	GEG	Spokane International	Alaska Airlines	Passenger Property Loss	Checked Baggage	800.0	Watches & Jewelry	Jewelry - Fine	Settled	400.0	Settle
78001	2006011099222	2006-01-04 00:00:00	2005-12-09 00:00:00	GEG	Spokane International		Passenger Property Loss	Checked Baggage	13.68	Tools & Machines	Locks	Approved	13.68	Approve in Full
78772	2006012099962	2006-01-13 00:00:00	2005-12-17 00:00:00	GEG	Spokane International	UAL	Passenger Property Loss	Checked Baggage	85.0	Outdoors Supplies	Fish/Game	Canceled	0.0	
78853	2006012300042	2006-01-17 00:00:00	2005-11-22 00:00:00	GEG	Spokane International	Alaska Airlines	Passenger Property Loss	Checkpoint	150.0	Clothing & Accessories	Clothing - Shoes, belts, accessories, etc.	Approved	150.0	Approve in Full
79277	2006013000564	2006-01-23 00:00:00	2005-09-30 00:00:00	GEG	Spokane International	Alaska Airlines	Passenger Property Loss	Checked Baggage	25.75	Tools & Machines	Locks	Approved	25.75	Approve in Full
79278	2006013000565	2006-01-23 00:00:00	2005-09-15 00:00:00	GEG	Spokane International	Alaska Airlines	Passenger Property Loss	Checked Baggage	25.75	Tools & Machines	Locks	Approved	25.75	Approve in Full
79379	2006013000524	2006-01-24 00:00:00	2005-12-29 00:00:00	GEG	Spokane International	Southwest Airlines	Passenger Property Loss	Checked Baggage	39.95	Other	Other	Approved	39.95	Approve in Full
79401	2006013100672	2006-01-24 00:00:00	2006-01-13 00:00:00	GEG	Spokane International	Horizon Air	Passenger Property Loss	Checked Baggage	25.35	Other	Other	Approved	25.35	Approve in Full
79786	2006020300944	2006-01-30 00:00:00	2005-12-26 00:00:00	GEG	Spokane International	Alaska Airlines	Passenger Property Loss	Checked Baggage	967.8	Electronics	Computer - Laptop	Denied	0.0	Deny
79829	2006020701036	2006-01-31 00:00:00	2006-01-09 00:00:00	GEG	Spokane International	Horizon Air	Passenger Property Loss	Checked Baggage	69.92	Other	Other	Approved	69.92	Approve in Full
79970	2006020801126	2006-02-01 00:00:00	2005-12-13 00:00:00	GEG	Spokane International	Southwest Airlines	Passenger Property Loss	Checked Baggage	116.5	Clothing & Accessories	Clothing - Shoes, belts, accessories, etc.	Denied	0.0	Deny
80768	2006022201886	2006-02-15 00:00:00	2005-10-29 00:00:00	GEG	Spokane International	Alaska Airlines	Passenger Property Loss	Checked Baggage	350.0	Electronics	Cameras - Digital	Denied	0.0	Deny
81106	2006022702228	2006-02-23 00:00:00	2006-01-12 00:00:00	GEG	Spokane International	Qantus Airways	Passenger Property Loss	Checked Baggage	32.0	Other	Other	Denied	0.0	Deny
81454	2006030702637	2006-03-01 00:00:00	2006-02-24 00:00:00	GEG	Spokane International	UAL	Passenger Property Loss	Checked Baggage	25.0	Other	Other	Approved	25.0	Approve in Full
81618	2006030802750	2006-03-03 00:00:00	2006-02-09 00:00:00	GEG	Spokane International	Alaska Airlines	Passenger Property Loss	Checked Baggage	1301.99	Electronics	Computer - Laptop	Settled	603.29	Settle
81949	2006031503116	2006-03-09 00:00:00	2005-03-03 00:00:00	GEG	Spokane International	Northwest Airlines	Passenger Property Loss	Checked Baggage	349.8	Supplies	Medicines	Denied	0.0	Deny
82341	2006032203548	2006-03-16 00:00:00	2005-12-06 00:00:00	GEG	Spokane International	UAL	Passenger Property Loss	Checked Baggage	9.02	Tools & Machines	Locks	Insufficient, one of the following items required: sum certain, statement of fact, signature, location of incident, and date.		
82343	2006032103465	2006-03-16 00:00:00	2006-01-05 00:00:00	GEG	Spokane International	Southwest Airlines	Passenger Property Loss	Checked Baggage	500.0	Electronics	Cameras - Digital	Settled	175.16	Settle
82471	2006032303582	2006-03-20 00:00:00	2006-02-10 00:00:00	GEG	Spokane International	Southwest Airlines	Passenger Property Loss	Checkpoint	159.0	Other	Other	Denied	0.0	Deny
82761	2006040303932	2006-03-24 00:00:00	2005-12-27 00:00:00	GEG	Spokane International	Northwest Airlines	Passenger Property Loss	Checkpoint	254.0	Clothing & Accessories	Eyeglasses - (including contact lenses)	Approved	254.0	Approve in Full
84557	2006051005886	2006-04-28 00:00:00	2006-04-23 00:00:00	GEG	Spokane International		Passenger Property Loss	Checked Baggage	60.0	Clothing & Accessories	Clothing - Shoes, belts, accessories, etc.	Settled	21.0	Settle
84635	2006051406232	2006-05-01 00:00:00	2006-02-17 00:00:00	GEG	Spokane International	Alaska Airlines	Passenger Property Loss	Checked Baggage	299.95	Clothing & Accessories	Eyeglasses - (including contact lenses)	Settled	142.47	Settle
84829	2006051906606	2006-05-04 00:00:00	2006-04-18 00:00:00	GEG	Spokane International	Alaska Airlines	Passenger Property Loss	Checked Baggage	250.0	Containers,Cosmetics,Household Decor	Bags - Fabric, plastic, etc. (not purses)*Cosmetics - Perfume, toilet articles, medicines, soaps, etc.*Mirrors (including frames)	Denied	0.0	Deny
85180	2006051606374	2006-05-12 00:00:00	2006-04-21 00:00:00	GEG	Spokane International	Alaska Airlines	Passenger Property Loss	Checked Baggage	359.33	Electronics,Watches & Jewelry	Cameras - Digital*Jewelry - Fine	Denied	0.0	Deny
85797	2006052607042	2006-05-24 00:00:00	2006-05-07 00:00:00	GEG	Spokane International	UAL	Passenger Property Loss	Checked Baggage	2281.02	Tools & Machines,Electronics,Other	Binoculars*Cameras - Digital*Other	Denied	0.0	Deny
86425	2006060807603	2006-06-06 00:00:00	2006-05-22 00:00:00	GEG	Spokane International	American Airlines	Passenger Property Loss	Checked Baggage	500.0	Cosmetics,Scientific Intruments	Cosmetics - Perfume, toilet articles, medicines, soaps, etc.*Medical Equipment & Insturments	Settled	250.0	Settle
86438	2006060807647	2006-06-06 00:00:00	2006-05-26 00:00:00	GEG	Spokane International	Southwest Airlines	Passenger Property Loss	Checked Baggage	52.0	Clothing & Accessories	Clothing - Shoes, belts, accessories, etc.	Settled	26.0	Settle
87044	2006062108327	2006-06-20 00:00:00	2006-05-20 00:00:00	GEG	Spokane International	Northwest Airlines	Passenger Property Loss	Checked Baggage	8.31	Tools & Machines	Locks	Approved	8.31	Approve in Full
87101	2006062108336	2006-06-20 00:00:00	2006-05-12 00:00:00	GEG	Spokane International	Delta Air Lines	Passenger Property Loss	Checked Baggage	367.0	Electronics,Electronics,Electronics	Cameras - Digital*Cell Phones*Electrical and Gas Appliances Minor - $200 or less (humidifiers, tv's, etc)	Denied	0.0	Deny
87584	2006070308828	2006-06-29 00:00:00	2006-05-29 00:00:00	GEG	Spokane International		Passenger Property Loss	Checked Baggage	79.0	Electronics	Cell Phones	Denied	0.0	Deny
87711	2006070508934	2006-07-03 00:00:00	2006-06-23 00:00:00	GEG	Spokane International	Northwest Airlines	Passenger Property Loss	Checked Baggage	1459.02	Clothing & Accessories,Containers	Clothing - Shoes, belts, accessories, etc.*Handbags & Purses (leather or fabric)	Denied	0.0	Deny
88072	2006071109304	2006-07-10 00:00:00	2006-07-05 00:00:00	GEG	Spokane International	Alaska Airlines	Passenger Property Loss	Checked Baggage	1692.98	Cosmetics,Watches & Jewelry,Watches & Jewelry	Cosmetics - Perfume, toilet articles, medicines, soaps, etc.*Jewelry - Costume*Jewelry - Costume	Denied	0.0	Deny
88321	2006071409512	2006-07-13 00:00:00	2006-06-27 00:00:00	GEG	Spokane International		Passenger Property Loss	Checked Baggage	300.0	Automobile & Mechanical	Bicycles	Denied	0.0	Deny
88405	2006071809683	2006-07-14 00:00:00	2006-06-22 00:00:00	GEG	Spokane International	Southwest Airlines	Passenger Property Loss	Checked Baggage	325.0	Watches & Jewelry	Jewelry - Fine	Denied	0.0	Deny
88424	2006071809657	2006-07-14 00:00:00	2006-07-07 00:00:00	GEG	Spokane International	Southwest Airlines	Passenger Property Loss	Checked Baggage	752.77	Electronics,Electronics	MP3 Players-(iPods, etc)*Stereo Items & Accessories	Settled	276.38	Settle
88666	2006072510034	2006-07-19 00:00:00	2006-03-05 00:00:00	GEG	Spokane International	Alaska Airlines	Passenger Property Loss	Checked Baggage	400.0	Watches & Jewelry	Jewelry - Fine	Denied	0.0	Deny
88864	2006072710202	2006-07-25 00:00:00	2006-06-28 00:00:00	GEG	Spokane International	Alaska Airlines	Passenger Property Loss	Checkpoint	99.99	Electronics	Cell Phones	Approved	99.99	Approve in Full
88997	2006073110217	2006-07-26 00:00:00	2006-07-14 00:00:00	GEG	Spokane International	Alaska Airlines	Passenger Property Loss	Checked Baggage	29.29	Electronics	Cell Phones	Settled	15.0	Settle
89305	2006080410530	2006-08-02 00:00:00	2006-07-20 00:00:00	GEG	Spokane International	Southwest Airlines	Passenger Property Loss	Checked Baggage	122.0	Outdoors Supplies	Sporting Equipment & Supplies (footballs, parachutes, etc.)	Denied	0.0	Deny
89467	2006081010753	2006-08-07 00:00:00	2006-07-31 00:00:00	GEG	Spokane International	Southwest Airlines	Passenger Property Loss	Checked Baggage	402.97	Other,Outdoors Supplies	Other*Tools - Power (including air tools, not in a vehicle)	Approved	402.97	Approve in Full
89545	2006081010711	2006-08-07 00:00:00	2006-06-26 00:00:00	GEG	Spokane International	Alaska Airlines	Passenger Property Loss	Checked Baggage	116.86	Cosmetics	Cosmetics - Perfume, toilet articles, medicines, soaps, etc.	Settled	58.13	Settle
89552	2006081010761	2006-08-07 00:00:00	2006-07-30 00:00:00	GEG	Spokane International	Alaska Airlines	Passenger Property Loss	Checked Baggage	30.79	Outdoors Supplies	Tools - Manual (not in a vehicle)	Settled	15.4	Settle
89628	2006081110866	2006-08-09 00:00:00	2006-06-05 00:00:00	GEG	Spokane International	Skywest Airlines Inc USA	Passenger Property Loss	Checked Baggage	1150.0	Clothing & Accessories	Clothing - Shoes, belts, accessories, etc.	Canceled	0.0	
89684	2006081410944	2006-08-10 00:00:00	2006-06-16 00:00:00	GEG	Spokane International		Passenger Property Loss	Checked Baggage	43.35	Clothing & Accessories	Clothing - Shoes, belts, accessories, etc.	Denied	0.0	Deny
90392	2006082511590	2006-08-23 00:00:00	2006-08-13 00:00:00	GEG	Spokane International	Alaska Airlines	Passenger Property Loss	Checked Baggage	200.0	Electronics	Cameras - Digital	Denied	0.0	Deny
90930	2006091212334	2006-09-01 00:00:00	2006-08-15 00:00:00	GEG	Spokane International	Alaska Airlines	Passenger Property Loss	Checked Baggage	639.39	Containers,Electronics,Other	Bags - Fabric, plastic, etc. (not purses)*Cameras - Digital*Other	Denied	0.0	Deny
91383	2006091812764	2006-09-11 00:00:00	2006-09-01 00:00:00	GEG	Spokane International	Alaska Airlines	Passenger Property Loss	Checked Baggage	124.99	Electronics	Cell Phones	Denied	0.0	Deny
91535	2006091812742	2006-09-13 00:00:00	2006-08-17 00:00:00	GEG	Spokane International	Southwest Airlines	Passenger Property Loss	Checked Baggage	110.0	Cosmetics	Cosmetics - Perfume, toilet articles, medicines, soaps, etc.	Settled	70.85	Settle
91624	2006092213163	2006-09-15 00:00:00	2006-05-11 00:00:00	GEG	Spokane International	UAL	Passenger Property Loss	Checkpoint	115.0	Watches & Jewelry	Jewelry - Fine	Approved	115.0	Approve in Full
92045	2006092613299	2006-09-22 00:00:00	2006-08-09 00:00:00	GEG	Spokane International	Frontier Airlines	Passenger Property Loss	Checked Baggage	30.0	Outdoors Supplies	Fish/Game	Settled	15.0	Settle
92088	2006092713321	2006-09-25 00:00:00	2006-08-28 00:00:00	GEG	Spokane International	UAL	Passenger Property Loss	Checked Baggage	125.99	Cosmetics	Cosmetics - Perfume, toilet articles, medicines, soaps, etc.	Denied	0.0	Deny
92564	2006102014274	2006-10-04 00:00:00	2006-09-18 00:00:00	GEG	Spokane International	Southwest Airlines	Passenger Property Loss	Checked Baggage	250.0	Containers,Watches & Jewelry	Bags - Fabric, plastic, etc. (not purses)*Jewelry - Fine	Canceled	0.0	
92823	2006101213929	2006-10-11 00:00:00	2006-10-05 00:00:00	GEG	Spokane International	Northwest Airlines	Passenger Property Loss	Checked Baggage	12.74	Tools & Machines	Locks	Approved	12.74	Approve in Full
93894	2006110215053	2006-10-30 00:00:00	2006-10-08 00:00:00	GEG	Spokane International	Southwest Airlines	Passenger Property Loss	Checkpoint	250.8	Watches & Jewelry	Watches - Expensive more than $100	Settled	238.35	Settle
94242	2006111315436	2006-11-07 00:00:00	2006-10-15 00:00:00	GEG	Spokane International	Northwest Airlines	Passenger Property Loss	Checked Baggage	36.0	Clothing & Accessories	Clothing - Shoes, belts, accessories, etc.	Denied	0.0	Deny
95228	2006113016547	2006-11-27 00:00:00	2006-11-09 00:00:00	GEG	Spokane International	Alaska Airlines	Passenger Property Loss	Checked Baggage	190.0	Electronics	Cameras - Digital	Denied	0.0	Deny
95420	2006120716832	2006-11-30 00:00:00	2006-11-16 00:00:00	GEG	Spokane International	Alaska Airlines	Passenger Property Loss	Checked Baggage	99.95	Other	Other	Approved	99.95	Approve in Full
95741	2006121317008	2006-12-05 00:00:00	2006-11-07 00:00:00	GEG	Spokane International	Alaska Airlines	Passenger Property Loss	Checked Baggage		Watches & Jewelry	Jewelry - Fine	Insufficient, one of the following items required: sum certain, statement of fact, signature, location of incident, and date.		
96596	2006122617975	2006-12-22 00:00:00	2006-05-31 00:00:00	GEG	Spokane International	Southwest Airlines	Passenger Property Loss	Checkpoint	80.45	Electronics	Stereo Items & Accessories	Approved	80.45	Approve in Full
96655	2006122717991	2006-12-26 00:00:00	2006-10-06 00:00:00	GEG	Spokane International	Alaska Airlines	Passenger Property Loss	Checked Baggage	10.59	Tools & Machines	Locks	Approved	10.59	Approve in Full
99093	2007020820451	2007-01-30 00:00:00	2006-11-30 00:00:00	GEG	Spokane International	Alaska Airlines	Passenger Property Loss	Checked Baggage	2000.0	Electronics	Computer - Laptop	Denied	0.0	Deny
99809	2007021621067	2007-02-13 00:00:00	2006-12-19 00:00:00	GEG	Spokane International	Southwest Airlines	Passenger Property Loss	Checked Baggage	95.0	Clothing & Accessories	Clothing - Shoes, belts, accessories, etc.	Approved	95.0	Approve in Full
100546	2007030221830	2007-02-28 00:00:00	2006-11-20 00:00:00	GEG	Spokane International	Alaska Airlines	Passenger Property Loss	Checked Baggage	48.08	Supplies	Medicines	Approved	48.08	Approve in Full
100776	2007030922057	2007-03-05 00:00:00	2006-12-07 00:00:00	GEG	Spokane International	Alaska Airlines	Passenger Property Loss	Checked Baggage	1062.0	Watches & Jewelry	Jewelry - Fine	Denied	0.0	Deny
101774	2007032622996	2007-03-23 00:00:00	2007-03-11 00:00:00	GEG	Spokane International	Alaska Airlines	Passenger Property Loss	Checked Baggage	34.62	Clothing & Accessories	Clothing - Shoes, belts, accessories, etc.	Denied	0.0	Deny
101865	2007032823152	2007-03-26 00:00:00	2007-03-09 00:00:00	GEG	Spokane International	Southwest Airlines	Passenger Property Loss	Checked Baggage	130.0	Watches & Jewelry	Jewelry - Costume	Denied	0.0	Deny
102691	2007041123815	2007-04-11 00:00:00	2007-01-27 00:00:00	GEG	Spokane International	Alaska Airlines	Passenger Property Loss	Checked Baggage	43.55	Containers	Handbags & Purses (leather or fabric)	Denied	0.0	Deny
103927	2007051025221	2007-05-08 00:00:00	2007-04-16 00:00:00	GEG	Spokane International	Southwest Airlines	Passenger Property Loss	Checked Baggage	24.78	Tools & Machines	Locks	Approved	24.78	Approve in Full
104240	2007051725580	2007-05-14 00:00:00	2007-04-30 00:00:00	GEG	Spokane International	Southwest Airlines	Passenger Property Loss	Checked Baggage	32.0	Clothing & Accessories	Clothing - Shoes, belts, accessories, etc.	Denied	0.0	Deny
104501	2007052125761	2007-05-18 00:00:00	2007-05-14 00:00:00	GEG	Spokane International	Alaska Airlines	Passenger Property Loss	Checked Baggage	14.09	Tools & Machines	Locks	Denied	0.0	Deny
104573	2007052225810	2007-05-21 00:00:00	2007-05-15 00:00:00	GEG	Spokane International	Northwest Airlines	Passenger Property Loss	Checkpoint	60.0	Clothing & Accessories	Clothing - Shoes, belts, accessories, etc.	Denied	0.0	Deny
105544	2007061226785	2007-06-08 00:00:00	2007-05-23 00:00:00	GEG	Spokane International	Frontier Airlines	Passenger Property Loss	Checked Baggage	182.99	Cosmetics	Cosmetics - Perfume, toilet articles, medicines, soaps, etc.	Denied	0.0	Deny
106175	2007062527472	2007-06-21 00:00:00	2007-06-12 00:00:00	GEG	Spokane International	Delta Air Lines	Passenger Property Loss	Checked Baggage	210.0	Tools & Machines,Containers,Other	Locks*Luggage (all types including footlockers)*Other	Denied	0.0	Deny
106283	2007062927660	2007-06-25 00:00:00	2007-05-23 00:00:00	GEG	Spokane International	Frontier Airlines	Passenger Property Loss	Checked Baggage	61.88	Office Supplies,Watches & Jewelry	Books - Other (Hardcover non-fiction)*Watches - Inexpensive $100 or less	Approved	61.88	Approve in Full
106350	2007070227699	2007-06-25 00:00:00	2007-04-11 00:00:00	GEG	Spokane International	Alaska Airlines	Passenger Property Loss	Checked Baggage	19.95	Tools & Machines	Locks	Denied	0.0	Deny
106858	2007071328303	2007-07-06 00:00:00	2007-06-10 00:00:00	GEG	Spokane International	Northwest Airlines	Passenger Property Loss	Checked Baggage	93.95	Clothing & Accessories	Clothing - Shoes, belts, accessories, etc.	Approved	93.95	Approve in Full
106889	2007071228214	2007-07-06 00:00:00	2007-06-11 00:00:00	GEG	Spokane International	Alaska Airlines	Passenger Property Loss	Checked Baggage	349.98	Watches & Jewelry	Jewelry - Costume	Denied	0.0	Deny
106965	2007071228188	2007-07-09 00:00:00	2007-06-25 00:00:00	GEG	Spokane International	Continental Airlines	Passenger Property Loss	Checked Baggage	1410.0	Tools & Machines,Clothing & Accessories,Cosmetics	Barber Supplies - Scissors, shears, elecric razors, etc.*Clothing - Shoes, belts, accessories, etc.*Cosmetics - Perfume, toilet articles, medicines, soaps, etc.	Denied	0.0	Deny
107761	2007072729203	2007-07-23 00:00:00	2007-06-21 00:00:00	GEG	Spokane International	Alaska Airlines	Passenger Property Loss	Checked Baggage	24.6	Tools & Machines	Locks	Denied	0.0	Deny
107782	2007072629085	2007-07-24 00:00:00	2007-06-14 00:00:00	GEG	Spokane International	Southwest Airlines	Passenger Property Loss	Checked Baggage	134.45	Containers,Cosmetics,Scientific Intruments,Cosmetics	Bags - Fabric, plastic, etc. (not purses)*Cosmetics - Perfume, toilet articles, medicines, soaps, etc.*Dental Equipment and Instruments*Razors (other than electric)	Approved	134.45	Approve in Full
108414	2007080929936	2007-08-02 00:00:00	2007-07-15 00:00:00	GEG	Spokane International	Southwest Airlines	Passenger Property Loss	Checked Baggage	150.0	Clothing & Accessories	Clothing - Shoes, belts, accessories, etc.	Denied	0.0	Deny
108568	2007080829878	2007-08-06 00:00:00	2007-06-18 00:00:00	GEG	Spokane International	Alaska Airlines	Passenger Property Loss	Checked Baggage	396.7	Electronics,Clothing & Accessories,Other	Cell Phones*Clothing - Shoes, belts, accessories, etc.*Other	Denied	0.0	Deny
109005	2007081530264	2007-08-14 00:00:00	2007-08-09 00:00:00	GEG	Spokane International	UAL	Passenger Property Loss	Checked Baggage	120.0	Other	Other	Denied	0.0	Deny
109162	2007082030495	2007-08-16 00:00:00	2007-07-31 00:00:00	GEG	Spokane International	UAL	Passenger Property Loss	Checked Baggage	600.0	Electronics,Electronics	Audio - Other (Phonograph, cassettes, etc)*MP3 Players-(iPods, etc)	Denied	0.0	Deny
110109	2007090631506	2007-09-04 00:00:00	2007-08-21 00:00:00	GEG	Spokane International	Alaska Airlines	Passenger Property Loss	Checked Baggage	100.0	Watches & Jewelry	Jewelry - Costume	Denied	0.0	Deny
110364	2007091131652	2007-09-07 00:00:00	2007-08-24 00:00:00	GEG	Spokane International	Horizon Air	Passenger Property Loss	Checked Baggage	512.97	Electronics,Electronics	Cameras - Digital*Cameras - Non-electronic (Camera supplies, lenses, projectors, etc.)	Settled	452.0	Settle
110582	2007091732032	2007-09-12 00:00:00	2007-09-06 00:00:00	GEG	Spokane International	Horizon Air	Passenger Property Loss	Checked Baggage	19.49	Tools & Machines	Locks	Approved	19.49	Approve in Full
110584	2007091732010	2007-09-12 00:00:00	2007-08-20 00:00:00	GEG	Spokane International	Air Canada	Passenger Property Loss	Checkpoint	371.81	Clothing & Accessories	Eyeglasses - (including contact lenses)	Canceled	0.0	
111081	2007092132393	2007-09-21 00:00:00	2007-08-20 00:00:00	GEG	Spokane International		Passenger Property Loss	Checkpoint	371.81	Other	Other	Denied	0.0	Deny
112535	2007102633969	2007-10-22 00:00:00	2007-09-15 00:00:00	GEG	Spokane International	UAL	Passenger Property Loss	Checked Baggage	468.0	Watches & Jewelry	Jewelry - Fine	Denied	0.0	Deny
112642	2007102934036	2007-10-24 00:00:00	2007-10-12 00:00:00	GEG	Spokane International	Delta Air Lines	Passenger Property Loss	Checkpoint	21.36	Electronics	Cell Phones	Approved	21.36	Approve in Full
113646	2007111535033	2007-11-13 00:00:00	2007-09-14 00:00:00	GEG	Spokane International	Delta Air Lines	Passenger Property Loss	Checked Baggage	258.26	Electronics	Cameras - Digital	Settled	129.13	Settle
113890	2007112035243	2007-11-19 00:00:00	2007-09-24 00:00:00	GEG	Spokane International	Southwest Airlines	Passenger Property Loss	Checked Baggage	49.99	Household Items	Kitchen Utensils -Pots, Pans, Knives (heavy aluminum, cast iron, etc.)	Denied	0.0	Deny
114005	2007112335331	2007-11-20 00:00:00	2007-11-05 00:00:00	GEG	Spokane International	Alaska Airlines	Passenger Property Loss	Checked Baggage	108.59	Clothing & Accessories	Clothing - Shoes, belts, accessories, etc.	Canceled	0.0	
114006	2007112735463	2007-11-20 00:00:00	2007-11-14 00:00:00	GEG	Spokane International	Southwest Airlines	Passenger Property Loss	Checked Baggage	44.28	Clothing & Accessories	Clothing - Shoes, belts, accessories, etc.	Canceled	0.0	
114786	2007121036300	2007-12-05 00:00:00	2007-10-15 00:00:00	GEG	Spokane International	Southwest Airlines	Passenger Property Loss	Checked Baggage	1049.98	Watches & Jewelry	Jewelry - Fine	Denied	0.0	Deny
115109	2007121736540	2007-12-12 00:00:00	2007-12-02 00:00:00	GEG	Spokane International	Alaska Airlines	Passenger Property Loss	Checked Baggage	150.0	Watches & Jewelry	Jewelry - Costume	Denied	0.0	Deny
115138	2007121836599	2007-12-12 00:00:00	2007-11-28 00:00:00	GEG	Spokane International	Southwest Airlines	Passenger Property Loss	Checked Baggage	103.85	Other,Containers,Other	Currency*Handbags & Purses (leather or fabric)*Other	Settled	51.93	Settle
115783	2008010337204	2007-12-28 00:00:00	2007-12-06 00:00:00	GEG	Spokane International	Alaska Airlines	Passenger Property Loss	Checked Baggage	532.0	Cosmetics	Cosmetics - Perfume, toilet articles, medicines, soaps, etc.	Denied	0.0	Deny
116011	2008010837471	2008-01-03 00:00:00	2007-12-16 00:00:00	GEG	Spokane International	Alaska Airlines	Passenger Property Loss	Checked Baggage	78.35	Clothing & Accessories,Cosmetics,Other	Clothing - Shoes, belts, accessories, etc.*Cosmetics - Perfume, toilet articles, medicines, soaps, etc.*Other	Denied	0.0	Deny
116216	2008011037719	2008-01-07 00:00:00	2008-01-04 00:00:00	GEG	Spokane International	Alaska Airlines	Passenger Property Loss	Checked Baggage	100.0	Clothing & Accessories	Clothing - Shoes, belts, accessories, etc.	Denied	0.0	Deny
116478	2008011838170	2008-01-09 00:00:00	2007-12-30 00:00:00	GEG	Spokane International	Frontier Airlines	Passenger Property Loss	Checked Baggage	70.9	Other	Other	Settled	35.45	Settle
116766	2008012338421	2008-01-14 00:00:00	2007-11-11 00:00:00	GEG	Spokane International	Northwest Airlines	Passenger Property Loss	Checked Baggage	6777.67	Clothing & Accessories,Cosmetics,Watches & Jewelry	Clothing - Shoes, belts, accessories, etc.*Cosmetics - Perfume, toilet articles, medicines, soaps, etc.*Jewelry - Fine	Denied	0.0	Deny
117441	2008013138958	2008-01-28 00:00:00	2007-08-29 00:00:00	GEG	Spokane International	Northwest Airlines	Passenger Property Loss	Checked Baggage	19.44	Household Items	Linens - Quilts, Comforters	Denied	0.0	Deny
117447	2008020138985	2008-01-28 00:00:00	2008-01-15 00:00:00	GEG	Spokane International	Delta Air Lines	Passenger Property Loss	Checked Baggage	3214.94	Clothing & Accessories,Electronics,Containers	Clothing - Shoes, belts, accessories, etc.*Computer - Laptop*Handbags & Purses (leather or fabric)	Denied	0.0	Deny
117521	2008020739220	2008-01-29 00:00:00	2007-12-31 00:00:00	GEG	Spokane International		Passenger Property Loss	Checked Baggage	55.0	Other	Currency	Canceled	0.0	
117689	2008020839344	2008-01-31 00:00:00	2008-12-16 00:00:00	GEG	Spokane International	Alaska Airlines	Passenger Property Loss	Checked Baggage	66.0	Electronics,Watches & Jewelry,Other	DVD/CD Players*Jewelry - Costume*Other	Denied	0.0	Deny
118515	2008022640212	2008-02-19 00:00:00	2008-01-28 00:00:00	GEG	Spokane International	UAL	Passenger Property Loss	Checked Baggage	40.49	Other	Other	Denied	0.0	Deny
118775	2008030440385	2008-02-25 00:00:00	2008-02-17 00:00:00	GEG	Spokane International	Southwest Airlines	Passenger Property Loss	Checked Baggage	2000.0	Electronics	Computer - Laptop	Denied	0.0	Deny
119598	2008031941265	2008-03-12 00:00:00	2008-03-02 00:00:00	GEG	Spokane International	UAL	Passenger Property Loss	Checked Baggage	20.0	Other	Other	Denied	0.0	Deny
122444	2008050543837	2008-05-07 00:00:00	2008-03-27 00:00:00	GEG	Spokane International	Northwest Airlines	Passenger Property Loss	Checked Baggage	300.0	Other	Other	Canceled	0.0	
122496	2008051244129	2008-05-08 00:00:00	2008-04-27 00:00:00	GEG	Spokane International	Alaska Airlines	Passenger Property Loss	Checked Baggage	470.24	Cosmetics,Other	Cosmetics - Perfume, toilet articles, medicines, soaps, etc.*Other	Denied	0.0	Deny
123286	2008052844916	2008-05-27 00:00:00	2008-05-20 00:00:00	GEG	Spokane International	Southwest Airlines	Passenger Property Loss	Checked Baggage	23.94	Tools & Machines	Locks	Denied	0.0	Deny
123416	2008060245074	2008-05-28 00:00:00	2008-05-17 00:00:00	GEG	Spokane International	Northwest Airlines	Passenger Property Loss	Checked Baggage	23.63	Tools & Machines	Locks	Denied	0.0	Deny
123990	2008061345646	2008-06-10 00:00:00	2008-05-20 00:00:00	GEG	Spokane International	UAL	Passenger Property Loss	Checked Baggage	242.13	Electronics,Electronics,Other	Cell Phones*Computer - Laptop*Other	Denied	0.0	Deny
124222	2008061845866	2008-06-16 00:00:00	2008-05-18 00:00:00	GEG	Spokane International	UAL	Passenger Property Loss	Checked Baggage	10.99	Tools & Machines	Locks	Denied	0.0	Deny
124242	2008062045947	2008-06-16 00:00:00	2007-09-14 00:00:00	GEG	Spokane International	Alaska Airlines	Passenger Property Loss	Checked Baggage	894.0	Clothing & Accessories	Eyeglasses - (including contact lenses)	Denied	0.0	Deny
125311	2008071747064	2008-07-10 00:00:00	2008-07-08 00:00:00	GEG	Spokane International	Alaska Airlines	Passenger Property Loss	Checked Baggage	116.55	Other	Other	Denied	0.0	Deny
125412	2008072247216	2008-07-14 00:00:00	2008-06-07 00:00:00	GEG	Spokane International	Southwest Airlines	Passenger Property Loss	Checked Baggage	104.0	Watches & Jewelry	Jewelry - Fine	Approved	104.0	Approve in Full
125939	2008073047689	2008-07-24 00:00:00	2008-07-14 00:00:00	GEG	Spokane International	Southwest Airlines	Passenger Property Loss	Checkpoint	23.34	Other	Other	Approved	23.34	Approve in Full
127805	2008082749177	2008-09-04 00:00:00	2008-06-20 00:00:00	GEG	Spokane International	UAL	Passenger Property Loss	Checked Baggage	115.0	Other	Other	Denied	0.0	Deny
128317	2008091850047	2008-09-16 00:00:00	2008-09-09 00:00:00	GEG	Spokane International	Alaska Airlines	Passenger Property Loss	Checked Baggage	31075.0	Watches & Jewelry	Jewelry - Fine	Denied	0.0	Deny
128566	2008092350293	2008-09-22 00:00:00	2008-08-09 00:00:00	GEG	Spokane International	Alaska Airlines	Passenger Property Loss	Checked Baggage	129.0	Cosmetics	Cosmetics - Perfume, toilet articles, medicines, soaps, etc.	Denied	0.0	Deny
128585	2008092450344	2008-09-22 00:00:00	2008-09-10 00:00:00	GEG	Spokane International	Southwest Airlines	Passenger Property Loss	Checkpoint	324.0	Electronics	GPS - Global Positioning System	Denied	0.0	Deny
128613	2008092450348	2008-09-23 00:00:00	2008-09-20 00:00:00	GEG	Spokane International	Alaska Airlines	Passenger Property Loss	Checked Baggage	1040.0	Other,Tools & Machines	Currency*Locks	Denied	0.0	Deny
128776	2008093050599	2008-09-26 00:00:00	2008-09-12 00:00:00	GEG	Spokane International	Southwest Airlines	Passenger Property Loss	Checked Baggage	49.96	Electronics	Cameras - Non-electronic (Camera supplies, lenses, projectors, etc.)	Denied	0.0	Deny
128876	2008100150661	2008-09-29 00:00:00	2008-09-10 00:00:00	GEG	Spokane International	Delta Air Lines	Passenger Property Loss	Checkpoint	89.99	Electronics	Cell Phones	Settled	69.99	Settle
129059	2008090349390	2008-10-05 00:00:00	2008-08-10 00:00:00	GEG	Spokane International	Frontier Airlines	Passenger Property Loss	Checkpoint	69.95	Watches & Jewelry	Jewelry - Costume	Denied	0.0	Deny
129368	2008101551173	2008-10-14 00:00:00	2008-09-20 00:00:00	GEG	Spokane International		Passenger Property Loss	Checked Baggage	39.0	Household Items	Kitchen Utensils -Pots, Pans, Knives (heavy aluminum, cast iron, etc.)	Denied	0.0	Deny
129563	2008102351462	2008-10-17 00:00:00	2008-10-13 00:00:00	GEG	Spokane International	Frontier Airlines	Passenger Property Loss	Checkpoint	293.99	Electronics	Cameras - Digital	Denied	0.0	Deny
129842	2008092350289	2008-10-24 00:00:00	2008-09-10 00:00:00	GEG	Spokane International	Northwest Airlines	Passenger Property Loss	Checked Baggage	1300.0	Electronics	Computer - Laptop	Denied	0.0	Deny
129936	2008110451721	2008-10-27 00:00:00	2008-09-24 00:00:00	GEG	Spokane International	Alaska Airlines	Passenger Property Loss	Checked Baggage	62.0	Clothing & Accessories	Clothing - Shoes, belts, accessories, etc.	Settled	31.0	Settle
130146	2008111752317	2008-10-31 00:00:00	2008-08-24 00:00:00	GEG	Spokane International	UAL	Passenger Property Loss	Checked Baggage	214.99	Clothing & Accessories,Clothing & Accessories	Clothing - Shoes, belts, accessories, etc.*Eyeglasses - (including contact lenses)	Denied	0.0	Deny
130575	2008111852408	2008-11-13 00:00:00	2008-09-29 00:00:00	GEG	Spokane International	Southwest Airlines	Passenger Property Loss	Checked Baggage	68.4	Clothing & Accessories	Clothing - Shoes, belts, accessories, etc.	Denied	0.0	Deny
130589	2008111952481	2008-11-13 00:00:00	2008-10-11 00:00:00	GEG	Spokane International	UAL	Passenger Property Loss	Checked Baggage	100.0	Outdoors Supplies	Camping Equipment & Supplies	Denied	0.0	Deny
130604	2008111952548	2008-11-13 00:00:00	2008-07-09 00:00:00	GEG	Spokane International	Southwest Airlines	Passenger Property Loss	Checked Baggage	530.31	Clothing & Accessories	Clothing - Shoes, belts, accessories, etc.	Settled	265.15	Settle
130646	2008111952511	2008-11-14 00:00:00	2008-10-14 00:00:00	GEG	Spokane International	Alaska Airlines	Passenger Property Loss	Checked Baggage	8.32	Tools & Machines	Locks	Denied	0.0	Deny
131667	2008121953569	2008-12-12 00:00:00	2008-12-05 00:00:00	GEG	Spokane International	Delta Air Lines	Passenger Property Loss	Checked Baggage	92.4	Cosmetics	Cosmetics - Perfume, toilet articles, medicines, soaps, etc.	Canceled	0.0	
131738	2008121953605	2008-12-15 00:00:00	2008-11-02 00:00:00	GEG	Spokane International	Northwest Airlines	Passenger Property Loss	Checked Baggage	35.9	Other	Other	Denied	0.0	Deny
131937	2008121953596	2008-12-19 00:00:00	2008-12-01 00:00:00	GEG	Spokane International	Alaska Airlines	Passenger Property Loss	Checked Baggage	363.17	Electronics,Electronics	Cameras - Digital*Cameras - Non-electronic (Camera supplies, lenses, projectors, etc.)	Denied	0.0	Deny
132665	2009012154670	2009-01-09 00:00:00	2008-12-10 00:00:00	GEG	Spokane International	Alaska Airlines	Passenger Property Loss	Checkpoint	300.0	Other,Other	Currency*Other	Approved	300.0	Approve in Full
133037	2009011454493	2009-01-16 00:00:00	2008-11-30 00:00:00	GEG	Spokane International	Alaska Airlines	Passenger Property Loss	Checked Baggage	92.61	Clothing & Accessories,Cosmetics	Clothing - Shoes, belts, accessories, etc.*Cosmetics - Perfume, toilet articles, medicines, soaps, etc.	Denied	0.0	Deny
133522	2009031656330	2009-01-29 00:00:00	2008-09-30 00:00:00	GEG	Spokane International	Southwest Airlines	Passenger Property Loss	Checkpoint	3228.99	Watches & Jewelry	Jewelry - Fine	Denied	0.0	Deny
134891	2009032056680	2009-03-10 00:00:00	2009-02-18 00:00:00	GEG	Spokane International	Alaska Airlines	Passenger Property Loss	Checked Baggage	460.0	Other,Outdoors Supplies	Other*Sporting Equipment & Supplies (footballs, parachutes, etc.)	Denied	0.0	Deny
136393	2009051158502	2009-04-20 00:00:00	2009-03-23 00:00:00	GEG	Spokane International	Northwest Airlines	Passenger Property Loss	Checked Baggage	17.52	Outdoors Supplies	Tools - Manual (not in a vehicle)	Denied	0.0	Deny
136773	2009051858798	2009-04-30 00:00:00	2009-03-28 00:00:00	GEG	Spokane International	Alaska Airlines	Passenger Property Loss	Checked Baggage	126.0	Household Items	Kitchen Utensils -Pots, Pans, Knives (heavy aluminum, cast iron, etc.)	Canceled	0.0	
137478	2009052159360	2009-05-21 00:00:00	2008-05-02 00:00:00	GEG	Spokane International	Northwest Airlines	Passenger Property Loss	Checked Baggage	12.0	Tools & Machines	Locks	Denied	0.0	Deny
137649	2009060359840	2009-05-26 00:00:00	2009-04-23 00:00:00	GEG	Spokane International	Alaska Airlines	Passenger Property Loss	Checked Baggage	16.0	Tools & Machines	Locks	Denied	0.0	Deny
137780	2009060259773	2009-05-29 00:00:00	2009-05-27 00:00:00	GEG	Spokane International	Horizon Air	Passenger Property Loss	Checkpoint		Other	Other	Canceled	0.0	
137958	2009060959949	2009-06-04 00:00:00	2009-03-09 00:00:00	GEG	Spokane International	Southwest Airlines	Passenger Property Loss	Checked Baggage	673.08	Watches & Jewelry,Watches & Jewelry	Jewelry - Costume*Jewelry - Fine	Denied	0.0	Deny
138498	2009062360516	2009-06-17 00:00:00	2009-04-03 00:00:00	GEG	Spokane International	Southwest Airlines	Passenger Property Loss	Checked Baggage	25.0	Other	Other	Denied	0.0	Deny
139548	2009072361643	2009-07-16 00:00:00	2009-06-26 00:00:00	GEG	Spokane International		Passenger Property Loss	Checked Baggage	45.0	Clothing & Accessories	Clothing - Shoes, belts, accessories, etc.	Approved	45.0	Approve in Full
140076	2009073162056	2009-07-29 00:00:00	2009-07-18 00:00:00	GEG	Spokane International	Delta Air Lines	Passenger Property Loss	Checked Baggage	149.0	Electronics	MP3 Players-(iPods, etc)	Denied	0.0	Deny
141157	2009083163154	2009-08-28 00:00:00	2009-08-09 00:00:00	GEG	Spokane International	Southwest Airlines	Passenger Property Loss	Checked Baggage	200.0	Containers,Cosmetics	Bags - Fabric, plastic, etc. (not purses)*Cosmetics - Perfume, toilet articles, medicines, soaps, etc.	Denied	0.0	Deny
141954	2009092463972	2009-09-22 00:00:00	2009-09-04 00:00:00	GEG	Spokane International	Southwest Airlines	Passenger Property Loss	Checked Baggage	55.0	Clothing & Accessories	Clothing - Shoes, belts, accessories, etc.	Approved	55.0	Approve in Full
142784	2009102864865	2009-10-20 00:00:00	2009-09-30 05:00:00	GEG	Spokane International	Delta Air Lines	Passenger Property Loss	Checked Baggage	46.98	Household Decor	Silverplate, Goldplate, Pewter, Stainless Steel, Copperware, Bronzeware	Approved	46.98	Approve in Full
143417	2009112365642	2009-11-09 00:00:00	2009-10-25 06:49:00	GEG	Spokane International	Southwest Airlines	Passenger Property Loss	Checked Baggage	25.0	Household Items	Kitchen Utensils -Pots, Pans, Knives (heavy aluminum, cast iron, etc.)	Denied	0.0	Deny
143550	2009112565719	2009-11-12 00:00:00	2009-10-15 00:00:00	GEG	Spokane International	Delta Air Lines	Passenger Property Loss	Checked Baggage	14.0	Cosmetics	Cosmetics - Perfume, toilet articles, medicines, soaps, etc.	Denied	0.0	Deny
143728	2009112465705	2009-11-17 00:00:00	2009-11-08 00:00:00	GEG	Spokane International	Delta Air Lines	Passenger Property Loss	Checked Baggage	30.0	Electronics	Cell Phones	Denied	0.0	Deny
144493	2009121466525	2009-12-10 00:00:00	2009-11-26 14:44:00	GEG	Spokane International	Southwest Airlines	Passenger Property Loss	Checked Baggage	200.0	Other	Currency	Canceled		
144845	2009122966857	2009-12-22 00:00:00	2009-10-11 00:00:00	GEG	Spokane International	Alaska Airlines	Passenger Property Loss	Checked Baggage	8135.0	Cosmetics,Watches & Jewelry,Watches & Jewelry,Watches & Jewelry,Watches & Jewelry	Cosmetics - Perfume, toilet articles, medicines, soaps, etc.*Jewelry - Costume*Jewelry - Fine*Watches - Expensive more than $100*Watches - Inexpensive $100 or less	Denied	0.0	Deny
144992	2010010567098	2009-12-28 00:00:00	2009-12-06 14:10:00	GEG	Spokane International	Southwest Airlines	Passenger Property Loss	Checked Baggage	168.0	Outdoors Supplies	Sporting Equipment & Supplies (footballs, parachutes, etc.)	Denied	0.0	Deny
145177	2010011167431	2010-01-11 00:00:00	2010-01-07 00:00:00	GEG	Spokane International	USAir	Passenger Property Loss	Checked Baggage		Office Supplies,Electronics	Books, Magazines & Other*Computer & Accessories			
145902	2010030268954	2010-02-17 00:00:00	2010-01-02 00:00:00	GEG	Spokane International	Alaska Airlines	Passenger Property Loss	Checked Baggage		Watches & Jewelry	Jewelry & Watches		0.0	Deny
146314	2010031069392	2010-03-03 00:00:00	2010-01-28 00:00:00	GEG	Spokane International	Horizon Air	Passenger Property Loss	Checked Baggage		Watches & Jewelry	Jewelry & Watches		0.0	Deny
148160	2010042871281	2010-04-28 00:00:00	2010-04-14 14:45:00	GEG	Spokane International	Southwest Airlines	Passenger Property Loss	Checkpoint		Watches & Jewelry	Jewelry & Watches		199.0	Approve in Full
151523	2010081474942	2010-08-09 00:00:00	2010-06-25 00:00:00	GEG	Spokane International	Alaska Airlines	Passenger Property Loss	Checked Baggage		Outdoors Supplies	Tools & Home Improvement Supplies		0.0	Deny
151550	2010081875016	2010-08-09 00:00:00	2010-07-27 09:10:00	GEG	Spokane International	Delta Air Lines	Passenger Property Loss	Checked Baggage		Other	Other		0.0	Deny
151703	2010082375243	2010-08-13 00:00:00	2010-05-20 13:42:00	GEG	Spokane International	Alaska Airlines	Passenger Property Loss	Checked Baggage		Electronics	Computer & Accessories		0.0	Deny
151896	2010082475296	2010-08-18 00:00:00	2010-08-04 10:52:00	GEG	Spokane International	UAL	Passenger Property Loss	Checked Baggage		Electronics	Personal Electronics			
151957	2010082675378	2010-08-20 00:00:00	2010-07-23 00:00:00	GEG	Spokane International	Delta Air Lines	Passenger Property Loss	Checked Baggage		Cosmetics	Travel Accessories		12.0	Approve in Full
152045	2010083175517	2010-08-23 00:00:00	2010-07-14 23:00:00	GEG	Spokane International	Southwest Airlines	Passenger Property Loss	Checked Baggage		Outdoors Supplies	Sporting Equipment & Supplies (footballs, parachutes, etc.)		0.0	Deny
153957	2010102777430	2010-10-19 00:00:00	2010-09-01 00:00:00	GEG	Spokane International		Passenger Property Loss	Checked Baggage		Clothing & Accessories	Clothing		0.0	Deny
154897	2010112878293	2010-11-19 00:00:00	2010-11-06 00:00:00	GEG	Spokane International	Southwest Airlines	Passenger Property Loss	Checked Baggage		Cosmetics	Travel Accessories		0.0	Deny
154925	2010112978340	2010-11-22 00:00:00	2010-10-28 06:40:00	GEG	Spokane International	UAL	Passenger Property Loss	Checked Baggage		Other	Other		55.0	Approve in Full
155001	2010111877950	2010-11-23 00:00:00	2010-10-02 00:00:00	GEG	Spokane International	Delta Air Lines	Passenger Property Loss	Checked Baggage		Clothing & Accessories	Clothing		0.0	Deny
155127	2010120678525	2010-11-29 00:00:00	2010-11-19 00:00:00	GEG	Spokane International	Delta Air Lines	Passenger Property Loss	Checked Baggage		Other	Other		0.0	Deny
155712	2010122879109	2010-12-20 00:00:00	2010-12-15 09:00:00	GEG	Spokane International	Southwest Airlines	Passenger Property Loss	Checked Baggage		Other	Other		0.0	Deny
156222	2011012479695	2011-01-06 00:00:00	2010-12-12 00:00:00	GEG	Spokane International	Southwest Airlines	Passenger Property Loss	Checked Baggage		Clothing & Accessories	Clothing		65.0	Approve in Full
156924	2011030380813	2011-01-25 00:00:00	2011-01-05 00:00:00	GEG	Spokane International	UAL	Passenger Property Loss	Checked Baggage		Games & Toys	Toys & Games		21.99	Approve in Full
157215	2011030480906	2011-02-02 00:00:00	2011-01-03 00:00:00	GEG	Spokane International	Horizon Air	Passenger Property Loss	Checked Baggage		Outdoors Supplies	Sporting Equipment & Supplies (footballs, parachutes, etc.)			
157315	2011030380859	2011-02-07 00:00:00	2011-01-07 05:20:00	GEG	Spokane International	Southwest Airlines	Passenger Property Loss	Checked Baggage		Other	Other		8.64	Approve in Full
157430	2011030380877	2011-02-10 00:00:00	2011-01-23 00:00:00	GEG	Spokane International	Southwest Airlines	Passenger Property Loss	Checkpoint		Watches & Jewelry	Jewelry & Watches		179.55	Settle
157827	2011031881330	2011-02-25 00:00:00	2011-02-16 00:00:00	GEG	Spokane International		Passenger Property Loss	Checkpoint		Clothing & Accessories	Personal Accessories		0.0	Deny
158292	2011040181725	2011-03-14 00:00:00	2011-03-06 22:20:00	GEG	Spokane International	Delta Air Lines	Passenger Property Loss	Checked Baggage		Cosmetics	Travel Accessories		0.0	Deny
158717	2011042783032	2011-03-28 00:00:00	2011-03-25 06:30:00	GEG	Spokane International	USAir	Passenger Property Loss	Checked Baggage		Other	Other			
159841	2011051183357	2011-05-03 00:00:00	2011-04-19 16:35:00	GEG	Spokane International	Southwest Airlines	Passenger Property Loss	Checked Baggage		Electronics,Electronics	Cameras*Cameras			
159994	2011051883512	2011-05-06 00:00:00	2011-03-18 15:00:00	GEG	Spokane International	Alaska Airlines	Passenger Property Loss	Checked Baggage		Watches & Jewelry	Jewelry & Watches			
160749	2011061384276	2011-06-01 00:00:00	2011-03-18 15:00:00	GEG	Spokane International	Alaska Airlines	Passenger Property Loss	Checked Baggage		Watches & Jewelry,Watches & Jewelry	Jewelry & Watches*Jewelry & Watches		0.0	Deny
160824	2011061584316	2011-06-06 00:00:00	2011-05-18 13:50:00	GEG	Spokane International	USAir	Passenger Property Loss	Checked Baggage		Clothing & Accessories	Clothing			
161059	2011062284562	2011-06-13 00:00:00	2011-05-24 16:20:00	GEG	Spokane International	Southwest Airlines	Passenger Property Loss	Checked Baggage		Clothing & Accessories	Clothing			
161713	2011071485219	2011-07-05 00:00:00	2011-05-19 09:35:00	GEG	Spokane International	Southwest Airlines	Passenger Property Loss	Checked Baggage		Cosmetics	Travel Accessories		16.8	Approve in Full
162766	2011082286350	2011-08-05 00:00:00	2011-08-01 09:40:00	GEG	Spokane International	Delta Air Lines	Passenger Property Loss	Checked Baggage		Clothing & Accessories	Clothing		0.0	Deny
162876	2011082986518	2011-08-08 00:00:00	2011-07-28 07:37:00	GEG	Spokane International	Alaska Airlines	Passenger Property Loss	Checked Baggage		Outdoors Supplies	Hunting & Fishing Items		167.5	Settle
164087	2011101287766	2011-09-19 00:00:00	2011-08-21 00:00:00	GEG	Spokane International	Southwest Airlines	Passenger Property Loss	Checked Baggage		Cosmetics	Travel Accessories		34.74	Approve in Full
164974	2011102788431	2011-10-19 00:00:00	2011-09-27 00:00:00	GEG	Spokane International	Alaska Airlines	Passenger Property Loss	Checked Baggage		Food & Drink	Food & Drink		338.51	Approve in Full
165035	2011102788457	2011-10-21 00:00:00	2011-09-19 11:00:00	GEG	Spokane International	Delta Air Lines	Passenger Property Loss	Checked Baggage		Watches & Jewelry	Jewelry & Watches			
165090	2011110488689	2011-10-24 00:00:00	2011-09-04 14:30:00	GEG	Spokane International	Alaska Airlines	Passenger Property Loss	Checked Baggage		Other	Other		70.0	Settle
165295	2011102888492	2011-10-30 00:00:00	2011-09-13 00:00:00	GEG	Spokane International	Southwest Airlines	Passenger Property Loss	Checked Baggage		Electronics	Personal Electronics		0.0	Deny
167766	2012030191442	2012-01-24 00:00:00	2010-08-17 14:00:00	GEG	Spokane International	Southwest Airlines	Passenger Property Loss	Checked Baggage		Other	Other		268.02	Settle
168218	2012032191879	2012-02-08 00:00:00	2012-01-18 12:30:00	GEG	Spokane International	Delta Air Lines	Passenger Property Loss	Checkpoint		Watches & Jewelry	Jewelry & Watches		0.0	Deny
168361	2012032692031	2012-02-13 00:00:00	2012-02-04 11:35:00	GEG	Spokane International	Southwest Airlines	Passenger Property Loss	Checked Baggage		Outdoors Supplies	Hunting & Fishing Items		32.83	Approve in Full
168584	2012032992266	2012-02-21 00:00:00	2011-09-03 00:00:00	GEG	Spokane International	Delta Air Lines	Passenger Property Loss	Checked Baggage		Other	Other		13.99	Approve in Full
169149	2012041092762	2012-03-12 00:00:00	2011-12-25 00:00:00	GEG	Spokane International	Southwest Airlines	Passenger Property Loss	Checked Baggage		Clothing & Accessories	Clothing		0.0	Deny
171271	2012062594903	2012-05-29 00:00:00	2012-05-19 09:40:00	GEG	Spokane International	Southwest Airlines	Passenger Property Loss	Checked Baggage		Electronics	Personal Electronics			
171742	2012070795110	2012-06-13 00:00:00	2012-06-09 00:00:00	GEG	Spokane International	Alaska Airlines	Passenger Property Loss	Checked Baggage		Cosmetics,Watches & Jewelry,Scientific Intruments,Outdoors Supplies	Cosmetics & Grooming*Jewelry & Watches*Medical/Science*Tools & Home Improvement Supplies		0.0	Deny
172244	2012081696003	2012-07-02 00:00:00	2012-06-06 00:00:00	GEG	Spokane International		Passenger Property Loss	Checked Baggage		Clothing & Accessories	Clothing		120.0	Approve in Full
172551	2012082896297	2012-07-13 00:00:00	2012-06-09 13:30:00	GEG	Spokane International	Alaska Airlines	Passenger Property Loss	Checked Baggage		Electronics,Cosmetics,Food & Drink,Scientific Intruments,Other	Cameras*Cosmetics & Grooming*Food & Drink*Medical/Science*Other			
172791	2012083096490	2012-07-23 00:00:00	2012-07-19 00:00:00	GEG	Spokane International	Southwest Airlines	Passenger Property Loss	Checked Baggage		Outdoors Supplies	Sporting Equipment & Supplies (footballs, parachutes, etc.)		526.95	Approve in Full
172857	2012091096693	2012-07-24 00:00:00	2012-06-09 00:00:00	GEG	Spokane International	Alaska Airlines	Passenger Property Loss	Checked Baggage		Cosmetics,Scientific Intruments	Cosmetics & Grooming*Medical/Science		0.0	Deny
172974	2012091096684	2012-07-30 00:00:00	2012-06-26 09:30:00	GEG	Spokane International	Southwest Airlines	Passenger Property Loss	Checked Baggage		Clothing & Accessories	Clothing		20.65	Approve in Full
173794	2012100997476	2012-08-27 00:00:00	2012-07-03 00:00:00	GEG	Spokane International	Southwest Airlines	Passenger Property Loss	Checked Baggage		Cosmetics	Travel Accessories		0.0	Deny
173869	2012101297537	2012-08-28 00:00:00	2012-07-03 00:00:00	GEG	Spokane International	Southwest Airlines	Passenger Property Loss	Checked Baggage		Cosmetics	Travel Accessories		0.0	Deny
174832	2012111198570	2012-10-02 00:00:00	2012-09-13 00:00:00	GEG	Spokane International	Southwest Airlines	Passenger Property Loss	Checkpoint		Other	Other		0.0	Deny
175298	2012120499031	2012-10-22 00:00:00	2012-10-10 00:00:00	GEG	Spokane International	Frontier Airlines	Passenger Property Loss	Checked Baggage		Electronics	Computer & Accessories		774.95	Approve in Full
175882	2013010899604	2012-11-13 00:00:00	2012-10-29 00:00:00	GEG	Spokane International	Southwest Airlines	Passenger Property Loss	Checked Baggage		Other	Other		0.0	Deny
176091	2012122199339	2012-11-21 00:00:00	2012-11-01 00:00:00	GEG	Spokane International	Southwest Airlines	Passenger Property Loss			Cosmetics	Cosmetics & Grooming		0.0	Deny
176474	2013012400180	2012-12-05 00:00:00	2012-11-24 00:00:00	GEG	Spokane International	Southwest Airlines	Passenger Property Loss	Checked Baggage		Cosmetics	Travel Accessories		0.0	Deny
176664	2013020100867	2012-12-12 00:00:00	2012-11-29 00:00:00	GEG	Spokane International	Alaska Airlines	Passenger Property Loss	Checked Baggage		Electronics	Cameras		220.0	Approve in Full
177155	2013013100737	2013-01-07 00:00:00	2013-01-03 06:30:00	GEG	Spokane International	Frontier Airlines	Passenger Property Loss	Checked Baggage		Cosmetics	Travel Accessories		20.0	Approve in Full
179262	2013040202927	2013-03-20 00:00:00	2013-03-18 13:56:00	GEG	Spokane International	Alaska Airlines	Passenger Property Loss	Checked Baggage		Outdoors Supplies	Tools & Home Improvement Supplies		12.97	Approve in Full
179436	2013041003112	2013-03-27 00:00:00	2013-02-21 00:00:00	GEG	Spokane International		Passenger Property Loss	Checkpoint		Scientific Intruments,Clothing & Accessories	Medical/Science*Personal Accessories		0.0	Deny
180681	2013062704847	2013-05-15 00:00:00	2013-05-13 00:00:00	GEG	Spokane International	UAL	Passenger Property Loss	Checked Baggage		Electronics	Computer & Accessories			
181717	2013080705737	2013-06-20 00:00:00	2013-04-30 13:30:00	GEG	Spokane International	Delta Air Lines	Passenger Property Loss	Checked Baggage		Outdoors Supplies,Clothing & Accessories	Hunting & Fishing Items*Personal Accessories			
181886	2013080805752	2013-06-27 00:00:00	2013-06-13 00:00:00	GEG	Spokane International	Alaska Airlines	Passenger Property Loss	Checked Baggage		Musical Intruments	Musical Instruments & Accessories		69.5	Approve in Full
182833	2013091807033	2013-07-30 00:00:00	2013-07-19 00:00:00	GEG	Spokane International	Southwest Airlines	Passenger Property Loss	Checked Baggage		Outdoors Supplies	Hunting & Fishing Items			
183074	2013091506916	2013-08-07 00:00:00	2013-08-05 14:27:00	GEG	Spokane International	UAL	Passenger Property Loss	Checked Baggage		Outdoors Supplies	Sporting Equipment & Supplies (footballs, parachutes, etc.)			
183142	2013091306888	2013-08-08 00:00:00	2013-07-16 16:15:00	GEG	Spokane International	Alaska Airlines	Passenger Property Loss	Checked Baggage		Containers	Baggage/Cases/Purses			
183174	2013092307244	2013-08-08 00:00:00	2013-07-16 14:36:00	GEG	Spokane International	AirTran Airlines	Passenger Property Loss	Checked Baggage		Clothing & Accessories	Clothing			
183412	2013092307235	2013-08-16 00:00:00	2013-08-02 14:37:00	GEG	Spokane International	Southwest Airlines	Passenger Property Loss	Checked Baggage		Other	Other		39.44	Approve in Full
183963	2013102808140	2013-09-05 00:00:00	2013-08-24 00:00:00	GEG	Spokane International	Southwest Airlines	Passenger Property Loss	Checked Baggage		Clothing & Accessories	Clothing			
184290	2013091807045	2013-09-18 00:00:00	2013-08-11 06:30:00	GEG	Spokane International	Southwest Airlines	Passenger Property Loss	Checked Baggage		Cosmetics	Travel Accessories		12.93	Approve in Full
185432	2013102808142	2013-11-06 00:00:00	2013-07-07 06:41:00	GEG	Spokane International	Alaska Airlines	Passenger Property Loss	Checked Baggage		Electronics	Computer & Accessories			
185959	2013120409827	2013-11-27 00:00:00	2013-10-02 16:00:00	GEG	Spokane International	Alaska Airlines	Passenger Property Loss	Checked Baggage		Scientific Intruments	Medical/Science			
186043	2013120509881	2013-12-02 00:00:00	2013-11-30 11:30:00	GEG	Spokane International	Southwest Airlines	Passenger Property Loss	Checked Baggage		Outdoors Supplies	Hunting & Fishing Items			
186439	2013122310211	2013-12-18 00:00:00	2013-11-25 12:18:00	GEG	Spokane International	Frontier Airlines	Passenger Property Loss	Checked Baggage		Other,Electronics	Other*Personal Electronics			
187106	2014011510851	2014-01-11 00:00:00	2014-01-08 00:00:00	GEG	Spokane International	Southwest Airlines	Passenger Property Loss	Checked Baggage		Outdoors Supplies	Tools & Home Improvement Supplies		0.0	Deny
187853	2014021111617	2014-02-07 00:00:00	2013-12-03 00:00:00	GEG	Spokane International	Delta Air Lines	Passenger Property Loss	Checked Baggage		Cosmetics	Cosmetics & Grooming		0.0	Deny
188802	2014031912593	2014-03-13 00:00:00	2014-02-26 00:00:00	GEG	Spokane International	Southwest Airlines	Passenger Property Loss	Checked Baggage		Clothing & Accessories	Clothing		145.0	Approve in Full
189125	2014040212922	2014-03-31 00:00:00	2013-12-08 00:00:00	GEG	Spokane International	Southwest Airlines	Passenger Property Loss	Checked Baggage		Electronics	Computer & Accessories			
189367	2014041113167	2014-04-11 00:00:00	2014-03-13 00:00:00	GEG	Spokane International	Southwest Airlines	Passenger Property Loss	Checked Baggage		Outdoors Supplies,Cosmetics	Sporting Equipment & Supplies (footballs, parachutes, etc.)*Travel Accessories		0.0	Deny
192161	2014081916015	2014-08-01 00:00:00	2014-05-14 00:00:00	GEG	Spokane International	Alaska Airlines	Passenger Property Loss	Checkpoint		Clothing & Accessories	Personal Accessories		0.0	Deny
194960	2014120418878	2014-11-13 00:00:00	2014-10-11 00:00:00	GEG	Spokane International	USAir	Passenger Property Loss	Checked Baggage		Other	Other			
198267	2015011419850	2015-01-14 00:00:00	2014-12-27 00:00:00	GEG	Spokane International	UAL	Passenger Property Loss	Checked Baggage		Cosmetics	Travel Accessories		20.0	Approve in Full
198274	2015072124059	2015-07-14 00:00:00	2015-07-08 00:00:00	GEG	Spokane International	Southwest Airlines	Passenger Property Loss	Checked Baggage		Clothing & Accessories,Food & Drink	Clothing*Food & Drink			
198276	2015091425324	2015-08-28 00:00:00	2015-08-10 00:00:00	GEG	Spokane International	Alaska Airlines	Passenger Property Loss	Checked Baggage		Clothing & Accessories	Clothing		50.0	Approve in Full
198279	2015121527547	2015-11-10 00:00:00	2015-11-01 00:00:00	GEG	Spokane International	Alaska Airlines	Passenger Property Loss	Checkpoint		Outdoors Supplies	Hunting & Fishing Items			
198280	2015122227782	2015-12-02 00:00:00	2015-10-27 00:00:00	GEG	Spokane International	UAL	Passenger Property Loss	Checked Baggage		Household Items	Household Items		37.0	Approve in Full
198281	2015122227813	2015-12-04 00:00:00	2015-10-26 00:00:00	GEG	Spokane International	Alaska Airlines	Passenger Property Loss	Checked Baggage		Outdoors Supplies	Sporting Equipment & Supplies (footballs, parachutes, etc.)			
198283	2016010628137	2015-12-24 00:00:00	2015-11-21 00:00:00	GEG	Spokane International	Alaska Airlines	Passenger Property Loss	Checkpoint		Clothing & Accessories	Personal Accessories			
206921	2017010936352	2016-11-09 00:00:00	2016-10-13 05:40:00	GEG	Spokane International Spokane International	Southwest Airlines	Passenger Property Loss	Checked Baggage		Clothing & Accessories	Clothing			Insufficient
206923	2016022629146	2016-02-02 00:00:00	2016-01-29 04:55:00	GEG	Spokane International Spokane International		Passenger Property Loss	Checked Baggage		Cosmetics	Cosmetics & Grooming		100.0	Approve in Full
206925	2016053131898	2016-05-19 00:00:00	2016-05-08 11:18:00	GEG	Spokane International Spokane International	Alaska Airlines	Passenger Property Loss	Checked Baggage		Cosmetics	Travel Accessories		12.5	Approve in Full
206929	2016100734543	2016-08-23 00:00:00	2016-07-05 00:00:00	GEG	Spokane International Spokane International	Alaska Airlines	Passenger Property Loss	Checkpoint		Electronics	Computer & Accessories			Closed:Canceled
206930	2016060231968	2016-05-24 00:00:00	2016-05-18 07:20:00	GEG	Spokane International Spokane International	Delta Air Lines	Passenger Property Loss	Checked Baggage		Outdoors Supplies	Hunting & Fishing Items		0.0	Deny
206931	2016080832966	2016-06-28 00:00:00	2016-06-10 00:00:00	GEG	Spokane International Spokane International	American Airlines	Passenger Property Loss	Checked Baggage		Clothing & Accessories	Clothing		0.0	Deny
206934	2016062232368	2016-06-09 00:00:00	2016-06-09 07:00:00	GEG	Spokane International Spokane International	Delta Air Lines	Passenger Property Loss	Checked Baggage		Food & Drink,Food & Drink,Food & Drink,Food & Drink,Food & Drink	Food & Drink*Food & Drink*Food & Drink*Food & Drink*Food & Drink			In Review
206935	2016092133728	2016-07-28 00:00:00	2016-07-19 15:56:00	GEG	Spokane International Spokane International	Delta Air Lines	Passenger Property Loss	Checked Baggage		Clothing & Accessories	Clothing			In Review
206936	2016091933603	2016-07-25 00:00:00	2016-07-23 07:00:00	GEG	Spokane International Spokane International	Alaska Airlines	Passenger Property Loss	Checkpoint		Other	Currency			In Review
215181	2018010446435	2017-01-04 00:00:00	2017-12-13 11:45:00	GEG	Spokane International Spokane International	Southwest Airlines	Passenger Property Loss	Checkpoint		Household Items	Household Items			In Review
215182	2017071341512	2017-06-04 00:00:00	2017-05-09 10:20:00	GEG	Spokane International Spokane International	Delta Air Lines	Passenger Property Loss	Checkpoint		Other	Other			Closed: Canceled
215185	2017050139148	2017-03-07 00:00:00	2017-01-12 00:00:00	GEG	Spokane International Spokane International	British Airways	Passenger Property Loss	Checked Baggage		Outdoors Supplies	Sporting Equipment & Supplies (footballs, parachutes, etc.)		29.05	Settle
215186	2017103144922	2017-10-10 00:00:00	2017-07-05 00:00:00	GEG	Spokane International Spokane International	Delta Air Lines	Passenger Property Loss	Checkpoint		Cosmetics	Cosmetics & Grooming			In Review
215187	2017060840385	2017-05-15 00:00:00	2017-05-09 10:20:00	GEG	Spokane International Spokane International	Delta Air Lines	Passenger Property Loss	Checkpoint		Other	Other		0.0	Deny
215188	2017061940763	2017-05-16 00:00:00	2017-05-11 00:00:00	GEG	Spokane International Spokane International	Southwest Airlines	Passenger Property Loss	Checked Baggage		Other	Other			In Review
215193	2017111445101	2017-10-19 00:00:00	2017-06-26 00:00:00	GEG	Spokane International Spokane International	Alaska Airlines	Passenger Property Loss	Checked Baggage		Clothing & Accessories,Other	Clothing*Other			In Review
215194	2017051139436	2017-03-21 00:00:00	2017-03-15 14:02:00	GEG	Spokane International Spokane International	American Airlines	Passenger Property Loss	Checked Baggage		Clothing & Accessories	Clothing			Insufficient
215195	2017062140870	2017-05-23 00:00:00	2017-05-03 00:00:00	GEG	Spokane International Spokane International	Alaska Airlines	Passenger Property Loss	Checked Baggage		Office Supplies	Books, Magazines & Other			Insufficient
215196	2017042138780	2017-02-24 00:00:00	2017-01-02 00:00:00	GEG	Spokane International Spokane International	Alaska Airlines	Passenger Property Loss	Checked Baggage		Household Items,Other	Household Items*Other			In Review
215197	2017072641864	2017-06-24 00:00:00	2017-06-23 12:07:00	GEG	Spokane International Spokane International	Delta Air Lines	Passenger Property Loss	Checked Baggage		Cosmetics	Travel Accessories			In Review