id	claim_number	date_received	incident_date	airport_code	airport_name	airline	claim_type	claim_site	claim_amount	items_new	items_old	status	close_amount	disposition
5893	0430011L	2003-04-30 00:00:00	2003-04-09 00:00:00	GSO	Piedmont Triad International Airport		Passenger Property Loss	Checked Baggage	92.0	Tools & Machines	Locks	Settled	87.0	Settle
15888	0915083M	2003-09-15 00:00:00	2003-09-15 00:00:00	GSO	Piedmont Triad International Airport	USAir	Passenger Property Loss	Checked Baggage	300.0	Other	Other	Denied	0.0	Deny
17157	1002138M	2003-10-02 00:00:00	2003-08-22 00:00:00	GSO	Piedmont Triad International Airport	AirTran Airlines	Passenger Property Loss	Checked Baggage	500.0	Electronics	Cell Phones	Settled	259.0	Settle
17176	1002191M	2003-10-02 00:00:00	2003-09-15 00:00:00	GSO	Piedmont Triad International Airport		Passenger Theft	Checkpoint	1500.0	Electronics	Stereo Items & Accessories	Settled	1139.71	Settle
21009	1121113M	2003-11-21 00:00:00	2003-11-02 00:00:00	GSO	Piedmont Triad International Airport		Passenger Property Loss	Checkpoint	347.75	Watches & Jewelry	Jewelry - Fine	Denied	0.0	Deny
21738	1205493M	2003-12-05 00:00:00	2003-11-01 00:00:00	GSO	Piedmont Triad International Airport	AirTran Airlines	Passenger Property Loss	Checked Baggage	374.0	Clothing & Accessories	Clothing - Shoes, belts, accessories, etc.	Denied	0.0	Deny
29147	0226576M	2004-02-26 00:00:00	2004-01-26 00:00:00	GSO	Piedmont Triad International Airport		Passenger Property Loss	Checkpoint	200.0	Electronics	Cameras - Digital	Settled	140.0	Settle
31149	2004051351897	2004-03-24 00:00:00	2003-12-28 00:00:00	GSO	Piedmont Triad International Airport	Delta Air Lines	Passenger Property Loss	Checked Baggage	648.0	Clothing & Accessories,Cosmetics,Watches & Jewelry	Clothing - Shoes, belts, accessories, etc.*Cosmetics - Perfume, toilet articles, medicines, soaps, etc.*Jewelry - Fine	Approved	648.0	Approve in Full
33128	2004060154050	2004-04-21 00:00:00	2004-01-13 00:00:00	GSO	Piedmont Triad International Airport		Passenger Property Loss	Checkpoint	125.0	Other	Other	Denied	125.0	Deny
34501	2004060454781	2004-05-04 00:00:00	2003-12-01 00:00:00	GSO	Piedmont Triad International Airport		Passenger Property Loss	Checked Baggage	1105.0	Other	Other	Settled	550.0	Settle
35239	2004060955186	2004-05-13 00:00:00	2004-04-26 00:00:00	GSO	Piedmont Triad International Airport	Delta Air Lines	Passenger Property Loss	Checked Baggage	8000.0	Watches & Jewelry	Jewelry - Fine	Denied	0.0	Deny
35390	2004063057972	2004-05-13 00:00:00	2004-03-14 00:00:00	GSO	Piedmont Triad International Airport	Delta Air Lines	Passenger Property Loss	Checked Baggage	699.99	Watches & Jewelry	Jewelry - Fine	Settled	350.0	Settle
39827	2004081060989	2004-07-09 00:00:00	2004-06-23 00:00:00	GSO	Piedmont Triad International Airport		Passenger Property Loss	Checked Baggage	550.0	Electronics	Cameras - Digital	Settled	202.01	Settle
41582	2004083161745	2004-08-03 00:00:00	2004-06-22 00:00:00	GSO	Piedmont Triad International Airport	AirTran Airlines	Passenger Property Loss	Checked Baggage	299.99	Electronics	Cameras - Digital	Settled	125.0	Settle
42893	2004102765736	2004-08-19 00:00:00	2004-08-05 00:00:00	GSO	Piedmont Triad International Airport		Passenger Property Loss	Checked Baggage	400.0	Other	Other	Denied	0.0	Deny
43543	2004092263425	2004-08-27 00:00:00	2004-08-05 00:00:00	GSO	Piedmont Triad International Airport		Passenger Property Loss	Checked Baggage	102.0	Clothing & Accessories	Clothing - Shoes, belts, accessories, etc.	Settled	51.0	Settle
46229	2004110266146	2004-09-29 00:00:00	2004-09-22 00:00:00	GSO	Piedmont Triad International Airport	USAir	Passenger Property Loss	Checked Baggage	600.0	Electronics	Computer - Laptop	Denied		Deny
46622	2004112067483	2004-10-05 00:00:00	2004-03-17 00:00:00	GSO	Piedmont Triad International Airport	Delta Air Lines	Passenger Property Loss	Checked Baggage	53.48	Electronics	Cell Phones	Approved	53.48	Approve in Full
46760	2004112067478	2004-10-05 00:00:00	2004-09-23 00:00:00	GSO	Piedmont Triad International Airport	USAir	Passenger Property Loss	Checked Baggage	15.0	Other	Other	Denied	15.0	Deny
48484	2004122069377	2004-10-27 00:00:00	2004-09-22 00:00:00	GSO	Piedmont Triad International Airport		Passenger Property Loss	Checked Baggage	355.2	Electronics	Cameras - Digital	Denied	0.0	Deny
48533	2004122270372	2004-10-27 00:00:00	2004-10-09 00:00:00	GSO	Piedmont Triad International Airport	USAir	Passenger Property Loss	Checked Baggage	29.08	Other	Other	Denied	0.0	Deny
50379	2004122770880	2004-11-19 00:00:00	2004-11-11 00:00:00	GSO	Piedmont Triad International Airport	American Airlines	Passenger Property Loss	Checkpoint	136.95	Watches & Jewelry	Jewelry - Fine	Settled	65.0	Settle
50619	2004122971528	2004-11-23 00:00:00	2004-11-17 00:00:00	GSO	Piedmont Triad International Airport	USAir	Passenger Property Loss	Checked Baggage	2000.0	Electronics	Computer - Laptop	Denied	0.0	Deny
50980	2004122971776	2004-12-01 00:00:00	2004-11-05 00:00:00	GSO	Piedmont Triad International Airport	Delta Air Lines	Passenger Property Loss	Checked Baggage	32.15	Other	Other	Approved	32.15	Approve in Full
51003	2004122871427	2004-12-01 00:00:00	2004-11-20 00:00:00	GSO	Piedmont Triad International Airport	Delta Air Lines	Passenger Property Loss	Checked Baggage	238.5	Other	Other	Denied	0.0	Deny
53762	2005012674426	2005-01-07 00:00:00	2004-10-30 00:00:00	GSO	Piedmont Triad International Airport		Passenger Property Loss	Checked Baggage	209.6	Clothing & Accessories	Clothing - Shoes, belts, accessories, etc.	Approved	209.6	Approve in Full
54542	2005013174906	2005-01-14 00:00:00	2004-12-22 00:00:00	GSO	Piedmont Triad International Airport		Passenger Property Loss	Checked Baggage	400.0	Watches & Jewelry	Jewelry - Fine	Denied	0.0	Deny
57830	2005032279257	2005-02-24 00:00:00	2005-01-30 00:00:00	GSO	Piedmont Triad International Airport	Northwest Airlines	Passenger Property Loss	Checked Baggage	150.0	Watches & Jewelry	Jewelry - Fine	Approved	150.0	Approve in Full
58598	2005032379570	2005-03-07 00:00:00	2005-02-24 00:00:00	GSO	Piedmont Triad International Airport	Independence Air	Passenger Property Loss	Checked Baggage	28.8	Other	Other	Denied	0.0	Deny
59766	2005040181141	2005-03-22 00:00:00	2005-02-23 00:00:00	GSO	Piedmont Triad International Airport	USAir	Passenger Property Loss	Checked Baggage	100.0	Electronics	Cameras - Digital	Denied	0.0	Deny
62099	2005042183026	2005-04-19 00:00:00	2005-04-08 00:00:00	GSO	Piedmont Triad International Airport	Northwest Airlines	Passenger Property Loss	Checked Baggage	210.19	Electronics	Cameras - Digital	Denied	0.0	Deny
63524	2005051084381	2005-05-10 00:00:00	2005-04-16 00:00:00	GSO	Piedmont Triad International Airport	American Eagle	Passenger Property Loss	Checkpoint	415.14	Electronics	Cameras - Digital	Denied	0.0	Deny
68299	2005072289445	2005-07-18 00:00:00	2005-07-10 00:00:00	GSO	Piedmont Triad International Airport	Delta Air Lines	Passenger Property Loss	Checked Baggage	409.82	Watches & Jewelry	Jewelry - Fine	Denied	0.0	Deny
69297	2005080990261	2005-08-02 00:00:00	2005-07-14 00:00:00	GSO	Piedmont Triad International Airport	Continental Airlines	Passenger Property Loss	Checked Baggage	300.0	Clothing & Accessories	Clothing - Shoes, belts, accessories, etc.	Denied	0.0	Deny
69301	2005081090290	2005-08-02 00:00:00	2004-11-24 00:00:00	GSO	Piedmont Triad International Airport	USAir	Passenger Property Loss	Checked Baggage	581.83	Cosmetics	Cosmetics - Perfume, toilet articles, medicines, soaps, etc.	Denied	0.0	Deny
71510	2005090892289	2005-09-08 00:00:00	2005-07-22 00:00:00	GSO	Piedmont Triad International Airport	USAir	Passenger Property Loss	Checked Baggage	132.95	Other	Other	Denied	0.0	Deny
71850	2005092193038	2005-09-14 00:00:00	2005-08-31 00:00:00	GSO	Piedmont Triad International Airport	UAL	Passenger Property Loss	Checked Baggage	61.0	Other	Other	Approved	61.0	Approve in Full
72421	2005093093510	2005-09-20 00:00:00	2005-09-09 00:00:00	GSO	Piedmont Triad International Airport	Northwest Airlines	Passenger Property Loss	Checked Baggage	185.0	Clothing & Accessories	Clothing - Shoes, belts, accessories, etc.	Denied	0.0	Deny
72749	2005100493882	2005-09-27 00:00:00	2005-09-19 00:00:00	GSO	Piedmont Triad International Airport	USAir	Passenger Property Loss	Checked Baggage	62.06	Clothing & Accessories	Clothing - Shoes, belts, accessories, etc.	Approved	62.06	Approve in Full
73092	2005100694178	2005-10-03 00:00:00	2005-09-25 00:00:00	GSO	Piedmont Triad International Airport		Passenger Property Loss	Checked Baggage	60.0	Other	Other	Denied	0.0	Deny
76321	2005120196839	2005-11-30 00:00:00	2005-06-02 00:00:00	GSO	Piedmont Triad International Airport	USAir	Passenger Property Loss	Checked Baggage	25.62	Watches & Jewelry	Jewelry - Fine	Denied	0.0	Deny
78731	2006012099963	2006-01-12 00:00:00	2006-01-08 00:00:00	GSO	Piedmont Triad International Airport		Passenger Property Loss	Checked Baggage	2500.0	Electronics	DVD/CD Players	Denied	0.0	Deny
79872	2006020701028	2006-01-31 00:00:00	2006-01-06 00:00:00	GSO	Piedmont Triad International Airport	Delta Air Lines	Passenger Property Loss	Checked Baggage	8.51	Tools & Machines	Locks	Denied	0.0	Deny
80592	2006021701748	2006-02-13 00:00:00	2006-12-28 00:00:00	GSO	Piedmont Triad International Airport	Delta Air Lines	Passenger Property Loss	Checkpoint	1700.0	Watches & Jewelry	Jewelry - Fine	Denied	0.0	Deny
82722	2006032403679	2006-03-23 00:00:00	2005-11-11 00:00:00	GSO	Piedmont Triad International Airport	USAir	Passenger Property Loss	Checkpoint	500.0	Watches & Jewelry	Jewelry - Fine	Denied	0.0	Deny
84909	2006051105989	2006-05-08 00:00:00	2006-04-29 00:00:00	GSO	Piedmont Triad International Airport	US Express	Passenger Property Loss	Checked Baggage	8.45	Tools & Machines	Locks	Approved	8.45	Approve in Full
85495	2006052206706	2006-05-18 00:00:00	2006-02-13 00:00:00	GSO	Piedmont Triad International Airport	USAir	Passenger Property Loss	Checked Baggage	200.0	Clothing & Accessories	Clothing - Shoes, belts, accessories, etc.	Denied	0.0	Deny
88489	2006071909760	2006-07-17 00:00:00	2006-06-17 00:00:00	GSO	Piedmont Triad International Airport	USAir	Passenger Property Loss	Checkpoint	619.0	Games & Toys	Toys (game systems, cartridges, radio controlled cars, etc.)	Denied	0.0	Deny
89680	2006081110907	2006-08-10 00:00:00	2006-08-01 00:00:00	GSO	Piedmont Triad International Airport	Northwest Airlines	Passenger Property Loss	Checked Baggage	85.54	Containers	Boxes - Jewelry, Cigarette, Music, etc.	Denied	0.0	Deny
90294	2006082511592	2006-08-21 00:00:00	2006-08-16 00:00:00	GSO	Piedmont Triad International Airport	UAL	Passenger Property Loss	Checked Baggage	405.0	Clothing & Accessories,Containers	Clothing - Shoes, belts, accessories, etc.*Luggage (all types including footlockers)	Settled	283.5	Settle
90460	2006082811702	2006-08-24 00:00:00	2006-08-17 00:00:00	GSO	Piedmont Triad International Airport	Delta Air Lines	Passenger Property Loss	Checked Baggage	250.0	Electronics	Cameras - Digital	Denied	0.0	Deny
91137	2006091212369	2006-09-06 00:00:00	2006-08-26 00:00:00	GSO	Piedmont Triad International Airport	Delta Air Lines	Passenger Property Loss	Checked Baggage	2500.0	Containers,Watches & Jewelry,Watches & Jewelry	Handbags & Purses (leather or fabric)*Jewelry - Fine*Watches - Expensive more than $100	Denied	0.0	Deny
91467	2006092012952	2006-09-12 00:00:00	2006-09-03 00:00:00	GSO	Piedmont Triad International Airport	American Airlines	Passenger Property Loss	Checked Baggage	139.05	Household Items	Dishes, Pottery, Glassware, Plasticware	Canceled	0.0	
91915	2006092513173	2006-09-21 00:00:00	2006-09-05 00:00:00	GSO	Piedmont Triad International Airport	USAir	Passenger Property Loss	Checked Baggage	11.0	Tools & Machines	Locks	Approved	11.0	Approve in Full
93434	2006103114845	2006-10-20 00:00:00	2006-09-24 00:00:00	GSO	Piedmont Triad International Airport	Northwest Airlines	Passenger Property Loss	Checked Baggage	146.0	Clothing & Accessories	Eyeglasses - (including contact lenses)	Denied	0.0	Deny
95083	2006120616751	2006-11-22 00:00:00	2006-10-06 00:00:00	GSO	Piedmont Triad International Airport	Continental Airlines	Passenger Property Loss	Checked Baggage	314.5	Containers,Electronics,Electronics,Electronics,Electronics,Electronics,Electronics	Bags - Fabric, plastic, etc. (not purses)*Cameras - Digital*Cameras - Non-electronic (Camera supplies, lenses, projectors, etc.)*Cameras - Non-electronic (Camera supplies, lenses, projectors, etc.)*Cameras - Non-electronic (Camera supplies, lenses, projectors, etc.)*Video Recordings (blank & commercial)*Video Recordings (blank & commercial)	Settled	190.84	Settle
95336	2006120616774	2006-11-28 00:00:00	2006-09-27 00:00:00	GSO	Piedmont Triad International Airport	Delta Air Lines	Passenger Property Loss	Checked Baggage		Tools & Machines	Locks	Insufficient, one of the following items required: sum certain, statement of fact, signature, location of incident, and date.		
99618	2007021220780	2007-02-08 00:00:00	2006-11-20 00:00:00	GSO	Piedmont Triad International Airport	American Airlines	Passenger Property Loss	Checked Baggage	399.0	Electronics	Computer - Laptop	Denied	0.0	Deny
100597	2007030221845	2007-02-28 00:00:00	2007-02-19 00:00:00	GSO	Piedmont Triad International Airport	USAir	Passenger Property Loss	Checked Baggage	199.72	Outdoors Supplies	Tools - Manual (not in a vehicle)	Settled	99.86	Settle
101308	2007031922490	2007-03-15 00:00:00	2007-02-26 00:00:00	GSO	Piedmont Triad International Airport	Delta Air Lines	Passenger Property Loss	Checkpoint	32.01	Other	Other	Denied	0.0	Deny
102745	2007041323954	2007-04-11 00:00:00	2006-12-27 00:00:00	GSO	Piedmont Triad International Airport	USAir	Passenger Property Loss	Checked Baggage	1443.0	Cosmetics,Watches & Jewelry	Cosmetics - Perfume, toilet articles, medicines, soaps, etc.*Jewelry - Costume	Settled	321.5	Settle
104360	2007051725565	2007-05-16 00:00:00	2007-05-10 00:00:00	GSO	Piedmont Triad International Airport	Delta Air Lines	Passenger Property Loss	Checked Baggage	325.0	Electronics,Electronics,Cosmetics	Cameras - Digital*Cell Phones*Cosmetics - Perfume, toilet articles, medicines, soaps, etc.	Denied	0.0	Deny
107798	2007072629068	2007-07-24 00:00:00	2007-07-07 00:00:00	GSO	Piedmont Triad International Airport	Delta Air Lines	Passenger Property Loss	Checked Baggage	900.0	Electronics,Electronics	Cameras - Digital*DVD/CD Players	Denied	0.0	Deny
110012	2007090531357	2007-08-31 00:00:00	2007-08-26 00:00:00	GSO	Piedmont Triad International Airport	American Airlines	Passenger Property Loss	Checked Baggage	184.45	Clothing & Accessories	Clothing - Shoes, belts, accessories, etc.	Denied	0.0	Deny
110705	2007091732075	2007-09-14 00:00:00	2007-09-12 00:00:00	GSO	Piedmont Triad International Airport	Delta Air Lines	Passenger Property Loss	Checked Baggage	7.0	Tools & Machines	Locks	Approved	7.0	Approve in Full
112229	2007101833658	2007-10-15 00:00:00	2007-10-03 00:00:00	GSO	Piedmont Triad International Airport	SkyBus	Passenger Property Loss	Checked Baggage	200.0	Clothing & Accessories	Eyeglasses - (including contact lenses)	Settled	100.0	Settle
112289	2007101933725	2007-10-16 00:00:00	2007-10-07 00:00:00	GSO	Piedmont Triad International Airport	Delta Air Lines	Passenger Property Loss	Checked Baggage	441.65	Cosmetics	Cosmetics - Perfume, toilet articles, medicines, soaps, etc.	Denied	0.0	Deny
113988	2007112635420	2007-11-19 00:00:00	2007-11-05 00:00:00	GSO	Piedmont Triad International Airport	USAir	Passenger Property Loss	Checked Baggage		Watches & Jewelry	Jewelry - Costume	Insufficient, one of the following items required: sum certain, statement of fact, signature, location of incident, and date.		
114285	2007120335889	2007-11-27 00:00:00	2007-11-04 00:00:00	GSO	Piedmont Triad International Airport	USAir	Passenger Property Loss	Checked Baggage	6.37	Tools & Machines	Locks	Approved	6.37	Approve in Full
114630	2007120435974	2007-12-03 00:00:00	2007-11-04 00:00:00	GSO	Piedmont Triad International Airport	Delta Air Lines	Passenger Property Loss	Checked Baggage	363.0	Electronics,Electronics	Cameras - Digital*Cameras - Non-electronic (Camera supplies, lenses, projectors, etc.)	Denied	0.0	Deny
114989	2007121736557	2007-12-11 00:00:00	2007-10-20 00:00:00	GSO	Piedmont Triad International Airport	Delta Air Lines	Passenger Property Loss	Checked Baggage	301.62	Electronics	Cameras - Digital	Approved	301.62	Approve in Full
116333	2008011137752	2008-01-08 00:00:00	2007-12-20 00:00:00	GSO	Piedmont Triad International Airport	USAir	Passenger Property Loss	Checked Baggage	197.0	Cosmetics,Other,Games & Toys	Cosmetics - Perfume, toilet articles, medicines, soaps, etc.*Other*Toys - Other (including games, toys, play dolls etc.)	Approved	197.0	Approve in Full
116452	2008011838140	2008-01-09 00:00:00	2008-01-04 00:00:00	GSO	Piedmont Triad International Airport	UAL	Passenger Property Loss	Checked Baggage	213.49	Other	Other	Denied	0.0	Deny
116937	2008012338434	2008-01-17 00:00:00	2008-01-16 00:00:00	GSO	Piedmont Triad International Airport	Delta Air Lines	Passenger Property Loss	Checked Baggage	23.21	Tools & Machines	Locks	Denied	0.0	Deny
117003	2008012438513	2008-01-18 00:00:00	2008-01-05 00:00:00	GSO	Piedmont Triad International Airport	Delta Air Lines	Passenger Property Loss	Checked Baggage	60.0	Outdoors Supplies	Sporting Equipment & Supplies (footballs, parachutes, etc.)	Denied	0.0	Deny
117394	2007122636884	2008-01-25 00:00:00	2007-12-09 00:00:00	GSO	Piedmont Triad International Airport	Continental Airlines	Passenger Property Loss	Checked Baggage	250.0	Watches & Jewelry	Jewelry - Fine	Settled	125.0	Settle
117795	2008020739293	2008-02-04 00:00:00	2007-12-24 00:00:00	GSO	Piedmont Triad International Airport	Continental Airlines	Passenger Property Loss	Checked Baggage	384.74	Electronics,Other	Cameras - Digital*Other	Denied	0.0	Deny
117998	2008021439627	2008-02-07 00:00:00	2008-02-01 00:00:00	GSO	Piedmont Triad International Airport	American Airlines	Passenger Property Loss	Checked Baggage	434.17	Containers,Cosmetics,Other	Bags - Fabric, plastic, etc. (not purses)*Cosmetics - Perfume, toilet articles, medicines, soaps, etc.*Other	Denied	0.0	Deny
118013	2008021439629	2008-02-08 00:00:00	2007-01-04 00:00:00	GSO	Piedmont Triad International Airport	UAL	Passenger Property Loss	Checked Baggage	188.73	Watches & Jewelry	Jewelry - Fine	Canceled	0.0	
118641	2008022840269	2008-02-21 00:00:00	2008-02-16 00:00:00	GSO	Piedmont Triad International Airport	USAir	Passenger Property Loss	Checked Baggage	134.99	Supplies	Medicines	Denied	0.0	Deny
119607	2008032041322	2008-03-12 00:00:00	2008-02-18 00:00:00	GSO	Piedmont Triad International Airport	USAir	Passenger Property Loss	Checked Baggage	458.96	Electronics,Electronics	Cameras - Digital*Cameras - Non-electronic (Camera supplies, lenses, projectors, etc.)	Denied	0.0	Deny
120492	2008040942156	2008-03-31 00:00:00	2008-02-17 00:00:00	GSO	Piedmont Triad International Airport	USAir	Passenger Property Loss	Checked Baggage	19.5	Tools & Machines	Locks	Denied	0.0	Deny
122130	2008050143681	2008-04-30 00:00:00	2008-04-20 00:00:00	GSO	Piedmont Triad International Airport	USAir	Passenger Property Loss	Checked Baggage	10.58	Tools & Machines	Locks	Denied	0.0	Deny
122330	2008050944046	2008-05-05 00:00:00	2008-04-02 00:00:00	GSO	Piedmont Triad International Airport	SkyBus	Passenger Property Loss	Checkpoint	1430.0	Watches & Jewelry	Jewelry - Fine	Denied	0.0	Deny
122670	2008051644396	2008-05-12 00:00:00	2008-04-25 00:00:00	GSO	Piedmont Triad International Airport		Passenger Property Loss	Checkpoint	699.0	Watches & Jewelry	Jewelry - Fine	Denied	0.0	Deny
123244	2008052944971	2008-05-23 00:00:00	2008-04-04 00:00:00	GSO	Piedmont Triad International Airport	UAL	Passenger Property Loss	Checked Baggage	100.0	Containers,Electronics	Bags - Fabric, plastic, etc. (not purses)*Video Recordings - Laser Discs	Settled	50.0	Settle
124446	2008062646230	2008-06-20 00:00:00	2008-05-17 00:00:00	GSO	Piedmont Triad International Airport	Lufthansa	Passenger Property Loss	Checked Baggage	102.73	Clothing & Accessories	Clothing - Shoes, belts, accessories, etc.	Settled	51.37	Settle
125717	2008072547468	2008-07-21 00:00:00	2008-06-26 00:00:00	GSO	Piedmont Triad International Airport	USAir	Passenger Property Loss	Checkpoint	245.03	Other	Other	Approved	245.03	Approve in Full
125784	2008072847525	2008-07-22 00:00:00	2008-06-28 00:00:00	GSO	Piedmont Triad International Airport	Northwest Airlines	Passenger Property Loss	Checkpoint	800.0	Other	Currency	Approved	800.0	Approve in Full
126836	2008081348560	2008-08-12 00:00:00	2008-08-10 00:00:00	GSO	Piedmont Triad International Airport	Continental Airlines	Passenger Property Loss	Checked Baggage	265.0	Office Supplies	Books - Fiction, paperbacks, magazines, etc.	Denied	0.0	Deny
127863	2008090849621	2008-09-05 00:00:00	2008-09-04 00:00:00	GSO	Piedmont Triad International Airport	American Airlines	Passenger Property Loss	Checked Baggage	12.95	Tools & Machines	Locks	Denied	0.0	Deny
129897	2008110451739	2008-10-27 00:00:00	2008-10-19 00:00:00	GSO	Piedmont Triad International Airport	Continental Airlines	Passenger Property Loss	Checked Baggage	76.76	Clothing & Accessories	Clothing - Shoes, belts, accessories, etc.	Approved	76.76	Approve in Full
131640	2008110451802	2008-12-11 00:00:00	2008-10-12 00:00:00	GSO	Piedmont Triad International Airport	Delta Air Lines	Passenger Property Loss	Checkpoint	1296.9	Electronics	Computer - Laptop	Denied	0.0	Deny
132889	2009012354822	2009-01-13 00:00:00	2008-12-30 00:00:00	GSO	Piedmont Triad International Airport	Delta Air Lines	Passenger Property Loss	Checked Baggage	7.71	Tools & Machines	Locks	Denied	0.0	Deny
135678	2009041557574	2009-03-30 00:00:00	2008-03-16 00:00:00	GSO	Piedmont Triad International Airport	SkyBus	Passenger Property Loss	Checked Baggage	70.99	Clothing & Accessories	Clothing - Shoes, belts, accessories, etc.	Settled	35.5	Settle
137155	2009051959074	2009-05-11 00:00:00	2009-04-26 00:00:00	GSO	Piedmont Triad International Airport	UAL	Passenger Property Loss	Checked Baggage	250.0	Clothing & Accessories	Clothing - Shoes, belts, accessories, etc.	Denied	0.0	Deny
139288	2009071661304	2009-07-09 00:00:00	2009-06-27 00:00:00	GSO	Piedmont Triad International Airport	Northwest Airlines	Passenger Property Loss	Checked Baggage	418.0	Electronics	Cameras - Digital	Denied	0.0	Deny
139455	2009071361125	2009-07-14 00:00:00	2009-06-11 00:00:00	GSO	Piedmont Triad International Airport	Continental Airlines	Passenger Property Loss	Checked Baggage	150.0	Clothing & Accessories	Eyeglasses - (including contact lenses)	Denied	0.0	Deny
140320	2009081062473	2009-08-04 00:00:00	2009-06-18 00:00:00	GSO	Piedmont Triad International Airport	Delta Air Lines	Passenger Property Loss	Checked Baggage	633.55	Electronics	Cameras - Digital	Denied	0.0	Deny
141723	2009091563683	2009-09-15 00:00:00	2009-08-06 00:00:00	GSO	Piedmont Triad International Airport	Delta Air Lines	Passenger Property Loss	Checked Baggage	341.56	Electronics,Electronics	Cameras - Digital*Cameras - Non-electronic (Camera supplies, lenses, projectors, etc.)	Denied	0.0	Deny
144354	2009121866691	2009-12-05 00:00:00	2009-08-21 10:13:00	GSO	Piedmont Triad International Airport	Delta Air Lines	Passenger Property Loss	Checked Baggage	379.0	Electronics	Computer - Laptop	Denied	0.0	Deny
144628	2009122266709	2009-12-14 00:00:00	2009-11-24 06:00:00	GSO	Piedmont Triad International Airport	Continental Airlines	Passenger Property Loss	Checked Baggage	32.32	Clothing & Accessories,Household Decor	Clothing - Shoes, belts, accessories, etc.*Decorations - Christmas, Birthday, etc.	Denied	0.0	Deny
144831	2009122966905	2009-12-22 00:00:00	2009-12-05 11:00:00	GSO	Piedmont Triad International Airport	American Airlines	Passenger Property Loss	Checked Baggage		Outdoors Supplies	Sporting Equipment & Supplies (footballs, parachutes, etc.)	Canceled		
148284	2010050671550	2010-05-03 00:00:00	2010-04-20 00:00:00	GSO	Piedmont Triad International Airport	American Airlines	Passenger Property Loss	Checked Baggage		Containers	Baggage/Cases/Purses		0.0	Deny
148468	2010051371735	2010-05-07 00:00:00	2010-04-26 16:30:00	GSO	Piedmont Triad International Airport	USAir	Passenger Property Loss	Checked Baggage		Office Supplies,Clothing & Accessories	Books, Magazines & Other*Clothing		80.0	Approve in Full
152654	2010091475954	2010-09-09 00:00:00	2010-09-01 14:00:00	GSO	Piedmont Triad International Airport	USAir	Passenger Property Loss	Checked Baggage		Clothing & Accessories	Clothing			
155529	2010122178935	2010-12-13 00:00:00	2010-11-01 00:00:00	GSO	Piedmont Triad International Airport	Delta Air Lines	Passenger Property Loss	Checkpoint		Household Items	Household Items		400.0	Approve in Full
155884	2011010879265	2010-12-27 00:00:00	2010-12-11 00:00:00	GSO	Piedmont Triad International Airport	Delta Air Lines	Passenger Property Loss	Checked Baggage		Watches & Jewelry	Jewelry & Watches		0.0	Deny
155902	2011010979420	2010-12-27 00:00:00	2010-12-12 05:30:00	GSO	Piedmont Triad International Airport	USAir	Passenger Property Loss	Checked Baggage		Clothing & Accessories	Personal Accessories			
156111	2011011279497	2011-01-03 00:00:00	2010-12-13 00:00:00	GSO	Piedmont Triad International Airport	Continental Airlines	Passenger Property Loss	Checked Baggage		Containers,Clothing & Accessories	Baggage/Cases/Purses*Clothing		0.0	Deny
157556	2011031181128	2011-02-15 00:00:00	2011-02-11 12:30:00	GSO	Piedmont Triad International Airport	Delta Air Lines	Passenger Property Loss	Checked Baggage		Outdoors Supplies	Hunting & Fishing Items			
157744	2011031481192	2011-02-23 00:00:00	2011-02-10 00:00:00	GSO	Piedmont Triad International Airport	UAL	Passenger Property Loss	Checked Baggage		Cosmetics	Cosmetics & Grooming		0.0	Deny
159114	2011041482546	2011-04-08 00:00:00	2010-10-03 13:30:00	GSO	Piedmont Triad International Airport	Delta Air Lines	Passenger Property Loss	Checked Baggage		Other	Other		0.0	Deny
161496	2011070184954	2011-06-27 00:00:00	2011-06-15 06:02:00	GSO	Piedmont Triad International Airport	Continental Airlines	Passenger Property Loss	Checked Baggage		Other	Other		68.0	Approve in Full
162644	2011081886229	2011-08-02 00:00:00	2011-07-25 00:00:00	GSO	Piedmont Triad International Airport	American Airlines	Passenger Property Loss	Checked Baggage		Clothing & Accessories	Personal Accessories		246.5	Settle
165959	2011121289521	2011-11-22 00:00:00	2011-10-28 00:00:00	GSO	Piedmont Triad International Airport	Delta Air Lines	Passenger Property Loss	Checked Baggage		Cosmetics	Cosmetics & Grooming		0.0	Deny
166299	2011122989915	2011-12-05 00:00:00	2011-11-29 08:44:00	GSO	Piedmont Triad International Airport	USAir	Passenger Property Loss	Checked Baggage		Food & Drink,Other	Food & Drink*Other		0.0	Deny
169934	2012050293535	2012-04-11 00:00:00	2012-03-02 18:30:00	GSO	Piedmont Triad International Airport	Delta Air Lines	Passenger Property Loss	Checked Baggage		Other	Other		0.0	Deny
169946	2012050393569	2012-04-11 00:00:00	2012-04-05 00:00:00	GSO	Piedmont Triad International Airport	Delta Air Lines	Passenger Property Loss	Checked Baggage		Electronics	Personal Electronics		0.0	Deny
171649	2012071295322	2012-06-11 00:00:00	2012-05-24 05:35:00	GSO	Piedmont Triad International Airport	Delta Air Lines	Passenger Property Loss	Checkpoint		Clothing & Accessories	Personal Accessories		330.75	Settle
172762	2012082996422	2012-07-20 00:00:00	2012-07-07 00:00:00	GSO	Piedmont Triad International Airport	UAL	Passenger Property Loss	Checked Baggage		Food & Drink	Food & Drink		0.0	Deny
173928	2012083096459	2012-08-30 00:00:00	2012-05-09 00:00:00	GSO	Piedmont Triad International Airport	Delta Air Lines	Passenger Property Loss	Checked Baggage		Outdoors Supplies	Sporting Equipment & Supplies (footballs, parachutes, etc.)		0.0	Deny
175557	2012121999309	2012-10-31 00:00:00	2012-10-09 00:00:00	GSO	Piedmont Triad International Airport	Delta Air Lines	Passenger Property Loss	Checked Baggage		Scientific Intruments	Medical/Science			
177974	2013021501542	2013-02-01 00:00:00	2012-12-16 00:00:00	GSO	Piedmont Triad International Airport	UAL	Passenger Property Loss	Checkpoint		Watches & Jewelry	Jewelry & Watches		0.0	Deny
180197	2013051303645	2013-04-26 00:00:00	2013-04-25 00:00:00	GSO	Piedmont Triad International Airport	UAL	Passenger Property Loss	Checked Baggage		Clothing & Accessories	Clothing		0.0	Deny
183125	2013091106826	2013-08-08 00:00:00	2013-08-06 08:09:00	GSO	Piedmont Triad International Airport	Delta Air Lines	Passenger Property Loss	Checked Baggage		Containers	Baggage/Cases/Purses		72.03	Settle
183866	2013092507332	2013-09-02 00:00:00	2013-08-18 00:00:00	GSO	Piedmont Triad International Airport		Passenger Property Loss	Checkpoint		Cosmetics	Travel Accessories		10.0	Approve in Full
184271	2013093007454	2013-09-17 00:00:00	2013-08-14 11:30:00	GSO	Piedmont Triad International Airport	Delta Air Lines	Passenger Property Loss	Checkpoint		Other	Currency			
185971	2013120309738	2013-11-29 00:00:00	2013-11-18 07:00:00	GSO	Piedmont Triad International Airport	USAir	Passenger Property Loss	Checked Baggage		Cosmetics	Travel Accessories		0.0	Deny
186054	2013120609924	2013-12-02 00:00:00	2013-11-20 07:00:00	GSO	Piedmont Triad International Airport	American Airlines	Passenger Property Loss	Checked Baggage		Electronics	Cameras		0.0	Deny
187378	2014012711132	2014-01-22 00:00:00	2013-12-20 00:00:00	GSO	Piedmont Triad International Airport	Frontier Airlines	Passenger Property Loss	Checkpoint		Other,Other	Currency*Other			
188668	2014031312451	2014-03-12 00:00:00	2014-02-23 00:00:00	GSO	Piedmont Triad International Airport	USAir	Passenger Property Loss	Checked Baggage		Watches & Jewelry	Jewelry & Watches		0.0	Deny
191144	2014070114977	2014-06-19 00:00:00	2014-05-18 00:00:00	GSO	Piedmont Triad International Airport	American Airlines	Passenger Property Loss	Checked Baggage		Containers,Clothing & Accessories,Watches & Jewelry	Baggage/Cases/Purses*Clothing*Jewelry & Watches		0.0	Deny
198329	2015061623175	2015-06-05 00:00:00	2015-04-20 00:00:00	GSO	Piedmont Triad International Airport	Delta Air Lines	Passenger Property Loss	Checked Baggage		Containers	Baggage/Cases/Purses		23.2	Approve in Full
198332	2015082725102	2015-08-19 00:00:00	2015-08-14 00:00:00	GSO	Piedmont Triad International Airport	USAir	Passenger Property Loss	Checked Baggage		Clothing & Accessories	Clothing		0.0	Deny
198334	2015111726937	2015-11-02 00:00:00	2015-10-19 00:00:00	GSO	Piedmont Triad International Airport	UAL	Passenger Property Loss	Checked Baggage		Other,Watches & Jewelry	Currency*Jewelry & Watches		55.0	Approve in Full
198335	2015113027161	2015-11-13 00:00:00	2015-10-26 00:00:00	GSO	Piedmont Triad International Airport	UAL	Passenger Property Loss	Checkpoint		Watches & Jewelry	Jewelry & Watches		0.0	Deny
206979	2016051731419	2016-05-04 00:00:00	2016-04-22 09:15:00	GSO	Piedmont Triad International Airport	Allegiant Air	Passenger Property Loss	Checked Baggage		Clothing & Accessories	Personal Accessories		140.0	Approve in Full
206983	2016100334256	2016-08-15 00:00:00	2016-07-10 14:30:00	GSO	Piedmont Triad International Airport	Frontier Airlines	Passenger Property Loss	Checked Baggage		Clothing & Accessories	Clothing		0.0	Deny
206984	2016092934090	2016-08-12 00:00:00	2016-07-27 18:00:00	GSO	Piedmont Triad International Airport	Delta Air Lines	Passenger Property Loss	Checkpoint		Watches & Jewelry,Watches & Jewelry	Jewelry & Watches*Jewelry & Watches		0.0	Deny
206985	2016101934880	2016-08-18 00:00:00	2016-07-26 00:00:00	GSO	Piedmont Triad International Airport	Delta Air Lines	Passenger Property Loss	Checked Baggage		Other	Other			In Review
206986	2016102535165	2016-09-09 00:00:00	2016-08-28 09:15:00	GSO	Piedmont Triad International Airport	Delta Air Lines	Passenger Property Loss	Checked Baggage		Electronics	Computer & Accessories			In Review
206987	2016102835344	2016-10-28 00:00:00	2016-08-29 00:00:00	GSO	Piedmont Triad International Airport	UAL	Passenger Property Loss	Checked Baggage		Outdoors Supplies	Hunting & Fishing Items			In Review
206989	2016122036075	2016-11-02 00:00:00	2016-10-22 16:13:00	GSO	Piedmont Triad International Airport	Delta Air Lines	Passenger Property Loss	Checked Baggage		Watches & Jewelry	Jewelry & Watches			In Review
215226	2018010946667	2017-12-15 00:00:00	2017-11-28 00:00:00	GSO	Piedmont Triad International Airport	American Airlines	Passenger Property Loss	Checked Baggage		Electronics	Computer & Accessories			Insufficient
215227	2017041838647	2017-02-15 00:00:00	2017-02-01 00:00:00	GSO	Piedmont Triad International Airport	American Airlines	Passenger Property Loss	Checked Baggage		Other	Other			Insufficient
215229	2017112645461	2017-10-23 00:00:00	2017-10-18 00:00:00	GSO	Piedmont Triad International Airport	UAL	Passenger Property Loss	Checked Baggage		Clothing & Accessories	Clothing			In Review
215230	2017112845545	2017-10-24 00:00:00	2017-09-22 00:00:00	GSO	Piedmont Triad International Airport	Delta Air Lines	Passenger Property Loss	Checked Baggage		Outdoors Supplies	Sporting Equipment & Supplies (footballs, parachutes, etc.)			In Review