id	claim_number	date_received	incident_date	airport_code	airport_name	airline	claim_type	claim_site	claim_amount	items_new	items_old	status	close_amount	disposition
28537	0223147M	2004-02-23 00:00:00	2003-01-26 00:00:00	HDN	Yampa Valley Regional	UAL	Passenger Property Loss	Checked Baggage	873.58	Clothing & Accessories	Clothing - Shoes, belts, accessories, etc.	Denied	0.0	Deny
36872	2004070858843	2004-06-03 00:00:00	2004-02-23 00:00:00	HDN	Yampa Valley Regional		Passenger Property Loss	Checked Baggage	300.0	Watches & Jewelry	Jewelry - Fine	Canceled	0.0	
67678	2005071188622	2005-07-08 00:00:00	2002-07-01 00:00:00	HDN	Yampa Valley Regional		Passenger Property Loss	Checked Baggage	300.0	Clothing & Accessories	Clothing - Shoes, belts, accessories, etc.	Denied	0.0	Deny
78307	2006011399569	2006-01-09 00:00:00	2006-01-07 00:00:00	HDN	Yampa Valley Regional	Northwest Airlines	Passenger Property Loss	Checked Baggage	31.2	Clothing & Accessories	Clothing - Shoes, belts, accessories, etc.	Approved	31.2	Approve in Full
78680	2006012099912	2006-01-12 00:00:00	2005-12-31 00:00:00	HDN	Yampa Valley Regional		Passenger Property Loss	Checked Baggage	25.16	Supplies	Medicines	Approved	25.16	Approve in Full
79394	2006013100654	2006-01-24 00:00:00	2006-01-06 00:00:00	HDN	Yampa Valley Regional	Continental Airlines	Passenger Property Loss	Checked Baggage	10.65	Tools & Machines	Locks	Approved	10.65	Approve in Full
79691	2006020200830	2006-01-27 00:00:00	2006-01-16 00:00:00	HDN	Yampa Valley Regional	UAL	Passenger Property Loss	Checked Baggage	60.0	Clothing & Accessories	Clothing - Shoes, belts, accessories, etc.	Denied	0.0	Deny
81779	2006030902882	2006-03-07 00:00:00	2005-12-30 00:00:00	HDN	Yampa Valley Regional	Northwest Airlines	Passenger Property Loss	Checked Baggage	249.0	Other	Other	Denied	0.0	Deny
83083	2006041004274	2006-03-30 00:00:00	2006-02-24 00:00:00	HDN	Yampa Valley Regional	UAL	Passenger Property Loss	Checked Baggage	100.0	Clothing & Accessories	Clothing - Shoes, belts, accessories, etc.	Approved	100.0	Approve in Full
84689	2006051105956	2006-05-02 00:00:00	2006-03-25 00:00:00	HDN	Yampa Valley Regional	American Airlines	Passenger Property Loss	Checked Baggage	169.59	Electronics	Stereo Items & Accessories	Denied	0.0	Deny
88552	2006071909728	2006-07-18 00:00:00	2006-06-25 00:00:00	HDN	Yampa Valley Regional	UAL	Passenger Property Loss	Checked Baggage	11.25	Tools & Machines	Locks	Approved	11.25	Approve in Full
96027	2006121817361	2006-12-11 00:00:00	2006-11-17 00:00:00	HDN	Yampa Valley Regional	UAL	Passenger Property Loss	Checked Baggage	386.85	Electronics	Cameras - Digital	Settled	109.5	Settle
96765	2006122918199	2006-12-27 00:00:00	2006-12-06 00:00:00	HDN	Yampa Valley Regional	UAL	Passenger Property Loss	Checked Baggage	129.47	Supplies	Medicines	Approved	129.47	Approve in Full
97303	2007010418308	2007-01-03 00:00:00	2006-12-23 00:00:00	HDN	Yampa Valley Regional	Delta Air Lines	Passenger Property Loss	Checked Baggage	80.99	Tools & Machines	Barber Supplies - Scissors, shears, elecric razors, etc.	Settled	40.5	Settle
98330	2007012419399	2007-01-18 00:00:00	2006-12-30 00:00:00	HDN	Yampa Valley Regional	Delta Air Lines	Passenger Property Loss	Checked Baggage	31.79	Other	Other	Canceled	0.0	
98636	2007013019843	2007-01-23 00:00:00	2006-12-31 00:00:00	HDN	Yampa Valley Regional	American Airlines	Passenger Property Loss	Checked Baggage	2600.0	Electronics,Electronics	Computer - Laptop*PDA - Personal Data Assistants	Denied	0.0	Deny
99185	2007020520219	2007-02-01 00:00:00	2007-01-21 00:00:00	HDN	Yampa Valley Regional	American Airlines	Passenger Property Loss	Checked Baggage	21.3	Tools & Machines	Locks	Approved	21.3	Approve in Full
99683	2007021220696	2007-02-09 00:00:00	2007-01-27 00:00:00	HDN	Yampa Valley Regional	American Airlines	Passenger Property Loss	Checked Baggage	211.99	Outdoors Supplies	Sporting Equipment & Supplies (footballs, parachutes, etc.)	Settled	190.79	Settle
99804	2007021621023	2007-02-13 00:00:00	2007-01-27 00:00:00	HDN	Yampa Valley Regional	American Airlines	Passenger Property Loss	Checked Baggage	10.0	Tools & Machines	Locks	Approved	10.0	Approve in Full
99880	2007021621010	2007-02-13 00:00:00	2006-12-28 00:00:00	HDN	Yampa Valley Regional	UAL	Passenger Property Loss	Checked Baggage	108.84	Household Decor,Household Items,Other	Candles - Decorative and other*Kitchen Utensils -Pots, Pans, Knives (heavy aluminum, cast iron, etc.)*Other	Denied	0.0	Deny
100097	2007022121260	2007-02-20 00:00:00	2007-01-30 00:00:00	HDN	Yampa Valley Regional	American Airlines	Passenger Property Loss	Checked Baggage	10.0	Tools & Machines	Locks	Approved	10.0	Approve in Full
100247	2007022321435	2007-02-21 00:00:00	2007-02-13 00:00:00	HDN	Yampa Valley Regional	American Airlines	Passenger Property Loss	Checked Baggage	200.0	Clothing & Accessories	Clothing - Shoes, belts, accessories, etc.	Settled	100.0	Settle
100706	2007030521869	2007-03-02 00:00:00	2007-01-27 00:00:00	HDN	Yampa Valley Regional	Continental Airlines	Passenger Property Loss	Checked Baggage	129.95	Other	Other	Settled	64.98	Settle
101063	2007031522335	2007-03-12 00:00:00	2007-02-04 00:00:00	HDN	Yampa Valley Regional	Delta Air Lines	Passenger Property Loss	Checked Baggage	10.0	Tools & Machines	Locks	Approved	10.0	Approve in Full
101644	2007032322824	2007-03-21 00:00:00	2007-03-17 00:00:00	HDN	Yampa Valley Regional	Delta Air Lines	Passenger Property Loss	Checked Baggage	8.69	Tools & Machines	Locks	Denied	0.0	Deny
102340	2007040623597	2007-04-03 00:00:00	2007-03-26 00:00:00	HDN	Yampa Valley Regional	Continental Airlines	Passenger Property Loss	Checked Baggage	140.0	Electronics,Scientific Intruments	Cell Phones*Dental Equipment and Instruments	Settled	68.75	Settle
116684	2008011738102	2008-01-14 00:00:00	2008-01-10 00:00:00	HDN	Yampa Valley Regional	American Airlines	Passenger Property Loss	Checked Baggage	250.0	Containers,Cosmetics	Bags - Fabric, plastic, etc. (not purses)*Cosmetics - Perfume, toilet articles, medicines, soaps, etc.	Denied	0.0	Deny
116996	2008012538557	2008-01-18 00:00:00	2008-01-04 00:00:00	HDN	Yampa Valley Regional	American Airlines	Passenger Property Loss	Checkpoint	549.0	Clothing & Accessories	Eyeglasses - (including contact lenses)	Approved	549.0	Approve in Full
117114	2008012838701	2008-01-22 00:00:00	2008-01-20 00:00:00	HDN	Yampa Valley Regional	Continental Airlines	Passenger Property Loss	Checked Baggage	677.5	Watches & Jewelry	Watches - Expensive more than $100	Denied	0.0	Deny
117121	2008012938726	2008-01-22 00:00:00	2007-12-17 00:00:00	HDN	Yampa Valley Regional	Delta Air Lines	Passenger Property Loss	Checked Baggage	150.0	Watches & Jewelry	Jewelry - Costume	Denied	0.0	Deny
118058	2008021939736	2008-02-08 00:00:00	2008-01-29 00:00:00	HDN	Yampa Valley Regional	UAL	Passenger Property Loss	Checked Baggage	325.0	Clothing & Accessories	Clothing - Shoes, belts, accessories, etc.	Denied	0.0	Deny
118518	2008022640221	2008-02-19 00:00:00	2008-02-07 00:00:00	HDN	Yampa Valley Regional	Northwest Airlines	Passenger Property Loss	Checked Baggage	10.99	Tools & Machines	Locks	Denied	0.0	Deny
120369	2008040942240	2008-03-27 00:00:00	2008-03-24 00:00:00	HDN	Yampa Valley Regional	Delta Air Lines	Passenger Property Loss	Checked Baggage	399.0	Clothing & Accessories	Eyeglasses - (including contact lenses)	Denied	0.0	Deny
120397	2008040842054	2008-03-28 00:00:00	2008-02-24 00:00:00	HDN	Yampa Valley Regional	American Airlines	Passenger Property Loss	Checked Baggage	37.0	Other	Other	Approved	37.0	Approve in Full
121787	2008042543399	2008-04-23 00:00:00	2008-04-06 00:00:00	HDN	Yampa Valley Regional	Northwest Airlines	Passenger Property Loss	Checked Baggage	149.95	Electronics	MP3 Players-(iPods, etc)	Denied	0.0	Deny
128259	2008091649987	2008-09-15 00:00:00	2008-09-07 00:00:00	HDN	Yampa Valley Regional	UAL	Passenger Property Loss	Checked Baggage	26.01	Tools & Machines	Locks	Denied	0.0	Deny
133790	2009022055687	2009-02-06 00:00:00	2009-01-08 00:00:00	HDN	Yampa Valley Regional	Delta Air Lines	Passenger Property Loss	Checked Baggage	2500.0	Electronics,Watches & Jewelry,Other	Cameras - Digital*Jewelry - Fine*Other	Denied	0.0	Deny
133850	2009022055691	2009-02-07 00:00:00	2009-02-02 00:00:00	HDN	Yampa Valley Regional	Northwest Airlines	Passenger Property Loss	Checked Baggage	400.0	Electronics,Cosmetics	Cell Phones*Cosmetics - Perfume, toilet articles, medicines, soaps, etc.	Denied	0.0	Deny
134197	2009031356202	2009-02-19 00:00:00	2009-01-30 00:00:00	HDN	Yampa Valley Regional	Northwest Airlines	Passenger Property Loss	Checked Baggage	188.09	Watches & Jewelry	Watches - Expensive more than $100	Denied	0.0	Deny
134252	2009031055986	2009-02-20 00:00:00	2009-01-17 00:00:00	HDN	Yampa Valley Regional	Northwest Airlines	Passenger Property Loss	Checked Baggage	65.09	Food & Drink	Alcoholic beverages	Denied	0.0	Deny
134281	2009031356210	2009-02-20 00:00:00	2009-01-29 00:00:00	HDN	Yampa Valley Regional	UAL	Passenger Property Loss	Checked Baggage	100.0	Clothing & Accessories	Clothing - Shoes, belts, accessories, etc.	Insufficient, one of the following items required: sum certain, statement of fact, signature, location of incident, and date.		
134430	2009031656272	2009-02-26 00:00:00	2009-01-03 00:00:00	HDN	Yampa Valley Regional	UAL	Passenger Property Loss	Checked Baggage	95.0	Clothing & Accessories	Clothing - Shoes, belts, accessories, etc.	Denied	0.0	Deny
134617	2009032556848	2009-03-03 00:00:00	2009-02-24 00:00:00	HDN	Yampa Valley Regional	Northwest Airlines	Passenger Property Loss	Checked Baggage	93.99	Cosmetics	Razors (other than electric)	Settled	47.0	Settle
134888	2009032056658	2009-03-10 00:00:00	2009-03-03 00:00:00	HDN	Yampa Valley Regional	Continental Airlines	Passenger Property Loss	Checked Baggage	100.77	Other	Other	Denied	0.0	Deny
135277	2009040857225	2009-03-19 00:00:00	2009-03-17 00:00:00	HDN	Yampa Valley Regional	Northwest Airlines	Passenger Property Loss	Checked Baggage	375.0	Tools & Machines,Watches & Jewelry	Barber Supplies - Scissors, shears, elecric razors, etc.*Watches - Expensive more than $100	Denied	0.0	Deny
135977	2009042958097	2009-04-08 00:00:00	2009-03-03 00:00:00	HDN	Yampa Valley Regional	Northwest Airlines	Passenger Property Loss	Checkpoint	48.12	Electronics	Cell Phones	Approved	48.12	Approve in Full
145411	2010012868021	2010-01-26 00:00:00	2010-01-10 13:00:00	HDN	Yampa Valley Regional	US Express	Passenger Property Loss	Checked Baggage		Clothing & Accessories,Outdoors Supplies	Clothing*Sporting Equipment & Supplies (footballs, parachutes, etc.)		85.0	Settle
146212	2010030969270	2010-03-01 00:00:00	2010-02-28 00:00:00	HDN	Yampa Valley Regional	American Airlines	Passenger Property Loss	Checked Baggage		Cosmetics	Travel Accessories		24.24	Approve in Full
146742	2010032269806	2010-03-16 00:00:00	2010-03-10 00:00:00	HDN	Yampa Valley Regional	Continental Airlines	Passenger Property Loss	Checked Baggage		Containers,Watches & Jewelry,Games & Toys	Baggage/Cases/Purses*Jewelry & Watches*Toys & Games		0.0	Deny
152519	2010091275907	2010-09-07 00:00:00	2010-08-16 00:00:00	HDN	Yampa Valley Regional	UAL	Passenger Property Loss	Checked Baggage		Clothing & Accessories	Clothing		12.0	Approve in Full
168762	2012042693275	2012-02-27 00:00:00	2012-02-18 12:30:00	HDN	Yampa Valley Regional	Continental Airlines	Passenger Property Loss	Checked Baggage		Other,Cosmetics	Other*Travel Accessories		0.0	Deny
171318	2012051593944	2012-05-30 00:00:00	2012-03-31 00:00:00	HDN	Yampa Valley Regional	Continental Airlines	Passenger Property Loss	Checked Baggage		Electronics,Electronics,Other	Computer & Accessories*Computer & Accessories*Other		0.0	Deny
198353	2015020420385	2015-02-04 00:00:00	2015-01-25 00:00:00	HDN	Yampa Valley Regional	Alaska Airlines	Passenger Property Loss	Checkpoint		Other	Other		0.0	Deny
198354	2015030621051	2015-03-06 00:00:00	2015-02-28 00:00:00	HDN	Yampa Valley Regional	UAL	Passenger Property Loss	Checked Baggage		Electronics	Personal Electronics		0.0	Deny
207011	2016031429666	2016-02-25 00:00:00	2016-02-24 12:30:00	HDN	Yampa Valley Regional Yampa Valley Regional	Delta Air Lines	Passenger Property Loss	Checked Baggage		Cosmetics	Travel Accessories		13.95	Approve in Full
215249	2017021437514	2017-01-03 00:00:00	2017-01-01 11:30:00	HDN	Yampa Valley Regional Yampa Valley Regional	American Airlines	Passenger Property Loss	Checked Baggage		Electronics	Cameras		0.0	Deny