id	claim_number	date_received	incident_date	airport_code	airport_name	airline	claim_type	claim_site	claim_amount	items_new	items_old	status	close_amount	disposition
50678	2004122971732	2004-11-23 00:00:00	2004-09-16 00:00:00	HLN	Helena Regional	Delta Air Lines	Passenger Property Loss	Checked Baggage	100.0	Clothing & Accessories	Clothing - Shoes, belts, accessories, etc.	Settled	50.0	Settle
56286	2005030777105	2005-02-01 00:00:00	2005-01-09 00:00:00	HLN	Helena Regional	Delta Air Lines	Passenger Property Loss	Checked Baggage	400.0	Electronics	Cameras - Digital	Settled	138.0	Settle
60697	2005040681693	2005-04-04 00:00:00	2004-12-19 00:00:00	HLN	Helena Regional	Delta Air Lines	Passenger Property Loss	Checked Baggage	10.73	Clothing & Accessories	Clothing - Shoes, belts, accessories, etc.	Approved	10.73	Approve in Full
63432	2005051084413	2005-05-09 00:00:00	2005-03-31 00:00:00	HLN	Helena Regional	Delta Air Lines	Passenger Property Loss	Checked Baggage	255.0	Clothing & Accessories	Clothing - Shoes, belts, accessories, etc.	Denied	0.0	Deny
63731	2005051684710	2005-05-12 00:00:00	2005-03-22 00:00:00	HLN	Helena Regional	Delta Air Lines	Passenger Property Loss	Checked Baggage	50.0	Other	Other	Approved	50.0	Approve in Full
64749	2005053185573	2005-05-24 00:00:00	2005-05-18 00:00:00	HLN	Helena Regional	Delta Air Lines	Passenger Property Loss	Checked Baggage	300.0	Watches & Jewelry	Jewelry - Fine	Settled	150.0	Settle
71750	2005091992777	2005-09-09 00:00:00	2005-08-28 00:00:00	HLN	Helena Regional		Passenger Property Loss	Checked Baggage	1330.0	Electronics,Clothing & Accessories	Cameras - Digital*Clothing - Shoes, belts, accessories, etc.	Settled	233.99	Settle
82122	2006031703296	2006-03-14 00:00:00	2005-12-10 00:00:00	HLN	Helena Regional	Delta Air Lines	Passenger Property Loss	Checked Baggage	134.75	Other	Currency	Approved	134.75	Approve in Full
88710	2006072409976	2006-07-20 00:00:00	2006-05-06 00:00:00	HLN	Helena Regional	Skywest Airlines Inc USA	Passenger Property Loss	Checked Baggage	2400.0	Watches & Jewelry	Jewelry - Fine	Denied	0.0	Deny
91239	2006091812636	2006-09-07 00:00:00	2006-09-03 00:00:00	HLN	Helena Regional	Delta Air Lines	Passenger Property Loss	Checked Baggage	500.0	Watches & Jewelry	Jewelry - Fine	Denied	0.0	Deny
102920	2007041824198	2007-04-16 00:00:00	2005-10-26 00:00:00	HLN	Helena Regional	Delta Air Lines	Passenger Property Loss	Checked Baggage	68.8	Tools & Machines	Barber Supplies - Scissors, shears, elecric razors, etc.	Denied	0.0	Deny
105391	2007061126700	2007-06-06 00:00:00	2007-04-30 00:00:00	HLN	Helena Regional	Delta Air Lines	Passenger Property Loss	Checked Baggage	10.0	Tools & Machines	Locks	Approved	10.0	Approve in Full
107343	2007071928612	2007-07-16 00:00:00	2007-06-01 00:00:00	HLN	Helena Regional		Passenger Property Loss	Checked Baggage	43.09	Electronics	Cameras - Digital	Denied	0.0	Deny
111822	2007101133309	2007-10-09 00:00:00	2007-09-24 00:00:00	HLN	Helena Regional	Alaska Airlines	Passenger Property Loss	Checked Baggage	170.99	Electronics	Cameras - Digital	Canceled	0.0	
114231	2007112935712	2007-11-26 00:00:00	2007-10-17 00:00:00	HLN	Helena Regional	Delta Air Lines	Passenger Property Loss	Checked Baggage	366.85	Clothing & Accessories	Clothing - Shoes, belts, accessories, etc.	Denied	0.0	Deny
115610	2007122837084	2007-12-26 00:00:00	2002-12-20 00:00:00	HLN	Helena Regional	Alaska Airlines	Passenger Property Loss	Checked Baggage	101.99	Other	Other	Denied	0.0	Deny
120482	2008040842118	2008-03-31 00:00:00	2008-03-23 00:00:00	HLN	Helena Regional	Delta Air Lines	Passenger Property Loss	Checked Baggage	32.48	Electronics	Cell Phones	Denied	0.0	Deny
122348	2008042143004	2008-05-06 00:00:00	2007-09-30 00:00:00	HLN	Helena Regional	Northwest Airlines	Passenger Property Loss	Checked Baggage	408.0	Other	Other	Denied	0.0	Deny
123856	2008061245549	2008-06-06 00:00:00	2008-05-13 00:00:00	HLN	Helena Regional	Alaska Airlines	Passenger Property Loss	Checked Baggage	74.95	Clothing & Accessories	Clothing - Shoes, belts, accessories, etc.	Denied	0.0	Deny
127588	2008090549538	2008-08-29 00:00:00	2008-07-27 00:00:00	HLN	Helena Regional	Delta Air Lines	Passenger Property Loss	Checked Baggage	18.0	Cosmetics	Cosmetics - Perfume, toilet articles, medicines, soaps, etc.	Approved	18.0	Approve in Full
132501	2009011254350	2009-01-06 00:00:00	2008-10-21 00:00:00	HLN	Helena Regional	Alaska Airlines	Passenger Property Loss	Checked Baggage	85.0	Outdoors Supplies	Tools - Manual (not in a vehicle)	Denied	0.0	Deny
134443	2009031756359	2009-02-26 00:00:00	2009-01-16 00:00:00	HLN	Helena Regional	Delta Air Lines	Passenger Property Loss	Checked Baggage	8.49	Tools & Machines	Locks	Denied	0.0	Deny
136111	2009043058186	2009-04-09 00:00:00	2009-03-08 00:00:00	HLN	Helena Regional	Alaska Airlines	Passenger Property Loss	Checked Baggage	655.4	Electronics	Cameras - Digital	Denied	0.0	Deny
136488	2009051158494	2009-04-22 00:00:00	2009-04-02 00:00:00	HLN	Helena Regional	Delta Air Lines	Passenger Property Loss	Checked Baggage	100.0	Electronics	Computer - Laptop	Approved	100.0	Approve in Full
137225	2009052159280	2009-05-13 00:00:00	2009-05-01 00:00:00	HLN	Helena Regional	UAL	Passenger Property Loss	Checked Baggage	25.0	Tools & Machines	Locks	Canceled	0.0	
137700	2009052959616	2009-05-27 00:00:00	2009-05-17 00:00:00	HLN	Helena Regional	Alaska Airlines	Passenger Property Loss	Checked Baggage		Electronics	GPS - Global Positioning System	Insufficient, one of the following items required: sum certain, statement of fact, signature, location of incident, and date.		
141216	2009090163211	2009-08-31 00:00:00	2009-08-22 00:00:00	HLN	Helena Regional	Delta Air Lines	Passenger Property Loss	Checked Baggage	20.0	Tools & Machines	Locks	Denied	0.0	Deny
141646	2009091563680	2009-09-14 00:00:00	2009-09-08 00:00:00	HLN	Helena Regional	Northwest Airlines	Passenger Property Loss	Checked Baggage	300.0	Electronics	GPS - Global Positioning System	Canceled		
142841	2009102864879	2009-10-21 00:00:00	2009-10-11 08:05:00	HLN	Helena Regional	Northwest Airlines	Passenger Property Loss	Checked Baggage	93.0	Watches & Jewelry	Jewelry - Costume	Denied	0.0	Deny
159856	2011051183373	2011-05-03 00:00:00	2011-04-14 00:00:00	HLN	Helena Regional		Passenger Property Loss	Checkpoint		Scientific Intruments	Medical/Science		225.0	Approve in Full
180390	2013061004142	2013-05-03 00:00:00	2013-04-05 00:00:00	HLN	Helena Regional	UAL	Passenger Property Loss	Checked Baggage		Watches & Jewelry	Jewelry & Watches		0.0	Deny
207022	2016102535148	2016-09-12 00:00:00	2016-08-05 00:00:00	HLN	Helena Regional Helena Regional	Delta Air Lines	Passenger Property Loss	Checked Baggage		Containers	Baggage/Cases/Purses			In Review
207023	2017011236515	2016-12-06 00:00:00	2016-11-29 12:00:00	HLN	Helena Regional Helena Regional		Passenger Property Loss	Checked Baggage		Cosmetics	Travel Accessories			In Review