id	claim_number	date_received	incident_date	airport_code	airport_name	airline	claim_type	claim_site	claim_amount	items_new	items_old	status	close_amount	disposition
46234	2004110266164	2004-09-29 00:00:00	2004-09-04 00:00:00	LFT	Lafayette Regional	Delta Air Lines	Passenger Property Loss	Checked Baggage	360.0	Electronics	Cameras - Digital	Denied	0.0	Deny
52017	2005010472470	2004-12-14 00:00:00	2004-11-19 00:00:00	LFT	Lafayette Regional	Continental Airlines	Passenger Property Loss	Checked Baggage	750.0	Other	Other	Canceled	0.0	
53089	2005011973759	2004-12-28 00:00:00	2004-06-25 00:00:00	LFT	Lafayette Regional	Northwest Airlines	Passenger Property Loss	Checked Baggage	189.99	Electronics	Cameras - Digital	Denied	0.0	Deny
55059	2005020475636	2005-01-19 00:00:00	2004-04-12 00:00:00	LFT	Lafayette Regional		Passenger Property Loss	Checked Baggage	400.0	Electronics	Cell Phones	Settled	50.0	Settle
67562	2005070888466	2005-07-06 00:00:00	2005-04-18 00:00:00	LFT	Lafayette Regional	Continental Airlines	Passenger Property Loss	Checked Baggage	2250.0	Other	Other	Settled	1620.0	Settle
79064	2006012500283	2006-01-18 00:00:00	2006-01-10 00:00:00	LFT	Lafayette Regional	Continental Airlines	Passenger Property Loss	Checkpoint	200.0	Other	Currency	Denied	0.0	Deny
80985	2006022402151	2006-02-21 00:00:00	2006-02-07 00:00:00	LFT	Lafayette Regional	Continental Airlines	Passenger Property Loss	Checked Baggage	430.0	Electronics	Cameras - Digital	Denied	0.0	Deny
84807	2006051005823	2006-05-04 00:00:00	2006-03-02 00:00:00	LFT	Lafayette Regional	Continental Airlines	Passenger Property Loss	Checkpoint	470.0	Other	Currency	Denied	0.0	Deny
98198	2007012219101	2007-01-16 00:00:00	2007-01-04 00:00:00	LFT	Lafayette Regional	Continental Airlines	Passenger Property Loss	Checked Baggage	690.12	Games & Toys	Toys (game systems, cartridges, radio controlled cars, etc.)	Settled	318.04	Settle
102047	2007040223352	2007-03-29 00:00:00	2007-03-20 00:00:00	LFT	Lafayette Regional	Continental Express Inc	Passenger Property Loss	Checked Baggage	10.5	Tools & Machines	Locks	Approved	10.5	Approve in Full
123858	2008061245553	2008-06-06 00:00:00	2008-05-25 00:00:00	LFT	Lafayette Regional	Delta Air Lines	Passenger Property Loss	Checked Baggage	500.0	Electronics	PDA - Personal Data Assistants	Denied	0.0	Deny
127142	2008082248961	2008-08-19 00:00:00	2008-07-28 00:00:00	LFT	Lafayette Regional	Delta Air Lines	Passenger Property Loss	Checked Baggage	236.5	Containers,Cosmetics	Bags - Fabric, plastic, etc. (not purses)*Cosmetics - Perfume, toilet articles, medicines, soaps, etc.	Denied	0.0	Deny
128305	2008091950145	2008-09-16 00:00:00	2008-06-15 00:00:00	LFT	Lafayette Regional	Continental Airlines	Passenger Property Loss	Checkpoint	150.0	Clothing & Accessories	Eyeglasses - (including contact lenses)	Approved	150.0	Approve in Full
128888	2008091950133	2008-09-30 00:00:00	2008-08-20 00:00:00	LFT	Lafayette Regional	American Airlines	Passenger Property Loss	Checked Baggage	672.84	Games & Toys	Toys (game systems, cartridges, radio controlled cars, etc.)	Denied	0.0	Deny
129928	2008110551885	2008-10-27 00:00:00	2008-10-18 00:00:00	LFT	Lafayette Regional	Continental Airlines	Passenger Property Loss	Checked Baggage	200.0	Watches & Jewelry	Jewelry - Fine	Denied	0.0	Deny
132200	2009010554057	2008-12-29 00:00:00	2008-12-14 00:00:00	LFT	Lafayette Regional	Continental Airlines	Passenger Property Loss	Checked Baggage	562.95	Other	Other	Denied	0.0	Deny
136000	2009042257845	2009-04-08 00:00:00	2008-08-23 00:00:00	LFT	Lafayette Regional	American Airlines	Passenger Property Loss	Checked Baggage	6739.0	Electronics,Clothing & Accessories,Containers,Watches & Jewelry,Other,Electronics	Cameras - Digital*Clothing - Shoes, belts, accessories, etc.*Handbags & Purses (leather or fabric)*Jewelry - Costume*Other*Video Recordings - Laser Discs	Denied	0.0	Deny
139079	2009071361098	2009-07-02 00:00:00	2009-06-24 00:00:00	LFT	Lafayette Regional	American Airlines	Passenger Property Loss	Checked Baggage	1059.98	Electronics	Computer - Laptop	Denied	0.0	Deny
140173	2009073062029	2009-07-31 00:00:00	2009-07-23 00:00:00	LFT	Lafayette Regional	American Eagle	Passenger Property Loss	Checked Baggage	200.0	Games & Toys	Game Equipment (poker chips, checker sets, chess etc.)	Denied	0.0	Deny
141354	2009090863439	2009-09-02 00:00:00	2009-08-05 00:00:00	LFT	Lafayette Regional	Delta Air Lines	Passenger Property Loss	Checked Baggage	800.0	Other	Other	Denied	0.0	Deny
141869	2009092964102	2009-09-18 00:00:00	2009-09-17 00:00:00	LFT	Lafayette Regional	American Airlines	Passenger Property Loss	Checked Baggage	11.9	Tools & Machines	Locks	Approved	11.9	Approve in Full
148668	2010051371738	2010-05-14 00:00:00	2010-05-09 23:50:00	LFT	Lafayette Regional	American Airlines	Passenger Property Loss	Checked Baggage		Games & Toys	Toys & Games		0.0	Deny
148997	2010060472389	2010-05-24 00:00:00	2010-05-09 23:50:00	LFT	Lafayette Regional	American Airlines	Passenger Property Loss	Checked Baggage		Games & Toys	Toys & Games			
151186	2010080574570	2010-07-29 00:00:00	2010-07-02 15:00:00	LFT	Lafayette Regional	American Airlines	Passenger Property Loss	Checked Baggage		Electronics	Computer & Accessories		0.0	Deny
155199	2010121378717	2010-11-30 00:00:00	2010-11-11 00:00:00	LFT	Lafayette Regional	Continental Airlines	Passenger Property Loss	Checked Baggage		Other	Other		0.0	Deny
161484	2011070184919	2011-06-27 00:00:00	2011-06-23 07:00:00	LFT	Lafayette Regional	Delta Air Lines	Passenger Property Loss	Checked Baggage		Other	Currency		0.0	Deny
182854	2013082606248	2013-07-31 00:00:00	2013-07-13 12:25:00	LFT	Lafayette Regional	American Airlines	Passenger Property Loss	Checked Baggage		Other	Other			
183371	2013093007416	2013-08-15 00:00:00	2013-07-21 00:00:00	LFT	Lafayette Regional	UAL	Passenger Property Loss	Checked Baggage		Other	Other			
184762	2013111209141	2013-10-08 00:00:00	2013-10-06 00:00:00	LFT	Lafayette Regional	Spirit Airlines	Passenger Property Loss	Checked Baggage		Electronics,Electronics,Watches & Jewelry	Cameras*Computer & Accessories*Jewelry & Watches			
185531	2013111209130	2013-11-08 00:00:00	2013-10-26 00:00:00	LFT	Lafayette Regional	American Airlines	Passenger Property Loss	Checked Baggage		Watches & Jewelry	Jewelry & Watches			
187488	2014012911245	2014-01-22 00:00:00	2013-12-09 00:00:00	LFT	Lafayette Regional	American Airlines	Passenger Property Loss	Checked Baggage		Watches & Jewelry	Jewelry & Watches		0.0	Deny
188299	2014022712073	2014-02-26 00:00:00	2014-01-11 00:00:00	LFT	Lafayette Regional	American Airlines	Passenger Property Loss	Checked Baggage		Containers	Baggage/Cases/Purses			
189520	2014041713323	2014-04-16 00:00:00	2014-04-01 00:00:00	LFT	Lafayette Regional	American Airlines	Passenger Property Loss	Checked Baggage		Watches & Jewelry	Jewelry & Watches			
191294	2014071415130	2014-06-30 00:00:00	2014-06-14 00:00:00	LFT	Lafayette Regional	American Airlines	Passenger Property Loss	Checked Baggage		Other	Other		0.0	Deny
192040	2014081515893	2014-08-01 00:00:00	2014-07-18 00:00:00	LFT	Lafayette Regional	American Airlines	Passenger Property Loss	Checked Baggage		Clothing & Accessories	Clothing			
194589	2014112418495	2014-11-24 00:00:00	2014-06-04 00:00:00	LFT	Lafayette Regional	UAL	Passenger Property Loss	Checkpoint		Watches & Jewelry	Jewelry & Watches		0.0	Deny
200378	2015081224830	2015-08-11 00:00:00	2015-07-12 00:00:00	LFT	Lafayette Regional	American Airlines	Passenger Property Loss	Checked Baggage		Electronics,Clothing & Accessories	Audio/Video*Clothing		0.0	Deny
200379	2015083125182	2015-08-24 00:00:00	2015-08-17 00:00:00	LFT	Lafayette Regional	American Eagle	Passenger Property Loss	Checked Baggage		Electronics	Computer & Accessories		0.0	Deny
208901	2016040130259	2016-03-15 00:00:00	2016-03-11 06:00:00	LFT	Lafayette Regional Lafayette Regional	Delta Air Lines	Passenger Property Loss	Checked Baggage		Containers	Baggage/Cases/Purses		0.0	Deny
217192	2017122246243	2017-11-21 00:00:00	2017-11-20 00:00:00	LFT	Lafayette Regional Lafayette Regional	Delta Air Lines	Passenger Property Loss	Checked Baggage		Cosmetics	Travel Accessories			In Review