id	claim_number	date_received	incident_date	airport_code	airport_name	airline	claim_type	claim_site	claim_amount	items_new	items_old	status	close_amount	disposition
13684	0819039M	2003-08-19 00:00:00	2003-07-25 00:00:00	LIH	Lihue Airport	UAL	Passenger Property Loss	Checked Baggage	12.48	Other	Other	Approved	12.48	Approve in Full
13686	0819045M	2003-08-19 00:00:00	2003-07-25 00:00:00	LIH	Lihue Airport	UAL	Passenger Property Loss	Checked Baggage	80.0	Clothing & Accessories	Clothing - Shoes, belts, accessories, etc.	Approved	80.0	Approve in Full
30854	2004051852833	2004-03-18 00:00:00	2004-02-26 00:00:00	LIH	Lihue Airport	Aloha Airlines	Passenger Property Loss	Checked Baggage	172.75	Other	Other	Settled	150.0	Settle
34199	2004060754957	2004-05-04 00:00:00	2004-04-19 00:00:00	LIH	Lihue Airport		Passenger Property Loss	Checked Baggage	110.0	Clothing & Accessories	Clothing - Shoes, belts, accessories, etc.	Approved	110.0	Approve in Full
35006	2005051184528	2004-05-10 00:00:00	2005-01-06 00:00:00	LIH	Lihue Airport	UAL	Passenger Property Loss	Checked Baggage	7461.42	Watches & Jewelry	Jewelry - Fine	Denied	0.0	Deny
38443	2004071659533	2004-06-22 00:00:00	2004-05-11 00:00:00	LIH	Lihue Airport	Aloha Airlines	Passenger Property Loss	Checked Baggage	160.28	Other	Other	Approved	160.28	Approve in Full
40420	2004090362149	2004-07-16 00:00:00	2004-05-31 00:00:00	LIH	Lihue Airport		Passenger Property Loss	Checked Baggage	40.0	Other	Other	Insufficient, one of the following items required: sum certain, statement of fact, signature, location of incident, and date.		
40726	2004090862374	2004-07-21 00:00:00	2004-05-31 00:00:00	LIH	Lihue Airport	Delta Air Lines	Passenger Property Loss	Checked Baggage	81.24	Clothing & Accessories	Clothing - Shoes, belts, accessories, etc.	Approved	81.24	Approve in Full
41003	2004072860148	2004-07-27 00:00:00	2004-02-26 00:00:00	LIH	Lihue Airport	Aloha Airlines	Passenger Property Loss	Checked Baggage	172.75	Other	Other	Approved	172.75	Approve in Full
44492	2004101464988	2004-09-10 00:00:00	2004-05-31 00:00:00	LIH	Lihue Airport	Delta Air Lines	Passenger Property Loss	Checked Baggage	81.24	Clothing & Accessories	Clothing - Shoes, belts, accessories, etc.	Canceled		
46350	2004111566987	2004-09-29 00:00:00	2004-08-27 00:00:00	LIH	Lihue Airport	Aloha Airlines	Passenger Property Loss	Checked Baggage	404.97	Clothing & Accessories	Clothing - Shoes, belts, accessories, etc.	Settled	267.49	Settle
46585	2004111767292	2004-10-05 00:00:00	2004-09-12 00:00:00	LIH	Lihue Airport	American Airlines	Passenger Property Loss	Checked Baggage	8.63	Tools & Machines	Locks	Approved	8.63	Approve in Full
46949	2004112267590	2004-10-08 00:00:00	2004-08-28 00:00:00	LIH	Lihue Airport	American Eagle	Passenger Property Loss	Checked Baggage	95.95	Other	Other	Approved	95.95	Approve in Full
47006	2004112267637	2004-10-08 00:00:00	2004-09-22 00:00:00	LIH	Lihue Airport	Aloha Airlines	Passenger Property Loss	Checked Baggage	3000.0	Electronics	Computer - Laptop	Denied	0.0	Deny
49657	2005010572753	2004-11-09 00:00:00	2004-10-23 00:00:00	LIH	Lihue Airport	American Airlines	Passenger Property Loss	Checked Baggage	450.0	Other	Other	Denied	0.0	Deny
50186	2005010672928	2004-11-18 00:00:00	2004-11-04 00:00:00	LIH	Lihue Airport	Aloha Airlines	Passenger Property Loss	Checked Baggage	15.0	Other	Other	Approved	15.0	Approve in Full
50623	2004122971580	2004-11-23 00:00:00	2004-10-20 00:00:00	LIH	Lihue Airport		Passenger Property Loss	Checkpoint	40.0	Clothing & Accessories	Clothing - Shoes, belts, accessories, etc.	Denied	0.0	Deny
52357	2005010572881	2004-12-17 00:00:00	2004-11-24 00:00:00	LIH	Lihue Airport	Aloha Airlines	Passenger Property Loss	Checked Baggage	507.0	Other	Other	Settled	302.78	Settle
53149	2005011473683	2004-12-28 00:00:00	2004-10-13 00:00:00	LIH	Lihue Airport	Aloha Airlines	Passenger Property Loss	Checked Baggage	270.0	Supplies	Medicines	Settled	185.0	Settle
55703	2005021676247	2005-01-27 00:00:00	2005-01-10 00:00:00	LIH	Lihue Airport	UAL	Passenger Property Loss	Checked Baggage	5.97	Tools & Machines	Locks	Approved	5.97	Approve in Full
55940	2005022476747	2005-01-28 00:00:00	2004-12-04 00:00:00	LIH	Lihue Airport	Hawaiian Airlines	Passenger Property Loss	Checked Baggage	293.0	Other	Other	Settled	230.5	Settle
56218	2005031177790	2005-02-01 00:00:00	2005-01-23 00:00:00	LIH	Lihue Airport	Northwest Airlines	Passenger Property Loss	Checkpoint	500.0	Supplies	Medicines	Denied	0.0	Deny
56618	2005031077466	2005-02-07 00:00:00	2005-01-24 00:00:00	LIH	Lihue Airport	UAL	Passenger Property Loss	Checked Baggage	604.04	Electronics	Cameras - Digital	Denied	0.0	Deny
57542	2005032379436	2005-02-18 00:00:00	2005-02-08 00:00:00	LIH	Lihue Airport	UAL	Passenger Property Loss	Checked Baggage	200.0	Clothing & Accessories	Clothing - Shoes, belts, accessories, etc.	Approved	200.0	Approve in Full
57725	2005031778656	2005-02-23 00:00:00	2005-01-15 00:00:00	LIH	Lihue Airport	UAL	Passenger Property Loss	Checked Baggage	880.04	Electronics	Computer - Laptop	Denied	0.0	Deny
59115	2005032579863	2005-03-09 00:00:00	2005-03-02 00:00:00	LIH	Lihue Airport	UAL	Passenger Property Loss	Checked Baggage	1735.78	Electronics	Computer - Laptop	Settled	228.03	Settle
59707	2005033080607	2005-03-18 00:00:00	2005-02-28 00:00:00	LIH	Lihue Airport	Hawaiian Airlines	Passenger Property Loss	Checked Baggage	1146.0	Clothing & Accessories	Clothing - Shoes, belts, accessories, etc.	Settled	271.5	Settle
60147	2005040581598	2005-03-28 00:00:00	2005-03-24 00:00:00	LIH	Lihue Airport		Passenger Property Loss	Checked Baggage	115.0	Clothing & Accessories	Eyeglasses - (including contact lenses)	Denied	0.0	Deny
60438	2005040481394	2005-03-30 00:00:00	2005-03-03 00:00:00	LIH	Lihue Airport	American Airlines	Passenger Property Loss	Checked Baggage	9.6	Tools & Machines	Locks	Approved	9.6	Approve in Full
61699	2005041482597	2005-04-13 00:00:00	2005-01-11 00:00:00	LIH	Lihue Airport	Delta Air Lines	Passenger Property Loss	Checked Baggage	1447.99	Electronics	Computer - Laptop	Settled	449.85	Settle
62192	2005042283155	2005-04-20 00:00:00	2005-03-28 00:00:00	LIH	Lihue Airport	UAL	Passenger Property Loss	Checked Baggage	199.0	Electronics	DVD/CD Players	Canceled		
62353	2005042583241	2005-04-22 00:00:00	2005-01-23 00:00:00	LIH	Lihue Airport	Hawaiian Airlines	Passenger Property Loss	Checked Baggage	915.0	Watches & Jewelry	Jewelry - Fine	Denied	0.0	Deny
64107	2005051985022	2005-05-17 00:00:00	2005-05-07 00:00:00	LIH	Lihue Airport	Aloha Airlines	Passenger Property Loss	Checked Baggage	268.0	Other	Other	Denied	0.0	Deny
64491	2005052485418	2005-05-23 00:00:00	2005-04-23 00:00:00	LIH	Lihue Airport	Aloha Airlines	Passenger Property Loss	Checked Baggage	12.92	Tools & Machines	Locks	Approved	12.92	Approve in Full
64810	2005060685827	2005-05-31 00:00:00	2005-05-20 00:00:00	LIH	Lihue Airport	Hawaiian Airlines	Passenger Property Loss	Checked Baggage	19.95	Tools & Machines	Locks	Approved	19.95	Approve in Full
64968	2005060885952	2005-05-31 00:00:00	2005-04-27 00:00:00	LIH	Lihue Airport	Aloha Airlines	Passenger Property Loss	Checkpoint	300.0	Electronics	Cameras - Digital	Denied	0.0	Deny
65092	2005061086129	2005-05-31 00:00:00	2005-02-01 00:00:00	LIH	Lihue Airport	Aloha Airlines	Passenger Property Loss	Checked Baggage	22.0	Tools & Machines	Locks	Settled	11.0	Settle
65093	2005061086134	2005-05-31 00:00:00	2005-05-03 00:00:00	LIH	Lihue Airport	Hawaiian Airlines	Passenger Property Loss	Checked Baggage	22.0	Tools & Machines	Locks	Settled	11.0	Settle
65385	2005062086658	2005-06-03 00:00:00	2005-05-23 00:00:00	LIH	Lihue Airport	UAL	Passenger Property Loss	Checked Baggage	103.36	Clothing & Accessories	Clothing - Shoes, belts, accessories, etc.	Approved	103.36	Approve in Full
65805	2005062286904	2005-06-09 00:00:00	2005-05-30 00:00:00	LIH	Lihue Airport	Hawaiian Airlines	Passenger Property Loss	Checked Baggage	425.0	Electronics	DVD/CD Players	Approved	425.0	Approve in Full
66506	2005062887496	2005-06-20 00:00:00	2005-06-04 00:00:00	LIH	Lihue Airport		Passenger Property Loss	Checked Baggage	21.81	Other	Other	Denied	0.0	Deny
67024	2005070188086	2005-06-28 00:00:00	2005-05-13 00:00:00	LIH	Lihue Airport	Hawaiian Airlines	Passenger Property Loss	Checked Baggage	6.23	Containers	Luggage (all types including footlockers)	Approved	6.23	Approve in Full
67261	2005070688304	2005-06-30 00:00:00	2005-05-29 00:00:00	LIH	Lihue Airport	Aloha Airlines	Passenger Property Loss	Checked Baggage	18.35	Other	Other	Denied	0.0	Deny
67558	2005070788421	2005-07-06 00:00:00	2005-05-10 00:00:00	LIH	Lihue Airport	Hawaiian Airlines	Passenger Property Loss	Checkpoint	75.37	Other	Other	Settled	37.68	Settle
67624	2005070888483	2005-07-07 00:00:00	2005-06-29 00:00:00	LIH	Lihue Airport		Passenger Property Loss	Checked Baggage	485.0	Other	Other	Denied	0.0	Deny
69701	2005081790741	2005-08-08 00:00:00	2005-07-25 00:00:00	LIH	Lihue Airport	Hawaiian Airlines	Passenger Property Loss	Checked Baggage	26.0	Other	Other	Denied	0.0	Deny
71702	2005091992774	2005-09-09 00:00:00	2005-08-26 00:00:00	LIH	Lihue Airport	UAL	Passenger Property Loss	Checkpoint	6550.0	Other	Other	Denied	0.0	Deny
71732	2005091992840	2005-09-09 00:00:00	2005-08-20 00:00:00	LIH	Lihue Airport	Hawaiian Airlines	Passenger Property Loss	Checked Baggage	150.0	Other	Other	Denied	0.0	Deny
72046	2005092293115	2005-09-14 00:00:00	2005-09-06 00:00:00	LIH	Lihue Airport	Hawaiian Airlines	Passenger Property Loss	Checked Baggage	299.99	Electronics	Cell Phones	Settled	292.49	Settle
73867	2005102094931	2005-10-17 00:00:00	2005-10-05 00:00:00	LIH	Lihue Airport		Passenger Property Loss	Checked Baggage	29.95	Other	Other	Denied	0.0	Deny
73970	2005102495084	2005-10-18 00:00:00	2005-09-26 00:00:00	LIH	Lihue Airport	Hawaiian Airlines	Passenger Property Loss	Checkpoint	200.0	Clothing & Accessories	Clothing - Shoes, belts, accessories, etc.	Approved	200.0	Approve in Full
73994	2005102695188	2005-10-18 00:00:00	2005-06-19 00:00:00	LIH	Lihue Airport	Aloha Airlines	Passenger Property Loss	Checked Baggage	5.99	Tools & Machines	Locks	Approved	5.99	Approve in Full
75107	2005112396404	2005-11-07 00:00:00	2005-10-29 00:00:00	LIH	Lihue Airport	Aloha Airlines	Passenger Property Loss	Checked Baggage	179.99	Electronics	Cameras - Digital	Denied	0.0	Deny
75884	2005120797077	2005-11-22 00:00:00	2005-10-17 00:00:00	LIH	Lihue Airport	Delta Air Lines	Passenger Property Loss	Checked Baggage	350.0	Watches & Jewelry	Jewelry - Fine	Canceled	0.0	
76501	2005121397671	2005-12-05 00:00:00	2005-11-15 00:00:00	LIH	Lihue Airport	Hawaiian Airlines	Passenger Property Loss	Checked Baggage	11.45	Tools & Machines	Locks	Approved	11.45	Approve in Full
77336	2005122798450	2005-12-20 00:00:00	2005-11-24 00:00:00	LIH	Lihue Airport	Aloha Airlines	Passenger Property Loss	Checked Baggage	4.65	Tools & Machines	Locks	Approved	4.65	Approve in Full
80141	2006020901308	2006-02-03 00:00:00	2005-12-03 00:00:00	LIH	Lihue Airport	UAL	Passenger Property Loss	Checked Baggage	1558.5	Other	Other	Settled	779.25	Settle
80684	2006022101847	2006-02-14 00:00:00	2006-01-10 00:00:00	LIH	Lihue Airport	Hawaiian Airlines	Passenger Property Loss	Checked Baggage	97.0	Other	Other	Denied	0.0	Deny
83138	2006041204366	2006-03-30 00:00:00	2006-03-27 00:00:00	LIH	Lihue Airport	Hawaiian Airlines	Passenger Property Loss	Checked Baggage	74.29	Other	Other	Settled	37.15	Settle
83310	2006041404613	2006-04-04 00:00:00	2006-03-21 00:00:00	LIH	Lihue Airport	Hawaiian Airlines	Passenger Property Loss	Checked Baggage	150.0	Cosmetics	Cosmetics - Perfume, toilet articles, medicines, soaps, etc.	Approved	150.0	Approve in Full
83371	2006041404626	2006-04-04 00:00:00	2006-01-21 00:00:00	LIH	Lihue Airport	UAL	Passenger Property Loss	Checked Baggage	81.0	Watches & Jewelry	Jewelry - Fine	Denied	0.0	Deny
85096	2006051506331	2006-05-10 00:00:00	2006-04-23 00:00:00	LIH	Lihue Airport	Island Air	Passenger Property Loss	Checked Baggage	60.0	Other	Other	Denied	0.0	Deny
85379	2006051906630	2006-05-17 00:00:00	2006-03-03 00:00:00	LIH	Lihue Airport	Aloha Airlines	Passenger Property Loss	Checked Baggage	13.0	Tools & Machines	Locks	Approved	13.0	Approve in Full
85660	2006052406891	2006-05-22 00:00:00	2006-03-24 00:00:00	LIH	Lihue Airport	UAL	Passenger Property Loss	Checked Baggage	800.0	Electronics	Video Recordings (blank & commercial)	Settled	280.25	Settle
87163	2006062108303	2006-06-21 00:00:00	2006-04-14 00:00:00	LIH	Lihue Airport	Hawaiian Airlines	Passenger Property Loss	Checked Baggage	2899.0	Cosmetics,Watches & Jewelry,Watches & Jewelry	Cosmetics - Perfume, toilet articles, medicines, soaps, etc.*Jewelry - Costume*Jewelry - Costume	Denied	0.0	Deny
87474	2006062908732	2006-06-28 00:00:00	2006-06-17 00:00:00	LIH	Lihue Airport	American West	Passenger Property Loss	Checked Baggage	424.9	Watches & Jewelry	Jewelry - Fine	Denied	0.0	Deny
87546	2006070308856	2006-06-29 00:00:00	2006-05-28 00:00:00	LIH	Lihue Airport	Hawaiian Airlines	Passenger Property Loss	Checkpoint	223.95	Clothing & Accessories	Eyeglasses - (including contact lenses)	Approved	223.95	Approve in Full
87755	2006070609033	2006-07-05 00:00:00	2006-05-18 00:00:00	LIH	Lihue Airport	Hawaiian Airlines	Passenger Property Loss	Checked Baggage	57.0	Other	Other	Approved	57.0	Approve in Full
87833	2006070709131	2006-07-06 00:00:00	2004-08-26 00:00:00	LIH	Lihue Airport	American Airlines	Passenger Property Loss	Checked Baggage	7.52	Tools & Machines	Locks	Approved	7.52	Approve in Full
87943	2006071209319	2006-07-07 00:00:00	2006-06-26 00:00:00	LIH	Lihue Airport	Hawaiian Airlines	Passenger Property Loss	Checked Baggage	4000.0	Watches & Jewelry	Jewelry - Fine	Canceled	0.0	
88633	2006072009848	2006-07-19 00:00:00	2006-07-14 00:00:00	LIH	Lihue Airport	UAL	Passenger Property Loss	Checked Baggage	350.0	Outdoors Supplies	Sporting Equipment & Supplies (footballs, parachutes, etc.)	Denied	0.0	Deny
89900	2006081711233	2006-08-14 00:00:00	2006-07-25 00:00:00	LIH	Lihue Airport		Passenger Property Loss	Checkpoint	45.0	Other	Other	Denied	0.0	Deny
90612	2006090612014	2006-08-28 00:00:00	2006-07-15 00:00:00	LIH	Lihue Airport	Aloha Airlines	Passenger Property Loss	Checked Baggage	12.49	Tools & Machines	Locks	Approved	12.49	Approve in Full
91348	2006091512613	2006-09-11 00:00:00	2006-08-28 00:00:00	LIH	Lihue Airport	UAL	Passenger Property Loss	Checked Baggage	2700.0	Electronics	Computer - Laptop	Denied	0.0	Deny
91496	2006091512627	2006-09-12 00:00:00	2006-08-17 00:00:00	LIH	Lihue Airport	Hawaiian Airlines	Passenger Property Loss	Checked Baggage		Other	Other	Insufficient, one of the following items required: sum certain, statement of fact, signature, location of incident, and date.		
91561	2006091812785	2006-09-14 00:00:00	2006-09-04 00:00:00	LIH	Lihue Airport	American Airlines	Passenger Property Loss	Checked Baggage	350.0	Scientific Intruments	Dental Equipment and Instruments	Denied	0.0	Deny
91566	2006091912797	2006-09-14 00:00:00	2006-02-28 00:00:00	LIH	Lihue Airport	Hawaiian Airlines	Passenger Property Loss	Checked Baggage	66.72	Tools & Machines	Lighters - (cigar, cigerette, etc.)	Denied	0.0	Deny
92187	2006092713409	2006-09-27 00:00:00	2006-09-24 00:00:00	LIH	Lihue Airport	UAL	Passenger Property Loss	Checked Baggage	21.54	Electronics	Cell Phones	Approved	21.54	Approve in Full
92457	2006101013807	2006-10-02 00:00:00	2006-09-25 00:00:00	LIH	Lihue Airport	Hawaiian Airlines	Passenger Property Loss	Checked Baggage	591.82	Electronics,Electronics	Cameras - Digital*Cell Phones	Denied	0.0	Deny
92495	2006101614004	2006-10-02 00:00:00	2006-07-26 00:00:00	LIH	Lihue Airport	Northwest Airlines	Passenger Property Loss	Checked Baggage	100.0	Other	Other	Settled	50.0	Settle
93822	2006110615175	2006-10-30 00:00:00	2006-10-15 00:00:00	LIH	Lihue Airport		Passenger Property Loss	Checked Baggage	500.0	Clothing & Accessories	Eyeglasses - (including contact lenses)	Canceled	0.0	
95018	2006112216116	2006-11-21 00:00:00	2006-11-11 00:00:00	LIH	Lihue Airport	UAL	Passenger Property Loss	Checked Baggage	493.9	Electronics	Cameras - Digital	Settled	150.82	Settle
95113	2006112916388	2006-11-24 00:00:00	2006-10-28 00:00:00	LIH	Lihue Airport	Aloha Airlines	Passenger Property Loss	Checked Baggage	900.0	Electronics	Cameras - Digital	Denied	0.0	Deny
95128	2006113016553	2006-11-24 00:00:00	2006-11-19 00:00:00	LIH	Lihue Airport	American Airlines	Passenger Property Loss	Checked Baggage	32.8	Clothing & Accessories	Clothing - Shoes, belts, accessories, etc.	Denied	0.0	Deny
95721	2006121517199	2006-12-05 00:00:00	2006-11-30 00:00:00	LIH	Lihue Airport	American Airlines	Passenger Property Loss	Checked Baggage	720.0	Watches & Jewelry	Jewelry - Fine	Denied	0.0	Deny
95848	2006121517184	2006-12-07 00:00:00	2006-11-07 00:00:00	LIH	Lihue Airport	USAir	Passenger Property Loss	Checked Baggage	116.72	Clothing & Accessories,Other	Clothing - Shoes, belts, accessories, etc.*Other	Denied	0.0	Deny
95938	2006122017501	2006-12-09 00:00:00	2006-09-17 00:00:00	LIH	Lihue Airport	Aloha Islandair Inc	Passenger Property Loss	Checked Baggage		Watches & Jewelry	Jewelry - Fine	Insufficient, one of the following items required: sum certain, statement of fact, signature, location of incident, and date.		
96370	2006122217815	2006-12-18 00:00:00	2006-08-14 00:00:00	LIH	Lihue Airport	Hawaiian Airlines	Passenger Property Loss	Checkpoint	110.0	Watches & Jewelry	Jewelry - Costume	Denied	0.0	Deny
96850	2007010418241	2006-12-28 00:00:00	2006-11-15 00:00:00	LIH	Lihue Airport	Aloha Airlines	Passenger Property Loss	Checked Baggage	8.54	Tools & Machines	Locks	Approved	8.54	Approve in Full
97895	2008011537896	2007-01-10 00:00:00	2008-01-03 00:00:00	LIH	Lihue Airport	UAL	Passenger Property Loss	Checked Baggage	112.52	Other	Other	Denied	0.0	Deny
98471	2007012619572	2007-01-22 00:00:00	2007-01-05 00:00:00	LIH	Lihue Airport	UAL	Passenger Property Loss	Checked Baggage	279.7	Clothing & Accessories,Other	Clothing - Shoes, belts, accessories, etc.*Other	Approved	279.7	Approve in Full
98932	2007020520196	2007-01-29 00:00:00	2006-11-20 00:00:00	LIH	Lihue Airport	ATA Aerocondor	Passenger Property Loss	Checked Baggage	25.98	Watches & Jewelry	Jewelry - Costume	Approved	25.98	Approve in Full
99117	2007013119881	2007-01-31 00:00:00	2007-01-20 00:00:00	LIH	Lihue Airport	Hawaiian Airlines	Passenger Property Loss	Checked Baggage	75.0	Clothing & Accessories	Clothing - Shoes, belts, accessories, etc.	Approved	75.0	Approve in Full
100182	2007022221327	2007-02-21 00:00:00	2007-02-09 00:00:00	LIH	Lihue Airport	USAir	Passenger Property Loss	Checked Baggage	33.0	Clothing & Accessories,Cosmetics,Other	Clothing - Shoes, belts, accessories, etc.*Cosmetics - Perfume, toilet articles, medicines, soaps, etc.*Other	Denied	0.0	Deny
100665	2007030521855	2007-03-02 00:00:00	2007-01-08 00:00:00	LIH	Lihue Airport	Island Air	Passenger Property Loss	Checked Baggage	250.0	Other	Other	Denied	0.0	Deny
100790	2007031322171	2007-03-05 00:00:00	2007-02-11 00:00:00	LIH	Lihue Airport	Delta Air Lines	Passenger Property Loss	Checked Baggage	30.0	Watches & Jewelry	Jewelry - Costume	Denied	0.0	Deny
101483	2007032222710	2007-03-19 00:00:00	2007-03-06 00:00:00	LIH	Lihue Airport	ATA Aerocondor	Passenger Property Loss	Checked Baggage	7211.0	Cosmetics,Watches & Jewelry,Supplies	Cosmetics - Perfume, toilet articles, medicines, soaps, etc.*Jewelry - Fine*Medicines	Denied	0.0	Deny
102354	2007040623568	2007-04-04 00:00:00	2007-03-31 00:00:00	LIH	Lihue Airport		Passenger Property Loss	Checked Baggage	200.0	Clothing & Accessories,Electronics	Clothing - Shoes, belts, accessories, etc.*MP3 Players-(iPods, etc)	Denied	0.0	Deny
103299	2007042624583	2007-04-23 00:00:00	2007-03-18 00:00:00	LIH	Lihue Airport	Aloha Airlines	Passenger Property Loss	Checked Baggage	17.97	Clothing & Accessories,Tools & Machines,Other	Clothing - Shoes, belts, accessories, etc.*Locks*Other	Denied	0.0	Deny
103432	2007043024729	2007-04-26 00:00:00	2007-04-15 00:00:00	LIH	Lihue Airport	Aloha Airlines	Passenger Property Loss	Checked Baggage	15.58	Other	Other	Canceled	0.0	
103740	2007050825089	2007-05-03 00:00:00	2007-04-20 00:00:00	LIH	Lihue Airport	UAL	Passenger Property Loss	Checked Baggage	21.8	Office Supplies	Books - Fiction, paperbacks, magazines, etc.	Approved	21.8	Approve in Full
104294	2007052325870	2007-05-15 00:00:00	2007-05-11 00:00:00	LIH	Lihue Airport	Hawaiian Airlines	Passenger Property Loss	Checked Baggage	27.07	Electronics	Video Recordings - Laser Discs	Approved	27.07	Approve in Full
105173	2007070927962	2007-06-02 00:00:00	2007-06-05 00:00:00	LIH	Lihue Airport	UAL	Passenger Property Loss	Checked Baggage	88.0	Electronics	MP3 Players-(iPods, etc)	Denied	0.0	Deny
105332	2007061126659	2007-06-05 00:00:00	2007-05-17 00:00:00	LIH	Lihue Airport	Hawaiian Airlines	Passenger Property Loss	Checked Baggage	22.91	Clothing & Accessories	Clothing - Shoes, belts, accessories, etc.	Approved	22.91	Approve in Full
105800	2007061827050	2007-06-14 00:00:00	2007-06-04 00:00:00	LIH	Lihue Airport	Hawaiian Airlines	Passenger Property Loss	Checked Baggage	287.0	Electronics	Cameras - Digital	Denied	0.0	Deny
106249	2007062827560	2007-06-22 00:00:00	2007-05-25 00:00:00	LIH	Lihue Airport	Aloha Airlines	Passenger Property Loss	Checked Baggage	476.05	Clothing & Accessories	Eyeglasses - (including contact lenses)	Denied	0.0	Deny
106892	2007071228220	2007-07-06 00:00:00	2007-06-26 00:00:00	LIH	Lihue Airport	USAir	Passenger Property Loss	Checked Baggage	500.0	Other,Scientific Intruments	Other*Professional Equipment	Denied	0.0	Deny
107352	2007071928629	2007-07-16 00:00:00	2007-07-06 00:00:00	LIH	Lihue Airport	Alaska Airlines	Passenger Property Loss	Checked Baggage	514.96	Electronics,Electronics	Cameras - Digital*Cameras - Non-electronic (Camera supplies, lenses, projectors, etc.)	Denied	0.0	Deny
107638	2007072428961	2007-07-20 00:00:00	2007-07-18 00:00:00	LIH	Lihue Airport	Northwest Airlines	Passenger Property Loss	Checkpoint	365.0	Electronics	Cameras - Digital	Denied	0.0	Deny
107971	2007072729278	2007-07-26 00:00:00	2007-07-22 00:00:00	LIH	Lihue Airport	USAir	Passenger Property Loss	Checked Baggage	211.95	Watches & Jewelry	Jewelry - Costume	Denied	0.0	Deny
108390	2007080729751	2007-08-02 00:00:00	2007-07-28 00:00:00	LIH	Lihue Airport	Aloha Airlines	Passenger Property Loss	Checked Baggage	500.0	Electronics	Cameras - Digital	Denied	0.0	Deny
109196	2007082030505	2007-08-17 00:00:00	2007-08-06 00:00:00	LIH	Lihue Airport	Aloha Airlines	Passenger Property Loss	Checked Baggage	221.81	Cosmetics,Clothing & Accessories	Cosmetics - Perfume, toilet articles, medicines, soaps, etc.*Eyeglasses - (including contact lenses)	Denied	0.0	Deny
109917	2007090631498	2007-08-29 00:00:00	2007-08-18 00:00:00	LIH	Lihue Airport	Aloha Airlines	Passenger Property Loss	Checked Baggage	39.58	Clothing & Accessories	Clothing - Shoes, belts, accessories, etc.	Denied	0.0	Deny
110278	2007091131632	2007-09-06 00:00:00	2007-08-09 00:00:00	LIH	Lihue Airport	Aloha Airlines	Passenger Property Loss	Checked Baggage	183.0	Cosmetics,Other	Cosmetics - Perfume, toilet articles, medicines, soaps, etc.*Other	Denied	0.0	Deny
111099	2007092532516	2007-09-21 00:00:00	2007-08-19 00:00:00	LIH	Lihue Airport	American Airlines	Passenger Property Loss	Checked Baggage	10.0	Tools & Machines	Locks	Denied	0.0	Deny
111686	2007100933136	2007-10-04 00:00:00	2007-07-15 00:00:00	LIH	Lihue Airport	Hawaiian Airlines	Passenger Property Loss	Checked Baggage	12.0	Other	Other	Approved	12.0	Approve in Full
111712	2007100533067	2007-10-04 00:00:00	2007-09-22 00:00:00	LIH	Lihue Airport	Aloha Airlines	Passenger Property Loss	Checked Baggage	500.0	Containers	Handbags & Purses (leather or fabric)	Denied	0.0	Deny
111865	2007101133232	2007-10-09 00:00:00	2007-07-02 00:00:00	LIH	Lihue Airport	ATA Aerocondor	Passenger Property Loss	Checked Baggage	56.48	Other,Other	Currency*Other	Denied	0.0	Deny
111902	2007101233331	2007-10-09 00:00:00	2007-08-25 00:00:00	LIH	Lihue Airport	UAL	Passenger Property Loss	Checked Baggage	38.31	Household Decor	Ceramics - Animals, etc.	Denied	0.0	Deny
112291	2007101933737	2007-10-16 00:00:00	2007-09-23 00:00:00	LIH	Lihue Airport	Aloha Airlines	Passenger Property Loss	Checked Baggage	254.96	Electronics	DVD/CD Players	Denied	0.0	Deny
112716	2007102934096	2007-10-25 00:00:00	2007-10-19 00:00:00	LIH	Lihue Airport	Hawaiian Airlines	Passenger Property Loss	Checked Baggage	172.88	Other	Other	Denied	0.0	Deny
112761	2007102934085	2007-10-26 00:00:00	2007-10-21 00:00:00	LIH	Lihue Airport	Hawaiian Airlines	Passenger Property Loss	Checked Baggage	1173.0	Watches & Jewelry	Jewelry - Fine	Canceled	0.0	
112819	2007103134188	2007-10-29 00:00:00	2007-10-18 00:00:00	LIH	Lihue Airport	Hawaiian Airlines	Passenger Property Loss	Checkpoint	104.0	Watches & Jewelry	Jewelry - Costume	Canceled	0.0	
112845	2007110134234	2007-10-29 00:00:00	2007-10-24 00:00:00	LIH	Lihue Airport	UAL	Passenger Property Loss	Checked Baggage	2226.24	Clothing & Accessories,Clothing & Accessories,Watches & Jewelry,Other	Clothing - Shoes, belts, accessories, etc.*Eyeglasses - (including contact lenses)*Jewelry - Costume*Other	Denied	0.0	Deny
113054	2007110534498	2007-11-01 00:00:00	2007-10-26 00:00:00	LIH	Lihue Airport	Hawaiian Airlines	Passenger Property Loss	Checked Baggage	1000.0	Other	Other	Canceled	0.0	
113726	2007112035197	2007-11-15 00:00:00	2007-11-10 00:00:00	LIH	Lihue Airport	Hawaiian Airlines	Passenger Property Loss	Checked Baggage	13.0	Other	Other	Approved	13.0	Approve in Full
113767	2007111935189	2007-11-15 00:00:00	2007-10-17 00:00:00	LIH	Lihue Airport	Hawaiian Airlines	Passenger Property Loss	Checked Baggage	72.18	Clothing & Accessories	Clothing - Shoes, belts, accessories, etc.	Denied	0.0	Deny
113995	2007112635438	2007-11-19 00:00:00	2007-10-20 00:00:00	LIH	Lihue Airport	Aloha Airlines	Passenger Property Loss	Checked Baggage	160.07	Clothing & Accessories,Electronics	Clothing - Shoes, belts, accessories, etc.*DVD/CD Players	Settled	80.09	Settle
115607	2007122837078	2007-12-26 00:00:00	2007-12-02 00:00:00	LIH	Lihue Airport	Aloha Airlines	Passenger Property Loss	Checked Baggage	16.04	Tools & Machines	Locks	Denied	0.0	Deny
116166	2008010837550	2008-01-07 00:00:00	2007-11-27 00:00:00	LIH	Lihue Airport	Aloha Airlines	Passenger Property Loss	Checked Baggage	240.0	Clothing & Accessories,Clothing & Accessories,Other	Clothing - Shoes, belts, accessories, etc.*Eyeglasses - (including contact lenses)*Other	Denied	0.0	Deny
118470	2008022540088	2008-02-19 00:00:00	2008-01-27 00:00:00	LIH	Lihue Airport	American Airlines	Passenger Property Loss	Checked Baggage	300.0	Electronics,Other	Cameras - Digital*Currency	Denied	0.0	Deny
118958	2008030740595	2008-02-27 00:00:00	2008-02-06 00:00:00	LIH	Lihue Airport	American Airlines	Passenger Property Loss	Checked Baggage	17.9	Other	Other	Denied	0.0	Deny
119870	2008032841604	2008-03-18 00:00:00	2008-03-12 00:00:00	LIH	Lihue Airport	ATA Aerocondor	Passenger Property Loss	Checked Baggage	26.0	Tools & Machines,Tools & Machines	Locks*Locks	Denied	0.0	Deny
120790	2008041142501	2008-04-04 00:00:00	2008-03-26 00:00:00	LIH	Lihue Airport	UAL	Passenger Property Loss	Checked Baggage	400.0	Scientific Intruments	Professional Equipment	Canceled	0.0	
120858	2008041542554	2008-04-07 00:00:00	2008-03-11 00:00:00	LIH	Lihue Airport	Go	Passenger Property Loss	Checked Baggage	400.0	Watches & Jewelry,Other	Jewelry - Fine*Other	Approved	400.0	Approve in Full
121417	2008042243071	2008-04-15 00:00:00	2008-02-24 00:00:00	LIH	Lihue Airport	Aloha Airlines	Passenger Property Loss		354.98	Electronics	GPS - Global Positioning System	Denied	0.0	Deny
121514	2008042243161	2008-04-17 00:00:00	2008-04-02 00:00:00	LIH	Lihue Airport	American Airlines	Passenger Property Loss	Checked Baggage	500.0	Watches & Jewelry	Jewelry - Fine	Denied	0.0	Deny
121523	2008042343212	2008-04-17 00:00:00	2008-03-31 00:00:00	LIH	Lihue Airport	Alaska Airlines	Passenger Property Loss	Checked Baggage	326.5	Electronics,Other	GPS - Global Positioning System*Other	Denied	0.0	Deny
122450	2008050944075	2008-05-07 00:00:00	2008-04-30 00:00:00	LIH	Lihue Airport	Hawaiian Airlines	Passenger Property Loss	Checked Baggage	200.0	Clothing & Accessories	Clothing - Shoes, belts, accessories, etc.	Denied	0.0	Deny
122967	2008052244685	2008-05-19 00:00:00	2008-05-10 00:00:00	LIH	Lihue Airport	Hawaiian Airlines	Passenger Property Loss	Checked Baggage	41.64	Watches & Jewelry	Jewelry - Costume	Denied	0.0	Deny
123474	2008060345184	2008-05-29 00:00:00	2008-05-09 00:00:00	LIH	Lihue Airport	Hawaiian Airlines	Passenger Property Loss	Checked Baggage	1198.97	Watches & Jewelry	Jewelry - Fine	Denied	0.0	Deny
123789	2008061045480	2008-06-05 00:00:00	2008-05-31 00:00:00	LIH	Lihue Airport	Hawaiian Airlines	Passenger Property Loss	Checkpoint	173.91	Clothing & Accessories	Eyeglasses - (including contact lenses)	Denied	0.0	Deny
124660	2008063046379	2008-06-25 00:00:00	2008-01-10 00:00:00	LIH	Lihue Airport	USAir	Passenger Property Loss	Checked Baggage	2894.85	Office Supplies,Electronics,Other,Scientific Intruments	Books - Fiction, paperbacks, magazines, etc.*Cameras - Digital*Other*Professional Equipment	Denied	0.0	Deny
126321	2008081148323	2008-07-31 00:00:00	2008-06-30 00:00:00	LIH	Lihue Airport	Alaska Airlines	Passenger Property Loss	Checked Baggage	30.0	Supplies	Medicines	Denied	0.0	Deny
127135	2008082048874	2008-08-19 00:00:00	2008-07-25 00:00:00	LIH	Lihue Airport	American Airlines	Passenger Property Loss	Checkpoint	50.0	Clothing & Accessories	Clothing - Shoes, belts, accessories, etc.	Denied	0.0	Deny
127689	2008090449506	2008-09-02 00:00:00	2008-08-21 00:00:00	LIH	Lihue Airport	Alaska Airlines	Passenger Property Loss	Checked Baggage	500.0	Watches & Jewelry	Jewelry - Fine	Denied	0.0	Deny
129763	2008102751613	2008-10-22 00:00:00	2008-10-17 00:00:00	LIH	Lihue Airport	Delta Air Lines	Passenger Property Loss	Checked Baggage	5.77	Other	Other	Denied	0.0	Deny
131232	2008120953218	2008-12-01 00:00:00	2008-01-26 00:00:00	LIH	Lihue Airport	Aloha Airlines	Passenger Property Loss	Checkpoint	2174.4	Outdoors Supplies	Sporting Equipment & Supplies (footballs, parachutes, etc.)	Denied	0.0	Deny
131496	2009011454458	2008-12-08 00:00:00	2008-11-30 00:00:00	LIH	Lihue Airport	Hawaiian Airlines	Passenger Property Loss	Checked Baggage	340.0	Other	Other	Denied	0.0	Deny
131623	2008121853516	2008-12-10 00:00:00	2008-11-24 00:00:00	LIH	Lihue Airport	Hawaiian Airlines	Passenger Property Loss	Checked Baggage	10.32	Tools & Machines	Locks	Denied	0.0	Deny
132093	2008123153928	2008-12-23 00:00:00	2008-08-30 00:00:00	LIH	Lihue Airport	American Airlines	Passenger Property Loss	Checkpoint	25.0	Other	Other	Approved	25.0	Approve in Full
132892	2009012354836	2009-01-13 00:00:00	2007-02-20 00:00:00	LIH	Lihue Airport	Hawaiian Airlines	Passenger Property Loss	Checkpoint	1500.0	Electronics,Watches & Jewelry	Audio - CD's*Jewelry - Fine	Denied	0.0	Deny
133077	2009013055047	2009-01-21 00:00:00	2008-12-19 00:00:00	LIH	Lihue Airport	Hawaiian Airlines	Passenger Property Loss	Checked Baggage	29.5	Supplies	Medicines	Approved	29.5	Approve in Full
136446	2009050758445	2009-04-21 00:00:00	2009-04-04 00:00:00	LIH	Lihue Airport	UAL	Passenger Property Loss	Checked Baggage	54.44	Tools & Machines	Binoculars	Denied	0.0	Deny
136619	2009051858787	2009-04-24 00:00:00	2009-04-14 00:00:00	LIH	Lihue Airport	USAir	Passenger Property Loss	Checked Baggage	1556.35	Electronics,Containers,Other	Cameras - Digital*Handbags & Purses (leather or fabric)*Other	Denied	0.0	Deny
136644	2009051458615	2009-04-27 00:00:00	2009-04-09 00:00:00	LIH	Lihue Airport	Hawaiian Airlines	Passenger Property Loss	Checked Baggage	1494.96	Electronics,Electronics	Cameras - Digital*Cameras - Non-electronic (Camera supplies, lenses, projectors, etc.)	Denied	0.0	Deny
137302	2009052159197	2009-05-15 00:00:00	2009-03-20 00:00:00	LIH	Lihue Airport	UAL	Passenger Property Loss	Checkpoint	325.0	Cosmetics	Cosmetics - Perfume, toilet articles, medicines, soaps, etc.	Denied	0.0	Deny
137650	2009052759531	2009-05-26 00:00:00	2009-05-13 00:00:00	LIH	Lihue Airport		Passenger Property Loss		47.81	Electronics	Stereo Items & Accessories	Insufficient, one of the following items required: sum certain, statement of fact, signature, location of incident, and date.		
138318	2009061560155	2009-06-12 00:00:00	2009-08-06 00:00:00	LIH	Lihue Airport	Hawaiian Airlines	Passenger Property Loss	Checked Baggage	57.38	Tools & Machines	Locks	Denied	0.0	Deny
140352	2009080662347	2009-08-05 00:00:00	2009-08-03 00:00:00	LIH	Lihue Airport	Hawaiian Airlines	Passenger Property Loss	Checked Baggage	55.0	Outdoors Supplies	Camping Equipment & Supplies	Denied	0.0	Deny
140968	2009082763044	2009-08-24 00:00:00	2009-06-08 00:00:00	LIH	Lihue Airport	Go	Passenger Property Loss	Checked Baggage	120.0	Outdoors Supplies	Camping Equipment & Supplies	Denied	0.0	Deny
142238	2009100264286	2009-09-29 00:00:00	2009-09-14 00:00:00	LIH	Lihue Airport	Hawaiian Airlines	Passenger Property Loss	Checked Baggage	150.0	Electronics	Cameras - Digital	Denied	0.0	Deny
143709	2009120265905	2009-11-17 00:00:00	2009-10-22 00:00:00	LIH	Lihue Airport	American Airlines	Passenger Property Loss	Checked Baggage	298.01	Watches & Jewelry	Jewelry - Costume	Approved	298.01	Approve in Full
144039	2009120366028	2009-11-27 00:00:00	2009-11-07 09:30:00	LIH	Lihue Airport	Hawaiian Airlines	Passenger Property Loss	Checkpoint	10.0	Cosmetics	Cosmetics - Perfume, toilet articles, medicines, soaps, etc.	Denied	0.0	Deny
144488	2009121766632	2009-12-10 00:00:00	2009-11-21 12:00:00	LIH	Lihue Airport	UAL	Passenger Property Loss	Checkpoint	79.0	Clothing & Accessories	Clothing - Shoes, belts, accessories, etc.	Approved	79.0	Approve in Full
145730	2010022268629	2010-02-12 00:00:00	2010-01-26 00:00:00	LIH	Lihue Airport	Hawaiian Airlines	Passenger Property Loss	Checked Baggage		Cosmetics	Travel Accessories		17.0	Settle
146151	2010031069339	2010-02-25 00:00:00	2010-02-06 00:00:00	LIH	Lihue Airport	Hawaiian Airlines	Passenger Property Loss	Checked Baggage		Watches & Jewelry	Jewelry & Watches		0.0	Deny
146360	2010031169469	2010-03-04 00:00:00	2010-02-27 19:00:00	LIH	Lihue Airport	UAL	Passenger Property Loss	Checked Baggage		Containers	Baggage/Cases/Purses		40.0	Settle
146487	2010031869705	2010-03-08 00:00:00	2010-02-07 10:00:00	LIH	Lihue Airport	UAL	Passenger Property Loss	Checked Baggage		Cosmetics	Cosmetics & Grooming		0.0	Deny
146813	2010032570028	2010-03-17 00:00:00	2010-03-06 14:09:00	LIH	Lihue Airport	Hawaiian Airlines	Passenger Property Loss	Checked Baggage		Clothing & Accessories,Scientific Intruments	Clothing*Medical/Science		0.0	Deny
146894	2010032570034	2010-03-22 00:00:00	2010-02-04 16:00:00	LIH	Lihue Airport		Passenger Property Loss	Checkpoint		Electronics	Computer & Accessories			
147366	2010040870587	2010-04-05 00:00:00	2010-03-31 00:00:00	LIH	Lihue Airport	UAL	Passenger Property Loss	Checked Baggage		Cosmetics	Travel Accessories		0.0	Deny
147436	2010040770545	2010-04-06 00:00:00	2010-04-02 09:30:00	LIH	Lihue Airport	Hawaiian Airlines	Passenger Property Loss	Checked Baggage		Cosmetics	Travel Accessories		21.55	Approve in Full
147611	2010041570844	2010-04-12 00:00:00	2010-03-05 12:30:00	LIH	Lihue Airport	Island Air	Passenger Property Loss	Checkpoint		Clothing & Accessories	Personal Accessories		0.0	Deny
147662	2010041470781	2010-04-13 00:00:00	2010-03-17 19:00:00	LIH	Lihue Airport	American Airlines	Passenger Property Loss	Checked Baggage		Electronics,Clothing & Accessories,Clothing & Accessories	Cameras*Clothing*Personal Accessories		0.0	Deny
148074	2010043071342	2010-04-26 00:00:00	2010-03-25 09:30:00	LIH	Lihue Airport	Mesa Airlines	Passenger Property Loss	Checkpoint		Clothing & Accessories	Personal Accessories		0.0	Deny
148192	2010041270689	2010-04-29 00:00:00	2010-04-04 18:06:00	LIH	Lihue Airport	Hawaiian Airlines	Passenger Property Loss	Checked Baggage		Clothing & Accessories	Clothing		0.0	Deny
150518	2010072073912	2010-07-12 00:00:00	2010-06-27 11:00:00	LIH	Lihue Airport	Hawaiian Airlines	Passenger Property Loss	Checked Baggage		Clothing & Accessories	Clothing		0.0	Deny
150728	2010072474020	2010-07-19 00:00:00	2010-07-07 00:00:00	LIH	Lihue Airport	Continental Airlines	Passenger Property Loss	Checked Baggage		Electronics,Other,Other	Cameras*Other*Other		0.0	Deny
151021	2010080574469	2010-07-26 00:00:00	2010-08-05 00:00:00	LIH	Lihue Airport		Passenger Property Loss			Scientific Intruments	Medical/Science			
151065	2010080374331	2010-07-27 00:00:00	2010-07-17 00:00:00	LIH	Lihue Airport	Continental Airlines	Passenger Property Loss	Checked Baggage		Electronics	Computer & Accessories		0.0	Deny
151962	2010082475280	2010-08-23 00:00:00	2010-08-12 07:30:00	LIH	Lihue Airport	Hawaiian Airlines	Passenger Property Loss	Checkpoint		Electronics	Cameras			
152237	2010090175583	2010-08-29 00:00:00	2010-08-21 14:00:00	LIH	Lihue Airport	Hawaiian Airlines	Passenger Property Loss	Checked Baggage		Other,Clothing & Accessories	Other*Personal Accessories		0.0	Deny
153424	2010101276866	2010-10-04 00:00:00	2010-10-22 00:00:00	LIH	Lihue Airport	Hawaiian Airlines	Passenger Property Loss	Checked Baggage		Electronics	Personal Electronics		0.0	Deny
155057	2010120278423	2010-11-24 00:00:00	2010-11-02 13:00:00	LIH	Lihue Airport	Hawaiian Airlines	Passenger Property Loss	Checked Baggage		Containers,Clothing & Accessories,Other,Outdoors Supplies	Baggage/Cases/Purses*Clothing*Other*Sporting Equipment & Supplies (footballs, parachutes, etc.)		306.87	Settle
156965	2011022380431	2011-01-26 00:00:00	2010-12-28 17:45:00	LIH	Lihue Airport	Hawaiian Airlines	Passenger Property Loss	Checked Baggage		Cosmetics	Travel Accessories		20.0	Approve in Full
157372	2011021580211	2011-02-09 00:00:00	2011-01-21 00:00:00	LIH	Lihue Airport	Hawaiian Airlines	Passenger Property Loss	Checked Baggage		Outdoors Supplies	Outdoor Items		0.0	Deny
158022	2011033181587	2011-03-03 00:00:00	2010-10-13 00:00:00	LIH	Lihue Airport		Passenger Property Loss	Checked Baggage		Cosmetics	Travel Accessories		0.0	Deny
158978	2011041482504	2011-04-04 00:00:00	2011-03-24 00:00:00	LIH	Lihue Airport	Aloha Airlines	Passenger Property Loss	Checked Baggage		Electronics	Computer & Accessories		0.0	Deny
160748	2011061384275	2011-06-01 00:00:00	2011-05-22 00:00:00	LIH	Lihue Airport	UAL	Passenger Property Loss	Checked Baggage		Clothing & Accessories	Personal Accessories		203.25	Settle
161292	2011063084830	2011-06-20 00:00:00	2011-06-17 12:30:00	LIH	Lihue Airport	UAL	Passenger Property Loss	Checked Baggage		Clothing & Accessories	Clothing		0.0	Deny
161947	2011072785547	2011-07-12 00:00:00	2011-07-07 10:30:00	LIH	Lihue Airport	Hawaiian Airlines	Passenger Property Loss	Checked Baggage		Household Items	Household Items		89.0	Settle
162198	2011080585770	2011-07-19 00:00:00	2011-07-09 00:00:00	LIH	Lihue Airport	Alaska Airlines	Passenger Property Loss	Checked Baggage		Other	Other		0.0	Deny
162552	2011081286095	2011-07-29 00:00:00	2011-07-20 09:00:00	LIH	Lihue Airport	Hawaiian Airlines	Passenger Property Loss	Checked Baggage		Electronics	Computer & Accessories		0.0	Deny
163290	2011091386898	2011-08-22 00:00:00	2011-08-11 20:00:00	LIH	Lihue Airport	UAL	Passenger Property Loss	Checked Baggage		Other	Other		0.0	Deny
164025	2011100587552	2011-09-16 00:00:00	2011-09-10 10:00:00	LIH	Lihue Airport	Hawaiian Airlines	Passenger Property Loss	Checked Baggage		Electronics	Computer & Accessories		0.0	Deny
164042	2011100587582	2011-09-19 00:00:00	2011-08-17 00:00:00	LIH	Lihue Airport	Hawaiian Airlines	Passenger Property Loss	Checked Baggage		Cosmetics	Cosmetics & Grooming		74.0	Approve in Full
165107	2011110888778	2011-10-24 00:00:00	2011-10-13 19:00:00	LIH	Lihue Airport	Delta Air Lines	Passenger Property Loss	Checked Baggage		Outdoors Supplies	Sporting Equipment & Supplies (footballs, parachutes, etc.)		18.2	Approve in Full
165691	2011113089244	2011-11-14 00:00:00	2011-10-31 11:30:00	LIH	Lihue Airport	Hawaiian Airlines	Passenger Property Loss	Checked Baggage		Containers	Baggage/Cases/Purses		5.47	Approve in Full
165811	2011120589337	2011-11-16 00:00:00	2011-10-15 00:00:00	LIH	Lihue Airport	Alaska Airlines	Passenger Property Loss	Checked Baggage		Clothing & Accessories	Clothing		0.0	Deny
165892	2011121289492	2011-11-21 00:00:00	2011-11-13 00:00:00	LIH	Lihue Airport	Hawaiian Airlines	Passenger Property Loss	Checked Baggage		Other	Other		0.0	Deny
165977	2011121389594	2011-11-22 00:00:00	2011-11-13 00:00:00	LIH	Lihue Airport	Hawaiian Airlines	Passenger Property Loss	Checked Baggage		Clothing & Accessories	Clothing		0.0	Deny
166059	2011121389606	2011-11-28 00:00:00	2011-11-17 09:30:00	LIH	Lihue Airport	American Airlines	Passenger Property Loss	Checked Baggage		Electronics	Cameras		0.0	Deny
166096	2011121589698	2011-11-28 00:00:00	2011-11-09 21:00:00	LIH	Lihue Airport	UAL	Passenger Property Loss	Checked Baggage		Other	Other		0.0	Deny
166639	2012011290193	2011-12-19 00:00:00	2011-12-12 00:00:00	LIH	Lihue Airport	Alaska Airlines	Passenger Property Loss	Checked Baggage		Containers,Clothing & Accessories	Baggage/Cases/Purses*Clothing		0.0	Deny
166727	2012012090309	2011-12-21 00:00:00	2011-12-17 00:00:00	LIH	Lihue Airport	Delta Air Lines	Passenger Property Loss	Checked Baggage		Watches & Jewelry	Jewelry & Watches		0.0	Deny
167159	2012020790755	2012-01-06 00:00:00	2011-12-26 19:00:00	LIH	Lihue Airport	Hawaiian Airlines	Passenger Property Loss	Checkpoint		Cosmetics	Cosmetics & Grooming		36.0	Approve in Full
167220	2012021491015	2012-01-09 00:00:00	2011-09-07 20:00:00	LIH	Lihue Airport		Passenger Property Loss	Checkpoint		Other	Other		8.93	Approve in Full
167631	2012012090315	2012-01-20 00:00:00	2011-10-14 09:10:00	LIH	Lihue Airport	Hawaiian Airlines	Passenger Property Loss	Checked Baggage		Cosmetics	Travel Accessories		5.4	Approve in Full
168682	2012040292318	2012-02-23 00:00:00	2012-02-22 00:00:00	LIH	Lihue Airport	Hawaiian Airlines	Passenger Property Loss	Checked Baggage		Cosmetics	Travel Accessories		13.0	Approve in Full
168715	2012030691540	2012-02-26 00:00:00	2012-01-24 13:00:00	LIH	Lihue Airport	American Airlines	Passenger Property Loss	Checked Baggage		Other	Other			
169551	2012042493153	2012-03-27 00:00:00	2012-03-14 00:00:00	LIH	Lihue Airport	Hawaiian Airlines	Passenger Property Loss	Checked Baggage		Clothing & Accessories	Personal Accessories		40.0	Approve in Full
169709	2012042793332	2012-04-03 00:00:00	2012-03-14 00:00:00	LIH	Lihue Airport	Alaska Airlines	Passenger Property Loss	Checked Baggage		Cosmetics	Travel Accessories		10.5	Approve in Full
170259	2012051593996	2012-04-23 00:00:00	2012-04-15 00:00:00	LIH	Lihue Airport	UAL	Passenger Property Loss	Checked Baggage		Cosmetics	Cosmetics & Grooming		50.0	Settle
170367	2012050993736	2012-04-26 00:00:00	2012-04-06 00:00:00	LIH	Lihue Airport	Hawaiian Airlines	Passenger Property Loss	Checked Baggage		Clothing & Accessories	Clothing		0.0	Deny
170451	2012052194095	2012-04-30 00:00:00	2012-04-15 00:00:00	LIH	Lihue Airport	UAL	Passenger Property Loss	Checked Baggage		Other	Other			
170869	2012051493910	2012-05-14 00:00:00	2012-04-24 00:00:00	LIH	Lihue Airport	UAL	Passenger Property Loss	Checked Baggage		Cosmetics	Cosmetics & Grooming		0.0	Deny
173584	2012100197262	2012-08-20 00:00:00	2012-08-07 16:30:00	LIH	Lihue Airport	Hawaiian Airlines	Passenger Property Loss	Checked Baggage		Other	Other		119.99	Approve in Full
173778	2012100797449	2012-08-27 00:00:00	2012-07-22 20:30:00	LIH	Lihue Airport	USAir	Passenger Property Loss	Checked Baggage		Household Items	Household Items		0.0	Deny
174229	2012102397947	2012-09-11 00:00:00	2012-08-05 17:00:00	LIH	Lihue Airport	Hawaiian Airlines	Passenger Property Loss	Checked Baggage		Clothing & Accessories	Clothing		48.74	Approve in Full
174930	2012112698855	2012-10-05 00:00:00	2012-08-24 00:00:00	LIH	Lihue Airport	Hawaiian Airlines	Passenger Property Loss	Checked Baggage		Cosmetics	Travel Accessories			
175121	2012101697607	2012-10-16 00:00:00	2012-08-19 17:00:00	LIH	Lihue Airport	Hawaiian Airlines	Passenger Property Loss	Checked Baggage		Cosmetics	Travel Accessories		6.74	Approve in Full
175920	2012111498657	2012-11-14 00:00:00	2012-09-18 19:12:00	LIH	Lihue Airport	Hawaiian Airlines	Passenger Property Loss	Checked Baggage		Watches & Jewelry	Jewelry & Watches		0.0	Deny
176323	2013011199945	2012-11-29 00:00:00	2012-10-13 00:00:00	LIH	Lihue Airport	Hawaiian Airlines	Passenger Property Loss	Checked Baggage		Cosmetics	Travel Accessories		0.0	Deny
176433	2013012200047	2012-12-04 00:00:00	2012-08-24 00:00:00	LIH	Lihue Airport	Hawaiian Airlines	Passenger Property Loss	Checked Baggage		Cosmetics	Travel Accessories		0.0	Deny
177105	2013020400917	2013-01-03 00:00:00	2013-01-01 00:00:00	LIH	Lihue Airport	UAL	Passenger Property Loss	Checked Baggage		Watches & Jewelry	Jewelry & Watches		0.0	Deny
177692	2013021201351	2013-01-23 00:00:00	2012-12-25 13:45:00	LIH	Lihue Airport	Hainan Airlines	Passenger Property Loss	Checked Baggage		Watches & Jewelry,Cosmetics	Jewelry & Watches*Travel Accessories		0.0	Deny
177883	2013022101841	2013-01-29 00:00:00	2012-11-14 00:00:00	LIH	Lihue Airport		Passenger Property Loss	Checkpoint		Electronics	Computer & Accessories		141.26	Approve in Full
178230	2013022502004	2013-02-11 00:00:00	2012-07-29 00:00:00	LIH	Lihue Airport	Hawaiian Airlines	Passenger Property Loss	Checked Baggage		Other	Other		0.0	Deny
178810	2013031202527	2013-03-04 00:00:00	2013-01-24 00:00:00	LIH	Lihue Airport	Hawaiian Airlines	Passenger Property Loss	Checked Baggage		Other	Currency		0.0	Deny
178987	2013032202690	2013-03-11 00:00:00	2013-01-29 00:00:00	LIH	Lihue Airport	Delta Air Lines	Passenger Property Loss	Checked Baggage		Containers	Baggage/Cases/Purses		0.0	Deny
181185	2013062504682	2013-06-04 00:00:00	2013-05-28 13:00:00	LIH	Lihue Airport	Alaska Airlines	Passenger Property Loss	Checkpoint		Other	Other		0.0	Deny
181537	2013080605717	2013-06-14 00:00:00	2013-05-21 20:30:00	LIH	Lihue Airport	Hawaiian Airlines	Passenger Property Loss	Checked Baggage		Outdoors Supplies	Hunting & Fishing Items		177.96	Approve in Full
181947	2013072505436	2013-06-28 00:00:00	2013-06-13 18:31:00	LIH	Lihue Airport	Hawaiian Airlines	Passenger Property Loss	Checked Baggage		Cosmetics	Travel Accessories		10.0	Approve in Full
182133	2013081005811	2013-07-05 00:00:00	2013-06-30 19:41:00	LIH	Lihue Airport	Hawaiian Airlines	Passenger Property Loss	Checked Baggage		Household Decor	Home Decor		0.0	Deny
182422	2013082606273	2013-07-16 00:00:00	2013-07-08 12:00:00	LIH	Lihue Airport	UAL	Passenger Property Loss	Checked Baggage		Cosmetics	Cosmetics & Grooming		0.0	Deny
182877	2013090606613	2013-08-01 00:00:00	2013-07-29 11:00:00	LIH	Lihue Airport	Hawaiian Airlines	Passenger Property Loss	Checkpoint		Games & Toys	Toys & Games		23.99	Approve in Full
183428	2013102107515	2013-08-16 00:00:00	2013-07-22 13:40:00	LIH	Lihue Airport	Hawaiian Airlines	Passenger Property Loss	Checked Baggage		Cosmetics	Travel Accessories		0.0	Deny
183610	2013102307659	2013-08-23 00:00:00	2013-08-02 07:00:00	LIH	Lihue Airport	Hawaiian Airlines	Passenger Property Loss	Checkpoint		Electronics	Cameras		0.0	Deny
184066	2013102808091	2013-09-10 00:00:00	2013-08-23 00:00:00	LIH	Lihue Airport	Hawaiian Airlines	Passenger Property Loss	Checked Baggage		Electronics	Computer & Accessories		0.0	Deny
184658	2013102908211	2013-10-02 00:00:00	2013-08-28 00:00:00	LIH	Lihue Airport	Alaska Airlines	Passenger Property Loss	Checked Baggage		Watches & Jewelry	Jewelry & Watches			
185898	2013120309770	2013-11-25 00:00:00	2013-07-31 09:11:00	LIH	Lihue Airport	UAL	Passenger Property Loss	Checked Baggage		Electronics	Personal Electronics			
187869	2014021111633	2014-02-05 00:00:00	2014-01-24 00:00:00	LIH	Lihue Airport	Alaska Airlines	Passenger Property Loss	Checked Baggage		Electronics	Personal Electronics		0.0	Deny
188069	2014022011838	2014-02-17 00:00:00	2012-04-28 00:00:00	LIH	Lihue Airport	UAL	Passenger Property Loss	Checked Baggage		Electronics	Cameras		0.0	Deny
188104	2014022111874	2014-02-19 00:00:00	2014-01-31 00:00:00	LIH	Lihue Airport	UAL	Passenger Property Loss	Checked Baggage		Cosmetics	Travel Accessories		9.99	Approve in Full
188525	2014031012302	2014-03-07 00:00:00	2014-02-12 00:00:00	LIH	Lihue Airport	USAir	Passenger Property Loss	Checked Baggage		Clothing & Accessories	Clothing		0.0	Deny
189065	2014040112860	2014-03-26 00:00:00	2014-03-06 00:00:00	LIH	Lihue Airport	Hawaiian Airlines	Passenger Property Loss	Checked Baggage		Containers	Baggage/Cases/Purses		0.0	Deny
189181	2014040412979	2014-03-31 00:00:00	2014-03-20 00:00:00	LIH	Lihue Airport	Alaska Airlines	Passenger Property Loss	Checked Baggage		Other	Other			
189218	2014040713016	2014-04-03 00:00:00	2014-03-20 00:00:00	LIH	Lihue Airport	American Airlines	Passenger Property Loss	Checked Baggage		Cosmetics	Travel Accessories		0.0	Deny
191508	2014072315350	2014-07-23 00:00:00	2014-04-12 00:00:00	LIH	Lihue Airport	Hawaiian Airlines	Passenger Property Loss	Checked Baggage		Scientific Intruments,Other	Medical/Science*Other		127.0	Settle
191630	2014072915474	2014-07-08 00:00:00	2014-06-21 00:00:00	LIH	Lihue Airport	Alaska Airlines	Passenger Property Loss	Checked Baggage		Outdoors Supplies	Sporting Equipment & Supplies (footballs, parachutes, etc.)		14.99	Approve in Full
191692	2014080115537	2014-07-16 00:00:00	2014-06-20 00:00:00	LIH	Lihue Airport	Alaska Airlines	Passenger Property Loss	Checked Baggage		Electronics	Personal Electronics		0.0	Deny
192724	2014091516595	2014-08-21 00:00:00	2014-08-16 00:00:00	LIH	Lihue Airport	Hawaiian Airlines	Passenger Property Loss	Checked Baggage		Electronics	Personal Electronics		0.0	Deny
195502	2014123019451	2014-12-30 00:00:00	2014-12-19 00:00:00	LIH	Lihue Airport	American Airlines	Passenger Property Loss	Checked Baggage		Watches & Jewelry	Jewelry & Watches			
200524	2015010719666	2015-01-06 00:00:00	2014-12-01 00:00:00	LIH	Lihue Airport	Hawaiian Airlines	Passenger Property Loss	Checked Baggage		Cosmetics	Travel Accessories		0.0	Deny
200525	2015011419856	2015-01-14 00:00:00	2015-01-13 00:00:00	LIH	Lihue Airport	Alaska Airlines	Passenger Property Loss	Checked Baggage		Cosmetics	Travel Accessories		0.0	Deny
200526	2015012720185	2015-01-27 00:00:00	2015-01-06 00:00:00	LIH	Lihue Airport	Hawaiian Airlines	Passenger Property Loss	Checked Baggage		Clothing & Accessories,Food & Drink,Other,Other	Clothing*Food & Drink*Other*Other		0.0	Deny
200527	2015012920286	2015-01-29 00:00:00	2014-12-31 00:00:00	LIH	Lihue Airport	UAL	Passenger Property Loss	Checked Baggage		Watches & Jewelry,Watches & Jewelry,Watches & Jewelry,Watches & Jewelry,Watches & Jewelry	Jewelry & Watches*Jewelry & Watches*Jewelry & Watches*Jewelry & Watches*Jewelry & Watches		0.0	Deny
200530	2015032521494	2015-03-24 00:00:00	2015-03-19 00:00:00	LIH	Lihue Airport	Hawaiian Airlines	Passenger Property Loss	Checked Baggage		Cosmetics	Travel Accessories		0.0	Deny
200537	2015092425613	2015-09-11 00:00:00	2015-09-01 00:00:00	LIH	Lihue Airport	Alaska Airlines	Passenger Property Loss	Checked Baggage		Watches & Jewelry	Jewelry & Watches			
200538	2015092925737	2015-09-15 00:00:00	2015-09-08 00:00:00	LIH	Lihue Airport	Alaska Airlines	Passenger Property Loss	Checked Baggage		Watches & Jewelry	Jewelry & Watches		0.0	Deny
200539	2015120727326	2015-11-16 00:00:00	2015-10-22 00:00:00	LIH	Lihue Airport	UAL	Passenger Property Loss	Checked Baggage		Watches & Jewelry	Jewelry & Watches		0.0	Deny
200540	2015121527589	2015-11-30 00:00:00	2015-10-24 00:00:00	LIH	Lihue Airport	American Airlines	Passenger Property Loss	Checked Baggage		Watches & Jewelry	Jewelry & Watches		0.0	Deny
200541	2015122927919	2015-12-04 00:00:00	2015-11-21 00:00:00	LIH	Lihue Airport	Hawaiian Airlines	Passenger Property Loss	Checked Baggage		Containers,Cosmetics	Baggage/Cases/Purses*Travel Accessories		5.0	Settle
200542	2016010528108	2015-12-21 00:00:00	2015-09-27 00:00:00	LIH	Lihue Airport	Hawaiian Airlines	Passenger Property Loss	Checked Baggage		Cosmetics	Travel Accessories		5.0	Approve in Full
209057	2016022329058	2016-02-03 00:00:00	2016-01-22 11:30:00	LIH	Lihue Airport Lihue Airport	Hawaiian Airlines	Passenger Property Loss	Checked Baggage		Clothing & Accessories,Outdoors Supplies	Personal Accessories*Sporting Equipment & Supplies (footballs, parachutes, etc.)			Insufficient
209058	2017010936365	2016-11-03 00:00:00	2016-10-31 19:00:00	LIH	Lihue Airport Lihue Airport	UAL	Passenger Property Loss	Checked Baggage		Electronics,Electronics	Personal Electronics*Personal Electronics			Insufficient
209059	2016032330024	2016-03-09 00:00:00	2016-01-22 00:00:00	LIH	Lihue Airport Lihue Airport	Hawaiian Airlines	Passenger Property Loss	Checked Baggage		Clothing & Accessories	Clothing		96.48	Approve in Full
209061	2016051931521	2016-05-03 00:00:00	2016-04-24 00:00:00	LIH	Lihue Airport Lihue Airport	Hawaiian Airlines	Passenger Property Loss	Checked Baggage		Cosmetics	Travel Accessories		13.06	Approve in Full
209062	2016030329300	2016-02-11 00:00:00	2016-01-30 13:00:00	LIH	Lihue Airport Lihue Airport	UAL	Passenger Property Loss	Checked Baggage		Watches & Jewelry	Jewelry & Watches		0.0	Deny
209063	2016032830135	2016-03-14 00:00:00	2016-03-09 00:00:00	LIH	Lihue Airport Lihue Airport	UAL	Passenger Property Loss	Checked Baggage		Electronics,Food & Drink	Cameras*Food & Drink		0.0	Deny
209068	2016092133737	2016-08-02 00:00:00	2016-07-01 00:00:00	LIH	Lihue Airport Lihue Airport		Passenger Property Loss	Checked Baggage		Clothing & Accessories	Clothing			In Review
209070	2017013137080	2016-12-19 00:00:00	2016-08-26 18:00:00	LIH	Lihue Airport Lihue Airport	UAL	Passenger Property Loss	Checkpoint		Watches & Jewelry	Jewelry & Watches			In Review
209072	2016110135454	2016-10-03 00:00:00	2016-09-12 12:00:00	LIH	Lihue Airport Lihue Airport	Hawaiian Airlines	Passenger Property Loss	Checked Baggage		Clothing & Accessories	Clothing			In Review
209073	2016111835803	2016-10-17 00:00:00	2016-10-10 00:00:00	LIH	Lihue Airport Lihue Airport	Hawaiian Airlines	Passenger Property Loss	Checked Baggage		Household Items	Household Items			In Review
209074	2016121635986	2016-10-27 00:00:00	2016-10-16 12:00:00	LIH	Lihue Airport Lihue Airport	Alaska Airlines	Passenger Property Loss	Checked Baggage		Games & Toys	Toys & Games			In Review
209075	2017011736584	2016-11-21 00:00:00	2016-11-10 00:00:00	LIH	Lihue Airport Lihue Airport	Hawaiian Airlines	Passenger Property Loss	Checked Baggage		Outdoors Supplies	Sporting Equipment & Supplies (footballs, parachutes, etc.)			In Review
209076	2017013137121	2016-12-19 00:00:00	2016-12-16 00:00:00	LIH	Lihue Airport Lihue Airport	Delta Air Lines	Passenger Property Loss	Checked Baggage		Outdoors Supplies	Sporting Equipment & Supplies (footballs, parachutes, etc.)			In Review
209078	2016052431665	2016-05-10 00:00:00	2016-04-27 14:00:00	LIH	Lihue Airport Lihue Airport	Hawaiian Airlines	Passenger Property Loss	Checked Baggage		Cosmetics	Travel Accessories		20.0	Settle
217316	2017070641209	2017-06-02 00:00:00	2017-04-04 00:00:00	LIH	Lihue Airport Lihue Airport	Alaska Airlines	Passenger Property Loss	Checkpoint		Electronics	Audio/Video			In Review
217319	2017120745774	2017-12-07 00:00:00	2017-09-20 19:40:00	LIH	Lihue Airport Lihue Airport	Delta Air Lines	Passenger Property Loss	Checkpoint		Electronics	Audio/Video			In Review
217320	2017071741608	2017-06-08 00:00:00	2017-06-02 00:00:00	LIH	Lihue Airport Lihue Airport	Alaska Airlines	Passenger Property Loss	Checked Baggage		Electronics	Computer & Accessories			In Review
217321	2017051939767	2017-05-08 00:00:00	2017-05-05 19:15:00	LIH	Lihue Airport Lihue Airport	Delta Air Lines	Passenger Property Loss	Checked Baggage		Watches & Jewelry	Jewelry & Watches		0.0	Deny
217322	2017041338539	2017-02-09 00:00:00	2017-01-14 08:30:00	LIH	Lihue Airport Lihue Airport	Alaska Airlines	Passenger Property Loss	Checked Baggage		Electronics	Cameras			In Review
217323	2017071341509	2017-06-09 00:00:00	2017-06-07 00:00:00	LIH	Lihue Airport Lihue Airport	American Airlines	Passenger Property Loss	Checked Baggage		Other	Currency			In Review
217324	2017071841612	2017-06-09 00:00:00	2017-05-30 00:00:00	LIH	Lihue Airport Lihue Airport	Hawaiian Airlines	Passenger Property Loss	Checked Baggage		Clothing & Accessories	Clothing			Insufficient
217325	2017081742308	2017-07-10 00:00:00	2017-07-07 00:00:00	LIH	Lihue Airport Lihue Airport	Hawaiian Airlines	Passenger Property Loss	Checked Baggage		Cosmetics	Travel Accessories			Insufficient
217328	2017060140131	2017-05-11 00:00:00	2017-04-23 00:00:00	LIH	Lihue Airport Lihue Airport	Island Air	Passenger Property Loss	Checked Baggage		Other	Other			In Review
217331	2017042538878	2017-03-16 00:00:00	2017-01-19 16:00:00	LIH	Lihue Airport Lihue Airport	Hawaiian Airlines	Passenger Property Loss	Checked Baggage		Cosmetics,Household Items	Cosmetics & Grooming*Household Items			In Review
217333	2017110745016	2017-10-17 00:00:00	2017-10-02 00:00:00	LIH	Lihue Airport Lihue Airport	Hawaiian Airlines	Passenger Property Loss	Checked Baggage		Clothing & Accessories	Clothing			In Review
217335	2017111945247	2017-10-20 00:00:00	2017-09-30 09:30:00	LIH	Lihue Airport Lihue Airport	Hawaiian Airlines	Passenger Property Loss	Checked Baggage		Clothing & Accessories	Personal Accessories			In Review
217336	2017101744458	2017-09-20 00:00:00	2017-08-22 00:00:00	LIH	Lihue Airport Lihue Airport	Alaska Airlines	Passenger Property Loss	Checked Baggage		Cosmetics	Travel Accessories			In Review
217337	2017092943792	2017-08-22 00:00:00	2017-08-12 08:00:00	LIH	Lihue Airport Lihue Airport	Hawaiian Airlines	Passenger Property Loss	Checked Baggage		Watches & Jewelry	Jewelry & Watches			In Review
217339	2017062240938	2017-05-23 00:00:00	2017-05-19 00:00:00	LIH	Lihue Airport Lihue Airport	Hawaiian Airlines	Passenger Property Loss	Checked Baggage		Watches & Jewelry	Jewelry & Watches			In Review
217341	2017112845507	2017-10-24 00:00:00	2017-09-30 00:00:00	LIH	Lihue Airport Lihue Airport	Alaska Airlines	Passenger Property Loss	Checkpoint		Electronics	Computer & Accessories			Insufficient
217342	2017121245880	2017-11-28 00:00:00	2017-04-30 00:00:00	LIH	Lihue Airport Lihue Airport	Alaska Airlines	Passenger Property Loss	Checkpoint		Electronics	Computer & Accessories			Insufficient
217343	2017092843663	2017-09-28 00:00:00	2017-09-28 00:00:00	LIH	Lihue Airport Lihue Airport	Hawaiian Airlines	Passenger Property Loss	Checked Baggage		Food & Drink	Food & Drink			In Review