id	claim_number	date_received	incident_date	airport_code	airport_name	airline	claim_type	claim_site	claim_amount	items_new	items_old	status	close_amount	disposition
21148	2004071559384	2003-11-26 00:00:00	2003-10-30 00:00:00	MCI	Kansas City International		Passenger Property Loss	Checked Baggage	2500.0	Clothing & Accessories	Clothing - Shoes, belts, accessories, etc.	Canceled		
21597	2004071559383	2003-12-05 00:00:00	2003-09-01 00:00:00	MCI	Kansas City International	Southwest Airlines	Passenger Property Loss	Checked Baggage	79.84	Other	Other	Closed as a contractor claim	0.0	
22917	2004050750705	2003-12-17 00:00:00	2003-11-25 00:00:00	MCI	Kansas City International		Passenger Property Loss	Checked Baggage	58.85	Clothing & Accessories	Clothing - Shoes, belts, accessories, etc.	Denied	0.0	Deny
24803	0114086M	2004-01-14 00:00:00	2003-11-16 00:00:00	MCI	Kansas City International	Northwest Airlines	Passenger Property Loss	Checkpoint		Clothing & Accessories	Clothing - Shoes, belts, accessories, etc.	Closed as a contractor claim	0.0	
25728	0129166M	2004-01-29 00:00:00	2003-12-25 00:00:00	MCI	Kansas City International		Passenger Property Loss	Checked Baggage	1638.0	Electronics	Computer - Laptop	Canceled		
25732	2005040581556	2004-01-29 00:00:00	2004-11-13 00:00:00	MCI	Kansas City International		Passenger Property Loss	Checked Baggage		Other	Other	Closed as a contractor claim	0.0	
26349	0202180M	2004-02-02 00:00:00	2002-07-10 00:00:00	MCI	Kansas City International	Northwest Airlines	Passenger Property Loss	Checkpoint	104.94	Watches & Jewelry	Jewelry - Fine	Closed as a contractor claim	0.0	
29164	2004051752507	2004-02-27 00:00:00	2004-02-10 00:00:00	MCI	Kansas City International	Continental Airlines	Passenger Property Loss	Checked Baggage	40.0	Other	Other	Canceled		
29373	2004042350069	2004-03-05 00:00:00	2004-02-21 00:00:00	MCI	Kansas City International	Delta Air Lines	Passenger Property Loss	Checked Baggage	40.0	Other	Other	Canceled		
29375	2004042750139	2004-03-05 00:00:00	2003-12-28 00:00:00	MCI	Kansas City International	AirTran Airlines	Passenger Property Loss	Checked Baggage	31.8	Other	Other	Canceled		
30035	2004051151117	2004-03-11 00:00:00	2003-11-22 00:00:00	MCI	Kansas City International		Passenger Property Loss	Checked Baggage	35.0	Clothing & Accessories	Clothing - Shoes, belts, accessories, etc.	Closed as a contractor claim	0.0	
30270	2004052453167	2004-03-12 00:00:00	2003-11-23 00:00:00	MCI	Kansas City International		Passenger Property Loss	Checkpoint	360.0	Clothing & Accessories	Eyeglasses - (including contact lenses)	Closed as a contractor claim	0.0	
30439	2004050650647	2004-03-15 00:00:00	2004-03-05 00:00:00	MCI	Kansas City International	Northwest Airlines	Passenger Property Loss	Checked Baggage	120.0	Other	Other	Closed as a contractor claim	0.0	
30660	2004052153046	2004-03-18 00:00:00	2004-02-16 00:00:00	MCI	Kansas City International	Delta Air Lines	Passenger Property Loss	Checked Baggage	146.4	Other	Other	Canceled		
30701	2004050750751	2004-03-18 00:00:00	2004-03-02 00:00:00	MCI	Kansas City International	Southwest Airlines	Passenger Property Loss	Checkpoint	534.5	Clothing & Accessories	Eyeglasses - (including contact lenses)	Denied	0.0	Deny
31230	2004051351882	2004-03-24 00:00:00	2003-12-13 00:00:00	MCI	Kansas City International	UAL	Passenger Property Loss	Checked Baggage	65.0	Clothing & Accessories	Clothing - Shoes, belts, accessories, etc.	Canceled		
32052	2004060454680	2004-04-04 00:00:00	2004-03-29 00:00:00	MCI	Kansas City International	AirTran Airlines	Passenger Property Loss	Checked Baggage	1074.99	Electronics	Cameras - Digital	Canceled		
32056	2004060454702	2004-04-04 00:00:00	2004-02-08 00:00:00	MCI	Kansas City International	Southwest Airlines	Passenger Property Loss	Checked Baggage	1000.0	Other	Other	Closed as a contractor claim	0.0	
32483	2004062056394	2004-04-15 00:00:00	2004-01-31 00:00:00	MCI	Kansas City International	Southwest Airlines	Passenger Property Loss	Checked Baggage	406.06	Clothing & Accessories	Clothing - Shoes, belts, accessories, etc.	Closed as a contractor claim	0.0	
32911	2004060254116	2004-04-21 00:00:00	2004-02-11 00:00:00	MCI	Kansas City International	Southwest Airlines	Passenger Property Loss	Checked Baggage	100.0	Other	Other	Approved	100.0	Approve in Full
32998	2004052853845	2004-04-21 00:00:00	2004-03-24 00:00:00	MCI	Kansas City International	Southwest Airlines	Passenger Property Loss	Checked Baggage	5.0	Tools & Machines	Locks	Canceled		
33024	2004052853783	2004-04-21 00:00:00	2004-03-25 00:00:00	MCI	Kansas City International		Passenger Property Loss	Checked Baggage	200.0	Containers	Luggage (all types including footlockers)	Closed as a contractor claim	0.0	
33539	2004060254137	2004-04-23 00:00:00	2004-03-26 00:00:00	MCI	Kansas City International	UAL	Passenger Property Loss	Checked Baggage	550.0	Clothing & Accessories	Clothing - Shoes, belts, accessories, etc.	Closed as a contractor claim	0.0	
33892	2004060754887	2004-05-03 00:00:00	2004-04-21 00:00:00	MCI	Kansas City International	American Airlines	Passenger Property Loss	Checked Baggage	392.0	Other	Other	Canceled		
34258	2004051251343	2004-05-04 00:00:00	2004-04-07 00:00:00	MCI	Kansas City International	Southwest Airlines	Passenger Property Loss	Checked Baggage	200.0	Watches & Jewelry	Jewelry - Fine	Closed as a contractor claim	0.0	
35726	2004061656037	2004-05-19 00:00:00	2004-04-13 00:00:00	MCI	Kansas City International		Passenger Property Loss	Checked Baggage	90.0	Other	Other	Settled	45.0	Settle
35934	2004061856341	2004-05-27 00:00:00	2004-04-19 00:00:00	MCI	Kansas City International	Southwest Airlines	Passenger Property Loss	Checked Baggage	29.02	Other	Other	Approved	29.02	Approve in Full
36127	2004061055390	2004-05-27 00:00:00	2004-05-08 00:00:00	MCI	Kansas City International	Midwest Express Airlines	Passenger Property Loss	Checked Baggage	38.0	Watches & Jewelry	Jewelry - Fine	Canceled		
36134	2004061856270	2004-05-27 00:00:00	2004-04-07 00:00:00	MCI	Kansas City International	Northwest Airlines	Passenger Property Loss	Checked Baggage	394.92	Other	Other	Canceled		
36154	2004062256949	2004-05-27 00:00:00	2004-05-11 00:00:00	MCI	Kansas City International	Frontier Airlines	Passenger Property Loss	Checkpoint	870.0	Electronics	Stereo Items & Accessories	Canceled		
36160	2004061055437	2004-05-27 00:00:00	2004-04-28 00:00:00	MCI	Kansas City International	American Airlines	Passenger Property Loss	Checked Baggage	164.38	Other	Other	Closed as a contractor claim	0.0	
36162	2004062156600	2004-05-27 00:00:00	2004-04-20 00:00:00	MCI	Kansas City International	Southwest Airlines	Passenger Property Loss	Checked Baggage	2860.0	Watches & Jewelry	Jewelry - Fine	Closed as a contractor claim	0.0	
36570	2004062156715	2004-05-28 00:00:00	2004-04-28 00:00:00	MCI	Kansas City International	Southwest Airlines	Passenger Property Loss	Checked Baggage	135.0	Clothing & Accessories	Eyeglasses - (including contact lenses)	Canceled		
36574	2004062256833	2004-05-28 00:00:00	2004-04-21 00:00:00	MCI	Kansas City International		Passenger Property Loss	Checkpoint	100.0	Other	Currency	Canceled		
37401	2004062957710	2004-06-08 00:00:00	2004-05-20 00:00:00	MCI	Kansas City International	Northwest Airlines	Passenger Property Loss	Checked Baggage	16.0	Other	Other	Canceled		
37417	2004062156631	2004-06-08 00:00:00	2004-04-17 00:00:00	MCI	Kansas City International	Northwest Airlines	Passenger Property Loss	Checked Baggage	500.0	Electronics	Cameras - Digital	Closed as a contractor claim	0.0	
37973	2004070658379	2004-06-16 00:00:00	2004-05-24 00:00:00	MCI	Kansas City International		Passenger Property Loss	Checkpoint	100.0	Electronics	Cameras - Digital	Closed as a contractor claim	0.0	
38281	2004070858773	2004-06-21 00:00:00	2004-05-22 00:00:00	MCI	Kansas City International	Delta Air Lines	Passenger Property Loss	Checked Baggage	195.0	Watches & Jewelry	Jewelry - Fine	Canceled		
38465	2004071559502	2004-06-22 00:00:00	2004-06-13 00:00:00	MCI	Kansas City International	Southwest Airlines	Passenger Property Loss	Checked Baggage	874.45	Other	Other	Closed as a contractor claim	0.0	
38612	2004071459294	2004-06-24 00:00:00	2004-06-13 00:00:00	MCI	Kansas City International	Southwest Airlines	Passenger Property Loss	Checked Baggage	220.0	Clothing & Accessories	Eyeglasses - (including contact lenses)	Canceled		
38911	2004071459291	2004-06-29 00:00:00	2004-05-29 00:00:00	MCI	Kansas City International	Northwest Airlines	Passenger Property Loss	Checked Baggage	75.0	Other	Other	Canceled		
39152	2004071559391	2004-07-06 00:00:00	2004-06-26 00:00:00	MCI	Kansas City International	Southwest Airlines	Passenger Property Loss	Checked Baggage	52.5	Other	Currency	Canceled		
39363	2004071959739	2004-07-07 00:00:00	2004-06-20 00:00:00	MCI	Kansas City International	Delta Air Lines	Passenger Property Loss	Checked Baggage	225.0	Clothing & Accessories	Clothing - Shoes, belts, accessories, etc.	Canceled		
39370	2004072059845	2004-07-07 00:00:00	2004-06-21 00:00:00	MCI	Kansas City International		Passenger Property Loss	Checked Baggage	12.0	Tools & Machines	Locks	Canceled		
39375	2004080260369	2004-07-07 00:00:00	2004-05-11 00:00:00	MCI	Kansas City International		Passenger Property Loss	Checked Baggage	7.99	Other	Other	Canceled	0.0	
39376	2004072059814	2004-07-07 00:00:00	2004-06-19 00:00:00	MCI	Kansas City International	Northwest Airlines	Passenger Property Loss	Checked Baggage	331.99	Watches & Jewelry	Jewelry - Fine	Closed as a contractor claim	0.0	
39616	2004072760110	2004-07-09 00:00:00	2004-06-15 00:00:00	MCI	Kansas City International	Air Canada	Passenger Property Loss	Checked Baggage	89.99	Supplies	Medicines	Canceled		
39641	2004081060991	2004-07-09 00:00:00	2004-05-18 00:00:00	MCI	Kansas City International		Passenger Property Loss	Checked Baggage	579.5	Clothing & Accessories	Clothing - Shoes, belts, accessories, etc.	Closed as a contractor claim	0.0	
39902	2004080360406	2004-07-12 00:00:00	2004-07-01 00:00:00	MCI	Kansas City International		Passenger Property Loss	Checked Baggage	177.28	Other	Other	Canceled		
40365	2004081161213	2004-07-16 00:00:00	2004-05-18 00:00:00	MCI	Kansas City International		Passenger Property Loss	Checked Baggage	579.5	Clothing & Accessories	Clothing - Shoes, belts, accessories, etc.	Canceled	0.0	
40371	2004090362070	2004-07-16 00:00:00	2004-06-21 00:00:00	MCI	Kansas City International		Passenger Property Loss	Checked Baggage	250.0	Cosmetics	Cosmetics - Perfume, toilet articles, medicines, soaps, etc.	Canceled	0.0	
40372	2004102765699	2004-07-16 00:00:00	2004-02-27 00:00:00	MCI	Kansas City International	Southwest Airlines	Passenger Property Loss	Checked Baggage	60.29	Other	Other	Canceled	0.0	
40963	2004100564510	2004-07-26 00:00:00	2004-05-27 00:00:00	MCI	Kansas City International	AirTran Airlines	Passenger Property Loss	Checked Baggage	65.0	Other	Other	Canceled	65.0	
41087	2004080260375	2004-07-27 00:00:00	2004-07-21 00:00:00	MCI	Kansas City International	Southwest Airlines	Passenger Property Loss	Checked Baggage	1042.59	Other	Other	Canceled		
41303	2004083161678	2004-07-29 00:00:00	2004-07-18 00:00:00	MCI	Kansas City International		Passenger Property Loss	Checkpoint	1908.98	Other	Other	Closed as a contractor claim	0.0	
41759	2004090962463	2004-08-05 00:00:00	2004-07-01 00:00:00	MCI	Kansas City International	UAL	Passenger Property Loss	Checked Baggage	9.94	Electronics	PDA - Personal Data Assistants	Canceled	0.0	
41768	2004090962456	2004-08-05 00:00:00	2004-06-30 00:00:00	MCI	Kansas City International	Delta Air Lines	Passenger Property Loss	Checked Baggage	265.0	Watches & Jewelry	Jewelry - Fine	Closed as a contractor claim	0.0	
42283	2004091362677	2004-08-10 00:00:00	2004-07-09 00:00:00	MCI	Kansas City International	American Airlines	Passenger Property Loss	Checked Baggage	825.5	Watches & Jewelry	Jewelry - Fine	Closed as a contractor claim	0.0	
42286	2004112367712	2004-08-10 00:00:00	2004-07-08 00:00:00	MCI	Kansas City International		Passenger Property Loss	Checked Baggage	652.18	Other	Other	Closed as a contractor claim	0.0	
42601	2004092263427	2004-08-13 00:00:00	2004-07-14 00:00:00	MCI	Kansas City International	Southwest Airlines	Passenger Property Loss	Checked Baggage	2600.0	Other	Currency	Closed as a contractor claim	0.0	
42825	2004120168191	2004-08-19 00:00:00	2004-07-23 00:00:00	MCI	Kansas City International	Northwest Airlines	Passenger Property Loss	Checkpoint	1312.0	Other	Other	Closed as a contractor claim	0.0	
43149	2004100564569	2004-08-24 00:00:00	2004-05-23 00:00:00	MCI	Kansas City International		Passenger Property Loss	Checked Baggage	70.0	Watches & Jewelry	Jewelry - Fine	Closed as a contractor claim	0.0	
43685	2004100664756	2004-08-31 00:00:00	2004-07-19 00:00:00	MCI	Kansas City International	Southwest Airlines	Passenger Property Loss	Checkpoint	161.76	Other	Other	Closed as a contractor claim	0.0	
43887	2004090161855	2004-09-01 00:00:00	2004-09-01 00:00:00	MCI	Kansas City International	Southwest Airlines	Passenger Property Loss	Checkpoint	269.71	Clothing & Accessories	Eyeglasses - (including contact lenses)	Canceled	0.0	
44165	2004100464329	2004-09-09 00:00:00	2004-07-19 00:00:00	MCI	Kansas City International		Passenger Property Loss	Checked Baggage	200.0	Watches & Jewelry	Jewelry - Fine	Canceled	0.0	
44182	2004102065362	2004-09-09 00:00:00	2004-08-21 00:00:00	MCI	Kansas City International	Northwest Airlines	Passenger Property Loss	Checked Baggage	70.0	Clothing & Accessories	Clothing - Shoes, belts, accessories, etc.	Canceled	0.0	
44505	2004101465036	2004-09-10 00:00:00	2004-06-19 00:00:00	MCI	Kansas City International	USAir	Passenger Property Loss	Checked Baggage	440.22	Other	Other	Closed as a contractor claim	0.0	
44755	2004092463820	2004-09-14 00:00:00	2004-08-27 00:00:00	MCI	Kansas City International		Passenger Property Loss	Checked Baggage	1400.0	Watches & Jewelry	Jewelry - Fine	Canceled	0.0	
45404	2004101965252	2004-09-20 00:00:00	2004-08-26 00:00:00	MCI	Kansas City International	Aloha Airlines	Passenger Property Loss	Checkpoint	1000.0	Other	Other	Closed as a contractor claim	0.0	
45689	2004120168149	2004-09-23 00:00:00	2004-08-30 00:00:00	MCI	Kansas City International	Continental Airlines	Passenger Property Loss	Checked Baggage	557.9	Watches & Jewelry	Jewelry - Fine	Closed as a contractor claim	0.0	
46857	2004112267568	2004-10-06 00:00:00	2004-09-30 00:00:00	MCI	Kansas City International	American Airlines	Passenger Property Loss	Checked Baggage	50.0	Other	Other	Canceled	0.0	
47055	1009146M	2004-10-09 00:00:00	2003-08-04 00:00:00	MCI	Kansas City International		Passenger Property Loss	Checked Baggage	17.95	Cosmetics	Cosmetics - Perfume, toilet articles, medicines, soaps, etc.	Closed as a contractor claim	0.0	
47242	2004112967958	2004-10-14 00:00:00	2004-10-01 00:00:00	MCI	Kansas City International		Passenger Property Loss	Checked Baggage	38.63	Watches & Jewelry	Jewelry - Fine	Closed as a contractor claim	0.0	
47244	2004112967995	2004-10-14 00:00:00	2004-07-10 00:00:00	MCI	Kansas City International		Passenger Property Loss	Checked Baggage	674.93	Electronics	DVD/CD Players	Closed as a contractor claim	0.0	
47558	2004120368371	2004-10-18 00:00:00	2004-10-02 00:00:00	MCI	Kansas City International	Delta Air Lines	Passenger Property Loss	Checked Baggage	20.0	Other	Other	Approved	20.0	Approve in Full
48041	2004120768796	2004-10-22 00:00:00	2004-09-07 00:00:00	MCI	Kansas City International	American Airlines	Passenger Property Loss	Checked Baggage	945.04	Watches & Jewelry	Jewelry - Fine	Closed as a contractor claim	0.0	
48135	2004120968929	2004-10-25 00:00:00	2004-08-13 00:00:00	MCI	Kansas City International		Passenger Property Loss	Checked Baggage	1369.97	Electronics	Stereo Items & Accessories	Closed as a contractor claim	0.0	
48715	2004122971564	2004-10-29 00:00:00		MCI	Kansas City International		Passenger Property Loss	Checked Baggage	689.0	Watches & Jewelry	Jewelry - Fine	Closed as a contractor claim	0.0	
48840	2004122069431	2004-11-02 00:00:00	2004-10-21 00:00:00	MCI	Kansas City International	Southwest Airlines	Passenger Property Loss	Checked Baggage	1000.0	Other	Currency	Canceled	0.0	
49571	2004122169802	2004-11-09 00:00:00	2004-10-04 00:00:00	MCI	Kansas City International	Northwest Airlines	Passenger Property Loss	Checked Baggage	56.0	Other	Other	Closed as a contractor claim	0.0	
49573	2004122170133	2004-11-09 00:00:00	2004-10-09 00:00:00	MCI	Kansas City International		Passenger Property Loss	Checkpoint	4000.0	Electronics	Computer - Laptop	Closed as a contractor claim	0.0	
50347	2004122871319	2004-11-19 00:00:00	2004-10-31 00:00:00	MCI	Kansas City International		Passenger Property Loss	Checked Baggage	749.0	Cosmetics	Cosmetics - Perfume, toilet articles, medicines, soaps, etc.	Closed as a contractor claim	0.0	
50564	2004122971488	2004-11-23 00:00:00	2004-11-03 00:00:00	MCI	Kansas City International		Passenger Property Loss	Checked Baggage	95.0	Other	Other	Closed as a contractor claim	0.0	
51088	2004122971653	2004-12-02 00:00:00	2004-09-18 00:00:00	MCI	Kansas City International	Southwest Airlines	Passenger Property Loss	Checked Baggage	9.43	Other	Other	Closed as a contractor claim	0.0	
51369	2004122370689	2004-12-07 00:00:00	2004-11-18 00:00:00	MCI	Kansas City International		Passenger Property Loss	Checked Baggage	13.32	Other	Other	Closed as a contractor claim	0.0	
51371	2004122971756	2004-12-07 00:00:00	2004-11-04 00:00:00	MCI	Kansas City International		Passenger Property Loss	Checked Baggage	25.0	Other	Other	Closed as a contractor claim	0.0	
51375	2005010372363	2004-12-07 00:00:00	2004-11-23 00:00:00	MCI	Kansas City International		Passenger Property Loss	Checked Baggage		Watches & Jewelry	Jewelry - Fine	Closed as a contractor claim	0.0	
51438	2004122971599	2004-12-07 00:00:00	2004-11-22 00:00:00	MCI	Kansas City International	Delta Air Lines	Passenger Property Loss	Checked Baggage	537.95	Electronics	Cameras - Digital	Denied	0.0	Deny
52023	2005010472713	2004-12-14 00:00:00	2004-11-22 00:00:00	MCI	Kansas City International	Southwest Airlines	Passenger Property Loss	Checked Baggage	200.0	Other	Other	Canceled	0.0	
52032	2005030176881	2004-12-14 00:00:00	2004-11-04 00:00:00	MCI	Kansas City International		Passenger Property Loss	Checked Baggage	50.0	Cosmetics	Cosmetics - Perfume, toilet articles, medicines, soaps, etc.	Closed as a contractor claim	0.0	
52874	2004122370791	2004-12-23 00:00:00	2003-08-29 00:00:00	MCI	Kansas City International		Passenger Property Loss	Checked Baggage	307.0	Electronics	Cameras - Digital	Closed as a contractor claim	0.0	
53788	2005012774488	2005-01-07 00:00:00	2004-12-23 00:00:00	MCI	Kansas City International	Delta Air Lines	Passenger Property Loss	Checked Baggage	1560.0	Electronics	Cameras - Digital	Closed as a contractor claim	0.0	
53927	2005011473700	2005-01-10 00:00:00	2004-10-01 00:00:00	MCI	Kansas City International	Southwest Airlines	Passenger Property Loss	Checked Baggage	250.0	Other	Other	Closed as a contractor claim	0.0	
54523	2005013174882	2005-01-14 00:00:00	2004-01-02 00:00:00	MCI	Kansas City International	American Airlines	Passenger Property Loss	Checked Baggage	179.77	Electronics	DVD/CD Players	Closed as a contractor claim	0.0	
54717	2005020175226	2005-01-18 00:00:00		MCI	Kansas City International		Passenger Property Loss	Checked Baggage	600.0	Electronics	Cameras - Digital	Closed as a contractor claim	0.0	
54913	2005020975765	2005-01-19 00:00:00	2004-12-26 00:00:00	MCI	Kansas City International		Passenger Property Loss	Checked Baggage	329.98	Electronics	DVD/CD Players	Canceled	164.99	
55309	2005021676204	2005-01-24 00:00:00	2005-01-13 00:00:00	MCI	Kansas City International		Passenger Property Loss	Checked Baggage	300.0	Other	Currency	Closed as a contractor claim	0.0	
56105	2005030777030	2005-02-01 00:00:00	2005-12-06 00:00:00	MCI	Kansas City International	American Airlines	Passenger Property Loss	Checkpoint	178.2	Watches & Jewelry	Jewelry - Fine	Closed as a contractor claim	0.0	
56886	2005031177769	2005-02-09 00:00:00	2005-01-25 00:00:00	MCI	Kansas City International		Passenger Property Loss	Checked Baggage	74.0	Clothing & Accessories	Clothing - Shoes, belts, accessories, etc.	Closed as a contractor claim	0.0	
57263	2005031878745	2005-02-15 00:00:00	2005-01-20 00:00:00	MCI	Kansas City International	Southwest Airlines	Passenger Property Loss	Checked Baggage	1100.0	Watches & Jewelry	Jewelry - Fine	Closed as a contractor claim	0.0	
57350	2005031678440	2005-02-16 00:00:00	2005-12-22 00:00:00	MCI	Kansas City International	Delta Air Lines	Passenger Property Loss	Checked Baggage	95.0	Clothing & Accessories	Clothing - Shoes, belts, accessories, etc.	Approved	95.0	Approve in Full
58966	2005033180662	2005-03-09 00:00:00	2005-02-15 00:00:00	MCI	Kansas City International		Passenger Property Loss	Checked Baggage	970.0	Clothing & Accessories	Eyeglasses - (including contact lenses)	Closed as a contractor claim	0.0	
59890	2005033180902	2005-03-23 00:00:00	2005-03-13 00:00:00	MCI	Kansas City International	Southwest Airlines	Passenger Property Loss	Checked Baggage		Other	Other	Closed as a contractor claim	0.0	
60265	2005040481310	2005-03-29 00:00:00	2004-12-30 00:00:00	MCI	Kansas City International	American Airlines	Passenger Property Loss	Checked Baggage	103.48	Clothing & Accessories	Clothing - Shoes, belts, accessories, etc.	Closed as a contractor claim	0.0	
60840	2005040681717	2005-04-05 00:00:00	2005-03-23 00:00:00	MCI	Kansas City International	Southwest Airlines	Passenger Property Loss	Checked Baggage	1898.56	Electronics	Computer - Laptop	Closed as a contractor claim	0.0	
61018	2005040781916	2005-04-06 00:00:00	2005-02-28 00:00:00	MCI	Kansas City International	Delta Air Lines	Passenger Property Loss	Checked Baggage	29.0	Clothing & Accessories	Clothing - Shoes, belts, accessories, etc.	Closed as a contractor claim	0.0	
61740	2005041482572	2005-04-14 00:00:00	2005-03-13 00:00:00	MCI	Kansas City International	Southwest Airlines	Passenger Property Loss	Checked Baggage	25.0	Cosmetics	Cosmetics - Perfume, toilet articles, medicines, soaps, etc.	Closed as a contractor claim	0.0	
62325	2005042583297	2005-04-22 00:00:00	2005-02-25 00:00:00	MCI	Kansas City International	Southwest Airlines	Passenger Property Loss	Checked Baggage	299.94	Clothing & Accessories	Clothing - Shoes, belts, accessories, etc.	Closed as a contractor claim	0.0	
62566	2005042783521	2005-04-26 00:00:00	2005-04-14 00:00:00	MCI	Kansas City International	Southwest Airlines	Passenger Property Loss	Checked Baggage	215.04	Electronics	Cameras - Digital	Closed as a contractor claim	0.0	
62749	2005050383884	2005-04-28 00:00:00	2005-04-25 00:00:00	MCI	Kansas City International	Northwest Airlines	Passenger Property Loss	Checked Baggage	1818.13	Electronics	Computer - Laptop	Canceled	0.0	
63077	2005050484060	2005-05-03 00:00:00	2005-03-19 00:00:00	MCI	Kansas City International		Passenger Property Loss	Checked Baggage	40.0	Other	Other	Canceled	0.0	
63190	2005050584132	2005-05-04 00:00:00	2005-04-21 00:00:00	MCI	Kansas City International	Southwest Airlines	Passenger Property Loss	Checked Baggage	2000.0	Containers	Luggage (all types including footlockers)	Canceled	0.0	
65165	2005060986112	2005-06-01 00:00:00	2005-05-22 00:00:00	MCI	Kansas City International		Passenger Property Loss	Checked Baggage	50.0	Cosmetics	Cosmetics - Perfume, toilet articles, medicines, soaps, etc.	Closed as a contractor claim	0.0	
65301	0619021L	2005-06-02 00:00:00	2003-05-17 00:00:00	MCI	Kansas City International		Passenger Property Loss	Checked Baggage	16.0	Tools & Machines	Locks	Closed as a contractor claim	0.0	
66014	2005062286941	2005-06-13 00:00:00	2005-05-18 00:00:00	MCI	Kansas City International	Southwest Airlines	Passenger Property Loss	Checked Baggage	570.0	Watches & Jewelry	Jewelry - Fine	Closed as a contractor claim	0.0	
66316	2005062787261	2005-06-16 00:00:00	2005-05-13 00:00:00	MCI	Kansas City International	American Airlines	Passenger Property Loss	Checkpoint	212.25	Cosmetics	Cosmetics - Perfume, toilet articles, medicines, soaps, etc.	Closed as a contractor claim	0.0	
66470	2005062887560	2005-06-20 00:00:00	2005-06-14 00:00:00	MCI	Kansas City International		Passenger Property Loss	Checked Baggage	137.54	Cosmetics	Cosmetics - Perfume, toilet articles, medicines, soaps, etc.	Closed as a contractor claim	0.0	
66748	2005070188025	2005-06-22 00:00:00	2005-05-28 00:00:00	MCI	Kansas City International	Frontier Airlines	Passenger Property Loss	Checked Baggage	196.77	Clothing & Accessories	Clothing - Shoes, belts, accessories, etc.	Closed as a contractor claim	0.0	
67485	2005071188569	2005-07-06 00:00:00	2005-05-19 00:00:00	MCI	Kansas City International	Northwest Airlines	Passenger Property Loss	Checked Baggage	1800.0	Electronics	Computer - Laptop	Closed as a contractor claim	0.0	
67765	2005071288726	2005-07-11 00:00:00	2005-07-04 00:00:00	MCI	Kansas City International	American Airlines	Passenger Property Loss	Checked Baggage	10.0	Tools & Machines	Locks	Closed as a contractor claim	0.0	
67910	2005071488908	2005-07-13 00:00:00	2005-06-27 00:00:00	MCI	Kansas City International	Northwest Airlines	Passenger Property Loss	Checked Baggage	1275.0	Watches & Jewelry	Jewelry - Fine	Closed as a contractor claim	0.0	
68399	2005072189430	2005-07-20 00:00:00	2005-07-14 00:00:00	MCI	Kansas City International	Southwest Airlines	Passenger Property Loss	Checked Baggage	26.24	Electronics	Cell Phones	Closed as a contractor claim	0.0	
68401	2005072589587	2005-07-20 00:00:00	2005-06-30 00:00:00	MCI	Kansas City International		Passenger Property Loss	Checked Baggage	354.92	Other	Other	Closed as a contractor claim	0.0	
68595	2005072589558	2005-07-22 00:00:00	2004-12-31 00:00:00	MCI	Kansas City International	Northwest Airlines	Passenger Property Loss	Checked Baggage	500.0	Electronics	Cameras - Digital	Closed as a contractor claim	0.0	
68720	2005072789767	2005-07-25 00:00:00	2005-07-12 00:00:00	MCI	Kansas City International	Northwest Airlines	Passenger Property Loss	Checked Baggage	90.0	Watches & Jewelry	Jewelry - Fine	Closed as a contractor claim	0.0	
68722	2005072889816	2005-07-25 00:00:00	2005-07-01 00:00:00	MCI	Kansas City International	UAL	Passenger Property Loss	Checked Baggage	19.55	Tools & Machines	Locks	Closed as a contractor claim	0.0	
68826	2005072989890	2005-07-26 00:00:00	2005-06-24 00:00:00	MCI	Kansas City International	American Airlines	Passenger Property Loss	Checked Baggage	1200.0	Watches & Jewelry	Jewelry - Fine	Closed as a contractor claim	0.0	
68827	2005072989951	2005-07-26 00:00:00	2004-04-18 00:00:00	MCI	Kansas City International	Southwest Airlines	Passenger Property Loss	Checkpoint	4739.0	Watches & Jewelry	Jewelry - Fine	Closed as a contractor claim	0.0	
68967	2005080289974	2005-07-27 00:00:00	2005-05-10 00:00:00	MCI	Kansas City International	Southwest Airlines	Passenger Property Loss	Checked Baggage	343.96	Cosmetics	Cosmetics - Perfume, toilet articles, medicines, soaps, etc.	Closed as a contractor claim	0.0	
69022	2005080590130	2005-07-28 00:00:00	2005-07-12 00:00:00	MCI	Kansas City International		Passenger Property Loss	Checked Baggage	264.0	Clothing & Accessories	Clothing - Shoes, belts, accessories, etc.	Closed as a contractor claim	0.0	
69471	2005081590563	2005-08-04 00:00:00	2005-07-07 00:00:00	MCI	Kansas City International	Southwest Airlines	Passenger Property Loss	Checked Baggage	350.0	Watches & Jewelry	Jewelry - Fine	Closed as a contractor claim	0.0	
69685	2005081790793	2005-08-08 00:00:00	2005-07-24 00:00:00	MCI	Kansas City International	Southwest Airlines	Passenger Property Loss	Checked Baggage	125.0	Clothing & Accessories	Clothing - Shoes, belts, accessories, etc.	Closed as a contractor claim	0.0	
70166	2005082391212	2005-08-16 00:00:00	2005-06-08 00:00:00	MCI	Kansas City International	American Airlines	Passenger Property Loss	Checked Baggage	606.0	Other	Other	Closed as a contractor claim	0.0	
70569	2005082991666	2005-08-23 00:00:00	2005-07-31 00:00:00	MCI	Kansas City International	American Airlines	Passenger Property Loss	Checked Baggage	500.0	Electronics	Cameras - Digital	Closed as a contractor claim	0.0	
70960	2005090692103	2005-08-29 00:00:00	2005-08-20 00:00:00	MCI	Kansas City International	Southwest Airlines	Passenger Property Loss	Checkpoint		Other	Other	Closed as a contractor claim	0.0	
71507	2005091592552	2005-09-08 00:00:00	2005-08-11 00:00:00	MCI	Kansas City International	Continental Airlines	Passenger Property Loss	Checkpoint	1780.0	Other	Currency	Closed as a contractor claim	0.0	
71888	2005092092927	2005-09-14 00:00:00	2005-09-05 00:00:00	MCI	Kansas City International	USAir	Passenger Property Loss	Checked Baggage		Other	Other	Closed as a contractor claim	0.0	
72227	2005092893346	2005-09-19 00:00:00	2005-09-06 00:00:00	MCI	Kansas City International	Delta Air Lines	Passenger Property Loss	Checked Baggage	600.0	Clothing & Accessories	Clothing - Shoes, belts, accessories, etc.	Closed as a contractor claim	0.0	
72553	2005100393616	2005-09-22 00:00:00	2005-06-23 00:00:00	MCI	Kansas City International	Southwest Airlines	Passenger Property Loss	Checked Baggage	721.3	Other	Other	Closed as a contractor claim	0.0	
72606	2005100493866	2005-09-23 00:00:00	2005-09-06 00:00:00	MCI	Kansas City International	Midwest Express Airlines	Passenger Property Loss	Checked Baggage		Watches & Jewelry	Jewelry - Fine	Closed as a contractor claim	0.0	
74219	2005102895357	2005-10-21 00:00:00	2005-07-17 00:00:00	MCI	Kansas City International	UAL	Passenger Property Loss	Checked Baggage	147.26	Other	Other	Closed as a contractor claim	0.0	
74533	2005102895332	2005-10-27 00:00:00	2005-07-11 00:00:00	MCI	Kansas City International	Continental Airlines	Passenger Property Loss	Checked Baggage	1394.35	Watches & Jewelry	Jewelry - Fine	Closed as a contractor claim	0.0	
74697	2005110995830	2005-10-31 00:00:00	2005-07-01 00:00:00	MCI	Kansas City International	UAL	Passenger Property Loss	Checked Baggage	80.0	Other	Other	Closed as a contractor claim	0.0	
74995	2005111696155	2005-11-04 00:00:00	2005-10-19 00:00:00	MCI	Kansas City International	Southwest Airlines	Passenger Property Loss	Checked Baggage	399.0	Electronics	Cameras - Digital	Canceled	0.0	
76079	2005120797171	2005-11-28 00:00:00	2005-10-24 00:00:00	MCI	Kansas City International	Northwest Airlines	Passenger Property Loss	Checked Baggage	43.19	Other	Other	Canceled	0.0	
76511	2005121397628	2005-12-05 00:00:00	2005-10-11 00:00:00	MCI	Kansas City International	Southwest Airlines	Passenger Property Loss	Checked Baggage	61.95	Clothing & Accessories	Clothing - Shoes, belts, accessories, etc.	Closed as a contractor claim	0.0	
76631	2005121397725	2005-12-06 00:00:00	2005-08-08 00:00:00	MCI	Kansas City International	Delta Air Lines	Passenger Property Loss	Checked Baggage	65.0	Other	Other	Closed as a contractor claim	0.0	
76922	2005121998063	2005-12-12 00:00:00	2005-12-01 00:00:00	MCI	Kansas City International	Southwest Airlines	Passenger Property Loss	Checked Baggage	52.09	Electronics	Cell Phones	Closed as a contractor claim	0.0	
77559	2006010498752	2005-12-23 00:00:00	2005-04-03 00:00:00	MCI	Kansas City International	Southwest Airlines	Passenger Property Loss	Checked Baggage	8465.0	Watches & Jewelry	Jewelry - Fine	Closed as a contractor claim	0.0	
77892	2006010999089	2006-01-03 00:00:00	2005-12-08 00:00:00	MCI	Kansas City International	UAL	Passenger Property Loss	Checked Baggage	300.0	Watches & Jewelry	Jewelry - Fine	Closed as a contractor claim	0.0	
78316	2006011199400	2006-01-09 00:00:00	2005-12-18 00:00:00	MCI	Kansas City International	Southwest Airlines	Passenger Property Loss	Checked Baggage	32.0	Containers	Luggage (all types including footlockers)	Closed as a contractor claim	0.0	
78318	2006011399579	2006-01-09 00:00:00	2006-01-02 00:00:00	MCI	Kansas City International	Southwest Airlines	Passenger Property Loss	Checked Baggage	100.0	Other	Currency	Closed as a contractor claim	0.0	
78439	2006011999830	2006-01-10 00:00:00	2005-12-28 00:00:00	MCI	Kansas City International	America West	Passenger Property Loss	Checked Baggage	99.92	Clothing & Accessories	Clothing - Shoes, belts, accessories, etc.	Canceled	0.0	
80245	2006021001355	2006-02-07 00:00:00	2005-12-26 00:00:00	MCI	Kansas City International	Delta Air Lines	Passenger Property Loss	Checked Baggage	279.94	Other	Other	Closed as a contractor claim	0.0	
80247	2006021401498	2006-02-07 00:00:00	2006-01-13 00:00:00	MCI	Kansas City International	Frontier Airlines	Passenger Property Loss	Checked Baggage	2700.0	Watches & Jewelry	Jewelry - Fine	Closed as a contractor claim	0.0	
81203	2006022802251	2006-02-24 00:00:00		MCI	Kansas City International	Southwest Airlines	Passenger Property Loss	Checked Baggage		Clothing & Accessories	Clothing - Shoes, belts, accessories, etc.	Closed as a contractor claim	0.0	
82009	2006031503148	2006-03-10 00:00:00	2006-03-12 00:00:00	MCI	Kansas City International	UAL	Passenger Property Loss	Checkpoint	5036.29	Electronics	Cameras - Digital	Closed as a contractor claim	0.0	
82074	2006031603282	2006-03-13 00:00:00	2006-03-10 00:00:00	MCI	Kansas City International	Northwest Airlines	Passenger Property Loss	Checked Baggage	2479.46	Watches & Jewelry	Jewelry - Fine	Closed as a contractor claim	0.0	
82862	2006040504060	2006-03-27 00:00:00	2006-03-12 00:00:00	MCI	Kansas City International	Air Tran Airlines(do not use)	Passenger Property Loss	Checked Baggage	31.09	Other	Other	Closed as a contractor claim	0.0	
83094	2006040704219	2006-03-30 00:00:00	2005-09-21 00:00:00	MCI	Kansas City International	Midwest Express Airlines	Passenger Property Loss	Checked Baggage	515.47	Watches & Jewelry	Jewelry - Fine	Closed as a contractor claim	0.0	
85915	2006060207193	2006-05-30 00:00:00	2006-05-12 00:00:00	MCI	Kansas City International	Midwest Express Airlines	Passenger Property Loss	Checked Baggage	156.5	Clothing & Accessories	Clothing - Shoes, belts, accessories, etc.	Canceled	0.0	
92417	2006101013798	2006-10-02 00:00:00	2006-09-09 00:00:00	MCI	Kansas City International	American Airlines	Passenger Property Loss	Checked Baggage	10.0	Tools & Machines	Locks	Closed as a contractor claim	0.0	
96319	2006122217725	2006-12-18 00:00:00	2006-12-05 00:00:00	MCI	Kansas City International	American Airlines	Passenger Property Loss	Checked Baggage	164.85	Containers	Luggage (all types including footlockers)	Closed as a contractor claim	0.0	
96543	2006122617924	2006-12-21 00:00:00	2006-11-26 00:00:00	MCI	Kansas City International	Midwest Express Airlines	Passenger Property Loss	Checked Baggage	850.0	Watches & Jewelry,Watches & Jewelry	Jewelry - Fine*Watches - Expensive more than $100	Closed as a contractor claim	0.0	
100364	2007022721605	2007-02-26 00:00:00	2007-01-07 00:00:00	MCI	Kansas City International		Passenger Property Loss	Checked Baggage	200.0	Cosmetics	Cosmetics - Perfume, toilet articles, medicines, soaps, etc.	Closed as a contractor claim	0.0	
102211	2007040423473	2007-04-02 00:00:00	2006-12-12 00:00:00	MCI	Kansas City International	American Airlines	Passenger Property Loss	Checkpoint	700.0	Other	Currency	Closed as a contractor claim	0.0	
102384	2007040923648	2007-04-05 00:00:00	2007-03-31 00:00:00	MCI	Kansas City International	Frontier Airlines	Passenger Property Loss	Checkpoint	35.0	Food & Drink	Alcoholic beverages	Closed as a contractor claim	0.0	
103745	2007050424989	2007-05-03 00:00:00	2007-04-23 00:00:00	MCI	Kansas City International	Frontier Airlines	Passenger Property Loss	Checkpoint	10.0	Supplies	Medicines	Closed as a contractor claim	0.0	
103938	2007050825133	2007-05-08 00:00:00	2007-02-11 00:00:00	MCI	Kansas City International	Frontier Airlines	Passenger Property Loss	Checkpoint	247.77	Electronics	Cameras - Digital	Closed as a contractor claim	0.0	
104195	2007051625442	2007-05-14 00:00:00	2007-05-02 00:00:00	MCI	Kansas City International	UAL	Passenger Property Loss	Checked Baggage	20.0	Tools & Machines	Locks	Closed as a contractor claim	0.0	
104493	2007052125737	2007-05-18 00:00:00	2007-05-13 00:00:00	MCI	Kansas City International	Midwest Express Airlines	Passenger Property Loss	Checked Baggage	810.0	Clothing & Accessories,Watches & Jewelry	Clothing - Shoes, belts, accessories, etc.*Jewelry - Fine	Closed as a contractor claim	0.0	
106079	2007062127320	2007-06-20 00:00:00	2007-06-10 00:00:00	MCI	Kansas City International	Continental Airlines	Passenger Property Loss	Checked Baggage	45.0	Electronics	Cell Phones	Closed as a contractor claim	0.0	
106300	2007062727542	2007-06-25 00:00:00	2007-06-18 00:00:00	MCI	Kansas City International		Passenger Property Loss	Checked Baggage	760.0	Clothing & Accessories,Other	Clothing - Shoes, belts, accessories, etc.*Other	Closed as a contractor claim	0.0	
106743	2007071028023	2007-07-03 00:00:00	2006-12-25 00:00:00	MCI	Kansas City International	Midwest Express Airlines	Passenger Property Loss	Checked Baggage	580.61	Electronics	GPS - Global Positioning System	Closed as a contractor claim	0.0	
109340	2007082430796	2007-08-21 00:00:00	2007-08-05 00:00:00	MCI	Kansas City International	Northwest Airlines	Passenger Property Loss	Checkpoint	450.0	Containers,Electronics	Bags - Fabric, plastic, etc. (not purses)*Cameras - Digital	Closed as a contractor claim	0.0	
109698	2007082931130	2007-08-27 00:00:00	2007-08-07 00:00:00	MCI	Kansas City International	Delta Air Lines	Passenger Property Loss	Checkpoint	313.0	Other	Other	Closed as a contractor claim	0.0	
111235	2007092732659	2007-09-25 00:00:00	2007-09-06 00:00:00	MCI	Kansas City International	Midwest Express Airlines	Passenger Property Loss	Checked Baggage	162.0	Watches & Jewelry	Jewelry - Costume	Closed as a contractor claim	0.0	
112144	2007101833621	2007-10-15 00:00:00	2007-10-13 00:00:00	MCI	Kansas City International	Northwest Airlines	Passenger Property Loss	Checked Baggage	1511.99	Electronics	GPS - Global Positioning System	Closed as a contractor claim	0.0	
112145	2007101933679	2007-10-15 00:00:00	2007-10-09 00:00:00	MCI	Kansas City International	Southwest Airlines	Passenger Property Loss	Checked Baggage	10.0	Tools & Machines	Locks	Closed as a contractor claim	0.0	
114354	2007112935661	2007-11-28 00:00:00	2006-12-28 00:00:00	MCI	Kansas City International	Delta Air Lines	Passenger Property Loss	Checked Baggage	10.0	Tools & Machines	Locks	Closed as a contractor claim	0.0	
114355	2007112935662	2007-11-28 00:00:00	2007-09-16 00:00:00	MCI	Kansas City International	Delta Air Lines	Passenger Property Loss	Checked Baggage	10.0	Tools & Machines	Locks	Closed as a contractor claim	0.0	
114598	2007120636152	2007-12-03 00:00:00	2007-11-09 00:00:00	MCI	Kansas City International		Passenger Property Loss	Checkpoint	64.92	Clothing & Accessories	Clothing - Shoes, belts, accessories, etc.	Closed as a contractor claim	0.0	
115739	2008010437299	2007-12-27 00:00:00	2007-11-30 00:00:00	MCI	Kansas City International	Midwest Express Airlines	Passenger Property Loss	Checked Baggage	15.0	Other	Other	Closed as a contractor claim	0.0	
116490	2008011638008	2008-01-10 00:00:00	2007-11-20 00:00:00	MCI	Kansas City International	Southwest Airlines	Passenger Property Loss	Checked Baggage	20.0	Other	Other	Closed as a contractor claim	0.0	
116874	2008012438517	2008-01-16 00:00:00	2007-12-16 00:00:00	MCI	Kansas City International	USAir	Passenger Property Loss	Checked Baggage	994.2	Clothing & Accessories,Cosmetics	Clothing - Shoes, belts, accessories, etc.*Cosmetics - Perfume, toilet articles, medicines, soaps, etc.	Closed as a contractor claim	0.0	
120159	2008040441935	2008-03-25 00:00:00	2008-01-07 00:00:00	MCI	Kansas City International	Midwest Express Airlines	Passenger Property Loss	Checked Baggage	15.0	Other	Other	Closed as a contractor claim	0.0	
131517	2008121553430	2008-12-09 00:00:00	2008-12-03 00:00:00	MCI	Kansas City International	UAL	Passenger Property Loss	Checked Baggage	599.94	Other	Other	Closed as a contractor claim	0.0	
132671	2009011454531	2009-01-09 00:00:00		MCI	Kansas City International		Passenger Property Loss	Checked Baggage	961.0	Electronics,Watches & Jewelry,Electronics	Cameras - Digital*Jewelry - Fine*MP3 Players-(iPods, etc)	Closed as a contractor claim	0.0	
135992	2009042958092	2009-04-08 00:00:00	2009-03-05 00:00:00	MCI	Kansas City International	American Airlines	Passenger Property Loss	Checked Baggage	22800.0	Watches & Jewelry	Jewelry - Fine	Closed as a contractor claim	0.0	
144333	2009120966333	2009-12-04 00:00:00	2009-09-25 19:30:00	MCI	Kansas City International	Northwest Airlines	Passenger Property Loss	Checked Baggage	609.0	Electronics,Clothing & Accessories	Cameras - Digital*Clothing - Shoes, belts, accessories, etc.	Closed as a contractor claim		
145237	2010012267790	2010-01-14 00:00:00	2010-01-02 00:00:00	MCI	Kansas City International	UAL	Passenger Property Loss	Checked Baggage		Clothing & Accessories	Personal Accessories			
145239	2010012067697	2010-01-15 00:00:00	2010-01-11 09:30:00	MCI	Kansas City International	Northwest Airlines	Passenger Property Loss	Checked Baggage		Clothing & Accessories	Clothing			
145394	2010012968059	2010-01-25 00:00:00	2010-01-16 00:00:00	MCI	Kansas City International	Midwest Express Airlines	Passenger Property Loss	Checked Baggage		Cosmetics	Cosmetics & Grooming			
147631	2010041970940	2010-04-12 00:00:00	2010-02-19 17:30:00	MCI	Kansas City International	Midwest Express Airlines	Passenger Property Loss	Checked Baggage		Cosmetics,Other	Cosmetics & Grooming*Other			
149416	2010061572669	2010-06-08 00:00:00	2010-06-06 18:15:00	MCI	Kansas City International	Southwest Airlines	Passenger Property Loss	Checked Baggage		Cosmetics	Travel Accessories			
150457	2010071573703	2010-07-09 00:00:00	2010-06-18 17:00:00	MCI	Kansas City International	USAir	Passenger Property Loss	Checked Baggage		Electronics	Personal Electronics			
150731	2010072474023	2010-07-19 00:00:00	2010-07-08 20:15:00	MCI	Kansas City International	Southwest Airlines	Passenger Property Loss	Checked Baggage		Scientific Intruments,Other	Medical/Science*Other			
154137	2010110677628	2010-10-25 00:00:00	2010-09-20 13:40:00	MCI	Kansas City International	Southwest Airlines	Passenger Property Loss	Checked Baggage		Cosmetics	Travel Accessories			
156302	2011012579742	2011-01-10 00:00:00	2010-11-04 10:15:00	MCI	Kansas City International	Southwest Airlines	Passenger Property Loss	Checked Baggage		Other	Currency			
157156	2011030180674	2011-02-01 00:00:00	2010-12-04 00:00:00	MCI	Kansas City International	Southwest Airlines	Passenger Property Loss	Checked Baggage		Clothing & Accessories	Clothing			
160720	2011061084246	2011-06-01 00:00:00	2011-05-21 05:59:00	MCI	Kansas City International	USAir	Passenger Property Loss	Checked Baggage		Clothing & Accessories	Clothing			
162763	2011082286347	2011-08-05 00:00:00	2011-07-13 11:30:00	MCI	Kansas City International	American Airlines	Passenger Property Loss	Checked Baggage		Other	Other			
167947	2012031391642	2012-01-30 00:00:00	2010-03-05 00:00:00	MCI	Kansas City International	Southwest Airlines	Passenger Property Loss	Checked Baggage		Watches & Jewelry,Scientific Intruments	Jewelry & Watches*Medical/Science			
170392	2012042793324	2012-04-27 00:00:00	2012-03-28 00:00:00	MCI	Kansas City International	Southwest Airlines	Passenger Property Loss	Checked Baggage		Cosmetics	Cosmetics & Grooming			
170482	2012052194128	2012-04-30 00:00:00	2012-04-20 00:00:00	MCI	Kansas City International	American Airlines	Passenger Property Loss	Checked Baggage		Electronics	Computer & Accessories			
171074	2012060894648	2012-05-21 00:00:00	2012-03-21 00:00:00	MCI	Kansas City International	USAir	Passenger Property Loss	Checked Baggage		Other	Other			
173674	2012100397388	2012-08-21 00:00:00	2012-08-17 00:00:00	MCI	Kansas City International	UAL	Passenger Property Loss	Checked Baggage		Containers,Clothing & Accessories,Food & Drink,Watches & Jewelry	Baggage/Cases/Purses*Clothing*Food & Drink*Jewelry & Watches			
175968	2013010999678	2012-11-15 00:00:00	2012-11-14 12:20:00	MCI	Kansas City International	Southwest Airlines	Passenger Property Loss	Checked Baggage		Watches & Jewelry	Jewelry & Watches			
180246	2013060603991	2013-04-29 00:00:00	2012-12-22 00:00:00	MCI	Kansas City International	Delta Air Lines	Passenger Property Loss	Checked Baggage		Clothing & Accessories,Watches & Jewelry	Clothing*Jewelry & Watches			
183207	2013091306901	2013-08-11 00:00:00	2013-08-07 04:30:00	MCI	Kansas City International	American Airlines	Passenger Property Loss	Checked Baggage		Clothing & Accessories	Clothing			
187033	2014011310773	2014-01-08 00:00:00	2013-12-14 00:00:00	MCI	Kansas City International	America West	Passenger Property Loss	Checked Baggage		Scientific Intruments	Medical/Science			
188084	2014022111853	2014-02-10 00:00:00	2014-01-29 00:00:00	MCI	Kansas City International	Delta Air Lines	Passenger Property Loss	Checked Baggage		Cosmetics	Travel Accessories			
193451	2014100317334	2014-09-22 00:00:00	2014-09-17 00:00:00	MCI	Kansas City International	UAL	Passenger Property Loss	Checked Baggage		Watches & Jewelry	Jewelry & Watches			
200577	2015061823230	2015-06-05 00:00:00	2015-05-19 00:00:00	MCI	Kansas City International	UAL	Passenger Property Loss	Checked Baggage		Cosmetics	Travel Accessories			
200578	2015061823229	2015-06-18 00:00:00	2015-03-25 00:00:00	MCI	Kansas City International	UAL	Passenger Property Loss	Checked Baggage		Cosmetics	Travel Accessories			
200579	2015080624661	2015-08-06 00:00:00	2015-08-01 00:00:00	MCI	Kansas City International	USAir	Passenger Property Loss	Checked Baggage		Containers,Watches & Jewelry	Baggage/Cases/Purses*Jewelry & Watches			
200580	2015081224815	2015-08-11 00:00:00	2015-07-29 00:00:00	MCI	Kansas City International	Southwest Airlines	Passenger Property Loss	Checked Baggage		Electronics	Personal Electronics			
200581	2015091625386	2015-09-01 00:00:00	2015-06-15 00:00:00	MCI	Kansas City International	Southwest Airlines	Passenger Property Loss	Checked Baggage		Electronics	Computer & Accessories			
200585	2016011428333	2015-12-30 00:00:00	2015-12-23 00:00:00	MCI	Kansas City International	Southwest Airlines	Passenger Property Loss	Checked Baggage		Clothing & Accessories,Food & Drink,Household Decor,Other	Clothing*Food & Drink*Home Decor*Other			
209096	2016050931168	2016-04-22 00:00:00	2016-04-07 06:00:00	MCI	Kansas City International Kansas City International	American Airlines	Passenger Property Loss	Checkpoint		Electronics	Personal Electronics			Closed:Contractor Claim
209097	2016060832076	2016-06-01 00:00:00	2016-05-28 17:30:00	MCI	Kansas City International Kansas City International	American Airlines	Passenger Property Loss	Checked Baggage		Clothing & Accessories	Clothing			Closed:Contractor Claim
209098	2016081933158	2016-07-08 00:00:00	2016-06-28 00:00:00	MCI	Kansas City International Kansas City International	American Airlines	Passenger Property Loss	Checked Baggage		Clothing & Accessories	Clothing			Closed:Contractor Claim
209099	2016090533441	2016-07-18 00:00:00	2016-07-12 00:00:00	MCI	Kansas City International Kansas City International	American Airlines	Passenger Property Loss	Checked Baggage		Watches & Jewelry,Watches & Jewelry	Jewelry & Watches*Jewelry & Watches			Closed:Contractor Claim
209100	2016082233204	2016-07-28 00:00:00	2016-07-28 00:00:00	MCI	Kansas City International Kansas City International	American Airlines	Passenger Property Loss	Checked Baggage		Clothing & Accessories	Clothing			Closed:Contractor Claim
209105	2017020837387	2017-01-03 00:00:00	2016-11-30 00:00:00	MCI	Kansas City International Kansas City International	American Airlines	Passenger Property Loss	Checked Baggage		Outdoors Supplies	Sporting Equipment & Supplies (footballs, parachutes, etc.)			Closed:Contractor Claim
209106	2017011836629	2016-12-14 00:00:00	2016-12-02 00:00:00	MCI	Kansas City International Kansas City International	American Airlines	Passenger Property Loss	Checked Baggage		Electronics	Cameras			Closed:Contractor Claim
217375	2017102744821	2017-10-02 00:00:00	2017-09-30 00:00:00	MCI	Kansas City International Kansas City International	Spirit Airlines	Passenger Property Loss	Checked Baggage		Electronics,Clothing & Accessories	Cameras*Personal Accessories			losed: Contractor Claim
217377	2017050139138	2017-03-07 00:00:00	2017-02-26 10:50:00	MCI	Kansas City International Kansas City International	Southwest Airlines	Passenger Property Loss	Checked Baggage		Clothing & Accessories	Personal Accessories			losed: Contractor Claim
217378	2017050539251	2017-03-09 00:00:00	2017-01-20 04:15:00	MCI	Kansas City International Kansas City International	Delta Air Lines	Passenger Property Loss	Checked Baggage		Electronics,Clothing & Accessories	Cameras*Personal Accessories			losed: Contractor Claim
217379	2017092043231	2017-08-14 00:00:00	2017-07-25 10:00:00	MCI	Kansas City International Kansas City International	Southwest Airlines	Passenger Property Loss	Checked Baggage		Scientific Intruments	Medical/Science			losed: Contractor Claim
217380	2017052439923	2017-03-15 00:00:00	2017-02-28 00:00:00	MCI	Kansas City International Kansas City International	Southwest Airlines	Passenger Property Loss	Checked Baggage		Electronics	Audio/Video			losed: Contractor Claim
217381	2018010546546	2017-12-26 00:00:00	2017-11-25 00:00:00	MCI	Kansas City International Kansas City International	American Airlines	Passenger Property Loss	Checkpoint		Watches & Jewelry	Jewelry & Watches			losed: Contractor Claim
217382	2017061240462	2017-04-27 00:00:00	2017-04-10 00:00:00	MCI	Kansas City International Kansas City International	American Airlines	Passenger Property Loss	Checked Baggage		Other	Other			losed: Contractor Claim
217383	2017102644704	2017-09-28 00:00:00	2017-09-15 00:00:00	MCI	Kansas City International Kansas City International	American Airlines	Passenger Property Loss	Checked Baggage		Electronics	Personal Electronics			losed: Contractor Claim