id	claim_number	date_received	incident_date	airport_code	airport_name	airline	claim_type	claim_site	claim_amount	items_new	items_old	status	close_amount	disposition
1981	0129068L	2003-01-29 00:00:00	2003-01-16 00:00:00	MDT	Harrisburg International	Delta Air Lines	Passenger Property Loss	Checked Baggage	150.0	Other	Other	Approved	150.0	Approve in Full
3796	0318083L	2003-03-18 00:00:00	2003-02-28 00:00:00	MDT	Harrisburg International	Delta Air Lines	Passenger Property Loss	Other	6.38	Other	Other	Approved	6.38	Approve in Full
6493	0514146L	2003-05-14 00:00:00	2003-01-16 00:00:00	MDT	Harrisburg International	Delta Air Lines	Passenger Property Loss	Checked Baggage	132.0	Other	Other	Denied	0.0	Deny
7654	0603031L	2003-06-03 00:00:00	2003-01-17 00:00:00	MDT	Harrisburg International	USAir	Passenger Property Loss	Checked Baggage	15.95	Containers	Luggage (all types including footlockers)	Settled	7.98	Settle
9929	0702061M	2003-07-02 00:00:00	2003-06-24 00:00:00	MDT	Harrisburg International	Delta Air Lines	Passenger Property Loss	Checked Baggage	10.0	Tools & Machines	Locks	Denied	0.0	Deny
13264	0814173M	2003-08-14 00:00:00	2003-05-31 00:00:00	MDT	Harrisburg International		Passenger Property Loss	Checkpoint	57.0	Other	Other	Approved	57.0	Approve in Full
13728	0819018M	2003-08-19 00:00:00	2003-08-11 00:00:00	MDT	Harrisburg International	UAL	Passenger Property Loss	Checked Baggage	16.0	Tools & Machines	Locks	Denied	0.0	Deny
19655	1107026M	2003-11-07 00:00:00	2003-10-13 00:00:00	MDT	Harrisburg International	UAL	Passenger Property Loss	Checkpoint	25.0	Clothing & Accessories	Eyeglasses - (including contact lenses)	Approved		Approve in Full
22186	2004092263508	2003-12-08 00:00:00	2003-11-10 00:00:00	MDT	Harrisburg International		Passenger Property Loss	Checked Baggage	50.0	Other	Currency	Approved	50.0	Approve in Full
25956	0130241M	2004-01-30 00:00:00	2003-12-28 00:00:00	MDT	Harrisburg International	UAL	Passenger Property Loss	Checked Baggage	10.0	Other	Currency	Approved	10.0	Approve in Full
34871	2004061455683	2004-05-10 00:00:00	2004-03-29 00:00:00	MDT	Harrisburg International	UAL	Passenger Property Loss	Checked Baggage	42.95	Other	Other	Approved	42.95	Approve in Full
43618	2004092763896	2004-08-31 00:00:00	2004-08-01 00:00:00	MDT	Harrisburg International	Delta Air Lines	Passenger Property Loss	Checked Baggage	243.89	Clothing & Accessories	Eyeglasses - (including contact lenses)	Approved	243.89	Approve in Full
46515	2004111667174	2004-10-04 00:00:00	2004-09-09 00:00:00	MDT	Harrisburg International		Passenger Property Loss	Checked Baggage	400.0	Other	Other	Settled	100.0	Settle
48343	2004121469030	2004-10-27 00:00:00	2004-10-05 00:00:00	MDT	Harrisburg International	UAL	Passenger Property Loss	Checked Baggage	28.0	Tools & Machines	Locks	Approved	28.0	Approve in Full
48854	2004122069344	2004-11-02 00:00:00	2004-10-21 00:00:00	MDT	Harrisburg International	USAir	Passenger Property Loss	Checked Baggage	140.0	Other	Currency	Denied		Deny
51067	2004122971574	2004-12-02 00:00:00	2004-11-20 00:00:00	MDT	Harrisburg International	UAL	Passenger Property Loss	Checked Baggage	10.0	Tools & Machines	Locks	Approved	10.0	Approve in Full
52034	2005010372102	2004-12-14 00:00:00	2004-11-23 00:00:00	MDT	Harrisburg International	Delta Air Lines	Passenger Property Loss	Checked Baggage	909.0	Watches & Jewelry	Jewelry - Fine	Denied		Deny
52871	2005011173386	2004-12-23 00:00:00	2004-12-11 00:00:00	MDT	Harrisburg International	USAir	Passenger Property Loss	Checked Baggage	598.44	Electronics	Cameras - Digital	Canceled		
53057	2005011973823	2004-12-28 00:00:00	2004-12-06 00:00:00	MDT	Harrisburg International		Passenger Property Loss	Checked Baggage	400.0	Other	Currency	Canceled	0.0	
53101	2005011973801	2004-12-28 00:00:00	2004-11-16 00:00:00	MDT	Harrisburg International	UAL	Passenger Property Loss	Checked Baggage	27.91	Other	Other	Denied	0.0	Deny
55532	2005022276561	2005-01-26 00:00:00	2004-12-16 00:00:00	MDT	Harrisburg International		Passenger Property Loss	Checked Baggage	75.0	Other	Other	Approved	75.0	Approve in Full
56071	2005031177763	2005-02-01 00:00:00	2005-01-26 00:00:00	MDT	Harrisburg International	USAir	Passenger Property Loss	Checked Baggage	74.19	Other	Other	Approved	74.19	Approve in Full
58261	2005032279089	2005-03-04 00:00:00	2005-01-06 00:00:00	MDT	Harrisburg International		Passenger Property Loss	Checked Baggage	30.0	Clothing & Accessories	Clothing - Shoes, belts, accessories, etc.	Approved	30.0	Approve in Full
59117	2005032579870	2005-03-09 00:00:00	2005-02-14 00:00:00	MDT	Harrisburg International	Northwest Airlines	Passenger Property Loss	Checked Baggage	549.98	Electronics	Cameras - Digital	Settled	274.99	Settle
60451	2005040581434	2005-03-30 00:00:00	2005-02-16 00:00:00	MDT	Harrisburg International		Passenger Property Loss	Checked Baggage	70.0	Clothing & Accessories	Clothing - Shoes, belts, accessories, etc.	Approved	70.0	Approve in Full
65559	2005062186713	2005-06-06 00:00:00	2005-04-10 00:00:00	MDT	Harrisburg International	USAir	Passenger Property Loss	Checked Baggage	32.41	Tools & Machines	Locks	Denied	0.0	Deny
67792	2005071288728	2005-07-11 00:00:00	2005-05-28 00:00:00	MDT	Harrisburg International	UAL	Passenger Property Loss	Checked Baggage	44.0	Clothing & Accessories	Clothing - Shoes, belts, accessories, etc.	Denied	0.0	Deny
69282	2005081290479	2005-08-02 00:00:00	2005-07-17 00:00:00	MDT	Harrisburg International	Northwest Airlines	Passenger Property Loss	Checked Baggage	10.0	Clothing & Accessories	Clothing - Shoes, belts, accessories, etc.	Approved	10.0	Approve in Full
69889	2005081890862	2005-08-09 00:00:00	2005-06-18 00:00:00	MDT	Harrisburg International	Tran Meridian Airlines	Passenger Property Loss	Checked Baggage	177.42	Watches & Jewelry	Jewelry - Fine	Settled	88.71	Settle
71873	2005092693225	2005-09-14 00:00:00	2004-10-01 00:00:00	MDT	Harrisburg International	UAL	Passenger Property Loss	Checked Baggage	12.0	Tools & Machines	Locks	Approved	12.0	Approve in Full
74467	2005110395549	2005-10-25 00:00:00	2005-10-18 00:00:00	MDT	Harrisburg International	American Eagle	Passenger Property Loss	Checked Baggage	1200.0	Electronics	Computer - Laptop	Settled	381.34	Settle
77248	2005122798381	2005-12-16 00:00:00	2005-11-22 00:00:00	MDT	Harrisburg International	Delta Air Lines	Passenger Property Loss	Checked Baggage	50.0	Other	Other	Denied	0.0	Deny
79126	2006012500305	2006-01-18 00:00:00	2006-01-09 00:00:00	MDT	Harrisburg International		Passenger Property Loss	Checked Baggage	69.71	Cosmetics	Cosmetics - Perfume, toilet articles, medicines, soaps, etc.	Settled	34.86	Settle
84420	2006050105515	2006-04-26 00:00:00	2006-04-14 00:00:00	MDT	Harrisburg International		Passenger Property Loss	Checked Baggage	35.0	Other	Other	Settled	17.5	Settle
85089	2006051506302	2006-05-10 00:00:00	2006-04-24 00:00:00	MDT	Harrisburg International	USAir	Passenger Property Loss	Checked Baggage	10113.0	Electronics,Supplies	Electrical and Gas Appliances Minor - $200 or less (humidifiers, tv's, etc)*Furs	Denied	0.0	Deny
86442	2006060807658	2006-06-06 00:00:00	2006-05-21 00:00:00	MDT	Harrisburg International	UAL	Passenger Property Loss	Checked Baggage	65.0	Other	Currency	Settled	32.5	Settle
90745	2006090511976	2006-08-29 00:00:00	2006-08-15 00:00:00	MDT	Harrisburg International	Delta Air Lines	Passenger Property Loss	Checked Baggage	534.0	Electronics,Other,Electronics	Cameras - Digital*Other*Video Recordings (blank & commercial)	Settled	197.84	Settle
92646	2006102014277	2006-10-05 00:00:00	2006-09-25 00:00:00	MDT	Harrisburg International	USAir	Passenger Property Loss	Checked Baggage	403.05	Cosmetics,Supplies	Cosmetics - Perfume, toilet articles, medicines, soaps, etc.*Medicines	Settled	201.53	Settle
93023	2006102014282	2006-10-16 00:00:00	2006-10-02 00:00:00	MDT	Harrisburg International		Passenger Property Loss	Checked Baggage	66.36	Watches & Jewelry	Jewelry - Fine	Approved	66.36	Approve in Full
96467	2006122217870	2006-12-19 00:00:00	2004-12-16 00:00:00	MDT	Harrisburg International	Northwest Airlines	Passenger Property Loss	Checked Baggage	5082.44	Cosmetics,Watches & Jewelry	Cosmetics - Perfume, toilet articles, medicines, soaps, etc.*Jewelry - Fine	Denied	0.0	Deny
97921	2007011919002	2007-01-11 00:00:00	2006-12-27 00:00:00	MDT	Harrisburg International	UAL	Passenger Property Loss	Checked Baggage	2.88	Other	Other	Approved	2.88	Approve in Full
99180	2007020620279	2007-01-31 00:00:00	2007-01-12 00:00:00	MDT	Harrisburg International	USAir	Passenger Property Loss	Checked Baggage	308.39	Tools & Machines,Containers,Other	Locks*Luggage (all types including footlockers)*Other	Settled	154.2	Settle
101190	2007031522369	2007-03-13 00:00:00	2007-02-12 00:00:00	MDT	Harrisburg International	USAir	Passenger Property Loss	Checked Baggage	69.95	Other	Other	Denied	0.0	Deny
101289	2007032022569	2007-03-15 00:00:00	2007-03-06 00:00:00	MDT	Harrisburg International	American Eagle	Passenger Property Loss	Checked Baggage	10.0	Tools & Machines	Locks	Approved	10.0	Approve in Full
103195	2007042524463	2007-04-20 00:00:00	2006-10-03 00:00:00	MDT	Harrisburg International	USAir	Passenger Property Loss	Checked Baggage	340.0	Cosmetics,Scientific Intruments,Other	Brushes - Hair, Clothes, etc.*Dental Equipment and Instruments*Other	Denied	0.0	Deny
104320	2007051825676	2007-05-15 00:00:00	2007-04-28 00:00:00	MDT	Harrisburg International	UAL	Passenger Property Loss	Checked Baggage	128.0	Clothing & Accessories	Clothing - Shoes, belts, accessories, etc.	Denied	0.0	Deny
109108	2007082130546	2007-08-15 00:00:00	2007-05-13 00:00:00	MDT	Harrisburg International	Northwest Airlines	Passenger Property Loss	Checkpoint	235.0	Watches & Jewelry	Jewelry - Fine	Denied	0.0	Deny
110468	2007091431961	2007-09-10 00:00:00	2007-09-05 00:00:00	MDT	Harrisburg International	USAir	Passenger Property Loss	Checked Baggage	224.0	Clothing & Accessories,Cosmetics	Clothing - Shoes, belts, accessories, etc.*Cosmetics - Perfume, toilet articles, medicines, soaps, etc.	Denied	0.0	Deny
112109	2007101733582	2007-10-12 00:00:00	2007-08-21 00:00:00	MDT	Harrisburg International	UAL	Passenger Property Loss	Checked Baggage	730.0	Clothing & Accessories,Cosmetics,Clothing & Accessories,Containers,Other	Clothing - Shoes, belts, accessories, etc.*Cosmetics - Perfume, toilet articles, medicines, soaps, etc.*Eyeglasses - (including contact lenses)*Luggage (all types including footlockers)*Other	Denied	0.0	Deny
112202	2007101833673	2007-10-15 00:00:00	2007-10-06 00:00:00	MDT	Harrisburg International	UAL	Passenger Property Loss	Checked Baggage	391.12	Electronics,Other,Outdoors Supplies	Cameras - Digital*Other*Umbrellas	Denied	0.0	Deny
112565	2007103034135	2007-10-22 00:00:00	2007-08-17 00:00:00	MDT	Harrisburg International	Northwest Airlines	Passenger Property Loss	Checked Baggage	4175.0	Watches & Jewelry	Jewelry - Fine	Denied	0.0	Deny
113744	2007111935128	2007-11-15 00:00:00	2007-11-04 00:00:00	MDT	Harrisburg International	UAL	Passenger Property Loss	Checked Baggage	550.0	Outdoors Supplies	Sporting Equipment & Supplies (footballs, parachutes, etc.)	Denied	0.0	Deny
113939	2007112635414	2007-11-19 00:00:00	2007-10-12 00:00:00	MDT	Harrisburg International	KLM Royal Dutch Airlines	Passenger Property Loss	Checked Baggage	36.0	Clothing & Accessories	Clothing - Shoes, belts, accessories, etc.	Denied	0.0	Deny
117360	2008013138966	2008-01-25 00:00:00	2008-01-17 00:00:00	MDT	Harrisburg International	USAir	Passenger Property Loss	Checked Baggage	86.94	Cosmetics,Tools & Machines	Cosmetics - Perfume, toilet articles, medicines, soaps, etc.*Locks	Denied	0.0	Deny
118949	2008030640572	2008-02-27 00:00:00	2007-12-16 00:00:00	MDT	Harrisburg International	USAir	Passenger Property Loss	Checked Baggage	1500.0	Watches & Jewelry	Jewelry - Fine	Denied	0.0	Deny
119500	2008031841215	2008-03-10 00:00:00	2008-02-27 00:00:00	MDT	Harrisburg International	UAL	Passenger Property Loss	Checked Baggage	3425.0	Watches & Jewelry	Jewelry - Fine	Denied	0.0	Deny
127439	2008082749185	2008-08-26 00:00:00	2008-08-01 00:00:00	MDT	Harrisburg International	Delta Air Lines	Passenger Property Loss	Checked Baggage	935.11	Electronics,Cosmetics,Containers	Cameras - Digital*Cosmetics - Perfume, toilet articles, medicines, soaps, etc.*Luggage (all types including footlockers)	Denied	0.0	Deny
131377	2008120953210	2008-12-04 00:00:00	2008-11-02 00:00:00	MDT	Harrisburg International	Delta Air Lines	Passenger Property Loss	Checked Baggage	100.0	Clothing & Accessories	Clothing - Shoes, belts, accessories, etc.	Approved	100.0	Approve in Full
132408	2009042757996	2009-01-04 00:00:00	2008-11-15 00:00:00	MDT	Harrisburg International	Northwest Airlines	Passenger Property Loss	Checked Baggage	63.0	Clothing & Accessories	Clothing - Shoes, belts, accessories, etc.	Denied	0.0	Deny
132483	2009011454482	2009-01-05 00:00:00	2008-12-21 00:00:00	MDT	Harrisburg International	AirTran Airlines	Passenger Property Loss	Checked Baggage	85.19	Electronics,Electronics	Cell Phones*MP3 Players-(iPods, etc)	Settled	42.6	Settle
132826	2009012354818	2009-01-13 00:00:00	2008-12-29 00:00:00	MDT	Harrisburg International	North American Airlines	Passenger Property Loss	Checked Baggage	31.79	Electronics	Cell Phones	Approved	31.79	Approve in Full
133474	2009010754177	2009-01-29 00:00:00	2008-11-05 00:00:00	MDT	Harrisburg International	UAL	Passenger Property Loss	Checked Baggage	510.0	Clothing & Accessories,Outdoors Supplies,Games & Toys	Clothing - Shoes, belts, accessories, etc.*Tools - Manual (not in a vehicle)*Toys (game systems, cartridges, radio controlled cars, etc.)	Denied	0.0	Deny
135209	2009040357176	2009-03-18 00:00:00	2009-03-15 00:00:00	MDT	Harrisburg International	UAL	Passenger Property Loss	Checked Baggage	9.03	Scientific Intruments	Medical Equipment & Insturments	Denied	0.0	Deny
137845	2009060359804	2009-06-01 00:00:00	2009-05-21 00:00:00	MDT	Harrisburg International	UAL	Passenger Property Loss	Checked Baggage	1128.0	Electronics,Electronics	Computer - Laptop*GPS - Global Positioning System	Denied	0.0	Deny
139051	2009071361137	2009-07-01 00:00:00	2009-05-11 00:00:00	MDT	Harrisburg International	UAL	Passenger Property Loss	Checked Baggage	65.0	Household Items,Other	Kitchen Utensils -Pots, Pans, Knives (heavy aluminum, cast iron, etc.)*Other	Settled	32.5	Settle
140166	2009080362154	2009-07-31 00:00:00	2009-07-18 00:00:00	MDT	Harrisburg International	Delta Air Lines	Passenger Property Loss	Checkpoint	83.7	Electronics	GPS - Global Positioning System	Approved	83.7	Approve in Full
143389	2009111665419	2009-11-09 00:00:00	2009-11-01 00:00:00	MDT	Harrisburg International	Northwest Airlines	Passenger Property Loss	Checkpoint	340.25	Electronics	Cell Phones	Approved	340.25	Approve in Full
144918	2010010467056	2009-12-24 00:00:00	2009-11-29 17:30:00	MDT	Harrisburg International	UAL	Passenger Property Loss	Checked Baggage	60.0	Cosmetics,Cosmetics	Cosmetics - Perfume, toilet articles, medicines, soaps, etc.*Cosmetics - Perfume, toilet articles, medicines, soaps, etc.	Canceled		
145726	2010022268620	2010-02-12 00:00:00	2010-01-29 00:00:00	MDT	Harrisburg International	USAir	Passenger Property Loss	Checked Baggage		Household Items	Household Items		0.0	Deny
153635	2010101877046	2010-10-12 00:00:00	2010-10-06 06:30:00	MDT	Harrisburg International	Delta Air Lines	Passenger Property Loss	Checkpoint		Clothing & Accessories	Personal Accessories		137.75	Settle
154419	2010111677875	2010-11-04 00:00:00	2010-10-22 16:30:00	MDT	Harrisburg International	UAL	Passenger Property Loss	Checked Baggage		Clothing & Accessories,Other,Electronics	Clothing*Other*Personal Electronics		0.0	Deny
155017	2010120178414	2010-11-23 00:00:00	2010-11-11 00:00:00	MDT	Harrisburg International	Allegiant Air	Passenger Property Loss	Checked Baggage		Cosmetics	Travel Accessories		0.0	Deny
157136	2011022480576	2011-02-01 00:00:00	2011-01-31 00:00:00	MDT	Harrisburg International	Delta Air Lines	Passenger Property Loss	Checked Baggage		Cosmetics	Cosmetics & Grooming			
157621	2011030981069	2011-02-17 00:00:00	2011-01-09 00:00:00	MDT	Harrisburg International	Continental Airlines	Passenger Property Loss	Checked Baggage		Scientific Intruments	Medical/Science			
157670	2011031081079	2011-02-22 00:00:00	2011-02-17 18:15:00	MDT	Harrisburg International	USAir	Passenger Property Loss	Checkpoint		Watches & Jewelry	Jewelry & Watches		0.0	Deny
160350	2011053183849	2011-05-19 00:00:00	2011-05-13 12:30:00	MDT	Harrisburg International	Continental Airlines	Passenger Property Loss	Checkpoint		Electronics	Personal Electronics		0.0	Deny
161153	2011071185087	2011-06-14 00:00:00	2011-02-14 00:00:00	MDT	Harrisburg International	USAir	Passenger Property Loss	Checked Baggage		Other	Other		55.0	Approve in Full
161185	2011062784683	2011-06-15 00:00:00	2011-05-26 06:15:00	MDT	Harrisburg International		Passenger Property Loss	Checkpoint		Electronics	Personal Electronics		0.0	Deny
166802	2012020390626	2011-12-23 00:00:00	2011-11-30 00:00:00	MDT	Harrisburg International	Delta Air Lines	Passenger Property Loss	Checked Baggage		Cosmetics	Cosmetics & Grooming		37.5	Settle
167184	2012020990846	2012-01-09 00:00:00	2011-12-14 00:00:00	MDT	Harrisburg International	USAir	Passenger Property Loss	Checked Baggage		Cosmetics	Cosmetics & Grooming		0.0	Deny
168807	2012013190528	2012-02-29 00:00:00	2011-08-07 00:00:00	MDT	Harrisburg International	Delta Air Lines	Passenger Property Loss	Checked Baggage		Electronics	Computer & Accessories		0.0	Deny
170256	2012051593990	2012-04-23 00:00:00	2012-03-05 00:00:00	MDT	Harrisburg International	USAir	Passenger Property Loss	Checked Baggage		Outdoors Supplies	Sporting Equipment & Supplies (footballs, parachutes, etc.)		20.0	Approve in Full
170823	2012053094403	2012-05-10 00:00:00	2012-04-28 00:00:00	MDT	Harrisburg International	AirTran Airlines	Passenger Property Loss	Checked Baggage		Watches & Jewelry	Jewelry & Watches		0.0	Deny
173435	2012092797190	2012-08-13 00:00:00	2012-06-19 00:00:00	MDT	Harrisburg International	UAL	Passenger Property Loss	Checked Baggage		Clothing & Accessories,Cosmetics	Clothing*Travel Accessories		0.0	Deny
175511	2012103098213	2012-10-30 00:00:00	2012-09-03 06:00:00	MDT	Harrisburg International	UAL	Passenger Property Loss	Checked Baggage		Outdoors Supplies,Cosmetics	Sporting Equipment & Supplies (footballs, parachutes, etc.)*Travel Accessories		142.92	Approve in Full
179159	2013040402991	2013-03-18 00:00:00	2013-03-17 00:00:00	MDT	Harrisburg International	Delta Air Lines	Passenger Property Loss	Checkpoint		Clothing & Accessories	Personal Accessories		151.2	Settle
179670	2013042303296	2013-04-08 00:00:00	2013-03-14 00:00:00	MDT	Harrisburg International	Frontier Airlines	Passenger Property Loss	Checked Baggage		Scientific Intruments	Medical/Science		0.0	Deny
180972	2013062804924	2013-05-27 00:00:00	2013-05-13 00:00:00	MDT	Harrisburg International	American Airlines	Passenger Property Loss	Checked Baggage		Watches & Jewelry	Jewelry & Watches		0.0	Deny
181017	2013061504403	2013-05-29 00:00:00	2013-05-20 10:00:00	MDT	Harrisburg International	Allegiant Air	Passenger Property Loss	Checkpoint		Other	Other		0.0	Deny
183330	2013092307236	2013-08-15 00:00:00	2012-05-04 07:00:00	MDT	Harrisburg International	UAL	Passenger Property Loss	Checked Baggage		Containers,Cosmetics	Baggage/Cases/Purses*Cosmetics & Grooming		0.0	Deny
184486	2013102507883	2013-09-25 00:00:00	2013-08-02 00:00:00	MDT	Harrisburg International	Frontier Airlines	Passenger Property Loss	Checked Baggage		Cosmetics	Travel Accessories		0.0	Deny
185295	2013111509375	2013-10-30 00:00:00	2013-08-23 08:00:00	MDT	Harrisburg International	UAL	Passenger Property Loss	Checked Baggage		Containers	Baggage/Cases/Purses			
185550	2013111409340	2013-11-08 00:00:00	2013-11-06 06:00:00	MDT	Harrisburg International	Delta Air Lines	Passenger Property Loss	Checked Baggage		Other	Other			
186695	2014010610490	2013-12-31 00:00:00	2013-12-27 05:46:00	MDT	Harrisburg International	Frontier Airlines	Passenger Property Loss	Checked Baggage		Watches & Jewelry	Jewelry & Watches			
187000	2014011010739	2014-01-07 00:00:00	2013-12-02 00:00:00	MDT	Harrisburg International	UAL	Passenger Property Loss	Checked Baggage		Outdoors Supplies	Hunting & Fishing Items		74.95	Approve in Full
187531	2014013011289	2014-01-27 00:00:00	2013-11-13 00:00:00	MDT	Harrisburg International	American Airlines	Passenger Property Loss	Checked Baggage		Outdoors Supplies	Hunting & Fishing Items		0.0	Deny
189244	2014040713043	2014-04-03 00:00:00	2014-03-13 00:00:00	MDT	Harrisburg International	American Airlines	Passenger Property Loss	Checked Baggage		Watches & Jewelry	Jewelry & Watches		0.0	Deny
192231	2014082016085	2014-07-29 00:00:00	2014-07-09 00:00:00	MDT	Harrisburg International	Frontier Airlines	Passenger Property Loss	Checked Baggage		Other	Other		62.0	Approve in Full
193947	2014102017840	2014-10-14 00:00:00	2014-08-15 00:00:00	MDT	Harrisburg International	Delta Air Lines	Passenger Property Loss	Checked Baggage		Other	Other			
200962	2015112527141	2015-11-10 00:00:00	2015-09-26 00:00:00	MDT	Harrisburg International	USAir	Passenger Property Loss	Checkpoint		Clothing & Accessories	Clothing		0.0	Deny
200963	2015121427527	2015-11-24 00:00:00	2015-10-22 00:00:00	MDT	Harrisburg International	UAL	Passenger Property Loss	Checked Baggage		Cosmetics	Travel Accessories		10.45	Approve in Full
209504	2016102435068	2016-09-25 00:00:00	2016-09-11 06:00:00	MDT	Harrisburg International Harrisburg International	Delta Air Lines	Passenger Property Loss	Checked Baggage		Clothing & Accessories	Clothing			In Review
209507	2016071532756	2016-06-23 00:00:00	2016-05-17 12:00:00	MDT	Harrisburg International Harrisburg International	UAL	Passenger Property Loss	Checked Baggage		Clothing & Accessories	Clothing		120.0	Settle
217757	2017042839073	2017-03-03 00:00:00	2017-02-12 00:00:00	MDT	Harrisburg International Harrisburg International	American Airlines	Passenger Property Loss	Checkpoint		Electronics	Personal Electronics			In Review
217759	2017052539957	2017-04-10 00:00:00	2017-02-13 00:00:00	MDT	Harrisburg International Harrisburg International	Air Canada	Passenger Property Loss	Checked Baggage		Containers,Clothing & Accessories	Baggage/Cases/Purses*Clothing			In Review