id	claim_number	date_received	incident_date	airport_code	airport_name	airline	claim_type	claim_site	claim_amount	items_new	items_old	status	close_amount	disposition
32936	2004060254380	2004-04-21 00:00:00	2004-04-04 00:00:00	MSN	Dane County Regional (Madison)	Northwest Airlines	Passenger Property Loss	Checked Baggage	130.0	Cosmetics	Cosmetics - Perfume, toilet articles, medicines, soaps, etc.	Approved	130.0	Approve in Full
40708	2004081261274	2004-07-21 00:00:00	2004-07-10 00:00:00	MSN	Dane County Regional (Madison)		Passenger Property Loss	Checked Baggage	8.73	Cosmetics	Cosmetics - Perfume, toilet articles, medicines, soaps, etc.	Approved	8.73	Approve in Full
41434	2004091562999	2004-08-03 00:00:00	2004-07-15 00:00:00	MSN	Dane County Regional (Madison)	UAL	Passenger Property Loss	Checked Baggage	90.0	Watches & Jewelry	Jewelry - Fine	Approved	90.0	Approve in Full
42125	2004090862385	2004-08-09 00:00:00	2004-06-27 00:00:00	MSN	Dane County Regional (Madison)	AirTran Airlines	Passenger Property Loss	Checked Baggage	324.0	Electronics	DVD/CD Players	Settled	123.94	Settle
46013	2004110366209	2004-09-28 00:00:00	2004-09-15 00:00:00	MSN	Dane County Regional (Madison)		Passenger Property Loss	Checked Baggage	136.79	Other	Other	Denied	0.0	Deny
46633	2004112067504	2004-10-05 00:00:00	2004-09-09 00:00:00	MSN	Dane County Regional (Madison)	UAL	Passenger Property Loss	Checked Baggage	34.95	Other	Other	Approved	34.95	Approve in Full
46647	2004111967390	2004-10-05 00:00:00	2004-07-05 00:00:00	MSN	Dane County Regional (Madison)	Northwest Airlines	Passenger Property Loss	Checked Baggage	560.0	Watches & Jewelry	Jewelry - Fine	Canceled	0.0	
48406	2004122170093	2004-10-27 00:00:00	2004-10-13 00:00:00	MSN	Dane County Regional (Madison)	UAL	Passenger Property Loss	Checked Baggage	249.0	Electronics	Cameras - Digital	Approved	249.0	Approve in Full
48451	2004121469065	2004-10-27 00:00:00	2004-10-14 00:00:00	MSN	Dane County Regional (Madison)	Northwest Airlines	Passenger Property Loss	Checked Baggage	1204.0	Watches & Jewelry	Jewelry - Fine	Denied	0.0	Deny
48608	2004122169800	2004-10-28 00:00:00	2004-10-10 00:00:00	MSN	Dane County Regional (Madison)	American Eagle	Passenger Property Loss	Checked Baggage	52.74	Other	Other	Approved	52.74	Approve in Full
50690	2004123172007	2004-11-24 00:00:00	2004-10-02 00:00:00	MSN	Dane County Regional (Madison)		Passenger Property Loss	Checked Baggage	41.99	Other	Other	Approved	41.99	Approve in Full
50886	2004122871122	2004-11-29 00:00:00	2004-10-24 00:00:00	MSN	Dane County Regional (Madison)	Northwest Airlines	Passenger Property Loss	Checked Baggage	219.0	Electronics	Cameras - Digital	Denied	0.0	Deny
51945	2005010472460	2004-12-14 00:00:00	2004-12-04 00:00:00	MSN	Dane County Regional (Madison)	American Airlines	Passenger Property Loss	Checked Baggage	148.72	Other	Other	Approved	148.72	Approve in Full
53512	2005012574187	2005-01-04 00:00:00	2004-12-09 00:00:00	MSN	Dane County Regional (Madison)	AirTran Airlines	Passenger Property Loss	Checked Baggage	200.0	Containers	Luggage (all types including footlockers)	Denied	0.0	Deny
54563	2005013174991	2005-01-14 00:00:00	2004-12-26 00:00:00	MSN	Dane County Regional (Madison)	USAir	Passenger Property Loss	Checked Baggage	1208.0	Electronics	Cameras - Digital	Denied	0.0	Deny
54851	2005020475633	2005-01-19 00:00:00	2004-12-23 00:00:00	MSN	Dane County Regional (Madison)	Northwest Airlines	Passenger Property Loss	Checked Baggage	10.0	Tools & Machines	Locks	Approved	10.0	Approve in Full
59789	2005033080632	2005-03-22 00:00:00	2005-01-31 00:00:00	MSN	Dane County Regional (Madison)		Passenger Property Loss	Checked Baggage	281.13	Clothing & Accessories	Clothing - Shoes, belts, accessories, etc.	Settled	140.57	Settle
60784	2005040681725	2005-04-05 00:00:00	2005-01-06 00:00:00	MSN	Dane County Regional (Madison)	Northwest Airlines	Passenger Property Loss	Checked Baggage	196.22	Watches & Jewelry	Jewelry - Fine	Approved	196.22	Approve in Full
61445	2005041382441	2005-04-12 00:00:00	2005-03-10 00:00:00	MSN	Dane County Regional (Madison)	Delta Air Lines	Passenger Property Loss	Checked Baggage	125.0	Electronics	DVD/CD Players	Approved	125.0	Approve in Full
62509	2005042683398	2005-04-26 00:00:00	2005-02-24 00:00:00	MSN	Dane County Regional (Madison)	British Midland Airways Ltd	Passenger Property Loss	Other	100.0	Other	Currency	Approved	100.0	Approve in Full
62869	2005042983716	2005-04-29 00:00:00	2004-08-08 00:00:00	MSN	Dane County Regional (Madison)	Northwest Airlines	Passenger Property Loss		5240.0	Watches & Jewelry	Jewelry - Fine	Canceled	0.0	
63032	2005050383916	2005-05-02 00:00:00	2005-03-26 00:00:00	MSN	Dane County Regional (Madison)	Northwest Airlines	Passenger Property Loss	Checked Baggage	527.0	Other	Other	Settled	263.5	Settle
63484	2005051184531	2005-05-09 00:00:00	2005-04-03 00:00:00	MSN	Dane County Regional (Madison)		Passenger Property Loss	Checked Baggage	422.21	Electronics	Cameras - Digital	Settled	346.0	Settle
63757	2005051384625	2005-05-12 00:00:00	2004-06-12 00:00:00	MSN	Dane County Regional (Madison)	Continental Airlines	Passenger Property Loss	Checked Baggage	1568.0	Clothing & Accessories	Clothing - Shoes, belts, accessories, etc.	Denied	0.0	Deny
63876	2005051684790	2005-05-13 00:00:00	2005-05-06 00:00:00	MSN	Dane County Regional (Madison)	Northwest Airlines	Passenger Property Loss	Checked Baggage	2015.0	Electronics	Computer - Laptop	Denied	0.0	Deny
64243	2005052085169	2005-05-18 00:00:00	2005-04-08 00:00:00	MSN	Dane County Regional (Madison)	Northwest Airlines	Passenger Property Loss	Checked Baggage	20.0	Tools & Machines	Locks	Approved	20.0	Approve in Full
64848	2005060986079	2005-05-31 00:00:00	2005-05-09 00:00:00	MSN	Dane County Regional (Madison)	UAL	Passenger Property Loss	Checked Baggage	3353.3	Watches & Jewelry	Jewelry - Fine	Approved	3353.3	Approve in Full
66681	2005062987674	2005-06-21 00:00:00	2005-06-08 00:00:00	MSN	Dane County Regional (Madison)	Northwest Airlines	Passenger Property Loss	Checked Baggage	205.0	Watches & Jewelry	Jewelry - Fine	Denied	0.0	Deny
66743	2005063087967	2005-06-21 00:00:00	2005-06-05 00:00:00	MSN	Dane County Regional (Madison)	Allegiant Air	Passenger Property Loss	Checked Baggage	258.79	Other	Other	Settled	129.39	Settle
67519	2005071188528	2005-07-06 00:00:00	2005-06-22 00:00:00	MSN	Dane County Regional (Madison)		Passenger Property Loss	Checked Baggage	100.0	Electronics	DVD/CD Players	Denied	0.0	Deny
67626	2005070888493	2005-07-07 00:00:00	2005-06-29 00:00:00	MSN	Dane County Regional (Madison)		Passenger Property Loss	Checked Baggage	525.0	Electronics	Cameras - Digital	Denied	0.0	Deny
68233	2005071889143	2005-07-15 00:00:00	2005-06-25 00:00:00	MSN	Dane County Regional (Madison)	UAL	Passenger Property Loss	Checked Baggage	239.0	Containers	Luggage (all types including footlockers)	Settled	50.0	Settle
69228	2005080990270	2005-08-01 00:00:00	2005-07-04 00:00:00	MSN	Dane County Regional (Madison)	UAL	Passenger Property Loss	Checked Baggage	495.0	Watches & Jewelry	Jewelry - Fine	Settled	200.0	Settle
70001	2005082291085	2005-08-12 00:00:00	2005-07-27 00:00:00	MSN	Dane County Regional (Madison)	Northwest Airlines	Passenger Property Loss	Checked Baggage	4.22	Tools & Machines	Locks	Approved	4.22	Approve in Full
70272	2005082291134	2005-08-16 00:00:00	2005-07-12 00:00:00	MSN	Dane County Regional (Madison)	Northwest Airlines	Passenger Property Loss	Checked Baggage	151.23	Electronics	DVD/CD Players	Settled	136.11	Settle
70295	2005082391259	2005-08-16 00:00:00	2005-07-16 00:00:00	MSN	Dane County Regional (Madison)	American Airlines	Passenger Property Loss	Checked Baggage	100.0	Cosmetics	Cosmetics - Perfume, toilet articles, medicines, soaps, etc.	Settled	42.5	Settle
71195	2005083191942	2005-08-31 00:00:00	2005-08-13 00:00:00	MSN	Dane County Regional (Madison)	Northwest Airlines	Passenger Property Loss	Checked Baggage	36.0	Other	Other	Approved	36.0	Approve in Full
71756	2005091992820	2005-09-09 00:00:00	2005-07-26 00:00:00	MSN	Dane County Regional (Madison)	Midwest Express Airlines	Passenger Property Loss	Checkpoint	514.95	Other	Other	Settled	472.63	Settle
72432	2005093093592	2005-09-20 00:00:00	2005-08-01 00:00:00	MSN	Dane County Regional (Madison)	American Airlines	Passenger Property Loss	Checked Baggage	659.0	Watches & Jewelry	Jewelry - Fine	Denied	0.0	Deny
73043	2005100594108	2005-09-30 00:00:00	2005-09-13 00:00:00	MSN	Dane County Regional (Madison)	American Airlines	Passenger Property Loss	Checked Baggage	445.99	Electronics	Cameras - Digital	Settled	172.52	Settle
74369	2005110295521	2005-10-25 00:00:00	2005-10-01 00:00:00	MSN	Dane County Regional (Madison)	Northwest Airlines	Passenger Property Loss	Checked Baggage	6.45	Other	Other	Canceled	0.0	
74433	2005110395594	2005-10-25 00:00:00	2005-06-28 00:00:00	MSN	Dane County Regional (Madison)	Northwest Airlines	Passenger Property Loss	Checked Baggage	419.74	Other	Other	Denied	0.0	Deny
74600	2005110895750	2005-10-28 00:00:00	2005-10-17 00:00:00	MSN	Dane County Regional (Madison)	Northwest Airlines	Passenger Property Loss	Checked Baggage	12.84	Tools & Machines	Locks	Approved	12.84	Approve in Full
75378	2005112596445	2005-11-14 00:00:00	2005-10-27 00:00:00	MSN	Dane County Regional (Madison)	Northwest Airlines	Passenger Property Loss	Checked Baggage	650.0	Watches & Jewelry	Jewelry - Fine	Denied	0.0	Deny
77151	2005122298278	2005-12-15 00:00:00	2005-08-03 00:00:00	MSN	Dane County Regional (Madison)	Northwest Airlines	Passenger Property Loss	Checkpoint	7.3	Tools & Machines	Locks	Approved	7.3	Approve in Full
77400	2005122898499	2005-12-21 00:00:00	2005-11-23 00:00:00	MSN	Dane County Regional (Madison)	UAL	Passenger Property Loss	Checked Baggage	4273.0	Watches & Jewelry	Jewelry - Fine	Denied	0.0	Deny
77598	2006010498717	2005-12-23 00:00:00	2005-12-12 00:00:00	MSN	Dane County Regional (Madison)	UAL	Passenger Property Loss	Checked Baggage	380.0	Watches & Jewelry	Jewelry - Fine	Settled	347.99	Settle
77680	2006010598826	2005-12-28 00:00:00	2005-11-24 00:00:00	MSN	Dane County Regional (Madison)	UAL	Passenger Property Loss	Checked Baggage	21.07	Electronics	Cell Phones	Approved	21.07	Approve in Full
77782	2006011099295	2005-12-28 00:00:00	2005-10-10 00:00:00	MSN	Dane County Regional (Madison)	UAL	Passenger Property Loss	Checked Baggage		Other	Other	Insufficient, one of the following items required: sum certain, statement of fact, signature, location of incident, and date.		
78349	2006011199342	2006-01-09 00:00:00	2006-01-01 00:00:00	MSN	Dane County Regional (Madison)	UAL	Passenger Property Loss	Checked Baggage	210.0	Clothing & Accessories	Eyeglasses - (including contact lenses)	Settled	195.0	Settle
78961	2006012400191	2006-01-18 00:00:00	2005-12-26 00:00:00	MSN	Dane County Regional (Madison)	Midwest Express Airlines	Passenger Property Loss	Checked Baggage	50.0	Other	Currency	Approved	50.0	Approve in Full
78964	2006012400196	2006-01-18 00:00:00	2005-12-26 00:00:00	MSN	Dane County Regional (Madison)	Midwest Express Airlines	Passenger Property Loss	Checked Baggage	39.98	Other	Other	Approved	39.98	Approve in Full
79130	2006012400264	2006-01-19 00:00:00	2005-12-31 00:00:00	MSN	Dane County Regional (Madison)		Passenger Property Loss	Checked Baggage	20.0	Tools & Machines	Locks	Approved	20.0	Approve in Full
80441	2006021601655	2006-02-09 00:00:00	2006-01-20 00:00:00	MSN	Dane County Regional (Madison)	Delta Air Lines	Passenger Property Loss	Checked Baggage	14.85	Other	Other	Approved	14.85	Approve in Full
81746	2006031302953	2006-03-07 00:00:00	2006-01-27 00:00:00	MSN	Dane County Regional (Madison)	Northwest Airlines	Passenger Property Loss	Checked Baggage	10.0	Tools & Machines	Locks	Approved	10.0	Approve in Full
82349	2006032203492	2006-03-16 00:00:00	2006-03-01 00:00:00	MSN	Dane County Regional (Madison)	UAL	Passenger Property Loss	Checked Baggage	713.8	Electronics	Cameras - Digital	Settled	356.9	Settle
82715	2006040403952	2006-03-23 00:00:00	2006-03-21 00:00:00	MSN	Dane County Regional (Madison)	UAL	Passenger Property Loss	Checked Baggage	8.65	Tools & Machines	Locks	Approved	8.65	Approve in Full
82791	2006040303922	2006-03-24 00:00:00	2006-03-17 00:00:00	MSN	Dane County Regional (Madison)	Delta Air Lines	Passenger Property Loss	Checked Baggage	50.0	Clothing & Accessories	Clothing - Shoes, belts, accessories, etc.	Denied	0.0	Deny
83561	2006041904764	2006-04-10 00:00:00	2006-03-02 00:00:00	MSN	Dane County Regional (Madison)	UAL	Passenger Property Loss	Checked Baggage	176.0	Clothing & Accessories	Clothing - Shoes, belts, accessories, etc.	Approved	176.0	Approve in Full
83787	2006042405052	2006-04-13 00:00:00	2006-04-10 00:00:00	MSN	Dane County Regional (Madison)	Delta Air Lines	Passenger Property Loss	Checked Baggage	130.0	Other	Other	Denied	0.0	Deny
84372	2006042705422	2006-04-25 00:00:00	2006-04-18 00:00:00	MSN	Dane County Regional (Madison)	American Airlines	Passenger Property Loss	Checked Baggage	1420.0	Electronics	Cameras - Digital	Settled	672.53	Settle
84499	2006050805730	2006-04-28 00:00:00	2006-04-22 00:00:00	MSN	Dane County Regional (Madison)	Midwest Express Airlines	Passenger Property Loss	Checked Baggage	7.18	Tools & Machines	Locks	Approved	7.18	Approve in Full
85786	2006052607055	2006-05-24 00:00:00	2006-05-10 00:00:00	MSN	Dane County Regional (Madison)	Midwest Express Airlines	Passenger Property Loss	Checked Baggage	6.99	Tools & Machines	Locks	Approved	6.99	Approve in Full
86101	2006060207197	2006-06-01 00:00:00	2006-05-26 00:00:00	MSN	Dane County Regional (Madison)	American Airlines	Passenger Property Loss	Checked Baggage	164.58	Watches & Jewelry	Watches - Expensive more than $100	Approved	164.58	Approve in Full
86358	2006061307897	2006-06-06 00:00:00	2006-05-28 00:00:00	MSN	Dane County Regional (Madison)	North American Airlines	Passenger Property Loss	Checked Baggage	161.61	Electronics	Audio - Other (Phonograph, cassettes, etc)	Approved	161.61	Approve in Full
87037	2006062108307	2006-06-20 00:00:00	2006-06-09 00:00:00	MSN	Dane County Regional (Madison)	American Airlines	Passenger Property Loss	Checked Baggage	38.97	Electronics	Electrical and Gas Appliances Minor - $200 or less (humidifiers, tv's, etc)	Approved	38.97	Approve in Full
87680	2006070308864	2006-07-03 00:00:00	2006-06-26 00:00:00	MSN	Dane County Regional (Madison)	Northwest Airlines	Passenger Property Loss	Checked Baggage	561.59	Electronics,Electronics	Cameras - Digital*MP3 Players-(iPods, etc)	Approved	561.59	Approve in Full
89233	2006080310459	2006-08-01 00:00:00	2006-07-17 00:00:00	MSN	Dane County Regional (Madison)	American Airlines	Passenger Property Loss	Checked Baggage	77.55	Outdoors Supplies	Sporting Equipment & Supplies (footballs, parachutes, etc.)	Approved	77.55	Approve in Full
89423	2006081010678	2006-08-04 00:00:00	2006-07-23 00:00:00	MSN	Dane County Regional (Madison)	Northwest Airlines	Passenger Property Loss	Checked Baggage	133.0	Watches & Jewelry	Jewelry - Fine	Approved	133.0	Approve in Full
89682	2006081110918	2006-08-10 00:00:00	2006-07-27 00:00:00	MSN	Dane County Regional (Madison)	Northwest Airlines	Passenger Property Loss	Checked Baggage	299.99	Outdoors Supplies	Sporting Equipment & Supplies (footballs, parachutes, etc.)	Denied	0.0	Deny
89705	2006081410962	2006-08-10 00:00:00	2006-07-23 00:00:00	MSN	Dane County Regional (Madison)	American Eagle	Passenger Property Loss	Checked Baggage	180.0	Watches & Jewelry	Jewelry - Fine	Settled	90.0	Settle
89895	2006081711214	2006-08-14 00:00:00	2006-08-06 00:00:00	MSN	Dane County Regional (Madison)	American Airlines	Passenger Property Loss	Checked Baggage	2000.0	Containers,Electronics,Electronics,Electronics	Bags - Fabric, plastic, etc. (not purses)*Cameras - Digital*Video Recordings (blank & commercial)*Video Recordings - Laser Discs	Denied	0.0	Deny
90978	2006091212408	2006-09-05 00:00:00	2006-08-20 00:00:00	MSN	Dane County Regional (Madison)	UAL	Passenger Property Loss	Checked Baggage	31.49	Electronics	Cell Phones	Approved	31.49	Approve in Full
91155	2006091312505	2006-09-06 00:00:00	2006-08-28 00:00:00	MSN	Dane County Regional (Madison)	American Eagle	Passenger Property Loss	Checked Baggage	1834.1	Containers,Cosmetics,Watches & Jewelry	Bags - Fabric, plastic, etc. (not purses)*Cosmetics - Perfume, toilet articles, medicines, soaps, etc.*Jewelry - Fine	Denied	0.0	Deny
91238	2006091812635	2006-09-07 00:00:00	2006-05-15 00:00:00	MSN	Dane County Regional (Madison)	American Airlines	Passenger Property Loss	Checked Baggage	450.0	Electronics	Cameras - Digital	Denied	0.0	Deny
91426	2006091512599	2006-09-11 00:00:00	2006-09-03 00:00:00	MSN	Dane County Regional (Madison)	American Airlines	Passenger Property Loss	Checked Baggage	316.03	Containers,Cosmetics,Electronics	Bags - Fabric, plastic, etc. (not purses)*Cosmetics - Perfume, toilet articles, medicines, soaps, etc.*Electrical and Gas Appliances Minor - $200 or less (humidifiers, tv's, etc)	Settled	236.25	Settle
91455	2006091512606	2006-09-12 00:00:00	2006-07-27 00:00:00	MSN	Dane County Regional (Madison)	Northwest Airlines	Passenger Property Loss	Checked Baggage	47.46	Electronics	DVD/CD Players	Approved	47.46	Approve in Full
92166	2006092713408	2006-09-26 00:00:00	2006-08-30 00:00:00	MSN	Dane County Regional (Madison)	UAL	Passenger Property Loss	Checked Baggage	105.65	Cosmetics,Other	Cosmetics - Perfume, toilet articles, medicines, soaps, etc.*Other	Denied	0.0	Deny
92856	2006101213934	2006-10-11 00:00:00	2006-09-18 00:00:00	MSN	Dane County Regional (Madison)	Northwest Airlines	Passenger Property Loss	Checked Baggage	675.0	Clothing & Accessories,Other	Clothing - Shoes, belts, accessories, etc.*Other	Denied	0.0	Deny
94047	2006111415550	2006-11-02 00:00:00	2006-09-17 00:00:00	MSN	Dane County Regional (Madison)	Northwest Airlines	Passenger Property Loss	Checked Baggage	2498.0	Watches & Jewelry	Jewelry - Fine	Denied	0.0	Deny
94489	2006111715758	2006-11-13 00:00:00	2006-10-02 00:00:00	MSN	Dane County Regional (Madison)	UAL	Passenger Property Loss	Checked Baggage	237.22	Other	Other	Denied	0.0	Deny
94780	2006112216040	2006-11-16 00:00:00	2006-10-22 00:00:00	MSN	Dane County Regional (Madison)	Northwest Airlines	Passenger Property Loss	Checked Baggage	26.38	Watches & Jewelry	Watches - Inexpensive $100 or less	Settled	13.19	Settle
95123	2006113016468	2006-11-24 00:00:00	2006-10-27 00:00:00	MSN	Dane County Regional (Madison)	American Airlines	Passenger Property Loss	Checked Baggage	812.17	Clothing & Accessories	Clothing - Shoes, belts, accessories, etc.	Denied	0.0	Deny
95417	2006120716796	2006-11-30 00:00:00	2006-11-15 00:00:00	MSN	Dane County Regional (Madison)	American Airlines	Passenger Property Loss	Checked Baggage	182.02	Automobile & Mechanical,Other	Automobile Parts*Other	Approved	182.02	Approve in Full
95888	2006121517219	2006-12-08 00:00:00	2006-10-15 00:00:00	MSN	Dane County Regional (Madison)	American Airlines	Passenger Property Loss	Checked Baggage	19.95	Tools & Machines	Locks	Approved	19.95	Approve in Full
95891	2006121417142	2006-12-08 00:00:00	2006-10-29 00:00:00	MSN	Dane County Regional (Madison)	American Airlines	Passenger Property Loss	Checked Baggage	535.83	Electronics	PDA - Personal Data Assistants	Denied	0.0	Deny
96149	2006121917387	2006-12-12 00:00:00	2006-11-03 00:00:00	MSN	Dane County Regional (Madison)	American Airlines	Passenger Property Loss	Checked Baggage	790.97	Cosmetics	Cosmetics - Perfume, toilet articles, medicines, soaps, etc.	Settled	165.0	Settle
99082	2007020520175	2007-01-30 00:00:00	2006-12-08 00:00:00	MSN	Dane County Regional (Madison)	American Airlines	Passenger Property Loss	Checked Baggage	2500.0	Clothing & Accessories,Electronics	Clothing - Shoes, belts, accessories, etc.*Computer - Laptop	Denied	0.0	Deny
99218	2007020620334	2007-02-02 00:00:00	2006-12-25 00:00:00	MSN	Dane County Regional (Madison)	Northwest Airlines	Passenger Property Loss	Checked Baggage	38.05	Other	Other	Approved	38.05	Approve in Full
99307	2007020620324	2007-02-05 00:00:00	2007-01-10 00:00:00	MSN	Dane County Regional (Madison)	UAL	Passenger Property Loss	Checked Baggage	1750.0	Watches & Jewelry	Jewelry - Fine	Canceled	0.0	
99395	2007020820516	2007-02-06 00:00:00	2007-01-10 00:00:00	MSN	Dane County Regional (Madison)	Northwest Airlines	Passenger Property Loss	Checked Baggage	23.72	Other	Other	Approved	23.72	Approve in Full
99638	2007021220742	2007-02-08 00:00:00	2006-12-01 00:00:00	MSN	Dane County Regional (Madison)	Delta Air Lines	Passenger Property Loss	Checked Baggage	123.5	Clothing & Accessories	Clothing - Shoes, belts, accessories, etc.	Settled	61.75	Settle
99723	2007021220745	2007-02-12 00:00:00	2007-02-08 00:00:00	MSN	Dane County Regional (Madison)	American Airlines	Passenger Property Loss	Checked Baggage	15.0	Other	Other	Denied	0.0	Deny
100242	2007022221395	2007-02-21 00:00:00	2007-02-08 00:00:00	MSN	Dane County Regional (Madison)	UAL	Passenger Property Loss	Checked Baggage	96.0	Clothing & Accessories,Cosmetics,Other	Clothing - Shoes, belts, accessories, etc.*Cosmetics - Perfume, toilet articles, medicines, soaps, etc.*Other	Settled	48.0	Settle
100580	2007030221838	2007-02-28 00:00:00	2007-01-30 00:00:00	MSN	Dane County Regional (Madison)	North American Airlines	Passenger Property Loss	Checked Baggage	800.0	Other	Currency	Denied	0.0	Deny
100679	2007030521916	2007-03-02 00:00:00	2007-01-21 00:00:00	MSN	Dane County Regional (Madison)	UAL	Passenger Property Loss	Checked Baggage	500.0	Electronics,Clothing & Accessories	Audio - Other (Phonograph, cassettes, etc)*Clothing - Shoes, belts, accessories, etc.	Denied	0.0	Deny
100740	2007030521918	2007-03-05 00:00:00	2007-02-16 00:00:00	MSN	Dane County Regional (Madison)	Northwest Airlines	Passenger Property Loss	Checked Baggage	92.66	Other	Other	Denied	0.0	Deny
101521	2007032322866	2007-03-19 00:00:00	2007-03-09 00:00:00	MSN	Dane County Regional (Madison)	American Airlines	Passenger Property Loss	Checked Baggage	626.57	Cosmetics,Watches & Jewelry	Cosmetics - Perfume, toilet articles, medicines, soaps, etc.*Jewelry - Fine	Denied	0.0	Deny
102094	2007040223368	2007-03-29 00:00:00	2007-03-12 00:00:00	MSN	Dane County Regional (Madison)	UAL	Passenger Property Loss	Checked Baggage	15.0	Outdoors Supplies	Tools - Manual (not in a vehicle)	Denied	0.0	Deny
102508	2007041123726	2007-04-09 00:00:00	2007-03-26 00:00:00	MSN	Dane County Regional (Madison)		Passenger Property Loss	Checked Baggage	314.33	Cosmetics,Containers	Cosmetics - Perfume, toilet articles, medicines, soaps, etc.*Luggage (all types including footlockers)	Denied	0.0	Deny
102781	2007041624024	2007-04-12 00:00:00	2007-03-27 00:00:00	MSN	Dane County Regional (Madison)	UAL	Passenger Property Loss	Checked Baggage	500.0	Watches & Jewelry	Jewelry - Fine	Denied	0.0	Deny
105551	2007061226806	2007-06-08 00:00:00	2007-04-21 00:00:00	MSN	Dane County Regional (Madison)	American Airlines	Passenger Property Loss	Checked Baggage	1120.0	Watches & Jewelry	Jewelry - Fine	Denied	0.0	Deny
107044	2007072428941	2007-07-09 00:00:00	2007-03-10 00:00:00	MSN	Dane County Regional (Madison)	UAL	Passenger Property Loss	Checked Baggage	30.0	Electronics	Cameras - Non-electronic (Camera supplies, lenses, projectors, etc.)	Denied	0.0	Deny
107365	2007071928660	2007-07-16 00:00:00	2007-06-15 00:00:00	MSN	Dane County Regional (Madison)	UAL	Passenger Property Loss	Checked Baggage	100.0	Tools & Machines,Cosmetics,Other	Barber Supplies - Scissors, shears, elecric razors, etc.*Cosmetics - Perfume, toilet articles, medicines, soaps, etc.*Other	Denied	0.0	Deny
107949	2007072729213	2007-07-26 00:00:00	2007-07-02 00:00:00	MSN	Dane County Regional (Madison)	UAL	Passenger Property Loss	Checked Baggage	350.0	Other	Other	Denied	0.0	Deny
108603	2007091431906	2007-08-06 00:00:00	2007-01-30 00:00:00	MSN	Dane County Regional (Madison)	North American Airlines	Passenger Property Loss	Checked Baggage	800.0	Other	Currency	Denied	0.0	Deny
109593	2007082330790	2007-08-23 00:00:00	2007-08-09 00:00:00	MSN	Dane County Regional (Madison)	UAL	Passenger Property Loss	Checked Baggage	45.0	Clothing & Accessories	Clothing - Shoes, belts, accessories, etc.	Settled	15.75	Settle
110723	2007091732054	2007-09-14 00:00:00	2007-09-09 00:00:00	MSN	Dane County Regional (Madison)	Midwest Express Airlines	Passenger Property Loss	Checked Baggage	31.79	Other	Other	Denied	0.0	Deny
111510	2007100332948	2007-10-01 00:00:00	2007-07-28 00:00:00	MSN	Dane County Regional (Madison)	UAL	Passenger Property Loss	Checked Baggage	200.0	Other	Currency	Denied	0.0	Deny
112879	2007110234360	2007-10-29 00:00:00	2007-10-22 00:00:00	MSN	Dane County Regional (Madison)	American Airlines	Passenger Property Loss	Checked Baggage	63.0	Clothing & Accessories	Clothing - Shoes, belts, accessories, etc.	Denied	0.0	Deny
113101	2007110634540	2007-11-01 00:00:00	2007-10-05 00:00:00	MSN	Dane County Regional (Madison)	UAL	Passenger Property Loss	Checked Baggage	30.0	Food & Drink	Alcoholic beverages	Denied	0.0	Deny
113162	2007110734638	2007-11-02 00:00:00	2007-09-13 00:00:00	MSN	Dane County Regional (Madison)	UAL	Passenger Property Loss	Checked Baggage	48.53	Cosmetics	Cosmetics - Perfume, toilet articles, medicines, soaps, etc.	Denied	0.0	Deny
114212	2007112935660	2007-11-26 00:00:00	2007-03-08 00:00:00	MSN	Dane County Regional (Madison)	US Express	Passenger Property Loss	Checked Baggage	38.1	Other	Other	Denied	0.0	Deny
114221	2007112935688	2007-11-26 00:00:00	2007-11-17 00:00:00	MSN	Dane County Regional (Madison)	American Airlines	Passenger Property Loss	Checked Baggage	40.09	Other	Other	Denied	0.0	Deny
114519	2007120436019	2007-11-30 00:00:00	2007-11-01 00:00:00	MSN	Dane County Regional (Madison)	Sun Country Airlines Inc	Passenger Property Loss	Checked Baggage	342.0	Clothing & Accessories,Containers	Clothing - Shoes, belts, accessories, etc.*Luggage (all types including footlockers)	Denied	0.0	Deny
114681	2007120736211	2007-12-04 00:00:00	2007-11-08 00:00:00	MSN	Dane County Regional (Madison)	Northwest Airlines	Passenger Property Loss	Checked Baggage	949.0	Watches & Jewelry	Jewelry - Costume	Canceled	0.0	
115288	2007122136783	2007-12-17 00:00:00	2007-11-10 00:00:00	MSN	Dane County Regional (Madison)	American Airlines	Passenger Property Loss	Checked Baggage	17.95	Office Supplies	Books - Other (Hardcover non-fiction)	Denied	0.0	Deny
115505	2008010337244	2007-12-20 00:00:00	2007-10-31 00:00:00	MSN	Dane County Regional (Madison)	Northwest Airlines	Passenger Property Loss	Checked Baggage	6100.0	Watches & Jewelry	Jewelry - Fine	Insufficient, one of the following items required: sum certain, statement of fact, signature, location of incident, and date.		
115540	2007122837031	2007-12-21 00:00:00	2007-12-12 00:00:00	MSN	Dane County Regional (Madison)	Northwest Airlines	Passenger Property Loss	Checked Baggage	430.0	Clothing & Accessories,Cosmetics	Clothing - Shoes, belts, accessories, etc.*Cosmetics - Perfume, toilet articles, medicines, soaps, etc.	Denied	0.0	Deny
115549	2007122736958	2007-12-21 00:00:00	2007-08-21 00:00:00	MSN	Dane County Regional (Madison)	UAL	Passenger Property Loss	Checked Baggage	17.77	Electronics	Batteries - Dry cell only	Settled	8.89	Settle
115643	2008010337168	2007-12-26 00:00:00	2007-11-27 00:00:00	MSN	Dane County Regional (Madison)	UAL	Passenger Property Loss	Checked Baggage	50.0	Watches & Jewelry	Jewelry - Costume	Denied	0.0	Deny
115660	2008010337218	2007-12-26 00:00:00	2007-11-06 00:00:00	MSN	Dane County Regional (Madison)	UAL	Passenger Property Loss	Checked Baggage	200.0	Clothing & Accessories	Clothing - Shoes, belts, accessories, etc.	Denied	0.0	Deny
116838	2008012338366	2008-01-15 00:00:00	2007-10-14 00:00:00	MSN	Dane County Regional (Madison)	Northwest Airlines	Passenger Property Loss	Checked Baggage	415.0	Clothing & Accessories,Cosmetics,Clothing & Accessories	Clothing - Shoes, belts, accessories, etc.*Cosmetics - Perfume, toilet articles, medicines, soaps, etc.*Eyeglasses - (including contact lenses)	Denied	0.0	Deny
117337	2008013038908	2008-01-25 00:00:00	2008-01-22 00:00:00	MSN	Dane County Regional (Madison)	Northwest Airlines	Passenger Property Loss	Checked Baggage	302.0	Electronics,Other	Cameras - Digital*Other	Denied	0.0	Deny
117344	2008013038919	2008-01-25 00:00:00	2007-12-13 00:00:00	MSN	Dane County Regional (Madison)	UAL	Passenger Property Loss	Checked Baggage	326.77	Electronics	Cameras - Digital	Denied	0.0	Deny
117498	2008011838180	2008-01-29 00:00:00	2007-12-22 00:00:00	MSN	Dane County Regional (Madison)	Northwest Airlines	Passenger Property Loss	Checked Baggage	44.79	Office Supplies,Other	Books - Other (Hardcover non-fiction)*Other	Approved	44.79	Approve in Full
117626	2008020739223	2008-01-31 00:00:00	2008-01-29 00:00:00	MSN	Dane County Regional (Madison)	American Airlines	Passenger Property Loss	Checked Baggage	40.0	Clothing & Accessories	Clothing - Shoes, belts, accessories, etc.	Canceled	0.0	
117806	2008020839347	2008-02-04 00:00:00	2008-01-28 00:00:00	MSN	Dane County Regional (Madison)	Northwest Airlines	Passenger Property Loss	Checked Baggage	254.96	Cosmetics,Other	Cosmetics - Perfume, toilet articles, medicines, soaps, etc.*Other	Denied	0.0	Deny
118521	2008022640233	2008-02-19 00:00:00	2008-01-05 00:00:00	MSN	Dane County Regional (Madison)	Continental Airlines	Passenger Property Loss	Checked Baggage	366.31	Electronics,Clothing & Accessories,Other	Cameras - Digital*Clothing - Shoes, belts, accessories, etc.*Other	Denied	0.0	Deny
118693	2008030440402	2008-02-22 00:00:00	2007-12-23 00:00:00	MSN	Dane County Regional (Madison)	Continental Airlines	Passenger Property Loss	Checkpoint	100.0	Electronics	MP3 Players-(iPods, etc)	Approved	100.0	Approve in Full
119375	2008031441065	2008-03-07 00:00:00	2008-02-19 00:00:00	MSN	Dane County Regional (Madison)		Passenger Property Loss	Checkpoint	123.5	Clothing & Accessories	Eyeglasses - (including contact lenses)	Denied	0.0	Deny
120559	2008041042372	2008-03-31 00:00:00	2008-01-19 00:00:00	MSN	Dane County Regional (Madison)	ATA Aerocondor	Passenger Property Loss	Checked Baggage	100.08	Clothing & Accessories,Cosmetics	Clothing - Shoes, belts, accessories, etc.*Cosmetics - Perfume, toilet articles, medicines, soaps, etc.	Denied	0.0	Deny
121002	2008040441942	2008-04-08 00:00:00	2008-03-14 00:00:00	MSN	Dane County Regional (Madison)	UAL	Passenger Property Loss	Checked Baggage	9.49	Other	Other	Denied	0.0	Deny
121780	2008042543380	2008-04-23 00:00:00	2008-04-14 00:00:00	MSN	Dane County Regional (Madison)	Northwest Airlines	Passenger Property Loss	Checked Baggage	1131.98	Containers,Electronics	Luggage (all types including footlockers)*MP3 Players-(iPods, etc)	Denied	0.0	Deny
121846	2008042843488	2008-04-24 00:00:00	2007-12-09 00:00:00	MSN	Dane County Regional (Madison)	Midwest Express Airlines	Passenger Property Loss	Checked Baggage	563.22	Clothing & Accessories,Other	Clothing - Shoes, belts, accessories, etc.*Other	Denied	0.0	Deny
122144	2008050643910	2008-04-30 00:00:00	2008-04-14 00:00:00	MSN	Dane County Regional (Madison)	Northwest Airlines	Passenger Property Loss	Checked Baggage	10.54	Clothing & Accessories	Clothing - Shoes, belts, accessories, etc.	Denied	0.0	Deny
122352	2008050843957	2008-05-06 00:00:00	2008-05-04 00:00:00	MSN	Dane County Regional (Madison)	Northwest Airlines	Passenger Property Loss	Checked Baggage	452.28	Watches & Jewelry,Electronics,Other	Jewelry - Costume*MP3 Players-(iPods, etc)*Other	Denied	0.0	Deny
122548	2008030640506	2008-05-09 00:00:00	2008-02-18 00:00:00	MSN	Dane County Regional (Madison)		Passenger Property Loss	Checked Baggage	118.0	Cosmetics	Cosmetics - Perfume, toilet articles, medicines, soaps, etc.	Denied	0.0	Deny
123866	2008061245567	2008-06-06 00:00:00	2008-05-15 00:00:00	MSN	Dane County Regional (Madison)	Delta Air Lines	Passenger Property Loss	Checked Baggage	1264.51	Electronics,Other,Electronics	GPS - Global Positioning System*Other*Video Recordings (blank & commercial)	Denied	0.0	Deny
124174	2008062045954	2008-06-13 00:00:00	2008-04-29 00:00:00	MSN	Dane County Regional (Madison)	Northwest Airlines	Passenger Property Loss	Checked Baggage	1000.0	Other	Currency	Denied	0.0	Deny
124182	2008062045969	2008-06-13 00:00:00	2008-05-21 00:00:00	MSN	Dane County Regional (Madison)	UAL	Passenger Property Loss	Checked Baggage	75.0	Clothing & Accessories	Clothing - Shoes, belts, accessories, etc.	Denied	0.0	Deny
124254	2008062045998	2008-06-16 00:00:00	2008-05-07 00:00:00	MSN	Dane County Regional (Madison)	Northwest Airlines	Passenger Property Loss	Checked Baggage	4290.0	Electronics	Cameras - Digital	Denied	0.0	Deny
124396	2008062446095	2008-06-19 00:00:00	2008-05-21 00:00:00	MSN	Dane County Regional (Madison)	UAL	Passenger Property Loss	Checked Baggage	306.5	Clothing & Accessories,Other	Clothing - Shoes, belts, accessories, etc.*Other	Denied	0.0	Deny
124547	2008062646185	2008-06-23 00:00:00	2008-06-15 00:00:00	MSN	Dane County Regional (Madison)	American Eagle	Passenger Property Loss	Checked Baggage	27.0	Containers	Luggage (all types including footlockers)	Insufficient, one of the following items required: sum certain, statement of fact, signature, location of incident, and date.		
124751	2008070146460	2008-06-27 00:00:00	2008-06-17 00:00:00	MSN	Dane County Regional (Madison)	Northwest Airlines	Passenger Property Loss	Checked Baggage	10.95	Other	Other	Denied	0.0	Deny
125296	2008071647025	2008-07-10 00:00:00	2008-06-27 00:00:00	MSN	Dane County Regional (Madison)	American Airlines	Passenger Property Loss	Checked Baggage	600.0	Other	Currency	Denied	0.0	Deny
125962	2008073047669	2008-07-24 00:00:00	2008-07-20 00:00:00	MSN	Dane County Regional (Madison)	Northwest Airlines	Passenger Property Loss	Checked Baggage	214.62	Electronics,Electronics	Cell Phones*GPS - Global Positioning System	Denied	0.0	Deny
126146	2008080147878	2008-07-29 00:00:00	2008-07-20 00:00:00	MSN	Dane County Regional (Madison)	UAL	Passenger Property Loss	Checked Baggage	150.0	Watches & Jewelry	Watches - Expensive more than $100	Denied	0.0	Deny
126969	2008071146807	2008-08-15 00:00:00	2008-06-15 00:00:00	MSN	Dane County Regional (Madison)		Passenger Property Loss	Checked Baggage	27.0	Other	Other	Denied	0.0	Deny
127083	2008082148899	2008-08-18 00:00:00	2008-07-27 00:00:00	MSN	Dane County Regional (Madison)	American Airlines	Passenger Property Loss	Checked Baggage	3.68	Tools & Machines	Locks	Denied	0.0	Deny
128065	2008091249859	2008-09-09 00:00:00	2008-09-02 00:00:00	MSN	Dane County Regional (Madison)	American Airlines	Passenger Property Loss	Checked Baggage	19.95	Tools & Machines	Locks	Denied	0.0	Deny
128202	2008091650014	2008-09-12 00:00:00	2008-08-03 00:00:00	MSN	Dane County Regional (Madison)	American Airlines	Passenger Property Loss	Checked Baggage	40.08	Clothing & Accessories	Clothing - Shoes, belts, accessories, etc.	Denied	0.0	Deny
128461	2008100150643	2008-09-18 00:00:00	2008-08-18 00:00:00	MSN	Dane County Regional (Madison)	Northwest Airlines	Passenger Property Loss	Checked Baggage	4.99	Tools & Machines	Locks	Denied	0.0	Deny
129468	2008101751263	2008-10-15 00:00:00	2008-09-05 00:00:00	MSN	Dane County Regional (Madison)	Northwest Airlines	Passenger Property Loss	Checked Baggage	3.88	Tools & Machines	Locks	Denied	0.0	Deny
129568	2008102351474	2008-10-17 00:00:00	2008-09-22 00:00:00	MSN	Dane County Regional (Madison)	Continental Airlines	Passenger Property Loss	Checked Baggage	29.0	Other	Other	Denied	0.0	Deny
130277	2008111052135	2008-11-04 00:00:00	2008-10-26 00:00:00	MSN	Dane County Regional (Madison)	Northwest Airlines	Passenger Property Loss	Checked Baggage	106.74	Scientific Intruments	Medical Equipment & Insturments	Denied	0.0	Deny
130493	2008111052122	2008-11-12 00:00:00	2008-10-15 00:00:00	MSN	Dane County Regional (Madison)	American Airlines	Passenger Property Loss	Checked Baggage	295.76	Containers	Bags - Fabric, plastic, etc. (not purses)	Denied	0.0	Deny
130523	2008111952425	2008-11-12 00:00:00	2008-09-19 00:00:00	MSN	Dane County Regional (Madison)	Midwest Express Airlines	Passenger Property Loss	Checked Baggage	103.0	Electronics,Other	GPS - Global Positioning System*Other	Denied	0.0	Deny
131805	2008122253676	2008-12-16 00:00:00	2008-11-02 00:00:00	MSN	Dane County Regional (Madison)	UAL	Passenger Property Loss	Checked Baggage	190.0	Watches & Jewelry	Jewelry - Fine	Denied	0.0	Deny
131956	2008123053873	2008-12-19 00:00:00	2008-10-30 00:00:00	MSN	Dane County Regional (Madison)	UAL	Passenger Property Loss	Checked Baggage	320.0	Clothing & Accessories	Clothing - Shoes, belts, accessories, etc.	Denied	0.0	Deny
138956	2009071661292	2009-06-30 00:00:00	2009-06-07 00:00:00	MSN	Dane County Regional (Madison)	Sun Country Airlines Inc	Passenger Property Loss	Checked Baggage	465.0	Containers	Luggage (all types including footlockers)	Denied	0.0	Deny
139806	2009072761814	2009-07-22 00:00:00	2009-07-04 00:00:00	MSN	Dane County Regional (Madison)	Northwest Airlines	Passenger Property Loss	Checked Baggage	1200.0	Electronics	Computer - Laptop	Denied	0.0	Deny
141298	2009090363318	2009-09-01 00:00:00	2009-07-01 00:00:00	MSN	Dane County Regional (Madison)	Northwest Airlines	Passenger Property Loss	Checkpoint	1639.66	Electronics	Computer - Laptop	Settled	955.85	Settle
141645	2009091563666	2009-09-14 00:00:00	2009-09-08 00:00:00	MSN	Dane County Regional (Madison)	Northwest Airlines	Passenger Property Loss	Checkpoint	49.95	Electronics	GPS - Global Positioning System	Canceled		
142576	2009102164573	2009-10-13 00:00:00	2009-10-08 15:00:00	MSN	Dane County Regional (Madison)	American Airlines	Passenger Property Loss	Checked Baggage	991.0	Other	Other	Denied	0.0	Deny
143147	2009110465136	2009-10-30 00:00:00	2009-08-12 00:00:00	MSN	Dane County Regional (Madison)	UAL	Passenger Property Loss	Checked Baggage	11.76	Tools & Machines	Locks	Approved	11.76	Approve in Full
143323	2009111365351	2009-11-04 00:00:00	2009-10-05 00:00:00	MSN	Dane County Regional (Madison)	UAL	Passenger Property Loss	Checked Baggage	32.46	Supplies	Medicines	Denied	0.0	Deny
144321	2009121066367	2009-12-03 00:00:00	2009-11-17 00:00:00	MSN	Dane County Regional (Madison)	Northwest Airlines	Passenger Property Loss	Checked Baggage	106.0	Clothing & Accessories,Outdoors Supplies,Containers	Clothing - Shoes, belts, accessories, etc.*Compasses*Luggage (all types including footlockers)	Denied	0.0	Deny
144900	2009123066935	2009-12-23 00:00:00	2009-12-01 00:00:00	MSN	Dane County Regional (Madison)	American Airlines	Passenger Property Loss	Checked Baggage	500.0	Electronics	Computer - Laptop	Denied	0.0	Deny
154771	2010112978329	2010-11-15 00:00:00	2010-11-05 05:00:00	MSN	Dane County Regional (Madison)	Delta Air Lines	Passenger Property Loss	Checkpoint		Watches & Jewelry	Jewelry & Watches		0.0	Deny
157857	2011032181355	2011-02-28 00:00:00	2010-11-05 00:00:00	MSN	Dane County Regional (Madison)	Delta Air Lines	Passenger Property Loss	Checkpoint		Watches & Jewelry	Jewelry & Watches		0.0	Deny
158088	2011033081558	2011-03-07 00:00:00	2010-07-21 00:00:00	MSN	Dane County Regional (Madison)	American Airlines	Passenger Property Loss	Checked Baggage		Cosmetics	Travel Accessories		11.07	Approve in Full
158862	2011041382324	2011-04-01 00:00:00	2011-02-11 14:56:00	MSN	Dane County Regional (Madison)	Delta Air Lines	Passenger Property Loss	Checked Baggage		Clothing & Accessories	Clothing		0.0	Deny
159141	2011041482511	2011-04-11 00:00:00	2011-03-24 00:00:00	MSN	Dane County Regional (Madison)	Delta Air Lines	Passenger Property Loss	Checked Baggage		Electronics	Cameras		0.0	Deny
164445	2011100487388	2011-10-04 00:00:00	2011-08-17 00:00:00	MSN	Dane County Regional (Madison)	American Airlines	Passenger Property Loss	Checked Baggage		Electronics	Cameras		0.0	Deny
165199	2011110988847	2011-10-26 00:00:00	2011-10-12 00:00:00	MSN	Dane County Regional (Madison)	Delta Air Lines	Passenger Property Loss	Checked Baggage		Other	Other		0.0	Deny
172502	2012082896228	2012-07-12 00:00:00	2012-06-12 00:00:00	MSN	Dane County Regional (Madison)	American Airlines	Passenger Property Loss	Checked Baggage		Watches & Jewelry	Jewelry & Watches			
173070	2012091496801	2012-08-01 00:00:00	2012-07-09 00:00:00	MSN	Dane County Regional (Madison)	UAL	Passenger Property Loss	Checked Baggage		Other	Other		46.95	Approve in Full
175427	2012121099205	2012-10-24 00:00:00	2012-09-11 00:00:00	MSN	Dane County Regional (Madison)	Frontier Aviation Inc	Passenger Property Loss	Checked Baggage		Cosmetics	Travel Accessories		20.0	Approve in Full
176197	2013011099801	2012-11-26 00:00:00	2012-11-24 00:00:00	MSN	Dane County Regional (Madison)	UAL	Passenger Property Loss	Checked Baggage		Cosmetics	Travel Accessories		30.0	Approve in Full
177663	2013021401476	2013-01-22 00:00:00	2013-01-15 20:45:00	MSN	Dane County Regional (Madison)	Frontier Airlines	Passenger Property Loss	Checkpoint		Watches & Jewelry	Jewelry & Watches		0.0	Deny
178554	2013030702473	2013-02-22 00:00:00	2013-02-18 00:00:00	MSN	Dane County Regional (Madison)	Delta Air Lines	Passenger Property Loss	Checked Baggage		Other	Other			
180728	2013061804472	2013-05-16 00:00:00	2013-04-26 00:00:00	MSN	Dane County Regional (Madison)	American Airlines	Passenger Property Loss	Checkpoint		Cosmetics	Cosmetics & Grooming		20.0	Settle
184953	2013111109083	2013-10-17 00:00:00	2013-08-29 09:30:00	MSN	Dane County Regional (Madison)	UAL	Passenger Property Loss	Checked Baggage		Outdoors Supplies	Sporting Equipment & Supplies (footballs, parachutes, etc.)			
186173	2013123010336	2013-12-05 00:00:00	2013-12-03 00:00:00	MSN	Dane County Regional (Madison)	USAir	Passenger Property Loss	Checked Baggage		Electronics	Cameras			
186373	2013122010186	2013-12-16 00:00:00	2013-12-14 06:40:00	MSN	Dane County Regional (Madison)	American Airlines	Passenger Property Loss	Checked Baggage		Cosmetics	Cosmetics & Grooming		0.0	Deny
187345	2014012411099	2014-01-16 00:00:00	2013-12-06 00:00:00	MSN	Dane County Regional (Madison)	Frontier Airlines	Passenger Property Loss	Checked Baggage		Scientific Intruments	Medical/Science			
190901	2014061814728	2014-06-10 00:00:00	2014-06-08 00:00:00	MSN	Dane County Regional (Madison)	Frontier Airlines	Passenger Property Loss	Checked Baggage		Outdoors Supplies	Sporting Equipment & Supplies (footballs, parachutes, etc.)			
191659	2014073015504	2014-07-11 00:00:00	2014-06-15 00:00:00	MSN	Dane County Regional (Madison)	UAL	Passenger Property Loss	Checked Baggage		Outdoors Supplies	Tools & Home Improvement Supplies		104.45	Approve in Full
194500	2014111818405	2014-11-10 00:00:00	2014-10-30 00:00:00	MSN	Dane County Regional (Madison)	American Airlines	Passenger Property Loss	Checked Baggage		Electronics	Computer & Accessories			
195068	2014120818991	2014-11-26 00:00:00	2014-11-09 00:00:00	MSN	Dane County Regional (Madison)	UAL	Passenger Property Loss	Checked Baggage		Cosmetics	Travel Accessories		12.5	Approve in Full
201464	2015051922596	2015-05-12 00:00:00	2015-04-08 00:00:00	MSN	Dane County Regional (Madison)		Passenger Property Loss	Checked Baggage		Electronics	Personal Electronics		20.0	Settle
201468	2015111026773	2015-10-21 00:00:00	2015-10-10 00:00:00	MSN	Dane County Regional (Madison)	American Airlines	Passenger Property Loss	Checked Baggage		Food & Drink	Food & Drink		9.48	Approve in Full
210016	2016081733106	2016-07-07 00:00:00	2016-05-31 14:00:00	MSN	Dane County Regional (Madison)	Delta Air Lines	Passenger Property Loss	Checked Baggage		Containers,Watches & Jewelry,Scientific Intruments	Baggage/Cases/Purses*Jewelry & Watches*Medical/Science		0.0	Deny
218236	2017061440605	2017-05-04 00:00:00	2017-05-01 00:00:00	MSN	Dane County Regional (Madison) Dane County Regional (Madison)	UAL	Passenger Property Loss	Checked Baggage		Watches & Jewelry	Jewelry & Watches			Insufficient
218242	2017112645458	2017-10-23 00:00:00	2017-10-18 00:00:00	MSN	 Dane County Regional (Madison)	American Airlines	Passenger Property Loss	Checked Baggage		Other	Other			In Review