id	claim_number	date_received	incident_date	airport_code	airport_name	airline	claim_type	claim_site	claim_amount	items_new	items_old	status	close_amount	disposition
4577	0402100L	2003-04-02 00:00:00	2003-03-14 00:00:00	OGG	Kahului-Maui, HI	Alaska Airlines	Passenger Property Loss	Checked Baggage	599.97	Outdoors Supplies	Fish/Game	Denied	0.0	Deny
4778	0408082L	2003-04-08 00:00:00	2003-03-19 00:00:00	OGG	Kahului-Maui, HI	Hawaiian Airlines	Passenger Property Loss	Checkpoint	300.0	Electronics	Cell Phones	Denied		Deny
5492	0422136L	2003-04-22 00:00:00	2003-03-15 00:00:00	OGG	Kahului-Maui, HI	UAL	Passenger Property Loss	Checked Baggage	2500.0	Watches & Jewelry	Jewelry - Fine	Denied	0.0	Deny
10102	0707026M	2003-07-07 00:00:00	2003-06-10 00:00:00	OGG	Kahului-Maui, HI		Passenger Property Loss	Checked Baggage	300.0	Clothing & Accessories	Eyeglasses - (including contact lenses)	Denied	0.0	Deny
12203	0731058M	2003-07-31 00:00:00	2003-07-18 00:00:00	OGG	Kahului-Maui, HI	UAL	Passenger Property Loss	Checkpoint	1600.0	Watches & Jewelry	Jewelry - Fine	Denied	1600.0	Deny
15023	0904062M	2003-09-04 00:00:00	2003-04-12 00:00:00	OGG	Kahului-Maui, HI		Passenger Property Loss	Checkpoint	2551.0	Supplies	Photographic Film	Denied	0.0	Deny
17594	1009105M	2003-10-09 00:00:00	2003-09-27 00:00:00	OGG	Kahului-Maui, HI		Passenger Property Loss	Checked Baggage	500.0	Watches & Jewelry	Jewelry - Fine	Approved	500.0	Approve in Full
21234	1126112M	2003-11-26 00:00:00	2003-10-01 00:00:00	OGG	Kahului-Maui, HI		Passenger Property Loss	Checked Baggage	173.0	Clothing & Accessories	Clothing - Shoes, belts, accessories, etc.	Settled	86.5	Settle
31372	2004051251332	2004-03-24 00:00:00	2004-03-10 00:00:00	OGG	Kahului-Maui, HI	American Airlines	Passenger Property Loss	Checkpoint	349.0	Electronics	PDA - Personal Data Assistants	Settled	236.79	Settle
31820	2004051452181	2004-04-01 00:00:00	2004-01-04 00:00:00	OGG	Kahului-Maui, HI		Passenger Property Loss	Checkpoint	139.93	Clothing & Accessories	Eyeglasses - (including contact lenses)	Canceled		
31970	2004051451973	2004-04-01 00:00:00	2004-03-14 00:00:00	OGG	Kahului-Maui, HI	America Trans Air	Passenger Property Loss	Checked Baggage	500.0	Other	Currency	Settled	250.0	Settle
32313	2004053153921	2004-04-06 00:00:00	2004-01-22 00:00:00	OGG	Kahului-Maui, HI		Passenger Property Loss	Checked Baggage	331.82	Clothing & Accessories	Clothing - Shoes, belts, accessories, etc.	Settled	165.91	Settle
32431	2004052653532	2004-04-15 00:00:00	2004-03-01 00:00:00	OGG	Kahului-Maui, HI	American Airlines	Passenger Property Loss	Checked Baggage	125.0	Other	Other	Approved	125.0	Approve in Full
32440	2004052653560	2004-04-15 00:00:00	2004-03-04 00:00:00	OGG	Kahului-Maui, HI		Passenger Property Loss	Checked Baggage	14.13	Other	Other	Approved	14.13	Approve in Full
32542	2004062056388	2004-04-15 00:00:00	2003-11-08 00:00:00	OGG	Kahului-Maui, HI	Continental Airlines	Passenger Property Loss	Checked Baggage	275.49	Other	Other	Denied	0.0	Deny
32959	2004060354519	2004-04-21 00:00:00	2004-03-20 00:00:00	OGG	Kahului-Maui, HI	Aloha Airlines	Passenger Property Loss	Checked Baggage	150.0	Electronics	Cameras - Digital	Approved	150.0	Approve in Full
33300	2004052853772	2004-04-21 00:00:00	2004-03-19 00:00:00	OGG	Kahului-Maui, HI	AirTran Airlines	Passenger Property Loss	Checked Baggage	25.98	Other	Other	Settled	17.99	Settle
33418	2004060654808	2004-04-21 00:00:00	2004-02-06 00:00:00	OGG	Kahului-Maui, HI		Passenger Property Loss	Checkpoint	60.0	Clothing & Accessories	Eyeglasses - (including contact lenses)	Settled	47.65	Settle
34055	2004051151124	2004-05-04 00:00:00	2004-03-28 00:00:00	OGG	Kahului-Maui, HI		Passenger Property Loss	Checkpoint	238.55	Clothing & Accessories	Eyeglasses - (including contact lenses)	Approved	238.55	Approve in Full
34232	2004051251369	2004-05-04 00:00:00	2004-04-22 00:00:00	OGG	Kahului-Maui, HI	UAL	Passenger Property Loss	Checkpoint	175.0	Watches & Jewelry	Jewelry - Fine	Canceled	0.0	
34316	2004051351639	2004-05-04 00:00:00	2004-04-16 00:00:00	OGG	Kahului-Maui, HI	Hawaiian Airlines	Passenger Property Loss	Checked Baggage	1150.0	Other	Other	Denied	0.0	Deny
34462	2004052453218	2004-05-04 00:00:00	2004-03-14 00:00:00	OGG	Kahului-Maui, HI	ATA Aerocondor	Passenger Property Loss	Checked Baggage	120.0	Other	Other	Settled	60.0	Settle
34641	2004060855159	2004-05-05 00:00:00	2004-03-06 00:00:00	OGG	Kahului-Maui, HI	American Airlines	Passenger Property Loss	Checkpoint	23.95	Other	Other	Denied	23.95	Deny
35518	2004061756079	2004-05-19 00:00:00	2004-04-01 00:00:00	OGG	Kahului-Maui, HI		Passenger Property Loss	Checked Baggage	31.63	Cosmetics	Cosmetics - Perfume, toilet articles, medicines, soaps, etc.	Approved	31.63	Approve in Full
36593	2004062256828	2004-05-28 00:00:00	2004-05-09 00:00:00	OGG	Kahului-Maui, HI		Passenger Property Loss	Checkpoint	151.54	Electronics	Cell Phones	Denied	0.0	Deny
37780	2004071259099	2004-06-14 00:00:00	2004-03-02 00:00:00	OGG	Kahului-Maui, HI		Passenger Property Loss	Checkpoint	250.0	Clothing & Accessories	Eyeglasses - (including contact lenses)	Denied	0.0	Deny
38345	2004070758659	2004-06-21 00:00:00	2004-05-20 00:00:00	OGG	Kahului-Maui, HI	Hawaiian Airlines	Passenger Property Loss	Checked Baggage	629.99	Cosmetics	Cosmetics - Perfume, toilet articles, medicines, soaps, etc.	Settled	156.25	Settle
39059	2004072359950	2004-06-29 00:00:00	2004-06-10 00:00:00	OGG	Kahului-Maui, HI	American Airlines	Passenger Property Loss	Checked Baggage	35.0	Other	Other	Settled	17.5	Settle
39142	2004071959707	2004-07-06 00:00:00	2004-06-17 00:00:00	OGG	Kahului-Maui, HI	American Airlines	Passenger Property Loss	Checked Baggage	40.76	Other	Other	Approved	40.76	Approve in Full
39763	2004081161191	2004-07-09 00:00:00	2004-07-08 00:00:00	OGG	Kahului-Maui, HI		Passenger Property Loss	Checked Baggage	25.0	Other	Other	Insufficient, one of the following items required: sum certain, statement of fact, signature, location of incident, and date.		
40052	2004080360508	2004-07-13 00:00:00	2004-06-10 00:00:00	OGG	Kahului-Maui, HI	American Airlines	Passenger Property Loss	Checked Baggage	35.0	Other	Other	Canceled	0.0	
40346	2004090261975	2004-07-16 00:00:00	2004-07-09 00:00:00	OGG	Kahului-Maui, HI		Passenger Property Loss	Checkpoint	169.22	Clothing & Accessories	Eyeglasses - (including contact lenses)	Approved	169.22	Approve in Full
41553	2004091663110	2004-08-03 00:00:00	2004-07-26 00:00:00	OGG	Kahului-Maui, HI	Hawaiian Airlines	Passenger Property Loss	Checked Baggage	480.0	Electronics	Cameras - Digital	Denied	0.0	Deny
43862	2004091663089	2004-09-01 00:00:00	2004-07-15 00:00:00	OGG	Kahului-Maui, HI		Passenger Theft	Checked Baggage	11.45	Supplies	Photographic Film	Approved	11.45	Approve in Full
44338	2004111266889	2004-09-09 00:00:00	2004-08-31 00:00:00	OGG	Kahului-Maui, HI		Passenger Property Loss	Checkpoint	130.0	Other	Other	Denied	0.0	Deny
45325	2004092063154	2004-09-20 00:00:00	2004-08-01 00:00:00	OGG	Kahului-Maui, HI	American Airlines	Passenger Property Loss	Checked Baggage	27.06	Other	Other	Approved	27.06	Approve in Full
46150	2004110866719	2004-09-29 00:00:00	2004-02-21 00:00:00	OGG	Kahului-Maui, HI	Continental Airlines	Passenger Property Loss	Checked Baggage	29.0	Clothing & Accessories	Clothing - Shoes, belts, accessories, etc.	Approved	29.0	Approve in Full
46297	2004111667090	2004-09-29 00:00:00	2004-09-20 00:00:00	OGG	Kahului-Maui, HI	Aloha Airlines	Passenger Property Loss	Checked Baggage	79.0	Clothing & Accessories	Clothing - Shoes, belts, accessories, etc.	Denied		Deny
48705	2004122971539	2004-10-29 00:00:00	2004-10-16 00:00:00	OGG	Kahului-Maui, HI		Passenger Property Loss	Checked Baggage	126.0	Other	Other	Approved	126.0	Approve in Full
49652	2005010572739	2004-11-09 00:00:00	2004-10-22 00:00:00	OGG	Kahului-Maui, HI	Hawaiian Airlines	Passenger Property Loss	Checked Baggage	4300.0	Watches & Jewelry	Jewelry - Fine	Denied	0.0	Deny
52443	2005010673039	2004-12-20 00:00:00	2004-11-15 00:00:00	OGG	Kahului-Maui, HI		Passenger Property Loss	Checked Baggage	10.0	Other	Currency	Approved	10.0	Approve in Full
53164	2005011973796	2004-12-28 00:00:00	2004-10-11 00:00:00	OGG	Kahului-Maui, HI		Passenger Property Loss	Checked Baggage	100.0	Other	Other	Settled	50.0	Settle
53292	2005012173850	2004-12-30 00:00:00	2004-07-10 00:00:00	OGG	Kahului-Maui, HI	USAir	Passenger Property Loss	Checked Baggage	741.0	Electronics	Cameras - Digital	Settled	619.89	Settle
53509	2005012574181	2005-01-04 00:00:00	2004-12-28 00:00:00	OGG	Kahului-Maui, HI		Passenger Property Loss	Checked Baggage	623.4	Electronics	Cameras - Digital	Denied	0.0	Deny
54289	2005012874732	2005-01-11 00:00:00	2005-01-06 00:00:00	OGG	Kahului-Maui, HI	American Airlines	Passenger Property Loss	Checked Baggage	479.89	Electronics	Cameras - Digital	Settled	411.91	Settle
55200	2005021176016	2005-01-21 00:00:00	2005-01-18 00:00:00	OGG	Kahului-Maui, HI		Passenger Property Loss	Checkpoint	700.0	Clothing & Accessories	Eyeglasses - (including contact lenses)	Settled	631.02	Settle
56196	2005030877282	2005-02-01 00:00:00	2005-01-09 00:00:00	OGG	Kahului-Maui, HI	Hawaiian Airlines	Passenger Property Loss	Checkpoint	944.0	Watches & Jewelry	Jewelry - Fine	Denied	0.0	Deny
57409	2005031578225	2005-02-16 00:00:00	2005-01-13 00:00:00	OGG	Kahului-Maui, HI		Passenger Property Loss	Checked Baggage	60.0	Electronics	Cameras - Digital	Denied	0.0	Deny
57554	2005032379504	2005-02-18 00:00:00	2005-02-05 00:00:00	OGG	Kahului-Maui, HI		Passenger Property Loss	Checked Baggage	150.0	Other	Other	Canceled	0.0	
58688	2005032479700	2005-03-07 00:00:00		OGG	Kahului-Maui, HI	Hawaiian Airlines	Passenger Property Loss	Checkpoint	259.97	Clothing & Accessories	Eyeglasses - (including contact lenses)	Insufficient, one of the following items required: sum certain, statement of fact, signature, location of incident, and date.		
59326	2005032980211	2005-03-16 00:00:00	2005-02-19 00:00:00	OGG	Kahului-Maui, HI	Hawaiian Airlines	Passenger Property Loss	Checked Baggage	10.0	Tools & Machines	Locks	Approved	10.0	Approve in Full
59527	2005032980340	2005-03-16 00:00:00	2005-12-22 00:00:00	OGG	Kahului-Maui, HI	UAL	Passenger Property Loss	Checked Baggage		Other	Other	Insufficient, one of the following items required: sum certain, statement of fact, signature, location of incident, and date.		
59625	2005032479777	2005-03-18 00:00:00	2005-02-13 00:00:00	OGG	Kahului-Maui, HI		Passenger Property Loss	Checkpoint	405.0	Watches & Jewelry	Jewelry - Fine	Denied	0.0	Deny
59792	2005040181127	2005-03-22 00:00:00	2005-02-19 00:00:00	OGG	Kahului-Maui, HI	American Airlines	Passenger Property Loss	Checked Baggage	630.0	Electronics	Cameras - Digital	Settled	230.0	Settle
59851	2005033180843	2005-03-23 00:00:00	2004-09-06 00:00:00	OGG	Kahului-Maui, HI	Hawaiian Airlines	Passenger Property Loss	Checkpoint	40.0	Other	Other	Approved	40.0	Approve in Full
60100	2005033180897	2005-03-24 00:00:00	2005-02-20 00:00:00	OGG	Kahului-Maui, HI	American Airlines	Passenger Property Loss	Checked Baggage	426.5	Electronics	Cameras - Digital	Denied	0.0	Deny
60857	2005040681694	2005-04-05 00:00:00	2004-07-24 00:00:00	OGG	Kahului-Maui, HI	Hawaiian Airlines	Passenger Property Loss	Checked Baggage	291.35	Other	Other	Denied	0.0	Deny
61675	2005041482511	2005-04-12 00:00:00	2005-03-30 00:00:00	OGG	Kahului-Maui, HI	UAL	Passenger Property Loss	Checked Baggage	600.0	Electronics	Cameras - Digital	Settled	386.7	Settle
61808	2005041582660	2005-04-14 00:00:00	2005-04-04 00:00:00	OGG	Kahului-Maui, HI	American Airlines	Passenger Property Loss	Checked Baggage	196.0	Clothing & Accessories	Eyeglasses - (including contact lenses)	Settled	98.0	Settle
62297	2005042583298	2005-04-22 00:00:00	2005-04-17 00:00:00	OGG	Kahului-Maui, HI	Aloha Airlines	Passenger Property Loss	Checked Baggage	9.0	Tools & Machines	Locks	Approved	9.0	Approve in Full
62520	2005042783462	2005-04-26 00:00:00	2005-03-11 00:00:00	OGG	Kahului-Maui, HI	Aloha Airlines	Passenger Property Loss	Checked Baggage	110.0	Other	Other	Approved	110.0	Approve in Full
63314	2005050684248	2005-05-06 00:00:00	2005-04-23 00:00:00	OGG	Kahului-Maui, HI	UAL	Passenger Property Loss	Checked Baggage	208.49	Electronics	Cell Phones	Denied	0.0	Deny
66494	2005062787387	2005-06-20 00:00:00	2005-05-15 00:00:00	OGG	Kahului-Maui, HI		Passenger Property Loss	Checked Baggage	249.0	Other	Other	Denied	0.0	Deny
66688	2005063087831	2005-06-21 00:00:00	2005-06-06 00:00:00	OGG	Kahului-Maui, HI	UAL	Passenger Property Loss	Checked Baggage	530.0	Watches & Jewelry	Jewelry - Fine	Denied	0.0	Deny
66921	2005070188127	2005-06-27 00:00:00	2005-06-05 00:00:00	OGG	Kahului-Maui, HI	UAL	Passenger Property Loss	Checked Baggage	70.0	Other	Other	Approved	70.0	Approve in Full
67014	2005063087939	2005-06-28 00:00:00	2005-04-15 00:00:00	OGG	Kahului-Maui, HI	American Airlines	Passenger Property Loss	Checked Baggage	121.25	Clothing & Accessories	Clothing - Shoes, belts, accessories, etc.	Approved	121.25	Approve in Full
67369	2005070788395	2005-07-05 00:00:00	2005-06-17 00:00:00	OGG	Kahului-Maui, HI		Passenger Property Loss	Checked Baggage	16.62	Tools & Machines	Locks	Approved	16.62	Approve in Full
68204	2005071889191	2005-07-15 00:00:00	2005-05-25 00:00:00	OGG	Kahului-Maui, HI	Hawaiian Airlines	Passenger Property Loss	Checked Baggage	550.0	Electronics	Cameras - Digital	Denied	0.0	Deny
69023	2005072889826	2005-07-28 00:00:00	2005-06-30 00:00:00	OGG	Kahului-Maui, HI	UAL	Passenger Property Loss	Checkpoint	150.0	Watches & Jewelry	Jewelry - Fine	Denied	0.0	Deny
69737	2005081890818	2005-08-08 00:00:00	2005-07-31 00:00:00	OGG	Kahului-Maui, HI	Aloha Airlines	Passenger Property Loss	Checked Baggage	150.14	Electronics	Cameras - Digital	Settled	125.6	Settle
71140	2005090692218	2005-08-30 00:00:00	2005-08-08 00:00:00	OGG	Kahului-Maui, HI		Passenger Property Loss	Checked Baggage	2000.0	Electronics	Computer - Laptop	Denied	0.0	Deny
71394	2005091492484	2005-09-06 00:00:00	2005-08-05 00:00:00	OGG	Kahului-Maui, HI	American Airlines	Passenger Property Loss	Checkpoint	1190.0	Electronics	Cameras - Digital	Denied	0.0	Deny
71714	2005091992803	2005-09-09 00:00:00	2005-08-06 00:00:00	OGG	Kahului-Maui, HI		Passenger Property Loss	Checked Baggage	800.0	Clothing & Accessories	Clothing - Shoes, belts, accessories, etc.	Denied	0.0	Deny
72233	2005092693270	2005-09-19 00:00:00	2005-08-28 00:00:00	OGG	Kahului-Maui, HI	Continental Airlines	Passenger Property Loss	Checked Baggage	1500.0	Watches & Jewelry	Jewelry - Fine	Denied	0.0	Deny
72618	2005100393706	2005-09-23 00:00:00	2005-09-11 00:00:00	OGG	Kahului-Maui, HI		Passenger Property Loss	Checkpoint	36.0	Clothing & Accessories	Clothing - Shoes, belts, accessories, etc.	Denied	0.0	Deny
73730	2005102094949	2005-10-13 00:00:00	2005-10-01 00:00:00	OGG	Kahului-Maui, HI	Delta Air Lines	Passenger Property Loss	Checked Baggage	259.37	Clothing & Accessories	Eyeglasses - (including contact lenses)	Approved	259.37	Approve in Full
73886	2005102094986	2005-10-17 00:00:00	2005-10-08 00:00:00	OGG	Kahului-Maui, HI	Delta Air Lines	Passenger Property Loss	Checked Baggage	990.72	Clothing & Accessories	Clothing - Shoes, belts, accessories, etc.	Denied	0.0	Deny
73889	2005102094999	2005-10-17 00:00:00	2005-09-26 00:00:00	OGG	Kahului-Maui, HI	Delta Air Lines	Passenger Property Loss	Checked Baggage	199.84	Electronics	Cameras - Digital	Denied	0.0	Deny
73935	2005102094924	2005-10-17 00:00:00	2005-09-28 00:00:00	OGG	Kahului-Maui, HI	UAL	Passenger Property Loss	Checked Baggage	206.14	Clothing & Accessories	Clothing - Shoes, belts, accessories, etc.	Settled	103.07	Settle
73962	2005102495064	2005-10-17 00:00:00	2005-10-01 00:00:00	OGG	Kahului-Maui, HI	UAL	Passenger Property Loss	Checked Baggage	50.0	Other	Other	Settled	25.0	Settle
74067	2005102795248	2005-10-18 00:00:00	2005-09-28 00:00:00	OGG	Kahului-Maui, HI	UAL	Passenger Property Loss	Checked Baggage	632.43	Cosmetics	Cosmetics - Perfume, toilet articles, medicines, soaps, etc.	Denied	0.0	Deny
74301	2005103195446	2005-10-24 00:00:00	2005-10-08 00:00:00	OGG	Kahului-Maui, HI	Hawaiian Airlines	Passenger Property Loss	Checked Baggage	1500.0	Electronics	Computer - Laptop	Denied	0.0	Deny
75074	2005111696171	2005-11-07 00:00:00	2005-10-31 00:00:00	OGG	Kahului-Maui, HI	American Airlines	Passenger Property Loss	Checked Baggage	600.0	Other	Currency	Denied	0.0	Deny
75489	2005112896582	2005-11-15 00:00:00	2005-07-24 00:00:00	OGG	Kahului-Maui, HI	UAL	Passenger Property Loss	Checked Baggage	235.97	Other	Other	Denied	0.0	Deny
75914	2005120697019	2005-11-22 00:00:00	2005-11-09 00:00:00	OGG	Kahului-Maui, HI	American Airlines	Passenger Property Loss	Checked Baggage	1298.99	Electronics	Computer - Laptop	Denied	0.0	Deny
76755	2005121497823	2005-12-07 00:00:00	2005-10-12 00:00:00	OGG	Kahului-Maui, HI	UAL	Passenger Property Loss	Checked Baggage	30070.0	Watches & Jewelry	Jewelry - Fine	Denied	0.0	Deny
78555	2006011999827	2006-01-10 00:00:00	2006-01-02 00:00:00	OGG	Kahului-Maui, HI	UAL	Passenger Property Loss	Checked Baggage	2892.0	Electronics	Cameras - Digital	Denied	0.0	Deny
79027	2006012400198	2006-01-18 00:00:00	2005-11-24 00:00:00	OGG	Kahului-Maui, HI	Hawaiian Airlines	Passenger Property Loss	Checkpoint	2300.0	Electronics	Cameras - Digital	Denied	0.0	Deny
79073	2006012500306	2006-01-18 00:00:00	2006-01-07 00:00:00	OGG	Kahului-Maui, HI		Passenger Property Loss	Checkpoint	115.85	Electronics	Cell Phones	Denied	0.0	Deny
79151	2006012500310	2006-01-19 00:00:00	2005-10-09 00:00:00	OGG	Kahului-Maui, HI		Passenger Property Loss	Checked Baggage	486.01	Electronics	Cameras - Digital	Denied	0.0	Deny
79340	2006013000592	2006-01-23 00:00:00	2005-09-26 00:00:00	OGG	Kahului-Maui, HI	Delta Air Lines	Passenger Property Loss	Checked Baggage	2800.0	Watches & Jewelry	Jewelry - Fine	Denied	0.0	Deny
79602	2006020200782	2006-01-26 00:00:00	2006-01-17 00:00:00	OGG	Kahului-Maui, HI	Aloha Airlines	Passenger Property Loss	Checked Baggage	129.99	Other	Other	Canceled	0.0	
79761	2006020300942	2006-01-30 00:00:00	2006-01-20 00:00:00	OGG	Kahului-Maui, HI	UAL	Passenger Property Loss	Checked Baggage	14.98	Tools & Machines	Locks	Approved	14.98	Approve in Full
80503	2006021701707	2006-02-10 00:00:00	2006-02-04 00:00:00	OGG	Kahului-Maui, HI		Passenger Property Loss	Checkpoint	259.38	Other	Other	Approved	259.38	Approve in Full
80614	2006022101840	2006-02-13 00:00:00	2006-02-07 00:00:00	OGG	Kahului-Maui, HI	UAL	Passenger Property Loss	Checked Baggage	200.0	Clothing & Accessories	Clothing - Shoes, belts, accessories, etc.	Denied	0.0	Deny
80668	2006022101808	2006-02-14 00:00:00	2006-01-12 00:00:00	OGG	Kahului-Maui, HI	American Airlines	Passenger Property Loss	Checked Baggage	118.56	Other	Other	Denied	0.0	Deny
81395	2006030602560	2006-02-28 00:00:00	2006-02-21 00:00:00	OGG	Kahului-Maui, HI	UAL	Passenger Property Loss	Checked Baggage	600.0	Electronics	Cameras - Digital	Denied	0.0	Deny
81504	2006030802782	2006-03-01 00:00:00	2006-02-04 00:00:00	OGG	Kahului-Maui, HI	UAL	Passenger Property Loss	Checked Baggage	117.69	Other	Other	Settled	58.85	Settle
81930	2006031403078	2006-03-09 00:00:00	2006-02-18 00:00:00	OGG	Kahului-Maui, HI	Alaska Airlines	Passenger Property Loss	Checked Baggage	325.0	Other	Other	Denied	0.0	Deny
82335	2006032203556	2006-03-16 00:00:00	2006-02-26 00:00:00	OGG	Kahului-Maui, HI	UAL	Passenger Property Loss	Checkpoint	750.0	Watches & Jewelry	Jewelry - Fine	Denied	0.0	Deny
82380	2006040303927	2006-03-17 00:00:00	2006-01-25 00:00:00	OGG	Kahului-Maui, HI	Northwest Airlines	Passenger Property Loss	Checked Baggage	15.0	Tools & Machines	Locks	Approved	15.0	Approve in Full
82741	2006040403969	2006-03-23 00:00:00	2006-02-18 00:00:00	OGG	Kahului-Maui, HI	Hawaiian Airlines	Passenger Property Loss	Checked Baggage	1390.0	Watches & Jewelry	Jewelry - Fine	Denied	0.0	Deny
82963	2006040604109	2006-03-28 00:00:00	2006-03-12 00:00:00	OGG	Kahului-Maui, HI	Hawaiian Airlines	Passenger Property Loss	Checked Baggage	450.0	Clothing & Accessories	Clothing - Shoes, belts, accessories, etc.	Denied	0.0	Deny
83512	2006041804684	2006-04-07 00:00:00	2006-03-28 00:00:00	OGG	Kahului-Maui, HI	Hawaiian Airlines	Passenger Property Loss	Checked Baggage	529.03	Electronics	Cameras - Digital	Denied	0.0	Deny
84106	2006042505185	2006-04-20 00:00:00	2006-04-04 00:00:00	OGG	Kahului-Maui, HI		Passenger Property Loss	Checked Baggage	18.95	Tools & Machines	Locks	Approved	18.95	Approve in Full
84143	2006042505193	2006-04-20 00:00:00	2006-04-02 00:00:00	OGG	Kahului-Maui, HI	ATA Aerocondor	Passenger Property Loss	Checked Baggage	79.0	Other	Other	Settled	47.0	Settle
84390	2006050105455	2006-04-26 00:00:00	2006-04-12 00:00:00	OGG	Kahului-Maui, HI	Continental Airlines	Passenger Property Loss	Checked Baggage	165.0	Watches & Jewelry	Jewelry - Fine	Denied	0.0	Deny
84404	2006050105548	2006-04-26 00:00:00	2006-04-13 00:00:00	OGG	Kahului-Maui, HI	Air Tran Airlines(do not use)	Passenger Property Loss	Checked Baggage	187.51	Watches & Jewelry	Jewelry - Fine	Denied	0.0	Deny
84430	2006050105526	2006-04-27 00:00:00	2006-04-20 00:00:00	OGG	Kahului-Maui, HI	Aloha Airlines	Passenger Property Loss	Checked Baggage	20.1	Other	Other	Approved	20.1	Approve in Full
84848	2006051606435	2006-05-04 00:00:00	2006-04-19 00:00:00	OGG	Kahului-Maui, HI	American Airlines	Passenger Property Loss	Checked Baggage	225.33	Electronics	Cameras - Digital	Settled	112.66	Settle
85960	2006060207212	2006-05-30 00:00:00	2006-04-13 00:00:00	OGG	Kahului-Maui, HI	UAL	Passenger Property Loss	Checked Baggage	142.23	Clothing & Accessories	Clothing - Shoes, belts, accessories, etc.	Denied	0.0	Deny
86176	2006060607361	2006-06-02 00:00:00	2006-04-28 00:00:00	OGG	Kahului-Maui, HI	Delta Air Lines	Passenger Property Loss	Checked Baggage	362.9	Electronics	Cameras - Digital	Denied	0.0	Deny
86390	2006060807635	2006-06-06 00:00:00	2006-05-25 00:00:00	OGG	Kahului-Maui, HI	American Airlines	Passenger Property Loss	Checked Baggage	37.99	Electronics,Other	Cell Phones*Other	Denied	0.0	Deny
86424	2006060807588	2006-06-06 00:00:00	2006-05-23 00:00:00	OGG	Kahului-Maui, HI	Westjet Airlines Ltd	Passenger Property Loss	Checked Baggage	45.83	Watches & Jewelry	Jewelry - Costume	Settled	27.9	Settle
86538	2006061207745	2006-06-08 00:00:00	2006-05-22 00:00:00	OGG	Kahului-Maui, HI	Hawaiian Airlines	Passenger Property Loss	Checked Baggage	471.0	Clothing & Accessories	Clothing - Shoes, belts, accessories, etc.	Settled	235.5	Settle
87234	2006062708575	2006-06-22 00:00:00	2006-06-13 00:00:00	OGG	Kahului-Maui, HI	Northwest Airlines	Passenger Property Loss	Checked Baggage	400.0	Clothing & Accessories,Containers	Clothing - Shoes, belts, accessories, etc.*Luggage (all types including footlockers)	Denied	0.0	Deny
87482	2006062908753	2006-06-28 00:00:00	2006-06-02 00:00:00	OGG	Kahului-Maui, HI		Passenger Property Loss	Checked Baggage	34.0	Other	Other	Denied	0.0	Deny
87492	2006070308823	2006-06-28 00:00:00	2006-06-16 00:00:00	OGG	Kahului-Maui, HI	Aloha Airlines	Passenger Property Loss	Checkpoint	100.0	Other	Currency	Denied	0.0	Deny
88245	2006071809691	2006-07-11 00:00:00	2006-06-25 00:00:00	OGG	Kahului-Maui, HI	Aloha Airlines	Passenger Property Loss	Checked Baggage	89.77	Outdoors Supplies	Sporting Equipment & Supplies (footballs, parachutes, etc.)	Settled	45.0	Settle
88353	2006080210424	2006-07-13 00:00:00	2006-06-12 00:00:00	OGG	Kahului-Maui, HI	UAL	Passenger Property Loss	Checked Baggage	75.0	Clothing & Accessories	Clothing - Shoes, belts, accessories, etc.	Insufficient, one of the following items required: sum certain, statement of fact, signature, location of incident, and date.		
89127	2006080310498	2006-07-31 00:00:00	2006-06-21 00:00:00	OGG	Kahului-Maui, HI	America West	Passenger Property Loss	Checked Baggage	15.0	Tools & Machines	Locks	Approved	15.0	Approve in Full
90471	2006082911736	2006-08-24 00:00:00	2006-08-17 00:00:00	OGG	Kahului-Maui, HI	ATA Aerocondor	Passenger Property Loss	Checked Baggage	153.7	Clothing & Accessories	Eyeglasses - (including contact lenses)	Denied	0.0	Deny
91002	2006090812176	2006-09-05 00:00:00	2006-08-24 00:00:00	OGG	Kahului-Maui, HI	American Airlines	Passenger Property Loss	Checked Baggage	650.0	Containers,Cosmetics,Scientific Intruments	Bags - Fabric, plastic, etc. (not purses)*Cosmetics - Perfume, toilet articles, medicines, soaps, etc.*Medical Equipment & Insturments	Denied	0.0	Deny
91343	2006091112291	2006-09-11 00:00:00	2005-12-15 00:00:00	OGG	Kahului-Maui, HI	Hawaiian Airlines	Passenger Property Loss	Checked Baggage	208.28	Electronics	Cameras - Digital	Denied	0.0	Deny
91941	2006092513171	2006-09-21 00:00:00	2006-09-17 00:00:00	OGG	Kahului-Maui, HI		Passenger Property Loss	Checked Baggage	1300.0	Watches & Jewelry	Jewelry - Fine	Denied	0.0	Deny
92031	2006092713350	2006-09-22 00:00:00	2006-09-11 00:00:00	OGG	Kahului-Maui, HI		Passenger Property Loss	Checkpoint	899.64	Watches & Jewelry,Watches & Jewelry	Jewelry - Fine*Jewelry - Fine	Denied	0.0	Deny
92523	2006101013762	2006-10-03 00:00:00	2006-09-19 00:00:00	OGG	Kahului-Maui, HI	America West	Passenger Property Loss	Checked Baggage	140.63	Watches & Jewelry	Jewelry - Fine	Denied	0.0	Deny
93403	2006102614656	2006-10-20 00:00:00	2006-10-14 00:00:00	OGG	Kahului-Maui, HI	Hawaiian Airlines	Passenger Property Loss	Checkpoint	2.5	Other	Currency	Approved	2.5	Approve in Full
93506	2006102714756	2006-10-23 00:00:00	2006-10-17 00:00:00	OGG	Kahului-Maui, HI	Aloha Airlines	Passenger Property Loss	Checked Baggage	47.43	Watches & Jewelry	Watches - Inexpensive $100 or less	Denied	0.0	Deny
93509	2006102714766	2006-10-23 00:00:00	2006-10-06 00:00:00	OGG	Kahului-Maui, HI	American West	Passenger Property Loss	Checked Baggage	128.69	Outdoors Supplies	Sporting Equipment & Supplies (footballs, parachutes, etc.)	Denied	0.0	Deny
93583	2006103114885	2006-10-24 00:00:00	2006-10-14 00:00:00	OGG	Kahului-Maui, HI	USAir	Passenger Property Loss	Checked Baggage	5000.0	Watches & Jewelry	Jewelry - Fine	Denied	0.0	Deny
93802	2006110215052	2006-10-30 00:00:00	2006-10-20 00:00:00	OGG	Kahului-Maui, HI		Passenger Property Loss	Checked Baggage	17.99	Tools & Machines	Locks	Approved	17.99	Approve in Full
94021	2006110315155	2006-11-02 00:00:00	2006-09-30 00:00:00	OGG	Kahului-Maui, HI	Aloha Airlines	Passenger Property Loss	Checked Baggage	1163.7	Watches & Jewelry,Watches & Jewelry,Watches & Jewelry	Jewelry - Fine*Jewelry - Fine*Jewelry - Fine	Denied	0.0	Deny
94310	2006111415531	2006-11-08 00:00:00	2006-10-13 00:00:00	OGG	Kahului-Maui, HI	USAir	Passenger Property Loss	Checked Baggage	250.0	Watches & Jewelry	Jewelry - Fine	Denied	0.0	Deny
94942	2006112416224	2006-11-20 00:00:00	2006-11-06 00:00:00	OGG	Kahului-Maui, HI	UAL	Passenger Property Loss	Checkpoint	427.05	Electronics	Cell Phones	Settled	289.99	Settle
95008	2006112916414	2006-11-21 00:00:00	2006-10-31 00:00:00	OGG	Kahului-Maui, HI	Hawaiian Airlines	Passenger Property Loss	Checked Baggage	1000.0	Electronics,Electronics	Cameras - Digital*Cameras - Non-electronic (Camera supplies, lenses, projectors, etc.)	Denied	0.0	Deny
95250	2006121317007	2006-11-27 00:00:00	2006-11-18 00:00:00	OGG	Kahului-Maui, HI	Aloha Airlines	Passenger Property Loss	Checked Baggage	322.18	Electronics	MP3 Players-(iPods, etc)	Denied	0.0	Deny
95276	2006120616748	2006-11-27 00:00:00	2006-11-03 00:00:00	OGG	Kahului-Maui, HI	America West	Passenger Property Loss	Checked Baggage	1000.0	Watches & Jewelry	Jewelry - Fine	Settled	680.6	Settle
95653	2006121317017	2006-12-05 00:00:00	2006-10-22 00:00:00	OGG	Kahului-Maui, HI	Aloha Airlines	Passenger Property Loss	Checked Baggage	6.0	Tools & Machines	Locks	Approved	6.0	Approve in Full
96289	2006122017565	2006-12-15 00:00:00	2006-12-10 00:00:00	OGG	Kahului-Maui, HI	ATA Aerocondor	Passenger Property Loss	Checked Baggage	2235.76	Containers,Watches & Jewelry	Handbags & Purses (leather or fabric)*Jewelry - Fine	Denied	0.0	Deny
96617	2006122617947	2006-12-22 00:00:00	2006-12-05 00:00:00	OGG	Kahului-Maui, HI	Westjet Airlines Ltd	Passenger Property Loss	Checked Baggage	2014.35	Watches & Jewelry	Jewelry - Fine	Denied	0.0	Deny
97233	2007010418330	2007-01-03 00:00:00	2006-12-10 00:00:00	OGG	Kahului-Maui, HI	UAL	Passenger Property Loss	Checked Baggage	941.66	Electronics	Computer - Laptop	Approved	941.66	Approve in Full
97471	2007011018561	2007-01-05 00:00:00	2006-12-20 00:00:00	OGG	Kahului-Maui, HI		Passenger Property Loss	Checkpoint	358.0	Electronics	Cameras - Digital	Denied	0.0	Deny
97614	2007011218714	2007-01-08 00:00:00	2006-12-23 00:00:00	OGG	Kahului-Maui, HI	Aloha Airlines	Passenger Property Loss	Checkpoint	79.0	Watches & Jewelry	Watches - Inexpensive $100 or less	Denied	0.0	Deny
97762	2007011618854	2007-01-09 00:00:00	2007-01-04 00:00:00	OGG	Kahului-Maui, HI	Air Tran Airlines(do not use)	Passenger Property Loss	Checked Baggage	31.99	Food & Drink	Alcoholic beverages	Denied	0.0	Deny
97802	2007011618805	2007-01-09 00:00:00	2007-01-06 00:00:00	OGG	Kahului-Maui, HI	Aloha Airlines	Passenger Property Loss	Checked Baggage	206.88	Cosmetics,Containers	Cosmetics - Perfume, toilet articles, medicines, soaps, etc.*Luggage (all types including footlockers)	Settled	54.15	Settle
97846	2007011718907	2007-01-10 00:00:00	2007-01-07 00:00:00	OGG	Kahului-Maui, HI	Hawaiian Airlines	Passenger Property Loss	Checked Baggage	402.09	Watches & Jewelry	Jewelry - Fine	Denied	0.0	Deny
98010	2007011919023	2007-01-12 00:00:00	2006-11-09 00:00:00	OGG	Kahului-Maui, HI	American West	Passenger Property Loss	Checked Baggage	1600.0	Containers,Watches & Jewelry,Other	Handbags & Purses (leather or fabric)*Jewelry - Fine*Other	Denied	0.0	Deny
98284	2007012419388	2007-01-17 00:00:00	2006-10-11 00:00:00	OGG	Kahului-Maui, HI	USAir	Passenger Property Loss	Checked Baggage	789.99	Watches & Jewelry	Jewelry - Fine	Denied	0.0	Deny
98409	2007012519492	2007-01-19 00:00:00	2006-12-28 00:00:00	OGG	Kahului-Maui, HI		Passenger Property Loss	Checkpoint	5000.0	Watches & Jewelry	Jewelry - Fine	Denied	0.0	Deny
98523	2007013019858	2007-01-22 00:00:00	2006-12-18 00:00:00	OGG	Kahului-Maui, HI	UAL	Passenger Property Loss	Checked Baggage	1716.69	Watches & Jewelry	Jewelry - Fine	Denied	0.0	Deny
98909	2007020520147	2007-01-26 00:00:00	2007-01-01 00:00:00	OGG	Kahului-Maui, HI	UAL	Passenger Property Loss	Checked Baggage	2250.0	Watches & Jewelry	Jewelry - Fine	Settled	500.0	Settle
99259	2007020820504	2007-02-02 00:00:00	2007-01-27 00:00:00	OGG	Kahului-Maui, HI		Passenger Property Loss	Checked Baggage	689.0	Watches & Jewelry	Jewelry - Fine	Denied	0.0	Deny
99461	2007020920570	2007-02-06 00:00:00	2006-12-30 00:00:00	OGG	Kahului-Maui, HI	American Airlines	Passenger Property Loss	Checkpoint	25.9	Clothing & Accessories	Clothing - Shoes, belts, accessories, etc.	Denied	0.0	Deny
99767	2007022721569	2007-02-12 00:00:00	2007-01-09 00:00:00	OGG	Kahului-Maui, HI	Hawaiian Airlines	Passenger Property Loss	Checkpoint	500.0	Watches & Jewelry	Watches - Expensive more than $100	Denied	0.0	Deny
100240	2007022221390	2007-02-21 00:00:00	2007-02-04 00:00:00	OGG	Kahului-Maui, HI	Island Air	Passenger Property Loss	Checked Baggage	3300.0	Watches & Jewelry	Jewelry - Fine	Settled	2060.0	Settle
100377	2007022721589	2007-02-26 00:00:00	2007-02-01 00:00:00	OGG	Kahului-Maui, HI	America Trans Air	Passenger Property Loss	Checked Baggage	599.98	Electronics,Other	Cameras - Digital*Other	Denied	0.0	Deny
100445	2007022821705	2007-02-27 00:00:00	2007-02-17 00:00:00	OGG	Kahului-Maui, HI	American Airlines	Passenger Property Loss	Checked Baggage	45.0	Clothing & Accessories	Clothing - Shoes, belts, accessories, etc.	Approved	45.0	Approve in Full
100602	2007030521880	2007-03-01 00:00:00	2007-02-07 00:00:00	OGG	Kahului-Maui, HI	Hawaiian Airlines	Passenger Property Loss	Checked Baggage	6.25	Tools & Machines	Locks	Approved	6.25	Approve in Full
100714	2007030721980	2007-03-02 00:00:00	2007-01-17 00:00:00	OGG	Kahului-Maui, HI	Northwest Airlines	Passenger Property Loss	Checked Baggage	1832.0	Watches & Jewelry	Jewelry - Costume	Settled	500.0	Settle
100763	2007030822005	2007-03-05 00:00:00	2007-02-26 00:00:00	OGG	Kahului-Maui, HI	UAL	Passenger Property Loss	Checkpoint	360.0	Electronics	Cameras - Digital	Denied	0.0	Deny
100805	2007030821985	2007-03-05 00:00:00	2007-01-27 00:00:00	OGG	Kahului-Maui, HI	Northwest Airlines	Passenger Property Loss	Checked Baggage	435.0	Clothing & Accessories,Clothing & Accessories	Clothing - Shoes, belts, accessories, etc.*Clothing - Shoes, belts, accessories, etc.	Settled	189.75	Settle
101070	2007031522366	2007-03-12 00:00:00	2007-02-22 00:00:00	OGG	Kahului-Maui, HI	Delta Air Lines	Passenger Property Loss	Checked Baggage	50.0	Clothing & Accessories	Clothing - Shoes, belts, accessories, etc.	Approved	50.0	Approve in Full
101339	2007032022605	2007-03-15 00:00:00	2007-02-28 00:00:00	OGG	Kahului-Maui, HI	USAir	Passenger Property Loss	Checked Baggage	229.0	Outdoors Supplies	Sporting Equipment & Supplies (footballs, parachutes, etc.)	Denied	0.0	Deny
101563	2007032322791	2007-03-20 00:00:00	2007-02-27 00:00:00	OGG	Kahului-Maui, HI	Aloha Airlines	Passenger Property Loss	Checked Baggage	72.11	Other	Other	Canceled	0.0	
101719	2007032622946	2007-03-22 00:00:00	2007-02-11 00:00:00	OGG	Kahului-Maui, HI		Passenger Property Loss	Checked Baggage	7500.0	Watches & Jewelry	Jewelry - Fine	Denied	0.0	Deny
102349	2007040423479	2007-04-04 00:00:00	2007-02-23 00:00:00	OGG	Kahului-Maui, HI	Aloha Airlines	Passenger Property Loss	Checkpoint	197.0	Electronics,Other,Electronics	MP3 Players-(iPods, etc)*Other*Video Recordings - Laser Discs	Denied	0.0	Deny
102516	2007041123750	2007-04-09 00:00:00	2007-01-21 00:00:00	OGG	Kahului-Maui, HI	Northwest Airlines	Passenger Property Loss	Checked Baggage	970.49	Containers,Clothing & Accessories,Electronics,Other,Electronics	Bags - Fabric, plastic, etc. (not purses)*Clothing - Shoes, belts, accessories, etc.*DVD/CD Players*Other*Stereo Items & Accessories	Denied	0.0	Deny
102680	2007041123743	2007-04-11 00:00:00	2007-03-20 00:00:00	OGG	Kahului-Maui, HI	Northwest Airlines	Passenger Property Loss	Checkpoint	125.0	Clothing & Accessories	Clothing - Shoes, belts, accessories, etc.	Denied	0.0	Deny
103118	2007042424409	2007-04-19 00:00:00	2007-03-24 00:00:00	OGG	Kahului-Maui, HI	USAir	Passenger Property Loss	Checked Baggage	2500.0	Watches & Jewelry,Watches & Jewelry	Jewelry - Costume*Jewelry - Fine	Denied	0.0	Deny
103157	2007042524474	2007-04-19 00:00:00	2007-03-26 00:00:00	OGG	Kahului-Maui, HI	Aloha Airlines	Passenger Property Loss	Checked Baggage	887.0	Watches & Jewelry	Jewelry - Fine	Settled	612.0	Settle
103797	2007050725019	2007-05-03 00:00:00	2007-03-30 00:00:00	OGG	Kahului-Maui, HI	UAL	Passenger Property Loss	Checked Baggage	603.39	Automobile & Mechanical,Containers,Other	Automobile Parts*Handbags & Purses (leather or fabric)*Other	Settled	445.39	Settle
104116	2007051125301	2007-05-11 00:00:00	2007-05-11 00:00:00	OGG	Kahului-Maui, HI	American West	Passenger Property Loss	Checked Baggage	300.0	Electronics	Cameras - Digital	Denied	0.0	Deny
104223	2007051625518	2007-05-14 00:00:00	2007-04-16 00:00:00	OGG	Kahului-Maui, HI	ATA Aerocondor	Passenger Property Loss	Checked Baggage	713.63	Containers,Watches & Jewelry	Handbags & Purses (leather or fabric)*Jewelry - Costume	Denied	0.0	Deny
104559	2007052225820	2007-05-21 00:00:00	2007-05-19 00:00:00	OGG	Kahului-Maui, HI	UAL	Passenger Property Loss	Checked Baggage		Other	Other	Canceled	0.0	
104870	2007060426121	2007-05-29 00:00:00	2007-05-09 00:00:00	OGG	Kahului-Maui, HI	Delta Air Lines	Passenger Property Loss	Checked Baggage	1871.21	Electronics,Electronics	Cameras - Digital*Cameras - Non-electronic (Camera supplies, lenses, projectors, etc.)	Denied	0.0	Deny
105231	2007060726464	2007-06-04 00:00:00	2007-04-23 00:00:00	OGG	Kahului-Maui, HI	UAL	Passenger Property Loss	Checked Baggage	50.0	Other	Other	Denied	0.0	Deny
105239	2007060726506	2007-06-04 00:00:00	2007-05-19 00:00:00	OGG	Kahului-Maui, HI	Delta Air Lines	Passenger Property Loss	Checked Baggage	75.0	Supplies	Medicines	Denied	0.0	Deny
105280	2007061126665	2007-06-04 00:00:00	2007-05-22 00:00:00	OGG	Kahului-Maui, HI	USAir	Passenger Property Loss	Checked Baggage	124.25	Electronics	Stereo Items & Accessories	Denied	0.0	Deny
105639	2007061426901	2007-06-11 00:00:00	2007-05-27 00:00:00	OGG	Kahului-Maui, HI	Hawaiian Airlines	Passenger Property Loss	Checked Baggage	300.0	Electronics	Cameras - Digital	Denied	0.0	Deny
106392	2007062727540	2007-06-26 00:00:00	2007-06-20 00:00:00	OGG	Kahului-Maui, HI	ATA Aerocondor	Passenger Property Loss	Checked Baggage	1548.45	Electronics,Watches & Jewelry,Watches & Jewelry,Watches & Jewelry	Cameras - Digital*Jewelry - Costume*Jewelry - Fine*Watches - Expensive more than $100	Denied	0.0	Deny
107288	2007071928631	2007-07-16 00:00:00	2007-07-10 00:00:00	OGG	Kahului-Maui, HI	Delta Air Lines	Passenger Property Loss	Checkpoint	80.51	Other	Other	Approved	80.51	Approve in Full
107812	2007072629113	2007-07-24 00:00:00	2007-06-25 00:00:00	OGG	Kahului-Maui, HI	Hawaiian Airlines	Passenger Property Loss	Checked Baggage	2000.0	Electronics	Computer - Laptop	Denied	0.0	Deny
108043	2007073029338	2007-07-27 00:00:00	2007-07-16 00:00:00	OGG	Kahului-Maui, HI	Hawaiian Airlines	Passenger Property Loss	Checkpoint	800.0	Other	Currency	Denied	0.0	Deny
108303	2007080729754	2007-08-01 00:00:00	2007-07-27 00:00:00	OGG	Kahului-Maui, HI	Hawaiian Airlines	Passenger Property Loss	Checked Baggage	722.13	Electronics	Cameras - Digital	Denied	0.0	Deny
109080	2007081730399	2007-08-15 00:00:00	2007-07-14 00:00:00	OGG	Kahului-Maui, HI	America Trans Air	Passenger Property Loss	Checkpoint	450.0	Electronics	Cameras - Digital	Denied	0.0	Deny
109512	2007082430812	2007-08-22 00:00:00	2007-08-05 00:00:00	OGG	Kahului-Maui, HI	ATA Aerocondor	Passenger Property Loss	Checked Baggage	29.99	Outdoors Supplies	Sporting Equipment & Supplies (footballs, parachutes, etc.)	Settled	14.98	Settle
109972	2007090631407	2007-08-30 00:00:00	2007-08-23 00:00:00	OGG	Kahului-Maui, HI	UAL	Passenger Property Loss	Checked Baggage	77.53	Clothing & Accessories,Games & Toys	Clothing - Shoes, belts, accessories, etc.*Toys (game systems, cartridges, radio controlled cars, etc.)	Denied	0.0	Deny
110085	2007090631419	2007-09-04 00:00:00	2007-09-02 00:00:00	OGG	Kahului-Maui, HI	UAL	Passenger Property Loss	Checked Baggage	49.0	Other	Other	Denied	0.0	Deny
110502	2007091431878	2007-09-11 00:00:00	2007-08-24 00:00:00	OGG	Kahului-Maui, HI	Hawaiian Airlines	Passenger Property Loss	Checked Baggage	15.0	Containers	Luggage (all types including footlockers)	Approved	15.0	Approve in Full
110645	2007091431973	2007-09-13 00:00:00	2007-09-08 00:00:00	OGG	Kahului-Maui, HI		Passenger Property Loss	Checkpoint	28.4	Electronics	DVD/CD Players	Approved	28.4	Approve in Full
110744	2007091832135	2007-09-14 00:00:00	2007-08-27 00:00:00	OGG	Kahului-Maui, HI	Aloha Airlines	Passenger Property Loss	Checkpoint	126.65	Clothing & Accessories	Clothing - Shoes, belts, accessories, etc.	Denied	0.0	Deny
110775	2007091732076	2007-09-17 00:00:00	2007-07-30 00:00:00	OGG	Kahului-Maui, HI	Northwest Airlines	Passenger Property Loss	Checkpoint	626.97	Electronics	Cell Phones	Approved	626.97	Approve in Full
111655	2007100533086	2007-10-03 00:00:00	2007-09-08 00:00:00	OGG	Kahului-Maui, HI	UAL	Passenger Property Loss	Checked Baggage	250.0	Electronics	MP3 Players-(iPods, etc)	Denied	0.0	Deny
112211	2007101933688	2007-10-15 00:00:00	2007-10-03 00:00:00	OGG	Kahului-Maui, HI	Delta Air Lines	Passenger Property Loss	Checked Baggage	310.59	Electronics,Electronics,Electronics	Cameras - Digital*Cameras - Non-electronic (Camera supplies, lenses, projectors, etc.)*Cell Phones	Denied	0.0	Deny
112792	2007110134227	2007-10-26 00:00:00	2007-10-02 00:00:00	OGG	Kahului-Maui, HI		Passenger Property Loss	Checked Baggage	1500.0	Other	Other	Denied	0.0	Deny
112848	2007110234287	2007-10-29 00:00:00	2007-10-15 00:00:00	OGG	Kahului-Maui, HI	Northwest Airlines	Passenger Property Loss	Checked Baggage	96.3	Watches & Jewelry	Jewelry - Costume	Denied	0.0	Deny
113220	2007110634559	2007-11-05 00:00:00	2007-10-30 00:00:00	OGG	Kahului-Maui, HI	Aloha Airlines	Passenger Property Loss	Checked Baggage	86.44	Clothing & Accessories	Clothing - Shoes, belts, accessories, etc.	Denied	0.0	Deny
113292	2007110834734	2007-11-06 00:00:00	2007-06-06 00:00:00	OGG	Kahului-Maui, HI	UAL	Passenger Property Loss	Checked Baggage	35.97	Clothing & Accessories	Clothing - Shoes, belts, accessories, etc.	Approved	35.97	Approve in Full
113708	2007111935158	2007-11-14 00:00:00	2007-11-02 00:00:00	OGG	Kahului-Maui, HI	Delta Air Lines	Passenger Property Loss	Checked Baggage	62.0	Clothing & Accessories	Clothing - Shoes, belts, accessories, etc.	Denied	0.0	Deny
113958	2007112735453	2007-11-19 00:00:00	2007-11-11 00:00:00	OGG	Kahului-Maui, HI		Passenger Property Loss	Checkpoint	300.0	Clothing & Accessories	Eyeglasses - (including contact lenses)	Denied	0.0	Deny
114190	2007112835598	2007-11-26 00:00:00	2007-11-20 00:00:00	OGG	Kahului-Maui, HI	Hawaiian Airlines	Passenger Property Loss	Checked Baggage	24.0	Tools & Machines	Locks	Denied	0.0	Deny
114636	2007120636093	2007-12-03 00:00:00	2007-11-11 00:00:00	OGG	Kahului-Maui, HI	UAL	Passenger Property Loss	Checked Baggage	45.0	Containers	Luggage (all types including footlockers)	Denied	0.0	Deny
114666	2007120636098	2007-12-04 00:00:00	2007-11-05 00:00:00	OGG	Kahului-Maui, HI	UAL	Passenger Property Loss	Checked Baggage	31.78	Other	Other	Approved	31.78	Approve in Full
115039	2007121736564	2007-12-11 00:00:00	2007-11-23 00:00:00	OGG	Kahului-Maui, HI	American Airlines	Passenger Property Loss	Checked Baggage	291.22	Electronics	Cameras - Digital	Denied	0.0	Deny
115117	2007121836601	2007-12-12 00:00:00	2007-12-04 00:00:00	OGG	Kahului-Maui, HI	Delta Air Lines	Passenger Property Loss	Checked Baggage	93.0	Electronics	MP3 Players-(iPods, etc)	Denied	0.0	Deny
115511	2007122736974	2007-12-21 00:00:00	2007-12-14 00:00:00	OGG	Kahului-Maui, HI	Hawaiian Airlines	Passenger Property Loss	Checkpoint	49.83	Electronics	DVD/CD Players	Approved	49.83	Approve in Full
115959	2008010737428	2008-01-02 00:00:00	2007-10-26 00:00:00	OGG	Kahului-Maui, HI	Hawaiian Airlines	Passenger Property Loss	Checked Baggage	44.87	Tools & Machines	Locks	Denied	0.0	Deny
116173	2008010937589	2008-01-07 00:00:00	2008-01-03 00:00:00	OGG	Kahului-Maui, HI	Southwest Airlines	Passenger Property Loss	Checkpoint	375.0	Watches & Jewelry,Other	Jewelry - Costume*Other	Denied	0.0	Deny
117368	2008020139023	2008-01-25 00:00:00	2008-01-04 00:00:00	OGG	Kahului-Maui, HI	Island Air	Passenger Property Loss	Checkpoint	150.0	Containers,Other,Other	Handbags & Purses (leather or fabric)*Other*Other	Denied	0.0	Deny
117859	2008020839316	2008-02-04 00:00:00	2008-01-25 00:00:00	OGG	Kahului-Maui, HI	ATA Aerocondor	Passenger Property Loss	Checked Baggage	389.9	Electronics	Cameras - Digital	Settled	128.77	Settle
118237	2008022139896	2008-02-12 00:00:00	2008-02-01 00:00:00	OGG	Kahului-Maui, HI	ATA Aerocondor	Passenger Property Loss	Checked Baggage	50.0	Other,Outdoors Supplies	Other*Sporting Equipment & Supplies (footballs, parachutes, etc.)	Denied	0.0	Deny
118271	2008022039802	2008-02-13 00:00:00	2008-02-11 00:00:00	OGG	Kahului-Maui, HI	American Airlines	Passenger Property Loss	Checked Baggage	2440.0	Watches & Jewelry,Watches & Jewelry	Jewelry - Fine*Watches - Expensive more than $100	Denied	0.0	Deny
118376	2008021439624	2008-02-15 00:00:00	2008-01-31 00:00:00	OGG	Kahului-Maui, HI		Passenger Property Loss	Checkpoint	32.0	Scientific Intruments	Medical Equipment & Insturments	Denied	0.0	Deny
118987	2008030640560	2008-02-27 00:00:00	2008-02-17 00:00:00	OGG	Kahului-Maui, HI	Southwest Airlines	Passenger Property Loss	Checked Baggage	50.0	Other	Other	Settled	25.0	Settle
119256	2008031240850	2008-03-05 00:00:00	2008-02-25 00:00:00	OGG	Kahului-Maui, HI	ATA Aerocondor	Passenger Property Loss	Checked Baggage	550.0	Electronics	Cameras - Digital	Denied	0.0	Deny
119346	2008031441061	2008-03-06 00:00:00	2008-02-29 00:00:00	OGG	Kahului-Maui, HI	UAL	Passenger Property Loss	Checkpoint		Supplies	Medicines	Insufficient, one of the following items required: sum certain, statement of fact, signature, location of incident, and date.		
119927	2008032841577	2008-03-19 00:00:00	2007-11-19 00:00:00	OGG	Kahului-Maui, HI	UAL	Passenger Property Loss	Checkpoint	27.7	Electronics	Cameras - Digital	Denied	0.0	Deny
120349	2008040741964	2008-03-27 00:00:00	2008-03-24 00:00:00	OGG	Kahului-Maui, HI	Aloha Airlines	Passenger Property Loss	Checked Baggage	1030.03	Electronics	Computer - Laptop	Denied	0.0	Deny
120367	2008040942233	2008-03-27 00:00:00	2008-03-13 00:00:00	OGG	Kahului-Maui, HI	Delta Air Lines	Passenger Property Loss	Checked Baggage	635.35	Electronics	Cameras - Digital	Denied	0.0	Deny
121221	2008042142957	2008-04-11 00:00:00	2008-02-22 00:00:00	OGG	Kahului-Maui, HI	ATA Aerocondor	Passenger Property Loss	Checked Baggage	250.0	Electronics	Cameras - Digital	Denied	0.0	Deny
121325	2008042143048	2008-04-14 00:00:00	2008-03-22 00:00:00	OGG	Kahului-Maui, HI	American Airlines	Passenger Property Loss	Checked Baggage	158.99	Cosmetics,Clothing & Accessories	Cosmetics - Perfume, toilet articles, medicines, soaps, etc.*Eyeglasses - (including contact lenses)	Denied	0.0	Deny
122597	2008051644411	2008-05-12 00:00:00	2008-04-29 00:00:00	OGG	Kahului-Maui, HI	Hawaiian Airlines	Passenger Property Loss	Checked Baggage	31.2	Household Decor	Lighting Supplies (globe domes, electric candlesticks, candelabra, etc.)	Approved	31.2	Approve in Full
124628	2008070146420	2008-06-25 00:00:00	2008-06-14 00:00:00	OGG	Kahului-Maui, HI	UAL	Passenger Property Loss	Checked Baggage	456.0	Watches & Jewelry	Jewelry - Fine	Canceled	0.0	
124973	2008071046713	2008-07-02 00:00:00	2008-05-13 00:00:00	OGG	Kahului-Maui, HI	UAL	Passenger Property Loss	Checked Baggage	1900.0	Household Items	Bedding - Linens and bedspreads	Denied	0.0	Deny
125162	2008071046791	2008-07-07 00:00:00	2008-05-24 00:00:00	OGG	Kahului-Maui, HI	UAL	Passenger Property Loss	Checkpoint	350.0	Electronics,Other	DVD/CD Players*Other	Settled	270.92	Settle
125278	2008072347259	2008-07-10 00:00:00	2008-06-04 00:00:00	OGG	Kahului-Maui, HI	USAir	Passenger Property Loss	Checked Baggage	64.19	Outdoors Supplies	Sporting Equipment & Supplies (footballs, parachutes, etc.)	Approved	64.19	Approve in Full
125316	2008071747074	2008-07-10 00:00:00	2008-06-18 00:00:00	OGG	Kahului-Maui, HI	American Airlines	Passenger Property Loss	Checked Baggage	50.0	Cosmetics,Containers	Cosmetics - Perfume, toilet articles, medicines, soaps, etc.*Luggage (all types including footlockers)	Denied	0.0	Deny
125811	2008072847535	2008-07-22 00:00:00	2008-07-14 00:00:00	OGG	Kahului-Maui, HI	Delta Air Lines	Passenger Property Loss	Checked Baggage	385.18	Electronics	Cameras - Digital	Denied	0.0	Deny
125828	2008072947575	2008-07-22 00:00:00	2008-06-18 00:00:00	OGG	Kahului-Maui, HI	Hawaiian Airlines	Passenger Theft	Checkpoint	300.0	Other	Currency	Denied	0.0	Deny
126469	2008080748190	2008-08-05 00:00:00	2008-08-01 00:00:00	OGG	Kahului-Maui, HI		Passenger Property Loss	Checked Baggage	885.98	Clothing & Accessories,Cosmetics,Watches & Jewelry,Watches & Jewelry	Clothing - Shoes, belts, accessories, etc.*Cosmetics - Perfume, toilet articles, medicines, soaps, etc.*Jewelry - Costume*Jewelry - Fine	Denied	0.0	Deny
126528	2008081248457	2008-08-05 00:00:00	2008-03-04 00:00:00	OGG	Kahului-Maui, HI	Delta Air Lines	Passenger Property Loss	Checkpoint	180.0	Clothing & Accessories	Eyeglasses - (including contact lenses)	Settled	159.99	Settle
126596	2008081148373	2008-08-06 00:00:00	2008-07-31 00:00:00	OGG	Kahului-Maui, HI	UAL	Passenger Property Loss	Checked Baggage	149.67	Games & Toys,Games & Toys	Game Equipment (poker chips, checker sets, chess etc.)*Toys (game systems, cartridges, radio controlled cars, etc.)	Settled	94.95	Settle
126952	2008082248989	2008-08-14 00:00:00	2008-07-14 00:00:00	OGG	Kahului-Maui, HI	Hawaiian Airlines	Passenger Property Loss	Other	6200.0	Watches & Jewelry,Electronics	Jewelry - Fine*MP3 Players-(iPods, etc)	Denied	0.0	Deny
127277	2008081148348	2008-08-22 00:00:00	2008-07-21 00:00:00	OGG	Kahului-Maui, HI	American Airlines	Passenger Property Loss	Checkpoint	911.34	Cosmetics,Other,Containers	Cosmetics - Perfume, toilet articles, medicines, soaps, etc.*Currency*Handbags & Purses (leather or fabric)	Approved	911.34	Approve in Full
127636	2008090449501	2008-09-02 00:00:00	2008-08-28 00:00:00	OGG	Kahului-Maui, HI	Hawaiian Airlines	Passenger Property Loss	Checkpoint	184.98	Electronics	MP3 Players-(iPods, etc)	Approved	184.98	Approve in Full
127936	2008091049743	2008-09-08 00:00:00	2008-01-13 00:00:00	OGG	Kahului-Maui, HI	Hawaiian Airlines	Passenger Property Loss	Checked Baggage	188.99	Electronics,Other	Cameras - Digital*Other	Denied	0.0	Deny
128246	2008091850059	2008-09-15 00:00:00	2008-08-29 00:00:00	OGG	Kahului-Maui, HI	Delta Air Lines	Passenger Property Loss	Checked Baggage	265.82	Watches & Jewelry	Jewelry - Costume	Canceled	0.0	
128351	2008091950165	2008-09-16 00:00:00	2008-08-29 00:00:00	OGG	Kahului-Maui, HI	Go	Passenger Property Loss	Checked Baggage	50.0	Tools & Machines,Containers	Barber Supplies - Scissors, shears, elecric razors, etc.*Luggage (all types including footlockers)	Denied	0.0	Deny
129139	2008100950965	2008-10-07 00:00:00	2008-09-25 00:00:00	OGG	Kahului-Maui, HI	UAL	Passenger Property Loss	Checked Baggage	25.9	Cosmetics	Cosmetics - Perfume, toilet articles, medicines, soaps, etc.	Approved	25.9	Approve in Full
129358	2008092350259	2008-10-14 00:00:00	2008-08-29 00:00:00	OGG	Kahului-Maui, HI	American Airlines	Passenger Property Loss	Checked Baggage	3606.96	Electronics,Electronics	Cameras - Digital*Computer - Laptop	Denied	0.0	Deny
129548	2008102151397	2008-10-17 00:00:00	2008-07-10 00:00:00	OGG	Kahului-Maui, HI	Hawaiian Airlines	Passenger Property Loss	Checkpoint	943.8	Watches & Jewelry	Jewelry - Fine	Denied	0.0	Deny
129577	2008102451538	2008-10-17 00:00:00	2008-09-20 00:00:00	OGG	Kahului-Maui, HI	Hawaiian Airlines	Passenger Property Loss	Checkpoint	100.0	Cosmetics	Cosmetics - Perfume, toilet articles, medicines, soaps, etc.	Denied	0.0	Deny
129826	2008110351649	2008-10-23 00:00:00	2008-09-09 00:00:00	OGG	Kahului-Maui, HI	Westjet Airlines Ltd	Passenger Property Loss	Checked Baggage	300.0	Cosmetics	Cosmetics - Perfume, toilet articles, medicines, soaps, etc.	Settled	137.8	Settle
130128	2008110652002	2008-10-31 00:00:00	2008-10-17 00:00:00	OGG	Kahului-Maui, HI	American Airlines	Passenger Property Loss	Checked Baggage	150.0	Electronics	Cameras - Digital	Denied	0.0	Deny
130312	2008111452217	2008-11-05 00:00:00	2008-10-16 00:00:00	OGG	Kahului-Maui, HI	Continental Airlines	Passenger Property Loss	Checked Baggage	221.24	Watches & Jewelry	Jewelry - Fine	Denied	0.0	Deny
130749	2008112452697	2008-11-17 00:00:00	2008-02-13 00:00:00	OGG	Kahului-Maui, HI	Hawaiian Airlines	Passenger Property Loss	Checkpoint	15000.0	Electronics,Other	Computer - Laptop*Other	Denied	0.0	Deny
131036	2008120152960	2008-11-25 00:00:00	2008-11-14 00:00:00	OGG	Kahului-Maui, HI	UAL	Passenger Property Loss	Checkpoint	10.0	Other	Currency	Canceled	0.0	
131180	2008121053263	2008-12-01 00:00:00	2008-11-18 00:00:00	OGG	Kahului-Maui, HI	Hawaiian Airlines	Passenger Property Loss	Checkpoint	40.0	Watches & Jewelry	Jewelry - Costume	Approved	40.0	Approve in Full
131228	2008120553155	2008-12-01 00:00:00	2008-11-17 00:00:00	OGG	Kahului-Maui, HI	UAL	Passenger Property Loss	Checked Baggage	190.0	Clothing & Accessories,Cosmetics	Clothing - Shoes, belts, accessories, etc.*Cosmetics - Perfume, toilet articles, medicines, soaps, etc.	Denied	0.0	Deny
131247	2008120353064	2008-12-01 00:00:00	2008-11-29 00:00:00	OGG	Kahului-Maui, HI	Westjet Airlines Ltd	Passenger Property Loss	Checked Baggage	81.25	Household Decor	Decorations - Christmas, Birthday, etc.	Settled	65.83	Settle
131249	2008120853183	2008-12-01 00:00:00	2008-11-08 00:00:00	OGG	Kahului-Maui, HI	American Airlines	Passenger Property Loss	Checked Baggage	300.0	Electronics,Electronics	Cameras - Digital*Cameras - Non-electronic (Camera supplies, lenses, projectors, etc.)	Settled	135.0	Settle
131310	2008120953194	2008-12-02 00:00:00	2008-11-20 00:00:00	OGG	Kahului-Maui, HI	American Airlines	Passenger Property Loss	Checked Baggage	700.0	Clothing & Accessories	Eyeglasses - (including contact lenses)	Denied	0.0	Deny
131490	2008121553415	2008-12-08 00:00:00	2008-10-05 00:00:00	OGG	Kahului-Maui, HI	Hawaiian Airlines	Passenger Property Loss	Checked Baggage	500.0	Electronics	Cameras - Digital	Denied	0.0	Deny
132062	2009010553995	2008-12-22 00:00:00	2008-12-13 00:00:00	OGG	Kahului-Maui, HI	Alaska Airlines	Passenger Property Loss	Checked Baggage	290.0	Electronics	Cameras - Digital	Denied	0.0	Deny
132232	2009010654121	2008-12-29 00:00:00	2008-10-21 00:00:00	OGG	Kahului-Maui, HI	UAL	Passenger Property Loss	Checked Baggage	400.0	Clothing & Accessories,Cosmetics	Clothing - Shoes, belts, accessories, etc.*Cosmetics - Perfume, toilet articles, medicines, soaps, etc.	Denied	0.0	Deny
132444	2009010954306	2009-01-05 00:00:00	2008-12-27 00:00:00	OGG	Kahului-Maui, HI	Mesa Airlines	Passenger Property Loss	Checked Baggage	200.0	Containers,Cosmetics	Bags - Fabric, plastic, etc. (not purses)*Cosmetics - Perfume, toilet articles, medicines, soaps, etc.	Denied	0.0	Deny
132468	2009011354399	2009-01-05 00:00:00	2008-12-19 00:00:00	OGG	Kahului-Maui, HI	Island Air	Passenger Property Loss	Checked Baggage	125.0	Watches & Jewelry,Other	Jewelry - Costume*Other	Denied	0.0	Deny
134930	2009031856407	2009-03-11 00:00:00	2008-03-31 00:00:00	OGG	Kahului-Maui, HI	Northwest Airlines	Passenger Property Loss	Checked Baggage	585.0	Watches & Jewelry	Jewelry - Fine	Canceled	0.0	
135302	2009041357453	2009-03-20 00:00:00	2009-02-16 00:00:00	OGG	Kahului-Maui, HI		Passenger Property Loss	Checkpoint	22.84	Other	Other	Approved	22.84	Approve in Full
135415	2009041657654	2009-03-23 00:00:00	2009-03-22 00:00:00	OGG	Kahului-Maui, HI	Hawaiian Airlines	Passenger Property Loss	Checked Baggage	650.0	Electronics,Watches & Jewelry	Cell Phones*Watches - Expensive more than $100	Denied	0.0	Deny
135580	2009041557553	2009-03-27 00:00:00	2009-03-13 00:00:00	OGG	Kahului-Maui, HI	American Airlines	Passenger Property Loss	Checked Baggage	9.98	Tools & Machines	Locks	Denied	0.0	Deny
135898	2009042858069	2009-04-06 00:00:00	2009-02-23 00:00:00	OGG	Kahului-Maui, HI	Hawaiian Airlines	Passenger Property Loss	Checkpoint	24.2	Electronics	Cell Phones	Approved	24.2	Approve in Full
136040	2009042958134	2009-04-08 00:00:00	2009-03-16 00:00:00	OGG	Kahului-Maui, HI	Delta Air Lines	Passenger Property Loss	Checked Baggage	104.9	Outdoors Supplies	Camping Equipment & Supplies	Denied	0.0	Deny
136125	2009043058181	2009-04-10 00:00:00	2009-02-23 00:00:00	OGG	Kahului-Maui, HI	UAL	Passenger Property Loss	Checkpoint	35.9	Clothing & Accessories	Clothing - Shoes, belts, accessories, etc.	Approved	35.9	Approve in Full
136442	2009050758437	2009-04-21 00:00:00	2007-04-24 00:00:00	OGG	Kahului-Maui, HI	UAL	Passenger Property Loss	Checked Baggage	4200.0	Watches & Jewelry	Jewelry - Fine	Denied	0.0	Deny
136495	2009050858477	2009-04-22 00:00:00	2009-04-14 00:00:00	OGG	Kahului-Maui, HI	American Airlines	Passenger Property Loss	Checked Baggage	260.74	Electronics,Other	GPS - Global Positioning System*Other	Canceled	0.0	
136678	2009051858898	2009-04-27 00:00:00	2009-03-31 00:00:00	OGG	Kahului-Maui, HI	UAL	Passenger Property Loss	Checked Baggage	34.95	Tools & Machines	Scissors, Shears (other than electric)	Denied	0.0	Deny
136809	2009051858828	2009-04-30 00:00:00	2009-04-15 00:00:00	OGG	Kahului-Maui, HI	UAL	Passenger Property Loss	Checked Baggage	20.0	Tools & Machines	Locks	Denied	0.0	Deny
137267	2009040957243	2009-05-14 00:00:00	2009-03-11 00:00:00	OGG	Kahului-Maui, HI	UAL	Passenger Property Loss	Checkpoint	3875.0	Watches & Jewelry	Watches - Expensive more than $100	Denied	0.0	Deny
137293	2009052659451	2009-05-15 00:00:00	2009-03-20 00:00:00	OGG	Kahului-Maui, HI	Delta Air Lines	Passenger Property Loss	Checked Baggage	91.98	Clothing & Accessories	Clothing - Shoes, belts, accessories, etc.	Approved	91.98	Approve in Full
137488	2009052259388	2009-05-21 00:00:00	2009-05-14 00:00:00	OGG	Kahului-Maui, HI	USAir	Passenger Property Loss	Checked Baggage	330.65	Clothing & Accessories	Eyeglasses - (including contact lenses)	Denied	0.0	Deny
137657	2009060159651	2009-05-26 00:00:00	2009-05-09 00:00:00	OGG	Kahului-Maui, HI	Island Air	Passenger Property Loss	Checkpoint	250.0	Watches & Jewelry	Watches - Expensive more than $100	Settled	200.0	Settle
137776	2009052959596	2009-05-29 00:00:00	2009-05-26 00:00:00	OGG	Kahului-Maui, HI	Hawaiian Airlines	Passenger Property Loss	Checkpoint	500.0	Other	Currency	Canceled	0.0	
138056	2009061260095	2009-06-05 00:00:00	2009-03-16 00:00:00	OGG	Kahului-Maui, HI	UAL	Passenger Property Loss	Checked Baggage	243.3	Electronics	Cameras - Digital	Settled	121.65	Settle
138221	2009061660212	2009-06-10 00:00:00	2009-05-13 00:00:00	OGG	Kahului-Maui, HI	Hawaiian Airlines	Passenger Property Loss	Checked Baggage	39.95	Tools & Machines	Lighters - (cigar, cigerette, etc.)	Denied	0.0	Deny
138520	2009061860357	2009-06-18 00:00:00	2009-05-26 00:00:00	OGG	Kahului-Maui, HI	Hawaiian Airlines	Passenger Property Loss	Checkpoint	500.0	Containers	Handbags & Purses (leather or fabric)	Canceled	0.0	
139575	2009072061489	2009-07-16 00:00:00	2009-07-04 00:00:00	OGG	Kahului-Maui, HI	Westjet Airlines Ltd	Passenger Property Loss	Checked Baggage	552.64	Clothing & Accessories	Eyeglasses - (including contact lenses)	Denied	0.0	Deny
139659	2009072761775	2009-07-17 00:00:00	2009-06-20 00:00:00	OGG	Kahului-Maui, HI	UAL	Passenger Property Loss	Checkpoint	30.0	Clothing & Accessories	Clothing - Shoes, belts, accessories, etc.	Denied	0.0	Deny
139748	2009071661281	2009-07-21 00:00:00	2009-06-26 00:00:00	OGG	Kahului-Maui, HI	American Airlines	Passenger Property Loss	Checked Baggage	2000.0	Watches & Jewelry	Jewelry - Costume	Denied	0.0	Deny
140711	2009081862725	2009-08-17 00:00:00	2009-08-01 00:00:00	OGG	Kahului-Maui, HI	Hawaiian Airlines	Passenger Property Loss	Checkpoint	27.0	Other	Other	Approved	27.0	Approve in Full
140715	2009082062808	2009-08-17 00:00:00	2009-07-14 00:00:00	OGG	Kahului-Maui, HI	Hawaiian Airlines	Passenger Property Loss	Checkpoint	90.0	Supplies	Medicines	Approved	90.0	Approve in Full
141380	2009090863411	2009-09-03 00:00:00	2007-09-08 00:00:00	OGG	Kahului-Maui, HI	Delta Air Lines	Passenger Property Loss	Checkpoint	54.04	Other	Other	Denied	0.0	Deny
142026	2009092864049	2009-09-23 00:00:00	2009-09-08 00:00:00	OGG	Kahului-Maui, HI	USAir	Passenger Property Loss	Checked Baggage	95.0	Other	Currency	Denied	0.0	Deny
142314	2009100664369	2009-10-01 00:00:00	2009-09-24 00:00:00	OGG	Kahului-Maui, HI	Westjet Airlines Ltd	Passenger Property Loss	Checked Baggage	91.0	Other	Other	Denied	0.0	Deny
142796	2009102764814	2009-10-20 00:00:00	2009-10-01 00:00:00	OGG	Kahului-Maui, HI	UAL	Passenger Property Loss	Checked Baggage	8.77	Containers	Luggage (all types including footlockers)	Denied	0.0	Deny
142853	2009110365081	2009-10-21 00:00:00	2009-07-23 19:00:00	OGG	Kahului-Maui, HI	Hawaiian Airlines	Passenger Property Loss	Checkpoint	226.29	Electronics	Cameras - Non-electronic (Camera supplies, lenses, projectors, etc.)	Settled	203.67	Settle
143777	2009120165832	2009-11-18 00:00:00	2009-10-31 16:59:00	OGG	Kahului-Maui, HI	UAL	Passenger Property Loss	Checked Baggage	495.0	Electronics	Cameras - Digital	Denied	0.0	Deny
144316	2009120966319	2009-12-03 00:00:00	2009-09-12 00:00:00	OGG	Kahului-Maui, HI	Hawaiian Airlines	Passenger Property Loss	Checkpoint	1139.73	Other	Other	Denied	0.0	Deny
144620	2009121866679	2009-12-14 00:00:00	2009-11-22 13:00:00	OGG	Kahului-Maui, HI	American Airlines	Passenger Property Loss	Checked Baggage	423.9	Clothing & Accessories	Clothing - Shoes, belts, accessories, etc.	Denied	0.0	Deny
144863	2009123066958	2009-12-22 00:00:00	2009-12-04 09:50:00	OGG	Kahului-Maui, HI	Hawaiian Airlines	Passenger Property Loss	Checked Baggage	100.0	Outdoors Supplies	Tools - Manual (not in a vehicle)	Denied	0.0	Deny
145063	2010010467068	2009-12-30 00:00:00	2009-12-18 14:57:00	OGG	Kahului-Maui, HI	UAL	Passenger Property Loss	Checked Baggage	37.99	Electronics	Cameras - Non-electronic (Camera supplies, lenses, projectors, etc.)	Approved	37.99	Approve in Full
145274	2010012567824	2010-01-19 00:00:00	2010-01-03 13:30:00	OGG	Kahului-Maui, HI	American Airlines	Passenger Property Loss	Checked Baggage		Electronics,Other,Electronics,Electronics	Cameras*Other*Personal Electronics*Personal Electronics		0.0	Deny
145494	2010020468332	2010-01-28 00:00:00	2010-01-17 23:00:00	OGG	Kahului-Maui, HI	Hawaiian Airlines	Passenger Property Loss	Checked Baggage		Cosmetics	Travel Accessories		0.0	Deny
145736	2010022368647	2010-02-12 00:00:00	2010-02-07 00:00:00	OGG	Kahului-Maui, HI	UAL	Passenger Property Loss	Checked Baggage		Electronics	Computer & Accessories		0.0	Deny
145747	2010022368670	2010-02-12 00:00:00	2010-01-25 00:00:00	OGG	Kahului-Maui, HI	UAL	Passenger Property Loss	Checked Baggage		Cosmetics	Travel Accessories		0.0	Deny
145915	2010022668766	2010-02-18 00:00:00	2010-01-17 21:45:00	OGG	Kahului-Maui, HI	Delta Air Lines	Passenger Property Loss	Checked Baggage		Electronics	Audio/Video		0.0	Deny
146024	2010030268969	2010-02-22 00:00:00	2010-01-14 21:00:00	OGG	Kahului-Maui, HI	Delta Air Lines	Passenger Property Loss	Checkpoint		Containers,Clothing & Accessories,Other	Baggage/Cases/Purses*Clothing*Other		0.0	Deny
146031	2010030268977	2010-02-22 00:00:00	2010-01-29 00:00:00	OGG	Kahului-Maui, HI	Hawaiian Airlines	Passenger Property Loss	Checked Baggage		Clothing & Accessories	Clothing		55.0	Approve in Full
146501	2010031369556	2010-03-09 00:00:00	2010-01-14 09:00:00	OGG	Kahului-Maui, HI	Delta Air Lines	Passenger Property Loss	Checkpoint		Clothing & Accessories	Clothing			
146554	2010031569592	2010-03-10 00:00:00	2010-03-05 00:00:00	OGG	Kahului-Maui, HI	Hawaiian Airlines	Passenger Property Loss	Checked Baggage		Household Decor,Cosmetics	Home Decor*Travel Accessories			
146767	2010032369949	2010-03-16 00:00:00	2010-02-25 18:23:00	OGG	Kahului-Maui, HI	USAir	Passenger Property Loss	Checked Baggage		Scientific Intruments	Medical/Science		0.0	Deny
147066	2010040170309	2010-03-26 00:00:00	2010-03-22 07:00:00	OGG	Kahului-Maui, HI	American Airlines	Passenger Property Loss	Checked Baggage		Electronics	Computer & Accessories		0.0	Deny
147293	2010040670482	2010-04-01 00:00:00	2010-03-18 20:45:00	OGG	Kahului-Maui, HI	Air Canada	Passenger Property Loss	Checked Baggage		Containers	Baggage/Cases/Purses		0.0	Deny
147308	2010040270328	2010-04-02 00:00:00	2010-04-02 00:00:00	OGG	Kahului-Maui, HI	American Airlines	Passenger Property Loss	Checked Baggage		Other	Other		65.0	Approve in Full
147320	2010040770542	2010-04-02 00:00:00	2010-03-08 13:30:00	OGG	Kahului-Maui, HI	American Airlines	Passenger Property Loss	Checkpoint		Electronics	Personal Electronics		107.63	Settle
147380	2010040970608	2010-04-05 00:00:00	2010-03-03 20:30:00	OGG	Kahului-Maui, HI	Delta Air Lines	Passenger Property Loss	Checkpoint		Other,Watches & Jewelry	Currency*Jewelry & Watches		0.0	Deny
148101	2010050471456	2010-04-26 00:00:00	2010-04-13 15:30:00	OGG	Kahului-Maui, HI	Hawaiian Airlines	Passenger Property Loss	Checked Baggage		Cosmetics	Cosmetics & Grooming		168.75	Settle
148262	2010050471471	2010-05-03 00:00:00	2010-04-19 00:00:00	OGG	Kahului-Maui, HI	UAL	Passenger Property Loss	Checked Baggage		Electronics	Audio/Video		123.9	Approve in Full
148327	2010051271715	2010-05-03 00:00:00	2010-04-07 11:30:00	OGG	Kahului-Maui, HI	UAL	Passenger Property Loss	Checkpoint		Other	Other		116.15	Approve in Full
148633	2010051971933	2010-05-13 00:00:00	2010-04-30 12:00:00	OGG	Kahului-Maui, HI	Westjet Airlines Ltd	Passenger Property Loss	Checked Baggage		Clothing & Accessories	Clothing		696.0	Approve in Full
148768	2010052572103	2010-05-17 00:00:00	2010-04-19 00:00:00	OGG	Kahului-Maui, HI	Alaska Airlines	Passenger Property Loss	Checked Baggage		Cosmetics	Travel Accessories		10.91	Approve in Full
148829	2010052672141	2010-05-19 00:00:00	2010-04-22 15:00:00	OGG	Kahului-Maui, HI	Hawaiian Airlines	Passenger Property Loss	Checked Baggage		Electronics,Scientific Intruments	Cameras*Medical/Science		0.0	Deny
148884	2010052772184	2010-05-20 00:00:00	2010-05-07 16:00:00	OGG	Kahului-Maui, HI	Hawaiian Airlines	Passenger Property Loss	Checked Baggage		Household Items	Household Items		0.0	Deny
149045	2010060372331	2010-05-25 00:00:00	2010-04-28 20:40:00	OGG	Kahului-Maui, HI	UAL	Passenger Property Loss	Checked Baggage		Electronics,Other	Computer & Accessories*Other		0.0	Deny
149107	2010060472398	2010-05-26 00:00:00	2010-05-10 00:00:00	OGG	Kahului-Maui, HI	UAL	Passenger Property Loss	Checked Baggage		Clothing & Accessories	Personal Accessories		156.0	Approve in Full
149339	2010061572664	2010-06-03 00:00:00	2010-05-26 13:00:00	OGG	Kahului-Maui, HI	American Airlines	Passenger Property Loss	Checked Baggage		Other	Other		0.0	Deny
149485	2010062172855	2010-06-09 00:00:00	2010-05-14 00:00:00	OGG	Kahului-Maui, HI	UAL	Passenger Property Loss	Checked Baggage		Electronics	Personal Electronics		240.0	Approve in Full
149669	2010062272919	2010-06-15 00:00:00	2010-05-14 00:00:00	OGG	Kahului-Maui, HI	UAL	Passenger Property Loss	Checked Baggage		Electronics	Personal Electronics			
149809	2010062573094	2010-06-21 00:00:00	2010-06-25 00:00:00	OGG	Kahului-Maui, HI		Passenger Property Loss	Checkpoint		Other	Currency			
149834	2010062973183	2010-06-21 00:00:00	2010-06-05 00:00:00	OGG	Kahului-Maui, HI	Hawaiian Airlines	Passenger Property Loss	Checked Baggage		Watches & Jewelry	Jewelry & Watches		0.0	Deny
150032	2010070673355	2010-06-28 00:00:00	2010-05-30 00:00:00	OGG	Kahului-Maui, HI	Hawaiian Airlines	Passenger Property Loss	Checkpoint		Electronics,Electronics	Cameras*Cameras		0.0	Deny
150689	2010072674077	2010-07-15 00:00:00	2010-06-07 00:00:00	OGG	Kahului-Maui, HI	American Airlines	Passenger Property Loss	Checked Baggage		Cosmetics,Food & Drink,Watches & Jewelry,Other	Cosmetics & Grooming*Food & Drink*Jewelry & Watches*Other		0.0	Deny
150742	2010072574037	2010-07-19 00:00:00	2010-07-08 00:00:00	OGG	Kahului-Maui, HI	UAL	Passenger Property Loss	Checked Baggage		Electronics	Computer & Accessories		0.0	Deny
150876	2010072774126	2010-07-21 00:00:00	2010-07-14 00:00:00	OGG	Kahului-Maui, HI	Hawaiian Airlines	Passenger Property Loss	Checkpoint		Clothing & Accessories	Clothing		32.5	Approve in Full
150915	2010073174250	2010-07-22 00:00:00	2010-07-14 00:00:00	OGG	Kahului-Maui, HI	Hawaiian Airlines	Passenger Property Loss	Checked Baggage		Cosmetics	Travel Accessories		10.0	Approve in Full
151734	2010081975079	2010-08-16 00:00:00	2010-07-29 15:15:00	OGG	Kahului-Maui, HI	American Airlines	Passenger Property Loss	Checked Baggage		Cosmetics	Travel Accessories		13.0	Approve in Full
151851	2010071373571	2010-08-18 00:00:00	2010-05-16 00:00:00	OGG	Kahului-Maui, HI	Hawaiian Airlines	Passenger Property Loss	Checked Baggage		Cosmetics	Travel Accessories		12.0	Approve in Full
152113	2010090475666	2010-08-24 00:00:00	2010-08-11 00:00:00	OGG	Kahului-Maui, HI		Passenger Property Loss	Checkpoint		Cosmetics,Watches & Jewelry	Cosmetics & Grooming*Jewelry & Watches			
152222	2010090375624	2010-08-27 00:00:00	2010-08-03 15:00:00	OGG	Kahului-Maui, HI	Hawaiian Airlines	Passenger Property Loss	Checked Baggage		Outdoors Supplies	Outdoor Items		0.0	Deny
152589	2010091375927	2010-09-08 00:00:00	2010-09-05 17:30:00	OGG	Kahului-Maui, HI	Hawaiian Airlines	Passenger Property Loss	Checked Baggage		Outdoors Supplies	Outdoor Items		0.0	Deny
152681	2010091676061	2010-09-10 00:00:00	2010-08-03 00:00:00	OGG	Kahului-Maui, HI	American Airlines	Passenger Property Loss	Checked Baggage		Other	Other		0.0	Deny
152907	2010092276308	2010-09-16 00:00:00	2010-07-29 22:30:00	OGG	Kahului-Maui, HI	Westjet Airlines Ltd	Passenger Property Loss	Checked Baggage		Watches & Jewelry,Scientific Intruments	Jewelry & Watches*Medical/Science		170.0	Approve in Full
153101	2010092676429	2010-09-23 00:00:00	2010-09-12 00:00:00	OGG	Kahului-Maui, HI	Hawaiian Airlines	Passenger Property Loss	Checked Baggage		Electronics,Other,Electronics	Computer & Accessories*Other*Personal Electronics		0.0	Deny
153238	2010100376625	2010-09-28 00:00:00	2010-09-26 11:00:00	OGG	Kahului-Maui, HI	Hawaiian Airlines	Passenger Property Loss	Checked Baggage		Other	Other			
153307	2010100676738	2010-09-29 00:00:00	2010-09-26 21:00:00	OGG	Kahului-Maui, HI	UAL	Passenger Property Loss	Checked Baggage		Cosmetics	Travel Accessories		0.0	Deny
154224	2010111077746	2010-10-27 00:00:00	2010-10-25 11:00:00	OGG	Kahului-Maui, HI	Hawaiian Airlines	Passenger Property Loss	Checked Baggage		Watches & Jewelry	Jewelry & Watches			
154278	2010110977707	2010-11-01 00:00:00	2010-07-13 00:00:00	OGG	Kahului-Maui, HI	Hawaiian Airlines	Passenger Property Loss	Checkpoint		Electronics,Electronics	Audio/Video*Personal Electronics		0.0	Deny
155155	2010121478761	2010-11-29 00:00:00	2010-12-14 00:00:00	OGG	Kahului-Maui, HI	UAL	Passenger Property Loss	Checked Baggage		Cosmetics	Travel Accessories		30.75	Approve in Full
155542	2010122279002	2010-12-13 00:00:00	2010-12-08 19:00:00	OGG	Kahului-Maui, HI	Alaska Airlines	Passenger Property Loss	Checked Baggage		Cosmetics	Travel Accessories		45.0	Approve in Full
155543	2010122279007	2010-12-13 00:00:00	2010-12-09 00:00:00	OGG	Kahului-Maui, HI	Hawaiian Airlines	Passenger Property Loss	Checkpoint		Clothing & Accessories	Personal Accessories		0.0	Deny
155850	2011011379524	2010-12-23 00:00:00	2010-09-07 22:00:00	OGG	Kahului-Maui, HI	American Airlines	Passenger Property Loss	Checked Baggage		Electronics	Computer & Accessories			
156753	2011021180169	2011-01-21 00:00:00	2011-01-10 22:00:00	OGG	Kahului-Maui, HI	USAir	Passenger Property Loss	Checkpoint		Scientific Intruments	Medical/Science		800.0	Settle
157883	2011032381387	2011-02-28 00:00:00	2011-02-10 12:00:00	OGG	Kahului-Maui, HI	Alaska Airlines	Passenger Property Loss	Checkpoint		Electronics	Cameras		169.0	Approve in Full
157936	2011032981453	2011-03-01 00:00:00	2010-12-31 00:00:00	OGG	Kahului-Maui, HI	Alaska Airlines	Passenger Property Loss	Checked Baggage		Cosmetics	Travel Accessories		7.95	Approve in Full
158066	2011033081495	2011-03-07 00:00:00	2011-02-28 14:05:00	OGG	Kahului-Maui, HI	Delta Air Lines	Passenger Property Loss	Checked Baggage		Electronics	Personal Electronics		0.0	Deny
158081	2011033081542	2011-03-07 00:00:00	2011-02-21 15:00:00	OGG	Kahului-Maui, HI	Hawaiian Airlines	Passenger Property Loss	Checked Baggage		Clothing & Accessories	Clothing		74.99	Approve in Full
158084	2011033081548	2011-03-07 00:00:00	2011-03-01 11:00:00	OGG	Kahului-Maui, HI	Hawaiian Airlines	Passenger Property Loss	Checked Baggage		Cosmetics	Travel Accessories		0.0	Deny
158271	2011040181772	2011-03-11 00:00:00	2011-03-08 00:00:00	OGG	Kahului-Maui, HI	Hawaiian Airlines	Passenger Property Loss	Checked Baggage		Watches & Jewelry,Other	Jewelry & Watches*Other		0.0	Deny
158309	2011040181768	2011-03-14 00:00:00	2011-03-10 15:30:00	OGG	Kahului-Maui, HI	Hawaiian Airlines	Passenger Property Loss	Checkpoint		Other	Other		20.82	Approve in Full
158377	2011040481846	2011-03-15 00:00:00	2010-07-09 00:00:00	OGG	Kahului-Maui, HI	Hawaiian Airlines	Passenger Property Loss	Checkpoint		Clothing & Accessories	Personal Accessories		0.0	Deny
158959	2011041382412	2011-04-04 00:00:00	2011-03-11 18:00:00	OGG	Kahului-Maui, HI	UAL	Passenger Property Loss	Checked Baggage		Watches & Jewelry	Jewelry & Watches		0.0	Deny
158989	2011041382221	2011-04-05 00:00:00	2011-02-24 00:00:00	OGG	Kahului-Maui, HI	UAL	Passenger Property Loss	Checked Baggage		Household Items	Household Items		0.0	Deny
159672	2011050383146	2011-04-27 00:00:00	2011-05-03 00:00:00	OGG	Kahului-Maui, HI	Alaska Airlines	Passenger Property Loss	Checked Baggage		Other	Other		34.75	Approve in Full
159822	2011051083351	2011-05-02 00:00:00	2011-04-19 18:30:00	OGG	Kahului-Maui, HI	UAL	Passenger Property Loss	Checkpoint		Other	Currency		0.0	Deny
160557	2011060684075	2011-05-25 00:00:00	2011-01-10 00:00:00	OGG	Kahului-Maui, HI	Japan Airlines	Passenger Property Loss	Checked Baggage		Clothing & Accessories	Clothing		0.0	Deny
161426	2011070585014	2011-06-23 00:00:00	2011-06-19 10:30:00	OGG	Kahului-Maui, HI		Passenger Property Loss	Checkpoint		Other	Other		127.88	Approve in Full
161722	2011071485232	2011-07-05 00:00:00	2011-06-12 17:00:00	OGG	Kahului-Maui, HI	Hawaiian Airlines	Passenger Property Loss	Checked Baggage		Watches & Jewelry	Jewelry & Watches		250.0	Approve in Full
162321	2011081085877	2011-07-22 00:00:00	2011-06-12 00:00:00	OGG	Kahului-Maui, HI	UAL	Passenger Property Loss	Checked Baggage		Watches & Jewelry	Jewelry & Watches		41.88	Approve in Full
162468	2011072785537	2011-07-27 00:00:00	2011-06-29 07:50:00	OGG	Kahului-Maui, HI	Hawaiian Airlines	Passenger Property Loss	Checked Baggage		Outdoors Supplies	Hunting & Fishing Items			
162974	2011083086557	2011-08-11 00:00:00	2011-08-08 11:30:00	OGG	Kahului-Maui, HI		Passenger Property Loss	Checkpoint		Watches & Jewelry	Jewelry & Watches			
163453	2011082686490	2011-08-26 00:00:00	2011-07-31 00:00:00	OGG	Kahului-Maui, HI	UAL	Passenger Property Loss	Checked Baggage		Clothing & Accessories,Food & Drink	Clothing*Food & Drink		0.0	Deny
163662	2011100387308	2011-09-02 00:00:00	2011-08-21 09:05:00	OGG	Kahului-Maui, HI	Hawaiian Airlines	Passenger Property Loss	Checked Baggage		Watches & Jewelry	Jewelry & Watches		0.0	Deny
163769	2011100387346	2011-09-07 00:00:00	2011-08-24 10:00:00	OGG	Kahului-Maui, HI	Hawaiian Airlines	Passenger Property Loss	Checked Baggage		Other	Other		50.0	Approve in Full
163929	2011100487443	2011-09-13 00:00:00	2011-08-11 00:00:00	OGG	Kahului-Maui, HI	Delta Air Lines	Passenger Property Loss	Checked Baggage		Cosmetics	Travel Accessories		35.0	Approve in Full
164374	2011101487884	2011-09-30 00:00:00	2011-09-18 00:00:00	OGG	Kahului-Maui, HI	Hawaiian Airlines	Passenger Property Loss	Checkpoint		Clothing & Accessories	Personal Accessories		57.0	Settle
164487	2011102588343	2011-10-04 00:00:00	2011-09-24 08:00:00	OGG	Kahului-Maui, HI	USAir	Passenger Property Loss	Checked Baggage		Clothing & Accessories	Clothing		53.8	Settle
164681	2011101888108	2011-10-11 00:00:00	2011-09-10 05:30:00	OGG	Kahului-Maui, HI	Hawaiian Airlines	Passenger Property Loss	Checked Baggage		Cosmetics	Travel Accessories		7.53	Approve in Full
165421	2011111689030	2011-11-02 00:00:00	2011-10-29 00:00:00	OGG	Kahului-Maui, HI		Passenger Property Loss	Checkpoint		Electronics	Cameras		0.0	Deny
165537	2011120889444	2011-11-07 00:00:00	2011-10-21 07:45:00	OGG	Kahului-Maui, HI	Hawaiian Airlines	Passenger Property Loss	Checkpoint		Clothing & Accessories	Personal Accessories		435.87	Settle
165577	2011112289161	2011-11-09 00:00:00	2011-07-16 15:10:00	OGG	Kahului-Maui, HI	Hawaiian Airlines	Passenger Property Loss	Checked Baggage		Cosmetics	Cosmetics & Grooming		0.0	Deny
166242	2011122289824	2011-12-05 00:00:00	2011-11-25 00:00:00	OGG	Kahului-Maui, HI	UAL	Passenger Property Loss	Checked Baggage		Clothing & Accessories	Clothing		0.0	Deny
166375	2012010589986	2011-12-07 00:00:00	2011-12-05 00:00:00	OGG	Kahului-Maui, HI		Passenger Property Loss	Checkpoint		Electronics	Personal Electronics		0.0	Deny
166420	2012010690031	2011-12-09 00:00:00	2011-11-28 00:00:00	OGG	Kahului-Maui, HI	Hawaiian Airlines	Passenger Property Loss	Checked Baggage		Cosmetics	Travel Accessories		12.99	Approve in Full
166521	2012011090104	2011-12-13 00:00:00	2011-12-11 13:00:00	OGG	Kahului-Maui, HI	UAL	Passenger Property Loss	Checked Baggage		Clothing & Accessories	Clothing		0.0	Deny
167496	2012022191192	2012-01-17 00:00:00	2012-01-05 00:00:00	OGG	Kahului-Maui, HI	UAL	Passenger Property Loss	Checked Baggage		Watches & Jewelry	Jewelry & Watches		0.0	Deny
167783	2012030291482	2012-01-24 00:00:00	2012-01-17 12:27:00	OGG	Kahului-Maui, HI	UAL	Passenger Property Loss	Checked Baggage		Watches & Jewelry	Jewelry & Watches		0.0	Deny
167867	2012030691531	2012-01-26 00:00:00	2012-01-03 00:00:00	OGG	Kahului-Maui, HI	American Airlines	Passenger Property Loss	Checked Baggage		Containers	Baggage/Cases/Purses		10.0	Approve in Full
168212	2012031991816	2012-02-08 00:00:00	2012-01-27 09:00:00	OGG	Kahului-Maui, HI	American Airlines	Passenger Property Loss	Checked Baggage		Clothing & Accessories	Clothing		0.0	Deny
168263	2012032291932	2012-02-09 00:00:00	2012-01-03 00:00:00	OGG	Kahului-Maui, HI	Alaska Airlines	Passenger Property Loss	Checked Baggage		Clothing & Accessories	Clothing		0.0	Deny
168303	2012032692042	2012-02-10 00:00:00	2012-02-04 09:45:00	OGG	Kahului-Maui, HI		Passenger Property Loss	Checkpoint		Electronics	Computer & Accessories		0.0	Deny
170049	2012041692920	2012-04-16 00:00:00	2012-03-01 12:00:00	OGG	Kahului-Maui, HI	Westjet Airlines Ltd	Passenger Property Loss	Checked Baggage		Cosmetics	Cosmetics & Grooming		47.25	Approve in Full
170108	2012051093802	2012-04-17 00:00:00	2012-03-31 00:00:00	OGG	Kahului-Maui, HI	UAL	Passenger Property Loss	Checked Baggage		Clothing & Accessories	Personal Accessories		0.0	Deny
171463	2012071095159	2012-06-04 00:00:00	2012-05-24 21:15:00	OGG	Kahului-Maui, HI	USAir	Passenger Property Loss	Checked Baggage		Household Decor,Watches & Jewelry,Watches & Jewelry,Watches & Jewelry,Watches & Jewelry,Watches & Jewelry,Watches & Jewelry,Watches & Jewelry,Watches & Jewelry,Watches & Jewelry	Home Decor*Jewelry & Watches*Jewelry & Watches*Jewelry & Watches*Jewelry & Watches*Jewelry & Watches*Jewelry & Watches*Jewelry & Watches*Jewelry & Watches*Jewelry & Watches		0.0	Deny
171566	2012060794599	2012-06-07 00:00:00	2012-05-09 00:00:00	OGG	Kahului-Maui, HI	Hawaiian Airlines	Passenger Property Loss	Checked Baggage		Clothing & Accessories	Clothing		0.0	Deny
172104	2012080295840	2012-06-26 00:00:00	2012-04-18 19:00:00	OGG	Kahului-Maui, HI		Passenger Property Loss	Checkpoint		Scientific Intruments,Other	Medical/Science*Other		33.77	Approve in Full
172547	2012082896289	2012-07-13 00:00:00	2012-07-04 13:40:00	OGG	Kahului-Maui, HI	Alaska Airlines	Passenger Property Loss	Checked Baggage		Cosmetics	Travel Accessories		34.46	Approve in Full
172635	2012082996387	2012-07-16 00:00:00	2012-05-27 11:10:00	OGG	Kahului-Maui, HI	UAL	Passenger Property Loss	Checkpoint		Watches & Jewelry	Jewelry & Watches		0.0	Deny
172783	2012072395623	2012-07-23 00:00:00	2012-06-08 17:00:00	OGG	Kahului-Maui, HI		Passenger Property Loss	Checkpoint		Clothing & Accessories	Personal Accessories		230.0	Settle
173797	2012100997481	2012-08-27 00:00:00	2012-08-16 00:00:00	OGG	Kahului-Maui, HI	UAL	Passenger Property Loss	Checked Baggage		Clothing & Accessories,Cosmetics	Clothing*Cosmetics & Grooming		0.0	Deny
173877	2012101597558	2012-08-28 00:00:00	2012-08-23 16:00:00	OGG	Kahului-Maui, HI		Passenger Property Loss	Checkpoint		Cosmetics	Cosmetics & Grooming		96.81	Approve in Full
176266	2013011099857	2012-11-27 00:00:00	2012-11-07 07:15:00	OGG	Kahului-Maui, HI	Hawaiian Airlines	Passenger Property Loss	Checkpoint		Clothing & Accessories	Clothing		130.0	Approve in Full
176728	2013020100845	2012-12-17 00:00:00	2012-11-22 00:00:00	OGG	Kahului-Maui, HI		Passenger Property Loss	Checkpoint		Clothing & Accessories	Clothing			
177071	2013013000693	2013-01-02 00:00:00	2012-12-29 00:00:00	OGG	Kahului-Maui, HI	Hawaiian Airlines	Passenger Property Loss	Checkpoint		Electronics	Computer & Accessories		0.0	Deny
177153	2013013000720	2013-01-07 00:00:00	2012-12-28 12:45:00	OGG	Kahului-Maui, HI	Alaska Airlines	Passenger Property Loss	Checked Baggage		Electronics	Personal Electronics		0.0	Deny
177367	2013020601060	2013-01-14 00:00:00	2012-12-31 00:00:00	OGG	Kahului-Maui, HI	Alaska Airlines	Passenger Property Loss	Checked Baggage		Clothing & Accessories	Clothing		0.0	Deny
177726	2013021501505	2013-01-24 00:00:00	2013-01-21 00:00:00	OGG	Kahului-Maui, HI	Hawaiian Airlines	Passenger Property Loss	Checkpoint		Watches & Jewelry	Jewelry & Watches		0.0	Deny
177869	2013022101760	2013-01-29 00:00:00	2013-01-04 00:00:00	OGG	Kahului-Maui, HI	American Airlines	Passenger Property Loss	Checked Baggage		Cosmetics	Travel Accessories		9.98	Approve in Full
177938	2013022001648	2013-01-30 00:00:00	2013-01-03 00:00:00	OGG	Kahului-Maui, HI	Alaska Airlines	Passenger Property Loss	Checked Baggage		Electronics	Cameras		0.0	Deny
178440	2013022802244	2013-02-19 00:00:00	2013-02-15 00:00:00	OGG	Kahului-Maui, HI	Alaska Airlines	Passenger Property Loss	Checkpoint		Clothing & Accessories	Personal Accessories		220.5	Settle
178601	2013030502394	2013-02-25 00:00:00	2013-01-24 00:00:00	OGG	Kahului-Maui, HI	Hawaiian Airlines	Passenger Property Loss	Checked Baggage		Other	Other			
178627	2013022802213	2013-02-26 00:00:00	2013-02-24 15:00:00	OGG	Kahului-Maui, HI	Westjet Airlines Ltd	Passenger Property Loss	Checked Baggage		Electronics	Computer & Accessories		298.33	Settle
179371	2013041003124	2013-03-25 00:00:00	2013-03-14 14:40:00	OGG	Kahului-Maui, HI	Hawaiian Airlines	Passenger Property Loss	Checked Baggage		Outdoors Supplies	Sporting Equipment & Supplies (footballs, parachutes, etc.)		150.0	Approve in Full
179428	2013060704019	2013-03-26 00:00:00	2013-03-05 00:00:00	OGG	Kahului-Maui, HI	Air Canada	Passenger Property Loss	Checked Baggage		Watches & Jewelry	Jewelry & Watches		12.0	Approve in Full
179606	2013042503355	2013-04-03 00:00:00	2013-03-29 00:00:00	OGG	Kahului-Maui, HI	UAL	Passenger Property Loss	Checked Baggage		Outdoors Supplies	Tools & Home Improvement Supplies		0.0	Deny
179864	2013042503339	2013-04-15 00:00:00	2013-04-04 00:00:00	OGG	Kahului-Maui, HI	USAir	Passenger Property Loss	Checked Baggage		Cosmetics	Travel Accessories		10.54	Approve in Full
180010	2013050203472	2013-04-19 00:00:00	2013-04-02 00:00:00	OGG	Kahului-Maui, HI		Passenger Property Loss	Checked Baggage		Watches & Jewelry	Jewelry & Watches		0.0	Deny
180778	2013071005102	2013-05-17 00:00:00	2013-05-07 12:45:00	OGG	Kahului-Maui, HI	Alaska Airlines	Passenger Property Loss	Checked Baggage		Other	Currency			
181703	2013080605702	2013-06-20 00:00:00	2013-06-14 18:00:00	OGG	Kahului-Maui, HI	Hawaiian Airlines	Passenger Property Loss	Checked Baggage		Cosmetics	Travel Accessories		0.0	Deny
181723	2013080705743	2013-06-20 00:00:00	2013-01-16 21:47:00	OGG	Kahului-Maui, HI	Delta Air Lines	Passenger Property Loss	Checked Baggage		Watches & Jewelry	Jewelry & Watches			
181924	2013071905314	2013-06-28 00:00:00	2013-06-25 20:00:00	OGG	Kahului-Maui, HI	USAir	Passenger Property Loss	Checked Baggage		Clothing & Accessories	Clothing		0.0	Deny
181948	2013072505445	2013-06-28 00:00:00	2013-06-08 14:45:00	OGG	Kahului-Maui, HI	Hawaiian Airlines	Passenger Property Loss	Checked Baggage		Other	Currency		0.0	Deny
182258	2013090406500	2013-07-10 00:00:00	2013-06-30 10:30:00	OGG	Kahului-Maui, HI	American Airlines	Passenger Property Loss	Checkpoint		Cosmetics,Cosmetics	Cosmetics & Grooming*Travel Accessories		0.0	Deny
182360	2013082006108	2013-07-16 00:00:00	2013-07-01 11:30:00	OGG	Kahului-Maui, HI	Delta Air Lines	Passenger Property Loss	Checkpoint		Watches & Jewelry	Jewelry & Watches		0.0	Deny
182686	2013082606275	2013-07-25 00:00:00	2013-05-06 09:45:00	OGG	Kahului-Maui, HI	Hawaiian Airlines	Passenger Property Loss	Checked Baggage		Other	Other		0.0	Deny
182900	2013090906696	2013-08-01 00:00:00	2013-06-25 00:00:00	OGG	Kahului-Maui, HI	USAir	Passenger Property Loss	Checked Baggage		Containers	Baggage/Cases/Purses		45.0	Settle
182926	2013091106802	2013-08-01 00:00:00	2013-07-20 21:15:00	OGG	Kahului-Maui, HI	American Airlines	Passenger Property Loss	Checked Baggage		Other	Other		428.0	Settle
183223	2013091706973	2013-08-12 00:00:00	2013-07-27 22:30:00	OGG	Kahului-Maui, HI	UAL	Passenger Property Loss	Checked Baggage		Electronics	Personal Electronics		41.04	Approve in Full
183387	2013101807470	2013-08-15 00:00:00	2013-06-18 20:00:00	OGG	Kahului-Maui, HI		Passenger Property Loss	Checkpoint		Watches & Jewelry	Jewelry & Watches		0.0	Deny
183588	2013102707982	2013-08-22 00:00:00	2013-08-12 00:00:00	OGG	Kahului-Maui, HI	Alaska Airlines	Passenger Property Loss	Checked Baggage		Electronics	Cameras			
184025	2013102207596	2013-09-09 00:00:00	2013-08-17 00:00:00	OGG	Kahului-Maui, HI	USAir	Passenger Property Loss	Checked Baggage		Food & Drink	Food & Drink		0.0	Deny
184136	2013102407784	2013-09-13 00:00:00	2013-07-26 11:00:00	OGG	Kahului-Maui, HI	Hawaiian Airlines	Passenger Property Loss	Checked Baggage		Clothing & Accessories	Clothing			
184650	2013111209204	2013-10-01 00:00:00	2013-09-20 15:00:00	OGG	Kahului-Maui, HI	American Airlines	Passenger Property Loss	Checked Baggage		Cosmetics	Travel Accessories			
184905	2013110808954	2013-10-17 00:00:00	2013-08-05 00:00:00	OGG	Kahului-Maui, HI	Alaska Airlines	Passenger Property Loss	Checked Baggage		Cosmetics	Travel Accessories			
186272	2013121610091	2013-12-11 00:00:00	2013-12-09 13:00:00	OGG	Kahului-Maui, HI	Hawaiian Airlines	Passenger Property Loss	Checked Baggage		Electronics	Personal Electronics			
186301	2013121610089	2013-12-12 00:00:00	2013-11-24 12:30:00	OGG	Kahului-Maui, HI	Delta Air Lines	Passenger Property Loss	Checked Baggage		Other,Cosmetics	Other*Travel Accessories			
186329	2013121310048	2013-12-13 00:00:00	2013-11-29 00:00:00	OGG	Kahului-Maui, HI	UAL	Passenger Property Loss	Checked Baggage		Clothing & Accessories	Clothing			
186351	2013121910165	2013-12-13 00:00:00	2013-08-06 10:50:00	OGG	Kahului-Maui, HI	Hawaiian Airlines	Passenger Property Loss	Checked Baggage		Other,Electronics	Other*Personal Electronics			
186744	2014033112857	2014-03-25 00:00:00	2014-03-06 00:00:00	OGG	Kahului-Maui, HI	Air Canada	Passenger Property Loss	Checkpoint		Scientific Intruments	Medical/Science		93.21	Approve in Full
186828	2014010610521	2014-01-02 00:00:00	2013-11-07 00:00:00	OGG	Kahului-Maui, HI	Hawaiian Airlines	Passenger Property Loss	Checked Baggage		Cosmetics	Travel Accessories		11.99	Approve in Full
187020	2014011310759	2014-01-06 00:00:00	2014-01-05 00:00:00	OGG	Kahului-Maui, HI	Hawaiian Airlines	Passenger Property Loss	Checkpoint		Other	Currency		0.0	Deny
188932	2014032512724	2014-03-26 00:00:00	2014-03-22 00:00:00	OGG	Kahului-Maui, HI	Alaska Airlines	Passenger Property Loss	Checkpoint		Watches & Jewelry	Jewelry & Watches			
188949	2014032612741	2014-03-24 00:00:00	2014-03-23 00:00:00	OGG	Kahului-Maui, HI	Hawaiian Airlines	Passenger Property Loss	Checked Baggage		Electronics	Personal Electronics		0.0	Deny
189388	2014041413188	2014-04-09 00:00:00	2014-03-19 00:00:00	OGG	Kahului-Maui, HI	Hawaiian Airlines	Passenger Property Loss	Checked Baggage		Cosmetics	Travel Accessories		36.0	Approve in Full
189727	2014042813536	2014-04-23 00:00:00	2014-04-20 00:00:00	OGG	Kahului-Maui, HI	Island Air	Passenger Property Loss	Checked Baggage		Other,Other	Currency*Other		0.0	Deny
190380	2014052714197	2014-05-21 00:00:00	2014-04-01 00:00:00	OGG	Kahului-Maui, HI	Alaska Airlines	Passenger Property Loss	Checkpoint		Clothing & Accessories	Clothing		28.0	Approve in Full
190430	2014052814248	2014-05-21 00:00:00	2014-05-08 00:00:00	OGG	Kahului-Maui, HI	American Airlines	Passenger Property Loss	Checkpoint		Clothing & Accessories	Clothing		11.65	Approve in Full
190665	2014060914487	2014-06-09 00:00:00	2014-05-22 00:00:00	OGG	Kahului-Maui, HI	Hawaiian Airlines	Passenger Property Loss	Checked Baggage		Other	Other		0.0	Deny
190771	2014061214596	2014-06-02 00:00:00	2014-05-04 00:00:00	OGG	Kahului-Maui, HI	Hawaiian Airlines	Passenger Property Loss	Checked Baggage		Cosmetics	Travel Accessories		0.0	Deny
191207	2014070915041	2014-06-16 00:00:00	2014-05-15 00:00:00	OGG	Kahului-Maui, HI	American Airlines	Passenger Property Loss	Checked Baggage		Supplies	Crafting & Hobby		50.0	Settle
193153	2014092517032	2014-09-10 00:00:00	2014-09-05 00:00:00	OGG	Kahului-Maui, HI	Alaska Airlines	Passenger Property Loss	Checked Baggage		Cosmetics	Travel Accessories		0.0	Deny
193825	2014101617715	2014-10-02 00:00:00	2014-09-23 00:00:00	OGG	Kahului-Maui, HI	Westjet Airlines Ltd	Passenger Property Loss	Checked Baggage		Other	Other			
194258	2014110318156	2014-10-29 00:00:00	2014-08-16 00:00:00	OGG	Kahului-Maui, HI	Hawaiian Airlines	Passenger Property Loss	Checkpoint		Other	Other		34.69	Approve in Full
195456	2014122919403	2014-12-29 00:00:00	2014-12-23 00:00:00	OGG	Kahului-Maui, HI	Westjet Airlines Ltd	Passenger Property Loss	Checked Baggage		Electronics	Cameras			
201737	2015011519893	2015-01-14 00:00:00	2014-11-26 00:00:00	OGG	Kahului-Maui, HI	USAir	Passenger Property Loss	Checked Baggage		Clothing & Accessories	Clothing		48.76	Approve in Full
201741	2015012720191	2015-01-28 00:00:00	2015-01-26 00:00:00	OGG	Kahului-Maui, HI	Delta Air Lines	Passenger Property Loss	Checked Baggage		Outdoors Supplies,Other	Hunting & Fishing Items*Other		0.0	Deny
201743	2015022520866	2015-02-20 00:00:00	2015-01-25 00:00:00	OGG	Kahului-Maui, HI	Alaska Airlines	Passenger Property Loss	Checked Baggage		Watches & Jewelry	Jewelry & Watches			
201746	2015031021089	2015-03-10 00:00:00	2015-02-04 00:00:00	OGG	Kahului-Maui, HI	Hawaiian Airlines	Passenger Property Loss	Checked Baggage		Watches & Jewelry	Jewelry & Watches		0.0	Deny
201747	2015031021115	2015-03-10 00:00:00	2014-11-15 00:00:00	OGG	Kahului-Maui, HI	Delta Air Lines	Passenger Property Loss	Checked Baggage		Cosmetics	Cosmetics & Grooming		74.95	Approve in Full
201750	2015032021423	2015-03-20 00:00:00	2015-01-28 00:00:00	OGG	Kahului-Maui, HI	Alaska Airlines	Passenger Property Loss	Checked Baggage		Cosmetics	Cosmetics & Grooming		0.0	Deny
201751	2015032621541	2015-03-25 00:00:00	2015-03-17 00:00:00	OGG	Kahului-Maui, HI	USAir	Passenger Property Loss	Checked Baggage		Electronics	Computer & Accessories			
201752	2015042222066	2015-04-16 00:00:00	2015-03-27 00:00:00	OGG	Kahului-Maui, HI	UAL	Passenger Property Loss	Checked Baggage		Electronics	Audio/Video		0.0	Deny
201757	2015061123029	2015-06-01 00:00:00	2015-05-28 00:00:00	OGG	Kahului-Maui, HI	USAir	Passenger Property Loss	Checked Baggage		Food & Drink	Food & Drink		0.0	Deny
201760	2015071523849	2015-07-15 00:00:00	2015-06-11 00:00:00	OGG	Kahului-Maui, HI	Hawaiian Airlines	Passenger Property Loss	Checked Baggage		Other	Other		0.0	Deny
201762	2015080424541	2015-07-28 00:00:00	2015-06-25 00:00:00	OGG	Kahului-Maui, HI	USAir	Passenger Property Loss	Checked Baggage		Cosmetics	Travel Accessories		0.0	Deny
201765	2015091725418	2015-09-01 00:00:00	2015-08-27 00:00:00	OGG	Kahului-Maui, HI	Hawaiian Airlines	Passenger Property Loss	Checked Baggage		Containers,Office Supplies,Other	Baggage/Cases/Purses*Office Equipment & Supplies*Other		0.0	Deny
201766	2015092825689	2015-09-15 00:00:00	2015-09-01 00:00:00	OGG	Kahului-Maui, HI	Hawaiian Airlines	Passenger Property Loss	Checked Baggage		Household Decor	Home Decor		0.0	Deny
201768	2015110426543	2015-10-16 00:00:00	2015-10-05 00:00:00	OGG	Kahului-Maui, HI	UAL	Passenger Property Loss	Checked Baggage		Cosmetics,Food & Drink	Cosmetics & Grooming*Food & Drink		114.55	Approve in Full
201769	2015110426549	2015-10-19 00:00:00	2015-05-07 00:00:00	OGG	Kahului-Maui, HI	American Airlines	Passenger Property Loss	Checkpoint		Scientific Intruments	Medical/Science			
201770	2015110626636	2015-10-19 00:00:00	2015-10-17 00:00:00	OGG	Kahului-Maui, HI	Hawaiian Airlines	Passenger Property Loss	Checked Baggage		Cosmetics	Travel Accessories		6.18	Approve in Full
201771	2015110626675	2015-10-23 00:00:00	2015-10-20 00:00:00	OGG	Kahului-Maui, HI	Delta Air Lines	Passenger Property Loss	Checked Baggage		Clothing & Accessories	Clothing			
201772	2015112027056	2015-11-02 00:00:00	2015-10-17 00:00:00	OGG	Kahului-Maui, HI	Hawaiian Airlines	Passenger Property Loss	Checked Baggage		Containers,Clothing & Accessories	Baggage/Cases/Purses*Personal Accessories		45.0	Settle
201773	2015121827684	2015-12-03 00:00:00	2015-11-10 00:00:00	OGG	Kahului-Maui, HI	American Airlines	Passenger Property Loss	Checked Baggage		Watches & Jewelry	Jewelry & Watches		0.0	Deny
201775	2015123128021	2015-12-18 00:00:00	2015-11-20 00:00:00	OGG	Kahului-Maui, HI	Westjet Airlines Ltd	Passenger Property Loss	Checked Baggage		Food & Drink,Other	Food & Drink*Other			
201776	2015122327828	2015-12-23 00:00:00	2015-11-14 00:00:00	OGG	Kahului-Maui, HI	UAL	Passenger Property Loss	Checked Baggage		Watches & Jewelry	Jewelry & Watches			
210257	2016050231014	2016-04-15 00:00:00	2016-03-31 00:00:00	OGG	Kahului-Maui, HI Kahului-Maui, HI	Alaska Airlines	Passenger Property Loss	Checkpoint		Electronics	Personal Electronics		128.8	Approve in Full
210258	2016051131220	2016-04-20 00:00:00	2016-04-09 23:00:00	OGG	Kahului-Maui, HI Kahului-Maui, HI	Delta Air Lines	Passenger Property Loss	Checked Baggage		Cosmetics	Cosmetics & Grooming		120.0	Approve in Full
210259	2016091533579	2016-07-25 00:00:00	2016-07-22 00:00:00	OGG	Kahului-Maui, HI Kahului-Maui, HI	Hawaiian Airlines	Passenger Property Loss	Checked Baggage		Cosmetics	Travel Accessories		20.0	Approve in Full
210260	2016022429082	2016-01-29 00:00:00	2016-01-01 00:00:00	OGG	Kahului-Maui, HI Kahului-Maui, HI	Alaska Airlines	Passenger Property Loss	Checked Baggage		Electronics,Containers,Clothing & Accessories	Audio/Video*Baggage/Cases/Purses*Personal Accessories		0.0	Deny
210261	2016011528348	2016-01-04 00:00:00	2016-01-02 10:00:00	OGG	Kahului-Maui, HI Kahului-Maui, HI	American Airlines	Passenger Property Loss	Checked Baggage		Electronics,Electronics,Electronics,Electronics,Electronics	Cameras*Cameras*Cameras*Cameras*Cameras		0.0	Deny
210262	2016041830594	2016-03-30 00:00:00	2016-01-16 00:00:00	OGG	Kahului-Maui, HI Kahului-Maui, HI	Hawaiian Airlines	Passenger Property Loss	Checked Baggage		Cosmetics,Cosmetics,Food & Drink	Grooming*Cosmetics & Grooming*Food & Drink		0.0	Deny
210263	2016031029576	2016-02-18 00:00:00	2016-02-12 11:30:00	OGG	Kahului-Maui, HI Kahului-Maui, HI	Hawaiian Airlines	Passenger Property Loss	Checkpoint		Household Items	Household Items		0.0	Deny
210265	2016051231270	2016-04-24 00:00:00	2016-02-24 00:00:00	OGG	Kahului-Maui, HI Kahului-Maui, HI	Delta Air Lines	Passenger Property Loss	Checked Baggage		Clothing & Accessories	Clothing		0.0	Deny
210267	2016042030675	2016-04-01 00:00:00	2016-03-07 23:00:00	OGG	Kahului-Maui, HI Kahului-Maui, HI	Delta Air Lines	Passenger Property Loss	Checked Baggage		Clothing & Accessories	Clothing		0.0	Deny
210271	2016052331620	2016-05-01 00:00:00	2016-04-25 14:15:00	OGG	Kahului-Maui, HI Kahului-Maui, HI	Hawaiian Airlines	Passenger Property Loss	Checked Baggage		Cosmetics	Cosmetics & Grooming		0.0	Deny
210275	2016100734567	2016-07-29 00:00:00	2016-07-23 00:00:00	OGG	Kahului-Maui, HI Kahului-Maui, HI	Hawaiian Airlines	Passenger Property Loss	Checkpoint		Clothing & Accessories	Clothing			In Review
210276	2016092834018	2016-08-15 00:00:00	2016-08-03 21:15:00	OGG	Kahului-Maui, HI Kahului-Maui, HI	American Airlines	Passenger Property Loss	Checkpoint		Clothing & Accessories	Clothing			In Review
210277	2016102635186	2016-10-26 00:00:00	2016-08-06 00:00:00	OGG	Kahului-Maui, HI Kahului-Maui, HI	Virgin America	Passenger Property Loss	Checked Baggage		Scientific Intruments	Medical/Science			In Review
210278	2016100734533	2016-08-17 00:00:00	2016-08-07 00:00:00	OGG	Kahului-Maui, HI Kahului-Maui, HI	Alaska Airlines	Passenger Property Loss	Checked Baggage		Clothing & Accessories	Clothing			In Review
210280	2016101934887	2016-09-21 00:00:00	2016-08-16 00:00:00	OGG	Kahului-Maui, HI Kahului-Maui, HI	Westjet Airlines Ltd	Passenger Property Loss	Checked Baggage		Cosmetics,Other	Cosmetics & Grooming*Other			In Review
210281	2016101734715	2016-09-08 00:00:00	2016-08-24 00:00:00	OGG	Kahului-Maui, HI Kahului-Maui, HI	American Airlines	Passenger Property Loss	Checked Baggage		Watches & Jewelry	Jewelry & Watches			In Review
210284	2016101934861	2016-09-21 00:00:00	2016-09-11 00:00:00	OGG	Kahului-Maui, HI Kahului-Maui, HI	Delta Air Lines	Passenger Property Loss	Checked Baggage		Supplies	Crafting & Hobby			In Review
210286	2017010936372	2016-11-03 00:00:00	2016-10-20 00:00:00	OGG	Kahului-Maui, HI Kahului-Maui, HI	Alaska Airlines	Passenger Property Loss	Checked Baggage		Cosmetics	Cosmetics & Grooming			In Review
210288	2017011736562	2016-11-21 00:00:00	2016-11-11 00:00:00	OGG	Kahului-Maui, HI Kahului-Maui, HI	Hawaiian Airlines	Passenger Property Loss	Checked Baggage		Cosmetics	Cosmetics & Grooming			In Review
210290	2017013037039	2016-12-08 00:00:00	2016-11-18 00:00:00	OGG	Kahului-Maui, HI Kahului-Maui, HI	Westjet Airlines Ltd	Passenger Property Loss	Checked Baggage		Watches & Jewelry	Jewelry & Watches			In Review
210291	2017012736984	2016-12-01 00:00:00	2016-11-18 16:30:00	OGG	Kahului-Maui, HI Kahului-Maui, HI	Alaska Airlines	Passenger Property Loss	Checked Baggage		Clothing & Accessories	Clothing			In Review
210292	2017020637330	2016-12-29 00:00:00	2016-11-19 00:00:00	OGG	Kahului-Maui, HI Kahului-Maui, HI	Alaska Airlines	Passenger Property Loss	Checked Baggage		Clothing & Accessories	Clothing			In Review
210294	2017020937407	2017-01-03 00:00:00	2016-12-26 00:00:00	OGG	Kahului-Maui, HI Kahului-Maui, HI	Alaska Airlines	Passenger Property Loss	Checkpoint		Other	Incidentals			In Review
210298	2016053131858	2016-05-16 00:00:00	2016-05-01 11:40:00	OGG	Kahului-Maui, HI Kahului-Maui, HI	Alaska Airlines	Passenger Property Loss	Checked Baggage		Cosmetics,Watches & Jewelry	Cosmetics & Grooming*Jewelry & Watches		1030.22	Settle
210299	2016060332011	2016-06-03 00:00:00	2016-05-08 20:45:00	OGG	Kahului-Maui, HI Kahului-Maui, HI	Air Canada	Passenger Property Loss	Checkpoint		Electronics	Computer & Accessories		651.35	Settle
210302	2016071432670	2016-06-20 00:00:00	2016-06-06 15:00:00	OGG	Kahului-Maui, HI Kahului-Maui, HI	American Airlines	Passenger Property Loss	Checked Baggage		Cosmetics	Cosmetics & Grooming		87.99	Settle
218466	2017090142718	2017-09-01 00:00:00	2017-07-12 00:00:00	OGG	Kahului-Maui, HI Kahului-Maui, HI	American Airlines	Passenger Property Loss	Checked Baggage		Other	Other			In Review
218470	2017102644779	2017-10-04 00:00:00	2017-09-29 00:00:00	OGG	Kahului-Maui, HI Kahului-Maui, HI	Delta Air Lines	Passenger Property Loss	Checked Baggage		Cosmetics	Cosmetics & Grooming			In Review
218472	2017060640201	2017-06-06 00:00:00	2017-02-26 00:00:00	OGG	Kahului-Maui, HI Kahului-Maui, HI	Island Air	Passenger Property Loss	Checked Baggage		Cosmetics	Cosmetics & Grooming			Closed: Canceled
218474	2017071841610	2017-06-09 00:00:00	2017-06-08 00:00:00	OGG	Kahului-Maui, HI Kahului-Maui, HI	Hawaiian Airlines	Passenger Property Loss	Checked Baggage		Cosmetics	Travel Accessories		4.33	Approve in Full
218475	2017062340975	2017-05-09 00:00:00	2017-04-05 20:00:00	OGG	Kahului-Maui, HI Kahului-Maui, HI	UAL	Passenger Property Loss	Checkpoint		Cosmetics	Cosmetics & Grooming			In Review
218477	2017060140132	2017-05-11 00:00:00	2017-03-13 00:00:00	OGG	Kahului-Maui, HI Kahului-Maui, HI	American Airlines	Passenger Property Loss	Checked Baggage		Watches & Jewelry	Jewelry & Watches			In Review
218482	2017101044146	2017-09-13 00:00:00	2017-07-12 00:00:00	OGG	Kahului-Maui, HI Kahului-Maui, HI	Delta Air Lines	Passenger Property Loss	Checked Baggage		Cosmetics	Cosmetics & Grooming			In Review
218494	2018010946670	2017-12-21 00:00:00	2017-11-26 00:00:00	OGG	Kahului-Maui, HI Kahului-Maui, HI	Alaska Airlines	Passenger Property Loss	Checked Baggage		Scientific Intruments	Medical/Science			In Review
218496	2017092143414	2017-08-24 00:00:00	2017-08-19 00:00:00	OGG	Kahului-Maui, HI Kahului-Maui, HI	Hawaiian Airlines	Passenger Property Loss	Checked Baggage		Cosmetics	Travel Accessories			In Review
218497	2017070741256	2017-05-25 00:00:00	2017-05-20 08:19:00	OGG	Kahului-Maui, HI Kahului-Maui, HI		Passenger Property Loss	Checked Baggage		Outdoors Supplies	Sporting Equipment & Supplies (footballs, parachutes, etc.)			In Review
218499	2017080742095	2017-06-26 00:00:00	2017-06-16 00:00:00	OGG	Kahului-Maui, HI Kahului-Maui, HI	UAL	Passenger Property Loss	Checked Baggage		Other	Other			In Review
218500	2017071241438	2017-06-28 00:00:00	2017-06-23 12:00:00	OGG	Kahului-Maui, HI Kahului-Maui, HI	Hawaiian Airlines	Passenger Property Loss	Checked Baggage		Cosmetics	Travel Accessories		27.86	Approve in Full
218503	2017050839281	2017-03-30 00:00:00	2017-03-28 14:00:00	OGG	Kahului-Maui, HI Kahului-Maui, HI	Delta Air Lines	Passenger Property Loss	Checked Baggage		Food & Drink	Food & Drink			In Review