id	claim_number	date_received	incident_date	airport_code	airport_name	airline	claim_type	claim_site	claim_amount	items_new	items_old	status	close_amount	disposition
17115	1002206M	2003-10-02 00:00:00	2003-09-20 00:00:00	PNS	Pensacola Regional		Passenger Property Loss	Checked Baggage	40.0	Other	Other	Denied	0.0	Deny
27491	0210224M	2004-02-10 00:00:00	2003-12-19 00:00:00	PNS	Pensacola Regional		Passenger Property Loss	Checkpoint	200.0	Other	Currency	Denied	0.0	Deny
29082	0226308M	2004-02-26 00:00:00	2004-02-13 00:00:00	PNS	Pensacola Regional	Delta Air Lines	Passenger Property Loss	Checked Baggage	71.34	Other	Other	Settled	35.67	Settle
36172	2004060855139	2004-05-27 00:00:00	2004-04-26 00:00:00	PNS	Pensacola Regional	AirTran Airlines	Passenger Property Loss	Checked Baggage	749.51	Other	Other	Denied	0.0	Deny
39377	2004071659619	2004-07-07 00:00:00	2004-06-10 00:00:00	PNS	Pensacola Regional	Delta Air Lines	Passenger Property Loss	Checkpoint	162.32	Other	Other	Denied	0.0	Deny
41616	2004091562936	2004-08-03 00:00:00	2004-07-17 00:00:00	PNS	Pensacola Regional		Passenger Property Loss	Checked Baggage	314.97	Electronics	Cameras - Digital	Settled	243.8	Settle
42450	2004092763972	2004-08-10 00:00:00	2004-04-07 00:00:00	PNS	Pensacola Regional	Delta Air Lines	Passenger Property Loss	Checkpoint	5410.0	Watches & Jewelry	Jewelry - Fine	Settled	535.0	Settle
45563	2004092363623	2004-09-23 00:00:00	2004-08-15 00:00:00	PNS	Pensacola Regional	Northwest Airlines	Passenger Property Loss	Checked Baggage	53.48	Clothing & Accessories	Clothing - Shoes, belts, accessories, etc.	Approved	53.48	Approve in Full
46951	2004112267594	2004-10-08 00:00:00	2004-10-02 00:00:00	PNS	Pensacola Regional	USAir	Passenger Property Loss	Checked Baggage	29.64	Tools & Machines	Locks	Approved	29.64	Approve in Full
48943	2004110466351	2004-11-03 00:00:00	2004-09-29 00:00:00	PNS	Pensacola Regional		Passenger Property Loss	Checkpoint	28.0	Other	Other	Denied	0.0	Deny
56102	2005031478094	2005-02-01 00:00:00	2005-01-30 00:00:00	PNS	Pensacola Regional	AirTran Airlines	Passenger Property Loss	Checkpoint	285.0	Watches & Jewelry	Jewelry - Fine	Canceled	0.0	
56649	2005031077480	2005-02-07 00:00:00	2004-10-11 00:00:00	PNS	Pensacola Regional		Passenger Property Loss	Checked Baggage	54.99	Clothing & Accessories	Clothing - Shoes, belts, accessories, etc.	Settled	27.49	Settle
56995	2005031177806	2005-02-10 00:00:00	2004-12-23 00:00:00	PNS	Pensacola Regional		Passenger Property Loss	Checked Baggage	187.6	Other	Other	Denied	0.0	Deny
58999	2005032479807	2005-03-09 00:00:00	2004-12-18 00:00:00	PNS	Pensacola Regional	AirTran Airlines	Passenger Property Loss	Checked Baggage	1507.96	Electronics	Computer - Laptop	Denied	0.0	Deny
65458	2005062086637	2005-06-03 00:00:00	2005-05-22 00:00:00	PNS	Pensacola Regional	Delta Air Lines	Passenger Property Loss	Checked Baggage	24.95	Musical Intruments	Musical Instruments - Other - Over $250	Denied	0.0	Deny
67163	2005070188066	2005-06-29 00:00:00	2005-05-14 00:00:00	PNS	Pensacola Regional	American Airlines	Passenger Property Loss	Checked Baggage	90.0	Cosmetics	Cosmetics - Perfume, toilet articles, medicines, soaps, etc.	Approved	90.0	Approve in Full
67632	2005071188532	2005-07-07 00:00:00	2005-06-27 00:00:00	PNS	Pensacola Regional		Passenger Property Loss	Checked Baggage	93.49	Other	Other	Denied	0.0	Deny
69167	2005080890177	2005-08-01 00:00:00	2005-07-19 00:00:00	PNS	Pensacola Regional	Delta Air Lines	Passenger Property Loss	Checked Baggage	191.81	Clothing & Accessories	Clothing - Shoes, belts, accessories, etc.	Canceled	0.0	
70059	2005082291062	2005-08-12 00:00:00	2005-01-26 00:00:00	PNS	Pensacola Regional	Delta Air Lines	Passenger Property Loss	Checkpoint	138.44	Electronics	Cell Phones	Settled	100.0	Settle
72655	2005100393714	2005-09-23 00:00:00	2005-08-17 00:00:00	PNS	Pensacola Regional	Delta Air Lines	Passenger Property Loss	Checked Baggage	200.0	Watches & Jewelry	Jewelry - Fine	Settled	100.0	Settle
76144	2005121397580	2005-11-28 00:00:00	2005-10-17 00:00:00	PNS	Pensacola Regional	American Airlines	Passenger Property Loss	Checkpoint	800.0	Other	Currency	Denied	0.0	Deny
78037	2006010999135	2006-01-04 00:00:00	2005-11-16 00:00:00	PNS	Pensacola Regional	Delta Air Lines	Passenger Property Loss	Checked Baggage	509.98	Watches & Jewelry	Jewelry - Fine	Denied	0.0	Deny
78365	2006011299491	2006-01-09 00:00:00	2006-01-02 00:00:00	PNS	Pensacola Regional	AirTran Airlines	Passenger Property Loss	Checked Baggage	126.97	Electronics	DVD/CD Players	Settled	64.0	Settle
79071	2006012500294	2006-01-18 00:00:00	2006-01-03 00:00:00	PNS	Pensacola Regional	Northwest Airlines	Passenger Property Loss	Checked Baggage	273.69	Electronics	Cameras - Digital	Denied	0.0	Deny
81788	2006031302949	2006-03-07 00:00:00	2005-12-19 00:00:00	PNS	Pensacola Regional	Delta Air Lines	Passenger Property Loss	Checkpoint	2435.55	Other	Other	Denied	0.0	Deny
81899	2006031403059	2006-03-08 00:00:00	2006-02-27 00:00:00	PNS	Pensacola Regional	Delta Air Lines	Passenger Property Loss	Checked Baggage	450.0	Electronics	Cameras - Digital	Settled	193.12	Settle
83061	2006040704232	2006-03-29 00:00:00	2006-03-25 00:00:00	PNS	Pensacola Regional	Delta Air Lines	Passenger Property Loss	Checkpoint	650.0	Watches & Jewelry	Jewelry - Fine	Approved	650.0	Approve in Full
84159	2006042505254	2006-04-21 00:00:00	2006-01-04 00:00:00	PNS	Pensacola Regional	Continental Airlines	Passenger Property Loss	Checked Baggage	95.0	Clothing & Accessories	Clothing - Shoes, belts, accessories, etc.	Denied	0.0	Deny
84246	2006050105563	2006-04-24 00:00:00	2006-04-18 00:00:00	PNS	Pensacola Regional	Delta (Song)	Passenger Property Loss	Checked Baggage	25.0	Other	Other	Denied	0.0	Deny
86130	2006060607394	2006-06-01 00:00:00	2006-05-01 00:00:00	PNS	Pensacola Regional	Northwest Airlines	Passenger Property Loss	Checked Baggage	189.89	Other	Other	Denied	0.0	Deny
89203	2006080310474	2006-07-31 00:00:00	2006-05-12 00:00:00	PNS	Pensacola Regional	Continental Airlines	Passenger Property Loss	Checked Baggage	403.38	Electronics,Electronics	Cameras - Digital*Cameras - Non-electronic (Camera supplies, lenses, projectors, etc.)	Insufficient, one of the following items required: sum certain, statement of fact, signature, location of incident, and date.		
90003	2006081711256	2006-08-16 00:00:00	2006-08-10 00:00:00	PNS	Pensacola Regional	UAL	Passenger Property Loss	Checked Baggage	769.0	Food & Drink,Electronics,Electronics,Other	Alcoholic beverages*Cameras - Non-electronic (Camera supplies, lenses, projectors, etc.)*MP3 Players-(iPods, etc)*Other	Denied	0.0	Deny
90513	2006083111820	2006-08-25 00:00:00	2006-07-28 00:00:00	PNS	Pensacola Regional	American Eagle	Passenger Property Loss	Checked Baggage	15.76	Containers	Bags - Fabric, plastic, etc. (not purses)	Approved	15.76	Approve in Full
90946	2006090812229	2006-09-01 00:00:00	2006-08-05 00:00:00	PNS	Pensacola Regional	Delta Air Lines	Passenger Property Loss	Checked Baggage	272.82	Containers,Cosmetics	Bags - Fabric, plastic, etc. (not purses)*Cosmetics - Perfume, toilet articles, medicines, soaps, etc.	Settled	136.41	Settle
92485	2006100613732	2006-10-02 00:00:00	2006-08-14 00:00:00	PNS	Pensacola Regional	Delta Air Lines	Passenger Property Loss	Checked Baggage	399.0	Electronics	Cameras - Digital	Settled	316.98	Settle
94616	2006112416120	2006-11-13 00:00:00	2006-10-07 00:00:00	PNS	Pensacola Regional	Delta Air Lines	Passenger Property Loss	Checked Baggage	75.0	Watches & Jewelry	Jewelry - Fine	Settled	37.5	Settle
94667	2006112115943	2006-11-15 00:00:00	2006-10-22 00:00:00	PNS	Pensacola Regional	Delta Air Lines	Passenger Property Loss	Checked Baggage	26.0	Containers	Handbags & Purses (leather or fabric)	Denied	0.0	Deny
95689	2006121316982	2006-12-05 00:00:00	2006-11-22 00:00:00	PNS	Pensacola Regional	Delta Air Lines	Passenger Property Loss	Checked Baggage	200.0	Electronics	Cameras - Digital	Denied	0.0	Deny
97342	2007010518413	2007-01-04 00:00:00	2006-12-29 00:00:00	PNS	Pensacola Regional		Passenger Property Loss	Checked Baggage	570.0	Watches & Jewelry	Jewelry - Fine	Denied	0.0	Deny
97632	2007011218748	2007-01-08 00:00:00	2006-11-30 00:00:00	PNS	Pensacola Regional	Air Tran Airlines(do not use)	Passenger Property Loss	Checked Baggage	6.41	Tools & Machines	Locks	Denied	0.0	Deny
98167	2007012419341	2007-01-16 00:00:00	2006-11-15 00:00:00	PNS	Pensacola Regional	Air Tran Airlines(do not use)	Passenger Property Loss	Checked Baggage	55.46	Other	Other	Denied	0.0	Deny
99431	2007020820449	2007-02-06 00:00:00	2007-01-01 00:00:00	PNS	Pensacola Regional		Passenger Property Loss	Checked Baggage	300.0	Clothing & Accessories,Other	Eyeglasses - (including contact lenses)*Other	Denied	0.0	Deny
100677	2007030521914	2007-03-02 00:00:00	2007-02-27 00:00:00	PNS	Pensacola Regional	Continental Airlines	Passenger Property Loss	Checked Baggage	292.21	Supplies	Medicines	Denied	0.0	Deny
100828	2007031222088	2007-03-06 00:00:00	2007-03-04 00:00:00	PNS	Pensacola Regional	Continental Airlines	Passenger Property Loss	Checked Baggage	8.65	Tools & Machines	Locks	Approved	8.65	Approve in Full
100840	2007030922038	2007-03-06 00:00:00	2007-02-05 00:00:00	PNS	Pensacola Regional	Delta Air Lines	Passenger Property Loss	Checked Baggage	12.39	Tools & Machines	Locks	Denied	0.0	Deny
102836	2007041724106	2007-04-13 00:00:00	2007-03-14 00:00:00	PNS	Pensacola Regional	Delta Air Lines	Passenger Property Loss	Checked Baggage	280.53	Electronics,Electronics	Cameras - Digital*Cameras - Non-electronic (Camera supplies, lenses, projectors, etc.)	Denied	0.0	Deny
102943	2007042724608	2007-04-16 00:00:00	2007-02-12 00:00:00	PNS	Pensacola Regional		Passenger Property Loss	Checkpoint	5534.9	Scientific Intruments,Scientific Intruments,Watches & Jewelry	Dental Equipment and Instruments*Medical Equipment & Insturments*Watches - Inexpensive $100 or less	Denied	0.0	Deny
104253	2007051825613	2007-05-14 00:00:00	2007-04-30 00:00:00	PNS	Pensacola Regional	USAir	Passenger Property Loss	Checked Baggage	175.23	Clothing & Accessories	Clothing - Shoes, belts, accessories, etc.	Denied	0.0	Deny
104951	2007060126099	2007-05-30 00:00:00	2007-04-12 00:00:00	PNS	Pensacola Regional	USAir	Passenger Property Loss	Checked Baggage	217.36	Electronics	MP3 Players-(iPods, etc)	Canceled	0.0	
105234	2007060726486	2007-06-04 00:00:00	2007-05-11 00:00:00	PNS	Pensacola Regional	Delta Air Lines	Passenger Property Loss	Checked Baggage	136.0	Clothing & Accessories	Eyeglasses - (including contact lenses)	Denied	0.0	Deny
105705	2007061426952	2007-06-12 00:00:00	2007-05-22 00:00:00	PNS	Pensacola Regional	Delta Air Lines	Passenger Property Loss	Checked Baggage	125.05	Electronics,Electronics	Cameras - Digital*Cell Phones	Denied	0.0	Deny
106864	2007071128170	2007-07-06 00:00:00	2007-06-23 00:00:00	PNS	Pensacola Regional	USAir	Passenger Property Loss	Checked Baggage	84.0	Clothing & Accessories	Clothing - Shoes, belts, accessories, etc.	Canceled	0.0	
108157	2007080229506	2007-07-30 00:00:00	2007-03-19 00:00:00	PNS	Pensacola Regional	American Airlines	Passenger Property Loss	Checkpoint	122.74	Cosmetics	Cosmetics - Perfume, toilet articles, medicines, soaps, etc.	Denied	0.0	Deny
108475	2007080729788	2007-08-03 00:00:00	2007-07-13 00:00:00	PNS	Pensacola Regional	Northwest Airlines	Passenger Property Loss	Checked Baggage	232.16	Outdoors Supplies	Sporting Equipment & Supplies (footballs, parachutes, etc.)	Denied	0.0	Deny
110976	2007092032337	2007-09-19 00:00:00	2007-08-16 00:00:00	PNS	Pensacola Regional	Continental Airlines	Passenger Property Loss	Checked Baggage	480.0	Electronics	Cameras - Digital	Denied	0.0	Deny
111371	2007100132782	2007-09-27 00:00:00	2007-09-01 00:00:00	PNS	Pensacola Regional	Delta Air Lines	Passenger Property Loss	Checked Baggage	141.5	Cosmetics	Cosmetics - Perfume, toilet articles, medicines, soaps, etc.	Denied	0.0	Deny
111442	2007100232849	2007-09-28 00:00:00	2007-09-07 00:00:00	PNS	Pensacola Regional	Delta Air Lines	Passenger Property Loss	Checkpoint	185.25	Clothing & Accessories	Eyeglasses - (including contact lenses)	Denied	0.0	Deny
111582	2007100332935	2007-10-02 00:00:00	2007-09-29 00:00:00	PNS	Pensacola Regional	Air Tran Airlines(do not use)	Passenger Property Loss	Checkpoint	177.84	Electronics	Cameras - Digital	Denied	0.0	Deny
111857	2007101033201	2007-10-09 00:00:00	2007-10-05 00:00:00	PNS	Pensacola Regional	AirTran Airlines	Passenger Property Loss	Checked Baggage	329.93	Containers,Clothing & Accessories	Bags - Fabric, plastic, etc. (not purses)*Clothing - Shoes, belts, accessories, etc.	Denied	0.0	Deny
113531	2007112035269	2007-11-13 00:00:00	2007-09-06 00:00:00	PNS	Pensacola Regional	Delta Air Lines	Passenger Property Loss	Checkpoint	1598.4	Watches & Jewelry	Jewelry - Fine	Approved	1598.4	Approve in Full
114296	2007112935651	2007-11-27 00:00:00	2007-11-15 00:00:00	PNS	Pensacola Regional	Delta Air Lines	Passenger Property Loss	Checked Baggage	555.0	Watches & Jewelry	Jewelry - Fine	Denied	0.0	Deny
114306	2007113035724	2007-11-27 00:00:00	2007-10-04 00:00:00	PNS	Pensacola Regional	USAir	Passenger Property Loss	Checked Baggage	144.16	Watches & Jewelry	Jewelry - Fine	Denied	0.0	Deny
115044	2007121736574	2007-12-11 00:00:00	2007-09-14 00:00:00	PNS	Pensacola Regional	American Airlines	Passenger Property Loss	Checked Baggage	75.98	Other	Other	Denied	0.0	Deny
115407	2007122636863	2007-12-19 00:00:00	2007-12-14 00:00:00	PNS	Pensacola Regional	USAir	Passenger Property Loss	Checked Baggage	151.32	Other	Other	Denied	0.0	Deny
115944	2008010437378	2008-01-02 00:00:00	2007-12-14 00:00:00	PNS	Pensacola Regional	Delta Air Lines	Passenger Property Loss	Checked Baggage	175.0	Cosmetics,Scientific Intruments	Cosmetics - Perfume, toilet articles, medicines, soaps, etc.*Dental Equipment and Instruments	Denied	0.0	Deny
116916	2008012438510	2008-01-16 00:00:00	2007-12-09 00:00:00	PNS	Pensacola Regional	AirTran Airlines	Passenger Property Loss	Checkpoint	40.0	Cosmetics	Cosmetics - Perfume, toilet articles, medicines, soaps, etc.	Denied	0.0	Deny
119723	2008032841595	2008-03-14 00:00:00	2007-12-27 00:00:00	PNS	Pensacola Regional	AirTran Airlines	Passenger Property Loss	Checked Baggage	1515.0	Containers,Watches & Jewelry	Handbags & Purses (leather or fabric)*Jewelry - Fine	Denied	0.0	Deny
119940	2008040141635	2008-03-19 00:00:00	2008-02-27 00:00:00	PNS	Pensacola Regional	American Airlines	Passenger Property Loss	Checked Baggage	50.0	Games & Toys	Toys (game systems, cartridges, radio controlled cars, etc.)	Denied	0.0	Deny
120063	2008040141638	2008-03-21 00:00:00	2008-03-16 00:00:00	PNS	Pensacola Regional	Continental Airlines	Passenger Property Loss	Checked Baggage	724.97	Electronics,Electronics,Other	Cameras - Digital*Cell Phones*Other	Denied	0.0	Deny
121616	2008041842933	2008-04-21 00:00:00	2007-03-15 00:00:00	PNS	Pensacola Regional	Delta Air Lines	Passenger Property Loss	Checkpoint	3000.0	Other	Other	Denied	0.0	Deny
125213	2008071546921	2008-07-08 00:00:00	2008-06-14 00:00:00	PNS	Pensacola Regional	Delta Air Lines	Passenger Property Loss	Checkpoint	745.0	Electronics,Other	Cameras - Digital*Other	Denied	0.0	Deny
125773	2008073047651	2008-07-21 00:00:00	2008-05-01 00:00:00	PNS	Pensacola Regional	AirTran Airlines	Passenger Property Loss	Checked Baggage	15.96	Office Supplies	Books - Reference books, cookbooks, etc.	Denied	0.0	Deny
126114	2008080147901	2008-07-28 00:00:00	2008-07-13 00:00:00	PNS	Pensacola Regional	Delta Air Lines	Passenger Property Loss	Checked Baggage	227.13	Electronics	GPS - Global Positioning System	Denied	0.0	Deny
128925	2008100850924	2008-09-30 00:00:00	2008-09-20 00:00:00	PNS	Pensacola Regional	Delta Air Lines	Passenger Property Loss	Checked Baggage	177.33	Watches & Jewelry	Watches - Expensive more than $100	Denied	0.0	Deny
129296	2008101651188	2008-10-09 00:00:00	2008-09-26 00:00:00	PNS	Pensacola Regional	AirTran Airlines	Passenger Property Loss	Checked Baggage	600.0	Other	Currency	Denied	0.0	Deny
130491	2008110451791	2008-11-12 00:00:00	2008-05-10 00:00:00	PNS	Pensacola Regional	American Airlines	Passenger Property Loss	Checkpoint	237.48	Clothing & Accessories	Eyeglasses - (including contact lenses)	Denied	0.0	Deny
130540	2008111852405	2008-11-12 00:00:00	2008-10-11 00:00:00	PNS	Pensacola Regional	American Airlines	Passenger Property Loss	Checked Baggage	215.03	Cosmetics	Cosmetics - Perfume, toilet articles, medicines, soaps, etc.	Settled	107.5	Settle
131080	2008120153012	2008-11-25 00:00:00	2008-11-09 00:00:00	PNS	Pensacola Regional	Delta Air Lines	Passenger Property Loss	Checked Baggage	963.65	Electronics,Electronics	Cameras - Digital*Cameras - Non-electronic (Camera supplies, lenses, projectors, etc.)	Denied	0.0	Deny
132030	2008123153911	2008-12-22 00:00:00	2008-11-02 00:00:00	PNS	Pensacola Regional	Delta Air Lines	Passenger Property Loss	Checked Baggage	815.76	Electronics,Other,Outdoors Supplies	Computer - Laptop*Other*Umbrellas	Denied	0.0	Deny
136502	2009050758468	2009-04-22 00:00:00	2009-04-14 00:00:00	PNS	Pensacola Regional	Continental Airlines	Passenger Property Loss	Checked Baggage	105.0	Other	Other	Denied	0.0	Deny
139829	2009072961918	2009-07-22 00:00:00	2009-07-10 00:00:00	PNS	Pensacola Regional	Delta Air Lines	Passenger Property Loss	Checkpoint	418.0	Watches & Jewelry	Jewelry - Fine	Denied	0.0	Deny
139834	2009051558674	2009-07-22 00:00:00	2009-04-12 00:00:00	PNS	Pensacola Regional	AirTran Airlines	Passenger Property Loss	Checkpoint	1400.0	Other	Other	Settled	700.0	Settle
140480	2009081162493	2009-08-10 00:00:00	2009-07-21 00:00:00	PNS	Pensacola Regional	Delta Air Lines	Passenger Property Loss	Checked Baggage	394.15	Cosmetics	Cosmetics - Perfume, toilet articles, medicines, soaps, etc.	Denied	0.0	Deny
141574	2009091663730	2009-09-11 00:00:00	2009-08-28 00:00:00	PNS	Pensacola Regional	Continental Airlines	Passenger Property Loss	Checked Baggage	29.95	Tools & Machines	Locks	Approved	29.95	Approve in Full
143265	2009110365074	2009-11-03 00:00:00	2009-10-10 00:00:00	PNS	Pensacola Regional	AirTran Airlines	Passenger Property Loss	Checked Baggage	10.81	Tools & Machines	Locks	Denied	0.0	Deny
144856	2009122966904	2009-12-22 00:00:00	2009-12-18 08:22:00	PNS	Pensacola Regional	Northwest Airlines	Passenger Property Loss	Checked Baggage	620.0	Other	Currency	Denied	0.0	Deny
146231	2010030969269	2010-03-01 00:00:00	2010-02-23 07:00:00	PNS	Pensacola Regional	UAL	Passenger Property Loss	Checked Baggage		Cosmetics	Travel Accessories		0.0	Deny
147255	2010040570417	2010-03-31 00:00:00	2010-03-13 08:20:00	PNS	Pensacola Regional	Delta Air Lines	Passenger Property Loss	Checked Baggage		Watches & Jewelry	Jewelry & Watches		0.0	Deny
148935	2010052472061	2010-05-24 00:00:00	2010-05-13 00:00:00	PNS	Pensacola Regional	American Airlines	Passenger Property Loss	Checked Baggage		Electronics,Electronics	Cameras*Computer & Accessories		0.0	Deny
150746	2010072574048	2010-07-19 00:00:00	2010-07-12 08:28:00	PNS	Pensacola Regional	USAir	Passenger Property Loss	Checked Baggage		Cosmetics,Electronics,Cosmetics	Cosmetics & Grooming*Personal Electronics*Travel Accessories		0.0	Deny
153196	2010100276619	2010-09-27 00:00:00	2010-08-22 00:00:00	PNS	Pensacola Regional	USAir	Passenger Property Loss	Checkpoint		Watches & Jewelry	Jewelry & Watches		0.0	Deny
153322	2010100776764	2010-09-29 00:00:00	2010-09-04 00:00:00	PNS	Pensacola Regional		Passenger Property Loss	Checked Baggage		Watches & Jewelry	Jewelry & Watches		0.0	Deny
154797	2010112678190	2010-11-16 00:00:00	2010-11-08 00:00:00	PNS	Pensacola Regional	UAL	Passenger Property Loss	Checkpoint		Other	Other		0.0	Deny
155492	2010121378744	2010-12-10 00:00:00	2010-11-03 00:00:00	PNS	Pensacola Regional	Delta Air Lines	Passenger Property Loss	Checked Baggage		Clothing & Accessories,Clothing & Accessories,Electronics	Clothing*Personal Accessories*Personal Electronics		0.0	Deny
158180	2011040181680	2011-03-09 00:00:00	2011-02-25 00:00:00	PNS	Pensacola Regional	Continental Airlines	Passenger Property Loss	Checkpoint		Cosmetics	Cosmetics & Grooming		0.0	Deny
158402	2011031681282	2011-03-16 00:00:00	2011-01-26 10:00:00	PNS	Pensacola Regional	AirTran Airlines	Passenger Property Loss	Checkpoint		Cosmetics	Cosmetics & Grooming		89.99	Settle
158587	2011040782001	2011-03-22 00:00:00	2011-03-01 00:00:00	PNS	Pensacola Regional	Delta Air Lines	Passenger Property Loss	Checked Baggage		Scientific Intruments	Medical/Science		0.0	Deny
159803	2011051083317	2011-05-02 00:00:00	2011-04-21 14:00:00	PNS	Pensacola Regional	Continental Airlines	Passenger Property Loss	Checked Baggage		Other	Other		0.0	Deny
163235	2011091286838	2011-08-19 00:00:00	2011-08-11 07:00:00	PNS	Pensacola Regional	Delta Air Lines	Passenger Property Loss	Checkpoint		Watches & Jewelry	Jewelry & Watches		0.0	Deny
164903	2011102888520	2011-10-17 00:00:00	2011-09-07 21:00:00	PNS	Pensacola Regional	Delta Air Lines	Passenger Property Loss	Checked Baggage		Electronics	Computer & Accessories		0.0	Deny
165588	2011113089224	2011-11-09 00:00:00	2011-10-17 00:00:00	PNS	Pensacola Regional	Delta Air Lines	Passenger Property Loss	Checked Baggage		Clothing & Accessories	Clothing		75.0	Approve in Full
166886	2012012590430	2011-12-28 00:00:00	2011-12-04 16:55:00	PNS	Pensacola Regional	American Airlines	Passenger Property Loss	Checked Baggage		Electronics	Audio/Video		0.0	Deny
166962	2012021390964	2011-12-30 00:00:00	2011-12-19 05:15:00	PNS	Pensacola Regional	Delta Air Lines	Passenger Property Loss	Checkpoint		Cosmetics	Cosmetics & Grooming		93.2	Approve in Full
168258	2012032191906	2012-02-09 00:00:00	2012-01-24 00:00:00	PNS	Pensacola Regional	USAir	Passenger Property Loss	Checked Baggage		Scientific Intruments	Medical/Science		0.0	Deny
168658	2012040292313	2012-02-22 00:00:00	2012-02-17 00:00:00	PNS	Pensacola Regional	American Airlines	Passenger Property Loss	Checked Baggage		Clothing & Accessories	Clothing		0.0	Deny
169926	2012030191417	2012-04-11 00:00:00	2011-11-15 00:00:00	PNS	Pensacola Regional	Delta Air Lines	Passenger Property Loss	Checked Baggage		Watches & Jewelry	Jewelry & Watches		0.0	Deny
170185	2012051493879	2012-04-19 00:00:00	2012-04-17 00:00:00	PNS	Pensacola Regional	USAir	Passenger Property Loss	Checked Baggage		Watches & Jewelry	Jewelry & Watches		74.95	Approve in Full
170501	2012050193447	2012-05-01 00:00:00	2012-03-30 11:30:00	PNS	Pensacola Regional	Delta Air Lines	Passenger Property Loss	Checkpoint		Clothing & Accessories	Personal Accessories		0.0	Deny
170919	2012060694558	2012-05-14 00:00:00	2012-03-10 08:00:00	PNS	Pensacola Regional	Delta Air Lines	Passenger Property Loss	Checked Baggage		Other,Cosmetics	Other*Travel Accessories		39.98	Approve in Full
172302	2012081695985	2012-07-05 00:00:00	2012-06-17 00:00:00	PNS	Pensacola Regional	Delta Air Lines	Passenger Property Loss	Checked Baggage		Scientific Intruments	Medical/Science		0.0	Deny
172673	2012082996409	2012-07-17 00:00:00	2012-07-11 00:00:00	PNS	Pensacola Regional	Delta Air Lines	Passenger Property Loss	Checked Baggage		Clothing & Accessories	Clothing		20.0	Approve in Full
173133	2012091696868	2012-08-03 00:00:00	2012-07-28 14:30:00	PNS	Pensacola Regional	Delta Air Lines	Passenger Property Loss	Checked Baggage		Watches & Jewelry	Jewelry & Watches		0.0	Deny
173964	2012101697646	2012-08-31 00:00:00	2012-05-21 00:00:00	PNS	Pensacola Regional	AirTran Airlines	Passenger Property Loss	Checked Baggage		Electronics	Personal Electronics		0.0	Deny
175523	2012030791584	2012-10-31 00:00:00	2012-01-06 14:30:00	PNS	Pensacola Regional		Passenger Property Loss	Checkpoint		Clothing & Accessories	Personal Accessories		644.0	Approve in Full
177356	2013020501024	2013-01-14 00:00:00	2012-12-31 00:00:00	PNS	Pensacola Regional	Delta Air Lines	Passenger Property Loss	Checked Baggage		Electronics	Audio/Video			
177920	2013021401422	2013-01-30 00:00:00	2012-11-05 00:00:00	PNS	Pensacola Regional	American Airlines	Passenger Property Loss	Checked Baggage		Containers	Baggage/Cases/Purses		0.0	Deny
180140	2013042903367	2013-04-25 00:00:00	2013-03-28 00:00:00	PNS	Pensacola Regional	USAir	Passenger Property Loss	Checked Baggage		Electronics,Electronics	Computer & Accessories*Personal Electronics		0.0	Deny
180348	2013050203455	2013-05-02 00:00:00	2013-03-31 00:00:00	PNS	Pensacola Regional	Delta Air Lines	Passenger Property Loss	Checked Baggage		Other	Other		30.0	Approve in Full
180848	2013061804453	2013-05-21 00:00:00	2013-05-08 00:00:00	PNS	Pensacola Regional	Delta Air Lines	Passenger Property Loss	Checked Baggage		Watches & Jewelry	Jewelry & Watches		0.0	Deny
183258	2013092007152	2013-08-13 00:00:00	2013-08-07 00:00:00	PNS	Pensacola Regional	Southwest Airlines	Passenger Property Loss	Checked Baggage		Outdoors Supplies	Hunting & Fishing Items		0.0	Deny
184464	2013102808069	2013-09-24 00:00:00	2013-09-05 06:10:00	PNS	Pensacola Regional	USAir	Passenger Property Loss	Checked Baggage		Cosmetics	Cosmetics & Grooming		18.01	Approve in Full
185165	2013102607962	2013-10-26 00:00:00	2013-06-08 00:00:00	PNS	Pensacola Regional	UAL	Passenger Property Loss	Checked Baggage		Clothing & Accessories	Clothing		24.0	Settle
185746	2013112209612	2013-11-18 00:00:00	2013-10-29 00:00:00	PNS	Pensacola Regional	Delta Air Lines	Passenger Property Loss	Checkpoint		Electronics	Cameras			
186423	2013122410250	2013-12-17 00:00:00	2013-12-15 13:15:00	PNS	Pensacola Regional	Delta Air Lines	Passenger Property Loss	Checked Baggage		Clothing & Accessories	Clothing			
187594	2014013111352	2014-01-29 00:00:00	2014-01-07 00:00:00	PNS	Pensacola Regional	UAL	Passenger Property Loss	Checked Baggage		Containers,Clothing & Accessories,Cosmetics	Baggage/Cases/Purses*Clothing*Cosmetics & Grooming		0.0	Deny
190728	2014061114551	2014-06-06 00:00:00	2014-03-26 00:00:00	PNS	Pensacola Regional	Delta Air Lines	Passenger Property Loss	Checkpoint		Electronics	Personal Electronics		0.0	Deny
193133	2014092517012	2014-09-03 00:00:00	2014-08-30 00:00:00	PNS	Pensacola Regional	Southwest Airlines	Passenger Property Loss	Checked Baggage		Clothing & Accessories	Personal Accessories			
193217	2014092617096	2014-09-15 00:00:00	2014-09-07 00:00:00	PNS	Pensacola Regional	UAL	Passenger Property Loss	Checked Baggage		Watches & Jewelry	Jewelry & Watches		80.0	Approve in Full
194698	2014112518608	2014-11-25 00:00:00	2014-10-27 00:00:00	PNS	Pensacola Regional	UAL	Passenger Property Loss	Checked Baggage		Containers	Baggage/Cases/Purses			
202737	2015031021107	2015-03-09 00:00:00	2015-01-16 00:00:00	PNS	Pensacola International Airport	American Eagle	Passenger Property Loss	Checkpoint		Watches & Jewelry,Watches & Jewelry,Watches & Jewelry	Jewelry & Watches*Jewelry & Watches*Jewelry & Watches			
202738	2015031621245	2015-03-12 00:00:00	2015-02-19 00:00:00	PNS	Pensacola International Airport	Southwest Airlines	Passenger Property Loss	Checked Baggage		Cosmetics	Cosmetics & Grooming		0.0	Deny
202748	2015092325542	2015-09-02 00:00:00	2015-08-11 00:00:00	PNS	Pensacola International Airport	Southwest Airlines	Passenger Property Loss	Checkpoint		Outdoors Supplies	Hunting & Fishing Items		0.0	Deny
202750	2015122227765	2015-12-22 00:00:00	2015-10-10 00:00:00	PNS	Pensacola International Airport	UAL	Passenger Property Loss	Checked Baggage		Other	Other		10.0	Approve in Full
211135	2016021728938	2016-01-21 00:00:00	2016-01-03 00:00:00	PNS	Pensacola International Airport	Southwest Airlines	Passenger Property Loss	Checked Baggage		Clothing & Accessories	Personal Accessories			Insufficient
211136	2016031729845	2016-03-17 00:00:00	2016-03-17 00:00:00	PNS	Pensacola International Airport	American Airlines	Passenger Property Loss	Checkpoint		Other	Currency			Insufficient
211139	2016092233774	2016-09-22 00:00:00	2016-07-23 00:00:00	PNS	Pensacola International Airport		Passenger Property Loss	Checked Baggage		Clothing & Accessories	Clothing		10.0	Approve in Full
211142	2016101934889	2016-09-12 00:00:00	2016-08-29 06:00:00	PNS	Pensacola International Airport	American Airlines	Passenger Property Loss	Checkpoint		Outdoors Supplies	Sporting Equipment & Supplies (footballs, parachutes, etc.)		0.0	Deny
219388	2017112845511	2017-11-15 00:00:00	2017-09-25 11:53:00	PNS	Pensacola International Airport Pensacola International Airport	Delta Air Lines	Passenger Property Loss	Checked Baggage		Outdoors Supplies	Hunting & Fishing Items			In Review
219389	2017051139414	2017-03-18 00:00:00	2017-02-16 00:00:00	PNS	Pensacola International Airport Pensacola International Airport	American Airlines	Passenger Property Loss	Checked Baggage		Containers	Baggage/Cases/Purses			In Review
219390	2017122646284	2017-11-21 00:00:00	2017-10-25 00:00:00	PNS	Pensacola International Airport Pensacola International Airport	Delta Air Lines	Passenger Property Loss	Checked Baggage		Watches & Jewelry	Jewelry & Watches			In Review
219393	2017080742098	2017-06-28 00:00:00	2017-06-13 00:00:00	PNS	Pensacola International Airport Pensacola International Airport	Southwest Airlines	Passenger Property Loss	Checked Baggage		Watches & Jewelry	Jewelry & Watches			In Review