id	claim_number	date_received	incident_date	airport_code	airport_name	airline	claim_type	claim_site	claim_amount	items_new	items_old	status	close_amount	disposition
2343	0207000L	2003-02-07 00:00:00	2003-01-18 00:00:00	RIC	Richmond International	UAL	Passenger Property Loss	Checked Baggage	48.9	Clothing & Accessories	Clothing - Shoes, belts, accessories, etc.	Approved	48.9	Approve in Full
2531	0212044L	2003-02-12 00:00:00	2003-01-09 00:00:00	RIC	Richmond International	USAir	Passenger Property Loss	Checked Baggage	53.0	Clothing & Accessories	Clothing - Shoes, belts, accessories, etc.	Approved	53.0	Approve in Full
3699	0314062L	2003-03-14 00:00:00	2003-03-09 00:00:00	RIC	Richmond International	Delta Air Lines	Passenger Property Loss	Checked Baggage	180.0	Clothing & Accessories	Clothing - Shoes, belts, accessories, etc.	Settled	126.0	Settle
3920	0319008L	2003-03-19 00:00:00	2003-02-25 00:00:00	RIC	Richmond International	USAir	Passenger Property Loss	Checked Baggage	165.0	Clothing & Accessories	Clothing - Shoes, belts, accessories, etc.	Approved	165.0	Approve in Full
4094	0325115L	2003-03-25 00:00:00	2003-02-07 00:00:00	RIC	Richmond International	UAL	Passenger Property Loss	Checked Baggage	20.0	Containers	Luggage (all types including footlockers)	Approved	20.0	Approve in Full
4709	0408036L	2003-04-08 00:00:00	2003-02-02 00:00:00	RIC	Richmond International	USAir	Passenger Property Loss	Checked Baggage	146.61	Clothing & Accessories	Clothing - Shoes, belts, accessories, etc.	Approved	22.0	Approve in Full
5425	0422020L	2003-04-22 00:00:00	2003-04-06 00:00:00	RIC	Richmond International		Passenger Property Loss	Checked Baggage	59.95	Watches & Jewelry	Jewelry - Fine	Approved	59.95	Approve in Full
6049	0505041L	2003-05-05 00:00:00	2003-04-13 00:00:00	RIC	Richmond International	Northwest Airlines	Passenger Property Loss	Checked Baggage	300.0	Electronics	Cameras - Digital	Settled	150.0	Settle
6101	0506095L	2003-05-06 00:00:00	2003-04-13 00:00:00	RIC	Richmond International		Passenger Property Loss	Checked Baggage	31.34	Other	Other	Approved	31.34	Approve in Full
6107	0506126L	2003-05-06 00:00:00	2003-02-12 00:00:00	RIC	Richmond International	USAir	Passenger Property Loss	Checked Baggage	175.0	Cosmetics	Cosmetics - Perfume, toilet articles, medicines, soaps, etc.	Approved	175.0	Approve in Full
6195	0506104L	2003-05-06 00:00:00	2003-02-17 00:00:00	RIC	Richmond International	USAir	Passenger Property Loss	Checked Baggage	1074.6	Watches & Jewelry	Jewelry - Fine	Settled	620.0	Settle
6606	0516036L	2003-05-16 00:00:00	2003-05-06 00:00:00	RIC	Richmond International	Delta Air Lines	Passenger Property Loss	Checked Baggage	63.64	Other	Other	Approved	63.64	Approve in Full
7086	0528006L	2003-05-28 00:00:00	2003-05-04 00:00:00	RIC	Richmond International	Continental Airlines	Passenger Property Loss	Checked Baggage	890.0	Watches & Jewelry	Jewelry - Fine	Denied	0.0	Deny
7944	0609071L	2003-06-09 00:00:00	2003-05-31 00:00:00	RIC	Richmond International	USAir	Passenger Property Loss	Checked Baggage	50.0	Clothing & Accessories	Clothing - Shoes, belts, accessories, etc.	Approved	50.0	Approve in Full
8495	0616018L	2003-06-16 00:00:00	2003-05-27 00:00:00	RIC	Richmond International	Delta Air Lines	Passenger Property Loss	Checked Baggage	235.0	Tools & Machines	Locks	Approved	175.0	Approve in Full
8824	0618029L	2003-06-18 00:00:00	2003-06-08 00:00:00	RIC	Richmond International	USAir	Passenger Property Loss	Checked Baggage	100.0	Other	Other	Approved	100.0	Approve in Full
9143	0624149M	2003-06-24 00:00:00	2003-06-07 00:00:00	RIC	Richmond International	American Airlines	Passenger Property Loss	Checked Baggage	26.13	Other	Other	Approved	26.13	Approve in Full
9531	0626032M	2003-06-26 00:00:00	2003-03-09 00:00:00	RIC	Richmond International	Delta Air Lines	Passenger Property Loss	Checked Baggage	5500.0	Watches & Jewelry	Jewelry - Fine	Denied		Deny
9564	0627047M	2003-06-27 00:00:00	2003-06-20 00:00:00	RIC	Richmond International	USAir	Passenger Property Loss	Checked Baggage	239.56	Clothing & Accessories	Clothing - Shoes, belts, accessories, etc.	Approved	239.56	Approve in Full
9572	0627013M	2003-06-27 00:00:00	2003-05-22 00:00:00	RIC	Richmond International	USAir	Passenger Property Loss	Checked Baggage	889.0	Watches & Jewelry	Jewelry - Fine	Denied	0.0	Deny
9632	0630006M	2003-06-30 00:00:00	2003-04-28 00:00:00	RIC	Richmond International	American Airlines	Passenger Property Loss	Checked Baggage	2248.0	Electronics	Cameras - Digital	Denied	0.0	Deny
11040	0716001M	2003-07-16 00:00:00	2003-05-12 00:00:00	RIC	Richmond International		Passenger Property Loss	Checkpoint	75.0	Other	Other	Denied	0.0	Deny
11529	0723053M	2003-07-23 00:00:00	2003-07-21 00:00:00	RIC	Richmond International	Delta Air Lines	Passenger Property Loss	Checked Baggage	67.0	Clothing & Accessories	Clothing - Shoes, belts, accessories, etc.	Approved	67.0	Approve in Full
11766	0728011M	2003-07-28 00:00:00	2003-06-03 00:00:00	RIC	Richmond International	USAir	Passenger Property Loss	Checked Baggage	219.29	Containers	Luggage (all types including footlockers)	Denied	0.0	Deny
11925	0729076M	2003-07-29 00:00:00	2003-05-03 00:00:00	RIC	Richmond International	American Airlines	Passenger Property Loss	Checked Baggage	4800.0	Watches & Jewelry	Jewelry - Fine	Denied	0.0	Deny
12135	0731003M	2003-07-31 00:00:00	2003-07-16 00:00:00	RIC	Richmond International	USAir	Passenger Property Loss	Checkpoint	50.0	Other	Other	Approved	50.0	Approve in Full
12172	0731115M	2003-07-31 00:00:00	2003-07-20 00:00:00	RIC	Richmond International	Delta Air Lines	Passenger Property Loss	Checked Baggage	22.0	Watches & Jewelry	Jewelry - Fine	Approved	22.0	Approve in Full
12470	0804063M	2003-08-04 00:00:00	2003-07-27 00:00:00	RIC	Richmond International	Delta Air Lines	Passenger Property Loss	Checked Baggage	210.0	Clothing & Accessories	Eyeglasses - (including contact lenses)	Settled	110.0	Settle
12729	0807008M	2003-08-07 00:00:00	2003-07-24 00:00:00	RIC	Richmond International		Passenger Property Loss	Checkpoint	35.0	Other	Other	Approved	35.0	Approve in Full
13082	0813143M	2003-08-13 00:00:00	2003-06-27 00:00:00	RIC	Richmond International	Delta Air Lines	Passenger Property Loss	Checked Baggage	74.84	Clothing & Accessories	Clothing - Shoes, belts, accessories, etc.	Approved	74.84	Approve in Full
13680	0819027M	2003-08-19 00:00:00	2003-07-31 00:00:00	RIC	Richmond International		Passenger Property Loss	Checked Baggage	80.0	Other	Other	Approved	80.0	Approve in Full
13749	0819084M	2003-08-19 00:00:00	2003-07-17 00:00:00	RIC	Richmond International	American Airlines	Passenger Property Loss	Checked Baggage	1025.0	Tools & Machines	Locks	Denied	0.0	Deny
14815	0902026M	2003-09-02 00:00:00	2003-08-13 00:00:00	RIC	Richmond International	Delta Air Lines	Passenger Property Loss	Checked Baggage	200.0	Clothing & Accessories	Clothing - Shoes, belts, accessories, etc.	Settled	100.0	Settle
15189	0905188M	2003-09-05 00:00:00	2003-06-25 00:00:00	RIC	Richmond International		Passenger Property Loss	Checked Baggage	645.0	Electronics	DVD/CD Players	Denied	0.0	Deny
16935	1001007M	2003-10-01 00:00:00	2003-04-14 00:00:00	RIC	Richmond International		Passenger Property Loss	Checked Baggage	3401.0	Watches & Jewelry	Jewelry - Fine	Denied	0.0	Deny
16961	2005111095956	2003-10-01 00:00:00	2003-04-14 00:00:00	RIC	Richmond International		Passenger Property Loss	Checked Baggage	2310.0	Watches & Jewelry	Jewelry - Fine	Denied	0.0	Deny
17354	1006167M	2003-10-06 00:00:00	2003-09-20 00:00:00	RIC	Richmond International	Northwest Airlines	Passenger Property Loss	Checked Baggage	20.0	Other	Other	Canceled	0.0	
17768	1009029M	2003-10-09 00:00:00	2003-09-08 00:00:00	RIC	Richmond International		Passenger Property Loss	Checked Baggage		Watches & Jewelry	Jewelry - Fine	Insufficient, one of the following items required: sum certain, statement of fact, signature, location of incident, and date.		
18978	1022392M	2003-10-22 00:00:00	2003-09-02 00:00:00	RIC	Richmond International	American Airlines	Passenger Property Loss	Checked Baggage	63.0	Other	Other	Settled	31.5	Settle
19778	1107005M	2003-11-07 00:00:00	2003-10-15 00:00:00	RIC	Richmond International		Passenger Property Loss	Checked Baggage	40.0	Other	Other	Canceled		
20744	1119103M	2003-11-19 00:00:00	2003-11-08 00:00:00	RIC	Richmond International	American Airlines	Passenger Property Loss	Checked Baggage		Watches & Jewelry	Jewelry - Fine	Canceled	0.0	
21786	1205685M	2003-12-05 00:00:00	2003-10-10 00:00:00	RIC	Richmond International	Delta Air Lines	Passenger Property Loss	Checked Baggage	20.0	Tools & Machines	Locks	Denied	0.0	Deny
22509	1208531M	2003-12-08 00:00:00	2003-11-14 00:00:00	RIC	Richmond International	American Airlines	Passenger Property Loss	Checked Baggage	69.99	Other	Other	Settled	35.0	Settle
22512	1208535M	2003-12-08 00:00:00	2003-09-11 00:00:00	RIC	Richmond International	Delta Air Lines	Passenger Property Loss	Checked Baggage	522.48	Electronics	Cameras - Digital	Settled	494.97	Settle
24039	0105511M	2004-01-05 00:00:00	2003-12-04 00:00:00	RIC	Richmond International	USAir	Passenger Property Loss	Checked Baggage	29.95	Other	Other	Settled	14.98	Settle
27562	0210078M	2004-02-10 00:00:00	2004-01-30 00:00:00	RIC	Richmond International	USAir	Passenger Property Loss	Checked Baggage	150.0	Clothing & Accessories	Eyeglasses - (including contact lenses)	Settled	75.0	Settle
27671	0212106M	2004-02-12 00:00:00	2003-06-18 00:00:00	RIC	Richmond International	UAL	Passenger Property Loss	Checked Baggage	75.0	Clothing & Accessories	Clothing - Shoes, belts, accessories, etc.	Approved	75.0	Approve in Full
28719	0226114M	2004-02-26 00:00:00	2004-02-09 00:00:00	RIC	Richmond International	UAL	Passenger Property Loss	Checked Baggage	73.14	Clothing & Accessories	Clothing - Shoes, belts, accessories, etc.	Approved	73.14	Approve in Full
29637	2004050350374	2004-03-05 00:00:00	2004-01-24 00:00:00	RIC	Richmond International		Passenger Property Loss	Checked Baggage	150.0	Watches & Jewelry	Jewelry - Fine	Settled	75.0	Settle
29640	2004050450470	2004-03-05 00:00:00	2003-01-02 00:00:00	RIC	Richmond International	UAL	Passenger Property Loss	Checked Baggage	153.97	Clothing & Accessories	Clothing - Shoes, belts, accessories, etc.	Settled	76.99	Settle
29733	2004051050845	2004-03-10 00:00:00	2004-02-10 00:00:00	RIC	Richmond International	USAir	Passenger Property Loss	Checked Baggage	284.07	Electronics	Cameras - Digital	Approved	284.07	Approve in Full
29764	2004051852755	2004-03-10 00:00:00	2003-12-28 00:00:00	RIC	Richmond International		Passenger Property Loss	Checked Baggage	89.0	Clothing & Accessories	Clothing - Shoes, belts, accessories, etc.	Approved	89.0	Approve in Full
29879	2004050650669	2004-03-10 00:00:00	2004-02-16 00:00:00	RIC	Richmond International	American Airlines	Passenger Property Loss	Checked Baggage	1194.7	Clothing & Accessories	Clothing - Shoes, belts, accessories, etc.	Settled	1128.15	Settle
31769	2004051452224	2004-04-01 00:00:00	2004-03-05 00:00:00	RIC	Richmond International	USAir	Passenger Property Loss	Checked Baggage	49.99	Musical Intruments	Musical Instruments - Other - Over $250	Approved	49.99	Approve in Full
32957	2004060354513	2004-04-21 00:00:00	2004-03-07 00:00:00	RIC	Richmond International	American Airlines	Passenger Property Loss	Checked Baggage	280.59	Electronics	Cameras - Digital	Approved	280.59	Approve in Full
33515	2004061555855	2004-04-23 00:00:00	2004-01-27 00:00:00	RIC	Richmond International		Passenger Property Loss	Checked Baggage	627.0	Electronics	Cameras - Digital	Approved	627.0	Approve in Full
33743	2005032279314	2004-05-01 00:00:00	2004-03-13 00:00:00	RIC	Richmond International	American Airlines	Passenger Property Loss	Checked Baggage	1550.0	Electronics	Computer - Laptop	Denied	0.0	Deny
34642	2004060955230	2004-05-05 00:00:00	2004-03-02 00:00:00	RIC	Richmond International	UAL	Passenger Property Loss	Checked Baggage	300.0	Other	Other	Denied	0.0	Deny
35601	2004072159862	2004-05-19 00:00:00		RIC	Richmond International		Passenger Property Loss	Checked Baggage		Other	Other	Canceled	0.0	
36787	2004062357198	2004-06-03 00:00:00	2004-05-23 00:00:00	RIC	Richmond International		Passenger Property Loss	Checked Baggage	349.99	Watches & Jewelry	Jewelry - Fine	Approved	349.99	Approve in Full
37718	2004063057927	2004-06-10 00:00:00	2004-04-21 00:00:00	RIC	Richmond International	Delta Air Lines	Passenger Property Loss	Checked Baggage	110.0	Other	Currency	Settled	50.0	Settle
38906	2004072359969	2004-06-29 00:00:00	2004-06-06 00:00:00	RIC	Richmond International	American Airlines	Passenger Property Loss	Checked Baggage	100.0	Clothing & Accessories	Clothing - Shoes, belts, accessories, etc.	Approved	100.0	Approve in Full
40180	2004080560628	2004-07-13 00:00:00	2004-06-03 00:00:00	RIC	Richmond International	American Airlines	Passenger Property Loss	Checked Baggage	534.87	Electronics	Cameras - Digital	Settled	353.3	Settle
40237	2004080960905	2004-07-15 00:00:00	2004-06-27 00:00:00	RIC	Richmond International		Passenger Property Loss	Checked Baggage	134.0	Clothing & Accessories	Clothing - Shoes, belts, accessories, etc.	Approved	134.0	Approve in Full
40296	2004090161883	2004-07-15 00:00:00	2003-03-09 00:00:00	RIC	Richmond International	USAir	Passenger Property Loss	Checked Baggage	3900.0	Electronics	Computer - Laptop	Denied	0.0	Deny
40302	2004080960910	2004-07-15 00:00:00	2004-06-29 00:00:00	RIC	Richmond International		Passenger Property Loss	Checkpoint		Other	Other	Insufficient, one of the following items required: sum certain, statement of fact, signature, location of incident, and date.		
40366	2004081161235	2004-07-16 00:00:00	2004-03-09 00:00:00	RIC	Richmond International		Passenger Property Loss	Checked Baggage	3900.0	Electronics	Computer - Laptop	Canceled	0.0	
40718	2004082661346	2004-07-21 00:00:00	2004-07-10 00:00:00	RIC	Richmond International	UAL	Passenger Property Loss	Checked Baggage	4.0	Other	Other	Approved	4.0	Approve in Full
41698	2004090762187	2004-08-05 00:00:00	2004-07-10 00:00:00	RIC	Richmond International	UAL	Passenger Theft	Checked Baggage	50.0	Other	Other	Approved	50.0	Approve in Full
42520	2004092163335	2004-08-12 00:00:00	2004-07-16 00:00:00	RIC	Richmond International	USAir	Passenger Property Loss	Checked Baggage	52.96	Other	Other	Approved	52.96	Approve in Full
42521	2004092163338	2004-08-12 00:00:00	2004-07-24 00:00:00	RIC	Richmond International	Delta Air Lines	Passenger Property Loss	Checked Baggage	432.53	Electronics	Cameras - Digital	Approved	432.53	Approve in Full
42633	2004092263348	2004-08-13 00:00:00	2004-07-20 00:00:00	RIC	Richmond International		Passenger Property Loss	Checked Baggage	350.0	Electronics	Cameras - Digital	Settled	268.45	Settle
43673	2004101565079	2004-08-31 00:00:00	2004-08-08 00:00:00	RIC	Richmond International	USAir	Passenger Property Loss	Checked Baggage	125.0	Other	Other	Approved	125.0	Approve in Full
44090	2004101965256	2004-09-09 00:00:00	2004-08-27 00:00:00	RIC	Richmond International	Delta Air Lines	Passenger Property Loss	Checked Baggage	100.0	Other	Other	Approved	100.0	Approve in Full
44985	2004092363745	2004-09-16 00:00:00	2004-08-18 00:00:00	RIC	Richmond International		Passenger Property Loss	Checked Baggage	69.5	Clothing & Accessories	Clothing - Shoes, belts, accessories, etc.	Approved	69.5	Approve in Full
45452	2004103065953	2004-09-20 00:00:00	2004-07-20 00:00:00	RIC	Richmond International		Passenger Property Loss	Checked Baggage	700.0	Watches & Jewelry	Jewelry - Fine	Denied	0.0	Deny
45833	2004103065919	2004-09-23 00:00:00	2004-08-16 00:00:00	RIC	Richmond International	Delta Air Lines	Passenger Property Loss	Checked Baggage	184.0	Electronics	Cell Phones	Settled	29.98	Settle
45959	2004111366905	2004-09-28 00:00:00	2004-03-05 00:00:00	RIC	Richmond International	American Airlines	Passenger Property Loss	Checked Baggage	145.0	Watches & Jewelry	Jewelry - Fine	Approved	145.0	Approve in Full
46189	2004111667111	2004-09-29 00:00:00	2004-07-24 00:00:00	RIC	Richmond International	USAir	Passenger Property Loss	Checked Baggage	40.0	Other	Currency	Approved	40.0	Approve in Full
46443	2004111767258	2004-10-01 00:00:00	2004-07-23 00:00:00	RIC	Richmond International	USAir	Passenger Property Loss	Checked Baggage	217.9	Electronics	Cameras - Digital	Settled	77.0	Settle
46463	2004111767221	2004-10-04 00:00:00	2004-08-18 00:00:00	RIC	Richmond International	Delta Air Lines	Passenger Property Loss	Checked Baggage	48.0	Clothing & Accessories	Clothing - Shoes, belts, accessories, etc.	Approved	48.0	Approve in Full
46662	2004101965120	2004-10-05 00:00:00	2004-03-15 00:00:00	RIC	Richmond International	USAir	Passenger Property Loss	Checked Baggage	1000.0	Watches & Jewelry	Jewelry - Fine	Denied	0.0	Deny
47693	2004120368367	2004-10-18 00:00:00	2004-09-26 00:00:00	RIC	Richmond International	Delta Air Lines	Passenger Property Loss	Checked Baggage	349.99	Electronics	Cameras - Digital	Settled	342.78	Settle
48393	2004122169887	2004-10-27 00:00:00	2004-10-07 00:00:00	RIC	Richmond International	USAir	Passenger Property Loss	Checked Baggage	176.0	Electronics	Cameras - Digital	Approved	176.0	Approve in Full
48437	2004122169818	2004-10-27 00:00:00	2004-10-11 00:00:00	RIC	Richmond International		Passenger Property Loss	Checked Baggage	40.0	Clothing & Accessories	Clothing - Shoes, belts, accessories, etc.	Canceled		
48561	2004122069464	2004-10-27 00:00:00	2004-10-06 00:00:00	RIC	Richmond International		Passenger Property Loss	Checked Baggage	335.0	Clothing & Accessories	Eyeglasses - (including contact lenses)	Settled	167.5	Settle
48846	2004121769196	2004-11-02 00:00:00	2004-10-23 00:00:00	RIC	Richmond International	UAL	Passenger Property Loss	Checked Baggage	89.95	Other	Other	Denied	0.0	Deny
48919	2004121769238	2004-11-03 00:00:00	2004-09-11 00:00:00	RIC	Richmond International		Passenger Property Loss	Checked Baggage	198.35	Clothing & Accessories	Clothing - Shoes, belts, accessories, etc.	Approved	198.35	Approve in Full
49011	2004122169763	2004-11-04 00:00:00	2004-03-23 00:00:00	RIC	Richmond International	USAir	Passenger Property Loss	Checked Baggage	19.0	Cosmetics	Cosmetics - Perfume, toilet articles, medicines, soaps, etc.	Approved	19.0	Approve in Full
49063	2004122370781	2004-11-04 00:00:00	2004-10-21 00:00:00	RIC	Richmond International	USAir	Passenger Property Loss	Checked Baggage	50.0	Other	Currency	Approved	50.0	Approve in Full
49342	2004122069625	2004-11-05 00:00:00	2004-09-08 00:00:00	RIC	Richmond International		Passenger Property Loss	Checkpoint	500.0	Other	Other	Denied		Deny
49898	2004122770864	2004-11-15 00:00:00	2004-09-22 00:00:00	RIC	Richmond International	UAL	Passenger Property Loss		21.54	Other	Other	Approved	21.54	Approve in Full
50449	2004122770873	2004-11-22 00:00:00	2004-08-11 00:00:00	RIC	Richmond International	American Airlines	Passenger Property Loss	Checked Baggage	280.85	Electronics	Cameras - Digital	Denied		Deny
50492	2004122770953	2004-11-23 00:00:00	2004-11-03 00:00:00	RIC	Richmond International		Passenger Property Loss	Checked Baggage	46.0	Other	Other	Approved	46.0	Approve in Full
50646	2004122771006	2004-11-23 00:00:00	2004-11-15 00:00:00	RIC	Richmond International	Continental Airlines	Passenger Property Loss	Checked Baggage	93.73	Other	Other	Settled	46.87	Settle
50815	2004122771075	2004-11-29 00:00:00	2004-07-28 00:00:00	RIC	Richmond International		Passenger Property Loss	Checked Baggage	9.62	Other	Other	Approved	9.62	Approve in Full
50826	2004122871209	2004-11-29 00:00:00	2004-11-13 00:00:00	RIC	Richmond International		Passenger Property Loss	Checked Baggage	65.0	Cosmetics	Cosmetics - Perfume, toilet articles, medicines, soaps, etc.	Approved	65.0	Approve in Full
51046	2004122871438	2004-12-01 00:00:00	2004-11-20 00:00:00	RIC	Richmond International	UAL	Passenger Property Loss	Checked Baggage	125.0	Other	Other	Settled	90.0	Settle
51812	2005010472509	2004-12-13 00:00:00	2004-10-08 00:00:00	RIC	Richmond International		Passenger Property Loss	Checked Baggage	22.49	Other	Other	Approved	22.49	Approve in Full
51908	2005010472556	2004-12-13 00:00:00	2004-11-29 00:00:00	RIC	Richmond International	Air Jamaica	Passenger Property Loss	Checked Baggage	470.23	Electronics	Cameras - Digital	Settled	359.99	Settle
52913	2005011173504	2004-12-27 00:00:00	2004-12-16 00:00:00	RIC	Richmond International		Passenger Property Loss	Checked Baggage	4000.0	Other	Other	Canceled	0.0	
53834	2005012774536	2005-01-07 00:00:00	2004-12-28 00:00:00	RIC	Richmond International		Passenger Property Loss	Checked Baggage	1105.0	Clothing & Accessories	Clothing - Shoes, belts, accessories, etc.	Denied	0.0	Deny
54585	2005013175047	2005-01-14 00:00:00	2004-12-25 00:00:00	RIC	Richmond International		Passenger Property Loss	Checked Baggage	190.45	Other	Other	Denied	0.0	Deny
54824	2005020275334	2005-01-19 00:00:00	2004-12-13 00:00:00	RIC	Richmond International	UAL	Passenger Property Loss	Checked Baggage	40.0	Clothing & Accessories	Clothing - Shoes, belts, accessories, etc.	Approved	40.0	Approve in Full
54875	2005020975759	2005-01-19 00:00:00	2004-01-02 00:00:00	RIC	Richmond International		Passenger Property Loss	Checked Baggage	117.69	Other	Other	Approved	117.69	Approve in Full
55530	2005022276557	2005-01-26 00:00:00	2004-11-18 00:00:00	RIC	Richmond International	Delta Air Lines	Passenger Property Loss	Checked Baggage	145.0	Watches & Jewelry	Jewelry - Fine	Approved	145.0	Approve in Full
56626	2005031077489	2005-02-07 00:00:00	2005-01-29 00:00:00	RIC	Richmond International	Delta Air Lines	Passenger Property Loss	Checked Baggage	541.8	Clothing & Accessories	Clothing - Shoes, belts, accessories, etc.	Denied	541.8	Deny
56964	2005031277888	2005-02-10 00:00:00	2005-01-21 00:00:00	RIC	Richmond International		Passenger Property Loss	Checked Baggage	193.39	Cosmetics	Cosmetics - Perfume, toilet articles, medicines, soaps, etc.	Approved	193.39	Approve in Full
57294	2005031578211	2005-02-16 00:00:00	2005-02-04 00:00:00	RIC	Richmond International	USAir	Passenger Property Loss	Checked Baggage	21.65	Tools & Machines	Locks	Approved	21.65	Approve in Full
57976	2005032178951	2005-02-24 00:00:00	2005-02-03 00:00:00	RIC	Richmond International		Passenger Property Loss	Checked Baggage	265.0	Other	Currency	Settled	132.5	Settle
58194	2005031878751	2005-03-02 00:00:00	2005-02-21 00:00:00	RIC	Richmond International	Delta Air Lines	Passenger Property Loss	Checked Baggage	49.0	Clothing & Accessories	Clothing - Shoes, belts, accessories, etc.	Settled	17.0	Settle
58706	2005032379463	2005-03-07 00:00:00	2004-12-30 00:00:00	RIC	Richmond International	USAir	Passenger Property Loss	Checked Baggage	178.0	Clothing & Accessories	Eyeglasses - (including contact lenses)	Settled	124.6	Settle
59423	2005032980219	2005-03-16 00:00:00	2004-12-27 00:00:00	RIC	Richmond International	Continental Express Inc	Passenger Property Loss	Checked Baggage	43.0	Other	Other	Denied	0.0	Deny
60131	2005040181035	2005-03-25 00:00:00	2004-11-25 00:00:00	RIC	Richmond International	USAir	Passenger Property Loss	Checked Baggage	69.99	Clothing & Accessories	Clothing - Shoes, belts, accessories, etc.	Settled	35.0	Settle
60654	2005040581571	2005-04-01 00:00:00	2005-03-23 00:00:00	RIC	Richmond International	Delta Air Lines	Passenger Property Loss	Checked Baggage	10.0	Tools & Machines	Locks	Approved	10.0	Approve in Full
61197	2005041182117	2005-04-07 00:00:00	2005-03-14 00:00:00	RIC	Richmond International	Continental Airlines	Passenger Property Loss	Checked Baggage	60.0	Clothing & Accessories	Clothing - Shoes, belts, accessories, etc.	Approved	60.0	Approve in Full
61288	2005041182245	2005-04-08 00:00:00	2005-02-26 00:00:00	RIC	Richmond International		Passenger Property Loss	Checked Baggage	80.0	Clothing & Accessories	Clothing - Shoes, belts, accessories, etc.	Approved	80.0	Approve in Full
61470	2005041482537	2005-04-12 00:00:00	2005-04-03 00:00:00	RIC	Richmond International		Passenger Property Loss	Checked Baggage	100.0	Clothing & Accessories	Clothing - Shoes, belts, accessories, etc.	Approved	100.0	Approve in Full
61564	2005041382439	2005-04-12 00:00:00	2005-03-15 00:00:00	RIC	Richmond International	UAL	Passenger Property Loss	Checked Baggage	300.0	Electronics	Cameras - Digital	Denied	0.0	Deny
61866	2005041982802	2005-04-18 00:00:00	2005-04-03 00:00:00	RIC	Richmond International		Passenger Property Loss	Checked Baggage	73.49	Clothing & Accessories	Clothing - Shoes, belts, accessories, etc.	Approved	73.49	Approve in Full
64645	2005062987776	2005-05-24 00:00:00	2005-05-10 00:00:00	RIC	Richmond International	Delta Air Lines	Passenger Property Loss	Checked Baggage	30.0	Supplies	Medicines	Approved	30.0	Approve in Full
64699	2005060185653	2005-05-24 00:00:00	2005-04-04 00:00:00	RIC	Richmond International	American Airlines	Passenger Property Loss	Checked Baggage	537.75	Other	Other	Denied	0.0	Deny
64865	2005072689686	2005-05-31 00:00:00	2005-02-26 00:00:00	RIC	Richmond International	Northwest Airlines	Passenger Property Loss	Checked Baggage	29.95	Other	Other	Approved	29.95	Approve in Full
64928	2005060685857	2005-05-31 00:00:00	2005-05-20 00:00:00	RIC	Richmond International	USAir	Passenger Property Loss	Checked Baggage	200.0	Other	Currency	Denied	0.0	Deny
64931	2005060685864	2005-05-31 00:00:00	2005-05-07 00:00:00	RIC	Richmond International	Northwest Airlines	Passenger Property Loss	Checked Baggage	75.0	Watches & Jewelry	Jewelry - Fine	Denied	0.0	Deny
65065	2005060785917	2005-05-31 00:00:00	2005-04-30 00:00:00	RIC	Richmond International	USAir	Passenger Property Loss	Checkpoint	250.0	Electronics	Cameras - Digital	Settled	132.14	Settle
67012	2005063087897	2005-06-28 00:00:00	2005-06-19 00:00:00	RIC	Richmond International	Delta Air Lines	Passenger Property Loss	Checked Baggage	14.65	Other	Other	Approved	14.65	Approve in Full
67052	2005071388828	2005-06-28 00:00:00	2005-06-20 00:00:00	RIC	Richmond International	Delta Air Lines	Passenger Property Loss	Checked Baggage	100.0	Electronics	Cameras - Digital	Canceled	0.0	
68124	2005071989245	2005-07-14 00:00:00	2005-06-23 00:00:00	RIC	Richmond International	Delta Air Lines	Passenger Property Loss	Checked Baggage	1629.0	Watches & Jewelry	Jewelry - Fine	Denied	0.0	Deny
68140	2005071588995	2005-07-14 00:00:00	2005-06-15 00:00:00	RIC	Richmond International	Northwest Airlines	Passenger Property Loss	Checked Baggage	202.77	Other	Other	Settled	101.39	Settle
69083	2005080590122	2005-07-28 00:00:00	2004-12-18 00:00:00	RIC	Richmond International		Passenger Property Loss	Checked Baggage	105.0	Cosmetics	Cosmetics - Perfume, toilet articles, medicines, soaps, etc.	Settled	30.0	Settle
69456	2005081590561	2005-08-04 00:00:00	2005-07-28 00:00:00	RIC	Richmond International	USAir	Passenger Property Loss	Checked Baggage	18.0	Other	Other	Approved	18.0	Approve in Full
69710	2005081790766	2005-08-08 00:00:00	2005-07-15 00:00:00	RIC	Richmond International	USAir	Passenger Property Loss	Checked Baggage	835.0	Watches & Jewelry	Jewelry - Fine	Denied	0.0	Deny
70175	2005082291136	2005-08-16 00:00:00	2005-06-30 00:00:00	RIC	Richmond International	Northwest Airlines	Passenger Property Loss	Checked Baggage	107.21	Watches & Jewelry	Jewelry - Fine	Denied	0.0	Deny
70221	2005082391270	2005-08-16 00:00:00	2005-08-06 00:00:00	RIC	Richmond International	Delta Air Lines	Passenger Property Loss	Checked Baggage	2890.76	Other	Other	Denied	0.0	Deny
70875	2005083091847	2005-08-25 00:00:00	2005-08-10 00:00:00	RIC	Richmond International	Air Tran Airlines(do not use)	Passenger Property Loss	Checked Baggage		Watches & Jewelry	Jewelry - Fine	Insufficient, one of the following items required: sum certain, statement of fact, signature, location of incident, and date.		
71237	2005090992324	2005-08-31 00:00:00	2005-08-18 00:00:00	RIC	Richmond International	USAir	Passenger Property Loss	Checked Baggage	200.0	Other	Other	Denied	0.0	Deny
71316	2005091492467	2005-09-01 00:00:00	2005-07-19 00:00:00	RIC	Richmond International	Delta Air Lines	Passenger Property Loss	Checked Baggage	2400.0	Watches & Jewelry	Jewelry - Fine	Denied	0.0	Deny
71818	2005092092922	2005-09-14 00:00:00	2005-09-01 00:00:00	RIC	Richmond International	USAir	Passenger Property Loss	Checked Baggage	12.78	Other	Other	Approved	12.78	Approve in Full
72712	2005100393802	2005-09-26 00:00:00	2005-09-17 00:00:00	RIC	Richmond International	Northwest Airlines	Passenger Property Loss	Checked Baggage	39.96	Other	Other	Denied	0.0	Deny
73717	2005101994855	2005-10-12 00:00:00	2005-09-25 00:00:00	RIC	Richmond International	USAir	Passenger Property Loss	Checked Baggage	281.85	Electronics	Cameras - Digital	Settled	160.96	Settle
74302	2005103195448	2005-10-24 00:00:00	2005-10-04 00:00:00	RIC	Richmond International	Delta Air Lines	Passenger Property Loss	Checked Baggage	1191.94	Watches & Jewelry	Jewelry - Fine	Denied	0.0	Deny
74336	2005110195500	2005-10-24 00:00:00	2005-10-17 00:00:00	RIC	Richmond International	American Airlines	Passenger Property Loss	Checked Baggage	54.13	Clothing & Accessories	Clothing - Shoes, belts, accessories, etc.	Settled	27.06	Settle
74976	2005111496081	2005-11-03 00:00:00	2005-10-24 00:00:00	RIC	Richmond International	Delta Air Lines	Passenger Property Loss	Checked Baggage	250.0	Other	Other	Settled	125.0	Settle
75015	2005111696142	2005-11-04 00:00:00	2005-10-31 00:00:00	RIC	Richmond International	USAir	Passenger Property Loss	Checked Baggage	2000.0	Electronics	Computer - Laptop	Denied	0.0	Deny
75264	2005112296373	2005-11-09 00:00:00	2005-09-02 00:00:00	RIC	Richmond International	AirTran Airlines	Passenger Property Loss	Checked Baggage	150.0	Electronics	Cameras - Digital	Settled	61.3	Settle
75312	2005112896528	2005-11-10 00:00:00	2005-10-22 00:00:00	RIC	Richmond International	Delta Air Lines	Passenger Property Loss	Checked Baggage	540.0	Clothing & Accessories	Clothing - Shoes, belts, accessories, etc.	Denied	0.0	Deny
75415	2005112896564	2005-11-15 00:00:00	2005-11-02 00:00:00	RIC	Richmond International	Delta Air Lines	Passenger Property Loss	Checked Baggage	6.0	Tools & Machines	Locks	Approved	6.0	Approve in Full
75677	2005120196858	2005-11-18 00:00:00	2005-09-13 00:00:00	RIC	Richmond International	American Airlines	Passenger Property Loss	Checked Baggage	26.0	Tools & Machines	Locks	Approved	26.0	Approve in Full
75898	2005120596965	2005-11-22 00:00:00	2005-10-17 00:00:00	RIC	Richmond International	Delta Air Lines	Passenger Property Loss	Checkpoint	87.0	Other	Other	Denied	0.0	Deny
76111	2005120797187	2005-11-28 00:00:00	2005-11-15 00:00:00	RIC	Richmond International	Continental Airlines	Passenger Property Loss	Checked Baggage	757.83	Watches & Jewelry	Jewelry - Fine	Denied	0.0	Deny
76126	2005120797258	2005-11-28 00:00:00	2005-11-01 00:00:00	RIC	Richmond International	UAL	Passenger Property Loss	Checked Baggage	885.0	Watches & Jewelry	Jewelry - Fine	Denied	0.0	Deny
76313	2005120897274	2005-11-30 00:00:00	2005-11-17 00:00:00	RIC	Richmond International	UAL	Passenger Property Loss	Checked Baggage	55.0	Clothing & Accessories	Clothing - Shoes, belts, accessories, etc.	Approved	55.0	Approve in Full
76343	2005120897334	2005-11-30 00:00:00	2005-11-07 00:00:00	RIC	Richmond International	Delta Air Lines	Passenger Property Loss	Checked Baggage	25.0	Clothing & Accessories	Clothing - Shoes, belts, accessories, etc.	Settled	12.5	Settle
76376	2005120997437	2005-12-01 00:00:00	2005-11-14 00:00:00	RIC	Richmond International	USAir	Passenger Property Loss	Checked Baggage	140.0	Cosmetics	Cosmetics - Perfume, toilet articles, medicines, soaps, etc.	Denied	0.0	Deny
76750	2005121497795	2005-12-07 00:00:00	2005-11-30 00:00:00	RIC	Richmond International	American Airlines	Passenger Property Loss	Checked Baggage	611.48	Electronics	Cameras - Digital	Denied	0.0	Deny
76903	2005121998034	2005-12-12 00:00:00	2005-06-02 00:00:00	RIC	Richmond International	USAir	Passenger Property Loss	Checked Baggage	58.35	Clothing & Accessories	Clothing - Shoes, belts, accessories, etc.	Approved	58.35	Approve in Full
77360	2005122998570	2005-12-20 00:00:00	2005-09-08 00:00:00	RIC	Richmond International	Delta Air Lines	Passenger Property Loss	Checked Baggage	391.0	Electronics	Cameras - Digital	Settled	317.85	Settle
78360	2006011299467	2006-01-09 00:00:00	2005-12-07 00:00:00	RIC	Richmond International	USAir	Passenger Property Loss	Checked Baggage	171.49	Other	Other	Settled	85.75	Settle
78603	2006011899748	2006-01-10 00:00:00	2005-12-13 00:00:00	RIC	Richmond International	UAL	Passenger Property Loss	Checked Baggage	627.64	Cosmetics	Cosmetics - Perfume, toilet articles, medicines, soaps, etc.	Settled	272.82	Settle
78862	2006012300066	2006-01-17 00:00:00	2005-12-29 00:00:00	RIC	Richmond International	American Airlines	Passenger Property Loss	Checked Baggage	480.0	Watches & Jewelry	Jewelry - Fine	Approved	480.0	Approve in Full
79256	2006012600400	2006-01-20 00:00:00	2005-12-16 00:00:00	RIC	Richmond International	UAL	Passenger Property Loss	Checked Baggage	279.8	Clothing & Accessories	Clothing - Shoes, belts, accessories, etc.	Settled	139.9	Settle
79869	2006020701020	2006-01-31 00:00:00	2006-01-18 00:00:00	RIC	Richmond International	Air Tran Airlines(do not use)	Passenger Property Loss	Checked Baggage	27.92	Other	Other	Denied	0.0	Deny
80700	2006022201930	2006-02-14 00:00:00	2005-12-23 00:00:00	RIC	Richmond International	American Airlines	Passenger Property Loss	Checked Baggage	34.0	Watches & Jewelry	Jewelry - Fine	Denied	0.0	Deny
80736	2006022201949	2006-02-14 00:00:00	2006-01-25 00:00:00	RIC	Richmond International	USAir	Passenger Property Loss	Checked Baggage	104.49	Other	Other	Settled	52.25	Settle
81363	2006030602588	2006-02-28 00:00:00	2006-02-23 00:00:00	RIC	Richmond International	Delta Air Lines	Passenger Property Loss	Checked Baggage	58.8	Clothing & Accessories	Clothing - Shoes, belts, accessories, etc.	Approved	58.8	Approve in Full
81365	2006030602593	2006-02-28 00:00:00	2005-04-11 00:00:00	RIC	Richmond International		Passenger Property Loss	Checked Baggage	8.0	Tools & Machines	Locks	Approved	8.0	Approve in Full
81366	2006030602595	2006-02-28 00:00:00	2005-10-27 00:00:00	RIC	Richmond International		Passenger Property Loss	Checked Baggage	8.0	Tools & Machines	Locks	Approved	8.0	Approve in Full
81368	2006030602597	2006-02-28 00:00:00	2005-12-21 00:00:00	RIC	Richmond International		Passenger Property Loss	Checked Baggage	8.0	Tools & Machines	Locks	Approved	8.0	Approve in Full
81535	2006030702703	2006-03-02 00:00:00	2006-03-01 00:00:00	RIC	Richmond International	Air Tran Airlines(do not use)	Passenger Property Loss	Checked Baggage	244.08	Electronics	PDA - Personal Data Assistants	Denied	0.0	Deny
81878	2006031403053	2006-03-08 00:00:00	2006-02-12 00:00:00	RIC	Richmond International	American Airlines	Passenger Property Loss	Checked Baggage	300.0	Clothing & Accessories	Clothing - Shoes, belts, accessories, etc.	Denied	0.0	Deny
81973	2006031403093	2006-03-09 00:00:00	2006-03-03 00:00:00	RIC	Richmond International	Delta Air Lines	Passenger Property Loss	Checked Baggage	139.9	Electronics	Cell Phones	Settled	69.95	Settle
83545	2006041704640	2006-04-07 00:00:00	2006-04-04 00:00:00	RIC	Richmond International	USAir	Passenger Property Loss	Checked Baggage	357.58	Other	Other	Settled	61.94	Settle
83640	2006042405108	2006-04-11 00:00:00	2006-03-26 00:00:00	RIC	Richmond International	Delta Air Lines	Passenger Property Loss	Checked Baggage	291.29	Electronics	Cameras - Digital	Approved	291.29	Approve in Full
83723	2006042004888	2006-04-11 00:00:00	2006-03-16 00:00:00	RIC	Richmond International	USAir	Passenger Property Loss	Checked Baggage	4751.25	Watches & Jewelry	Watches - Expensive more than $100	Settled	2000.0	Settle
83847	2006042404972	2006-04-14 00:00:00	2006-04-05 00:00:00	RIC	Richmond International	USAir	Passenger Property Loss	Checked Baggage	50.0	Other	Other	Denied	0.0	Deny
83983	2006042405092	2006-04-18 00:00:00	2006-03-26 00:00:00	RIC	Richmond International	Continental Airlines	Passenger Property Loss	Checked Baggage	7.18	Tools & Machines	Locks	Approved	7.18	Approve in Full
84548	2006050505707	2006-04-28 00:00:00	2006-04-09 00:00:00	RIC	Richmond International	Delta Air Lines	Passenger Property Loss	Checked Baggage	100.0	Clothing & Accessories	Clothing - Shoes, belts, accessories, etc.	Settled	70.0	Settle
85035	2006051506315	2006-05-09 00:00:00	2006-06-19 00:00:00	RIC	Richmond International	USAir	Passenger Property Loss	Checked Baggage	778.91	Office Supplies,Clothing & Accessories,Cosmetics,Electronics	Books - Fiction, paperbacks, magazines, etc.*Clothing - Shoes, belts, accessories, etc.*Cosmetics - Perfume, toilet articles, medicines, soaps, etc.*Video Recordings (blank & commercial)	Denied	0.0	Deny
85588	2006052406870	2006-05-22 00:00:00	2006-05-19 00:00:00	RIC	Richmond International	Delta Air Lines	Passenger Property Loss	Checked Baggage	100.0	Clothing & Accessories	Eyeglasses - (including contact lenses)	Canceled	0.0	
86157	2006060607437	2006-06-02 00:00:00	2006-05-25 00:00:00	RIC	Richmond International	USAir	Passenger Property Loss	Checked Baggage	37.78	Clothing & Accessories	Clothing - Shoes, belts, accessories, etc.	Approved	37.78	Approve in Full
86298	2006060707549	2006-06-05 00:00:00	2006-05-10 00:00:00	RIC	Richmond International	Delta Air Lines	Passenger Property Loss	Checked Baggage	550.0	Electronics	Cameras - Digital	Denied	0.0	Deny
86740	2006061407940	2006-06-13 00:00:00	2006-04-13 00:00:00	RIC	Richmond International	American Airlines	Passenger Property Loss	Checked Baggage	221.29	Cosmetics,Other	Cosmetics - Perfume, toilet articles, medicines, soaps, etc.*Other	Settled	110.64	Settle
87159	2006062108414	2006-06-21 00:00:00	2006-06-14 00:00:00	RIC	Richmond International	UAL	Passenger Property Loss	Checked Baggage	65.0	Clothing & Accessories	Clothing - Shoes, belts, accessories, etc.	Approved	65.0	Approve in Full
87333	2006062708589	2006-06-26 00:00:00	2006-05-11 00:00:00	RIC	Richmond International	UAL	Passenger Property Loss	Checked Baggage	173.2	Watches & Jewelry	Jewelry - Fine	Approved	173.2	Approve in Full
87588	2006070308838	2006-06-29 00:00:00	2006-05-17 00:00:00	RIC	Richmond International	USAir	Passenger Property Loss	Checked Baggage	285.0	Electronics	Cameras - Digital	Denied	0.0	Deny
87824	2006070709093	2006-07-06 00:00:00	2006-06-22 00:00:00	RIC	Richmond International	USAir	Passenger Property Loss	Checked Baggage	10.08	Clothing & Accessories	Clothing - Shoes, belts, accessories, etc.	Approved	10.08	Approve in Full
87939	2006071009215	2006-07-07 00:00:00	2006-06-21 00:00:00	RIC	Richmond International	Delta Air Lines	Passenger Property Loss	Checked Baggage	29.33	Cosmetics	Cosmetics - Perfume, toilet articles, medicines, soaps, etc.	Canceled	0.0	
88173	2006071209323	2006-07-11 00:00:00	2005-03-18 00:00:00	RIC	Richmond International	Delta Air Lines	Passenger Property Loss	Checked Baggage	169.29	Clothing & Accessories	Clothing - Shoes, belts, accessories, etc.	Denied	0.0	Deny
88256	2006071709561	2006-07-12 00:00:00	2006-06-30 00:00:00	RIC	Richmond International	Jet Blue	Passenger Property Loss	Checked Baggage	875.4	Cosmetics,Electronics	Cosmetics - Perfume, toilet articles, medicines, soaps, etc.*Hearing Aids	Canceled	0.0	
88354	2006071409484	2006-07-13 00:00:00	2006-05-31 00:00:00	RIC	Richmond International	Air Tran Airlines(do not use)	Passenger Property Loss	Checked Baggage	42.8	Clothing & Accessories	Clothing - Shoes, belts, accessories, etc.	Settled	29.96	Settle
88632	2006072009847	2006-07-19 00:00:00	2006-07-10 00:00:00	RIC	Richmond International	Northwest Airlines	Passenger Property Loss	Checked Baggage	1267.0	Watches & Jewelry	Jewelry - Fine	Denied	0.0	Deny
88992	2006072710130	2006-07-26 00:00:00	2006-07-11 00:00:00	RIC	Richmond International	UAL	Passenger Property Loss	Checkpoint	535.17	Electronics,Electronics	Audio - Other (Phonograph, cassettes, etc)*MP3 Players-(iPods, etc)	Settled	466.2	Settle
89077	2006080110332	2006-07-28 00:00:00	2006-07-07 00:00:00	RIC	Richmond International	Northwest Airlines	Passenger Property Loss	Checked Baggage	388.0	Electronics	Cameras - Non-electronic (Camera supplies, lenses, projectors, etc.)	Canceled	0.0	
89254	2006080310460	2006-08-01 00:00:00	2006-07-09 00:00:00	RIC	Richmond International	USAir	Passenger Property Loss	Checked Baggage		Clothing & Accessories,Electronics	Clothing - Shoes, belts, accessories, etc.*Electrical and Gas Appliances Minor - $200 or less (humidifiers, tv's, etc)	Insufficient, one of the following items required: sum certain, statement of fact, signature, location of incident, and date.		
89285	2006080810600	2006-08-02 00:00:00	2006-07-09 00:00:00	RIC	Richmond International	Northwest Airlines	Passenger Property Loss	Checked Baggage	29.97	Clothing & Accessories	Clothing - Shoes, belts, accessories, etc.	Approved	29.97	Approve in Full
89851	2006081511044	2006-08-14 00:00:00	2006-07-22 00:00:00	RIC	Richmond International	UAL	Passenger Property Loss	Checked Baggage	125.0	Watches & Jewelry	Jewelry - Costume	Denied	0.0	Deny
90365	2006082511604	2006-08-22 00:00:00	2006-08-17 00:00:00	RIC	Richmond International	America West	Passenger Property Loss	Checked Baggage	100.0	Electronics	Cell Phones	Settled	50.0	Settle
90382	2006083111828	2006-08-23 00:00:00	2006-08-03 00:00:00	RIC	Richmond International	UAL	Passenger Property Loss	Checked Baggage	18.89	Household Items	Linens - Quilts, Comforters	Approved	18.89	Approve in Full
90750	2006090612017	2006-08-29 00:00:00	2006-08-04 00:00:00	RIC	Richmond International	Jet Blue	Passenger Property Loss	Checked Baggage	140.0	Cosmetics,Scientific Intruments,Supplies	Cosmetics - Perfume, toilet articles, medicines, soaps, etc.*Medical Equipment & Insturments*Medicines	Settled	70.0	Settle
90813	2006090712065	2006-08-30 00:00:00	2006-08-15 00:00:00	RIC	Richmond International	Delta Air Lines	Passenger Property Loss	Checked Baggage	529.19	Electronics,Electronics,Electronics	Cameras - Digital*Cameras - Non-electronic (Camera supplies, lenses, projectors, etc.)*MP3 Players-(iPods, etc)	Settled	236.43	Settle
90895	2006091112299	2006-09-01 00:00:00	2006-08-03 00:00:00	RIC	Richmond International	UAL	Passenger Property Loss	Checked Baggage	805.0	Watches & Jewelry	Jewelry - Fine	Approved	805.0	Approve in Full
91162	2006091112315	2006-09-06 00:00:00	2006-08-22 00:00:00	RIC	Richmond International	Delta Air Lines	Passenger Property Loss	Checked Baggage	349.0	Electronics	Cameras - Digital	Settled	270.91	Settle
91567	2006091912805	2006-09-14 00:00:00	2006-09-04 00:00:00	RIC	Richmond International	Air Tran Airlines(do not use)	Passenger Property Loss	Checked Baggage	400.0	Clothing & Accessories	Eyeglasses - (including contact lenses)	Denied	0.0	Deny
91744	2006092113044	2006-09-18 00:00:00	2006-09-02 00:00:00	RIC	Richmond International		Passenger Property Loss	Checked Baggage	50.0	Clothing & Accessories	Clothing - Shoes, belts, accessories, etc.	Denied	0.0	Deny
91847	2006092113046	2006-09-20 00:00:00	2006-09-15 00:00:00	RIC	Richmond International	Delta Air Lines	Passenger Property Loss	Checked Baggage	64.19	Tools & Machines	Barber Supplies - Scissors, shears, elecric razors, etc.	Denied	0.0	Deny
91930	2006092613288	2006-09-21 00:00:00	2006-08-24 00:00:00	RIC	Richmond International	American Airlines	Passenger Property Loss	Checked Baggage	230.0	Watches & Jewelry,Watches & Jewelry	Jewelry - Costume*Jewelry - Fine	Canceled	0.0	
92242	2006092913481	2006-09-27 00:00:00	2006-09-29 00:00:00	RIC	Richmond International	Continental Airlines	Passenger Property Loss	Checked Baggage	130.0	Cosmetics	Cosmetics - Perfume, toilet articles, medicines, soaps, etc.	Settled	65.0	Settle
92496	2006101614021	2006-10-02 00:00:00	2006-09-14 00:00:00	RIC	Richmond International	AirTran Airlines	Passenger Property Loss	Checked Baggage	450.0	Other	Other	Settled	225.0	Settle
92520	2006101013752	2006-10-03 00:00:00	2006-09-25 00:00:00	RIC	Richmond International	UAL	Passenger Property Loss	Checked Baggage	65.0	Cosmetics	Cosmetics - Perfume, toilet articles, medicines, soaps, etc.	Denied	0.0	Deny
92893	2006102314445	2006-10-11 00:00:00	2006-10-06 00:00:00	RIC	Richmond International	Delta Air Lines	Passenger Property Loss	Checked Baggage	1803.8	Electronics	Computer - Laptop	Settled	698.11	Settle
93162	2006102414523	2006-10-16 00:00:00	2006-09-05 00:00:00	RIC	Richmond International	UAL	Passenger Property Loss	Checked Baggage	324.6	Clothing & Accessories,Clothing & Accessories	Clothing - Shoes, belts, accessories, etc.*Eyeglasses - (including contact lenses)	Settled	300.0	Settle
93179	2006102414511	2006-10-17 00:00:00	2006-10-06 00:00:00	RIC	Richmond International	Jet Blue	Passenger Property Loss	Checked Baggage	50.0	Other	Other	Approved	50.0	Approve in Full
93309	2006102414476	2006-10-18 00:00:00	2006-09-17 00:00:00	RIC	Richmond International		Passenger Property Loss	Checked Baggage	128.76	Clothing & Accessories	Clothing - Shoes, belts, accessories, etc.	Settled	64.38	Settle
93599	2006103114841	2006-10-25 00:00:00	2006-10-12 00:00:00	RIC	Richmond International	USAir	Passenger Property Loss	Checked Baggage	80.0	Tools & Machines	Binoculars	Approved	80.0	Approve in Full
93969	2006110715277	2006-11-01 00:00:00	2006-06-15 00:00:00	RIC	Richmond International	USAir	Passenger Property Loss	Checked Baggage	1000.0	Clothing & Accessories,Cosmetics,Containers	Clothing - Shoes, belts, accessories, etc.*Cosmetics - Perfume, toilet articles, medicines, soaps, etc.*Luggage (all types including footlockers)	Denied	0.0	Deny
94292	2006111515709	2006-11-07 00:00:00	2006-10-13 00:00:00	RIC	Richmond International	USAir	Passenger Property Loss	Checked Baggage	220.0	Watches & Jewelry	Jewelry - Fine	Settled	110.0	Settle
94320	2006111515574	2006-11-08 00:00:00	2006-10-20 00:00:00	RIC	Richmond International	Northwest Airlines	Passenger Property Loss	Checked Baggage	120.96	Containers,Household Decor	Bags - Fabric, plastic, etc. (not purses)*Lamps (including sun lamps)	Denied	0.0	Deny
94588	2006111615735	2006-11-13 00:00:00	2006-10-18 00:00:00	RIC	Richmond International	Delta Air Lines	Passenger Property Loss	Checked Baggage	55.0	Cosmetics	Cosmetics - Perfume, toilet articles, medicines, soaps, etc.	Settled	27.5	Settle
95026	2006112916360	2006-11-21 00:00:00	2006-10-11 00:00:00	RIC	Richmond International	Continental Airlines	Passenger Property Loss	Checked Baggage	273.0	Cosmetics,Watches & Jewelry	Cosmetics - Perfume, toilet articles, medicines, soaps, etc.*Watches - Inexpensive $100 or less	Settled	136.5	Settle
95469	2006120716822	2006-11-30 00:00:00	2006-10-25 00:00:00	RIC	Richmond International	AirTran Airlines	Passenger Property Loss	Checked Baggage	350.0	Electronics	Cameras - Digital	Settled	154.11	Settle
95824	2006122117613	2006-12-07 00:00:00	2006-11-27 00:00:00	RIC	Richmond International	USAir	Passenger Property Loss	Checked Baggage	425.35	Containers,Games & Toys	Luggage (all types including footlockers)*Toys (game systems, cartridges, radio controlled cars, etc.)	Canceled	0.0	
95967	2006121517245	2006-12-11 00:00:00	2006-12-09 00:00:00	RIC	Richmond International		Passenger Property Loss	Checked Baggage	1950.0	Clothing & Accessories	Clothing - Shoes, belts, accessories, etc.	Denied	0.0	Deny
96386	2006122217730	2006-12-18 00:00:00	2006-12-12 00:00:00	RIC	Richmond International	USAir	Passenger Property Loss	Checked Baggage	50.0	Other	Other	Settled	25.0	Settle
96648	2006122718003	2006-12-22 00:00:00	2006-11-26 00:00:00	RIC	Richmond International	Jet Blue	Passenger Property Loss	Checked Baggage	168.0	Clothing & Accessories	Clothing - Shoes, belts, accessories, etc.	Settled	160.0	Settle
96706	2006122818104	2006-12-26 00:00:00	2006-12-14 00:00:00	RIC	Richmond International	American Airlines	Passenger Property Loss	Checked Baggage	415.59	Electronics,Clothing & Accessories,Cosmetics,Clothing & Accessories,Supplies	Cell Phones*Clothing - Shoes, belts, accessories, etc.*Cosmetics - Perfume, toilet articles, medicines, soaps, etc.*Eyeglasses - (including contact lenses)*Medicines	Denied	0.0	Deny
97407	2007011018582	2007-01-05 00:00:00	2006-12-24 00:00:00	RIC	Richmond International	Continental Airlines	Passenger Property Loss	Checked Baggage	44.98	Electronics	Cell Phones	Approved	44.98	Approve in Full
98079	2007012419313	2007-01-16 00:00:00	2006-12-31 00:00:00	RIC	Richmond International	American Airlines	Passenger Property Loss	Checked Baggage	10.0	Tools & Machines	Locks	Approved	10.0	Approve in Full
99489	2007022121274	2007-02-06 00:00:00	2006-10-28 00:00:00	RIC	Richmond International	UAL	Passenger Property Loss	Checked Baggage	700.0	Containers,Clothing & Accessories	Bags - Fabric, plastic, etc. (not purses)*Clothing - Shoes, belts, accessories, etc.	Denied	0.0	Deny
99916	2007021520956	2007-02-13 00:00:00	2007-02-05 00:00:00	RIC	Richmond International	Jet Blue	Passenger Property Loss	Checked Baggage	150.0	Electronics	Cameras - Digital	Settled	75.0	Settle
100267	2007022621503	2007-02-22 00:00:00	2007-02-16 00:00:00	RIC	Richmond International	Jet Blue	Passenger Property Loss	Checked Baggage	800.0	Electronics	Computer - Laptop	Canceled	0.0	
100797	2007030521917	2007-03-05 00:00:00	2006-09-13 00:00:00	RIC	Richmond International	USAir	Passenger Property Loss	Checked Baggage	231.34	Cosmetics,Electronics,Watches & Jewelry,Games & Toys	Cosmetics - Perfume, toilet articles, medicines, soaps, etc.*DVD/CD Players*Jewelry - Costume*Toys (game systems, cartridges, radio controlled cars, etc.)	Settled	100.68	Settle
100927	2007031522371	2007-03-07 00:00:00	2006-11-22 00:00:00	RIC	Richmond International	American Airlines	Passenger Property Loss	Checked Baggage	629.99	Watches & Jewelry	Jewelry - Fine	Settled	375.0	Settle
101083	2007031322179	2007-03-12 00:00:00	2006-10-03 00:00:00	RIC	Richmond International	Jet Blue	Passenger Property Loss	Checked Baggage	2610.0	Clothing & Accessories,Other	Clothing - Shoes, belts, accessories, etc.*Other	Denied	0.0	Deny
101561	2007032622926	2007-03-20 00:00:00	2007-02-23 00:00:00	RIC	Richmond International	American Airlines	Passenger Property Loss	Checked Baggage	73.0	Other	Other	Approved	73.0	Approve in Full
101594	2007032322812	2007-03-20 00:00:00	2007-03-11 00:00:00	RIC	Richmond International	Delta Air Lines	Passenger Property Loss	Checked Baggage	1148.22	Electronics	Computer - Laptop	Denied	0.0	Deny
101830	2007032923168	2007-03-26 00:00:00	2007-03-06 00:00:00	RIC	Richmond International	UAL	Passenger Property Loss	Checked Baggage	44.73	Containers	Handbags & Purses (leather or fabric)	Approved	44.73	Approve in Full
102036	2007033023233	2007-03-28 00:00:00	2007-03-07 00:00:00	RIC	Richmond International	Continental Airlines	Passenger Property Loss	Checked Baggage	454.62	Electronics,Electronics	Cameras - Digital*Cameras - Non-electronic (Camera supplies, lenses, projectors, etc.)	Settled	308.15	Settle
102236	2007040423484	2007-04-02 00:00:00	2007-02-15 00:00:00	RIC	Richmond International	Air Tran Airlines(do not use)	Passenger Property Loss	Checked Baggage	150.0	Other	Currency	Denied	0.0	Deny
102465	2007041123732	2007-04-06 00:00:00	2007-03-20 00:00:00	RIC	Richmond International	Northwest Airlines	Passenger Property Loss	Checkpoint	125.0	Clothing & Accessories	Eyeglasses - (including contact lenses)	Denied	0.0	Deny
102552	2007041223855	2007-04-09 00:00:00	2007-02-15 00:00:00	RIC	Richmond International	USAir	Passenger Property Loss	Checked Baggage	1769.0	Containers,Other	Luggage (all types including footlockers)*Other	Denied	0.0	Deny
102596	2007041123788	2007-04-09 00:00:00	2007-03-23 00:00:00	RIC	Richmond International	American Airlines	Passenger Property Loss	Checked Baggage	313.43	Watches & Jewelry	Watches - Expensive more than $100	Settled	156.72	Settle
102737	2007041123784	2007-04-11 00:00:00	2007-03-26 00:00:00	RIC	Richmond International	Delta Air Lines	Passenger Property Loss	Checked Baggage	904.76	Electronics,Electronics	Cameras - Digital*Cameras - Non-electronic (Camera supplies, lenses, projectors, etc.)	Settled	452.38	Settle
103296	2007042624578	2007-04-23 00:00:00	2007-04-17 00:00:00	RIC	Richmond International	Jet Blue	Passenger Property Loss	Checked Baggage	21.0	Electronics	Cameras - Digital	Denied	0.0	Deny
103356	2007042724614	2007-04-24 00:00:00	2007-02-10 00:00:00	RIC	Richmond International	UAL	Passenger Property Loss	Checked Baggage	92.0	Clothing & Accessories	Clothing - Shoes, belts, accessories, etc.	Denied	0.0	Deny
103536	2007043024698	2007-04-27 00:00:00	2007-04-16 00:00:00	RIC	Richmond International	Delta Air Lines	Passenger Property Loss	Checked Baggage	100.0	Other	Other	Settled	50.0	Settle
103569	2007050124773	2007-04-30 00:00:00	2007-04-23 00:00:00	RIC	Richmond International		Passenger Property Loss	Checked Baggage	114.0	Clothing & Accessories	Clothing - Shoes, belts, accessories, etc.	Denied	0.0	Deny
103843	2007050925182	2007-05-04 00:00:00	2007-04-29 00:00:00	RIC	Richmond International	AirTran Airlines	Passenger Property Loss	Checked Baggage	4372.96	Other	Other	Denied	0.0	Deny
104006	2007051025252	2007-05-08 00:00:00	2006-09-14 00:00:00	RIC	Richmond International	Delta Air Lines	Passenger Property Loss	Checked Baggage	339.98	Electronics	Cameras - Digital	Settled	157.54	Settle
104185	2007051825606	2007-05-14 00:00:00	2007-05-08 00:00:00	RIC	Richmond International	Delta Air Lines	Passenger Property Loss	Checked Baggage	50.0	Clothing & Accessories	Eyeglasses - (including contact lenses)	Approved	50.0	Approve in Full
104407	2007051825671	2007-05-17 00:00:00	2007-04-08 00:00:00	RIC	Richmond International		Passenger Property Loss	Checked Baggage	25.0	Tools & Machines	Locks	Approved	25.0	Approve in Full
104748	2007060426129	2007-05-24 00:00:00	2007-04-28 00:00:00	RIC	Richmond International	Northwest Airlines	Passenger Property Loss	Checked Baggage	56.95	Clothing & Accessories	Clothing - Shoes, belts, accessories, etc.	Approved	56.95	Approve in Full
104862	2007060626406	2007-05-29 00:00:00	2007-05-18 00:00:00	RIC	Richmond International	Delta Air Lines	Passenger Property Loss	Checked Baggage	37.79	Other	Other	Canceled	0.0	
105122	2007060526270	2007-06-01 00:00:00	2007-05-01 00:00:00	RIC	Richmond International	Jet Blue	Passenger Property Loss	Checked Baggage	10.0	Tools & Machines	Locks	Denied	0.0	Deny
105856	2007061827068	2007-06-14 00:00:00	2007-04-13 00:00:00	RIC	Richmond International	Delta Air Lines	Passenger Property Loss	Checked Baggage	582.65	Electronics	Cameras - Digital	Settled	194.24	Settle
105980	2007062027211	2007-06-18 00:00:00	2007-06-14 00:00:00	RIC	Richmond International	US Express	Passenger Property Loss	Checked Baggage	549.95	Electronics	MP3 Players-(iPods, etc)	Settled	175.0	Settle
105992	2007062127376	2007-06-19 00:00:00	2007-06-02 00:00:00	RIC	Richmond International	American Airlines	Passenger Property Loss	Checked Baggage	559.0	Clothing & Accessories	Eyeglasses - (including contact lenses)	Canceled	0.0	
106276	2007062927630	2007-06-25 00:00:00	2007-06-12 00:00:00	RIC	Richmond International	Jet Blue	Passenger Property Loss	Checked Baggage	16.83	Tools & Machines	Locks	Approved	16.83	Approve in Full
106644	2007070227702	2007-07-02 00:00:00	2007-06-16 00:00:00	RIC	Richmond International	USAir	Passenger Property Loss	Checked Baggage	59.95	Other	Other	Denied	0.0	Deny
106795	2007071028004	2007-07-05 00:00:00	2007-06-29 00:00:00	RIC	Richmond International	Delta Air Lines	Passenger Property Loss	Checked Baggage	100.0	Cosmetics,Clothing & Accessories	Cosmetics - Perfume, toilet articles, medicines, soaps, etc.*Eyeglasses - (including contact lenses)	Denied	0.0	Deny
107082	2007071328348	2007-07-10 00:00:00	2007-06-09 00:00:00	RIC	Richmond International	AirTran Airlines	Passenger Property Loss	Checked Baggage	23.0	Household Decor	Clocks - Inexpensive ($75.00 or less)	Denied	0.0	Deny
107764	2007072729233	2007-07-23 00:00:00	2007-07-06 00:00:00	RIC	Richmond International	Delta Air Lines	Passenger Property Loss	Checked Baggage	43.1	Electronics	Video Recordings - Laser Discs	Denied	0.0	Deny
108329	2007080629712	2007-08-02 00:00:00	2007-07-18 00:00:00	RIC	Richmond International	UAL	Passenger Property Loss	Checked Baggage	9.0	Tools & Machines	Locks	Approved	9.0	Approve in Full
108350	2007080329597	2007-08-02 00:00:00	2007-07-28 00:00:00	RIC	Richmond International	Jet Blue	Passenger Property Loss	Checked Baggage	300.0	Electronics,Other	DVD/CD Players*Other	Denied	0.0	Deny
108468	2007080729740	2007-08-03 00:00:00	2007-07-09 00:00:00	RIC	Richmond International	USAir	Passenger Property Loss	Checked Baggage	130.0	Clothing & Accessories,Other	Clothing - Shoes, belts, accessories, etc.*Other	Denied	0.0	Deny
109530	2007082730920	2007-08-23 00:00:00	2007-08-02 00:00:00	RIC	Richmond International	Northwest Airlines	Passenger Property Loss	Checked Baggage	63.0	Clothing & Accessories	Clothing - Shoes, belts, accessories, etc.	Approved	63.0	Approve in Full
111413	2007100232847	2007-09-28 00:00:00	2007-09-24 00:00:00	RIC	Richmond International	American Airlines	Passenger Property Loss	Checked Baggage	16.8	Tools & Machines	Locks	Approved	16.8	Approve in Full
111810	2007101133255	2007-10-09 00:00:00	2007-09-10 00:00:00	RIC	Richmond International	American Airlines	Passenger Property Loss	Checkpoint	414.75	Watches & Jewelry	Watches - Expensive more than $100	Approved	414.75	Approve in Full
112015	2007101533397	2007-10-11 00:00:00	2007-09-20 00:00:00	RIC	Richmond International		Passenger Property Loss	Checkpoint	57.7	Clothing & Accessories	Clothing - Shoes, belts, accessories, etc.	Denied	0.0	Deny
112677	2007102934102	2007-10-24 00:00:00	2007-09-26 00:00:00	RIC	Richmond International	Delta Air Lines	Passenger Property Loss	Checked Baggage	281.0	Clothing & Accessories,Cosmetics,Watches & Jewelry	Clothing - Shoes, belts, accessories, etc.*Cosmetics - Perfume, toilet articles, medicines, soaps, etc.*Jewelry - Costume	Denied	0.0	Deny
112735	2007103034152	2007-10-25 00:00:00	2007-10-16 00:00:00	RIC	Richmond International	UAL	Passenger Property Loss	Checked Baggage	357.0	Cosmetics,Containers	Cosmetics - Perfume, toilet articles, medicines, soaps, etc.*Handbags & Purses (leather or fabric)	Denied	0.0	Deny
113313	2007110834738	2007-11-06 00:00:00	2007-10-14 00:00:00	RIC	Richmond International	USAir	Passenger Property Loss	Checked Baggage	70.0	Other,Outdoors Supplies,Outdoors Supplies	Other*Tools - Manual (not in a vehicle)*Tools - Power (including air tools, not in a vehicle)	Denied	0.0	Deny
113360	2007110834733	2007-11-07 00:00:00	2007-10-12 00:00:00	RIC	Richmond International	USAir	Passenger Property Loss	Checked Baggage	1104.52	Electronics	Computer - Laptop	Denied	0.0	Deny
113731	2007112035250	2007-11-15 00:00:00	2007-11-09 00:00:00	RIC	Richmond International	Delta Air Lines	Passenger Property Loss	Checked Baggage	5.49	Tools & Machines	Locks	Approved	5.49	Approve in Full
114057	2007112835602	2007-11-21 00:00:00	2007-09-18 00:00:00	RIC	Richmond International	Jet Blue	Passenger Property Loss	Checked Baggage	241.45	Clothing & Accessories	Eyeglasses - (including contact lenses)	Denied	0.0	Deny
114194	2007112835615	2007-11-26 00:00:00	2007-11-18 00:00:00	RIC	Richmond International	Delta Air Lines	Passenger Property Loss	Checked Baggage	10.0	Tools & Machines	Locks	Denied	0.0	Deny
114349	2007120435956	2007-11-28 00:00:00	2007-05-05 00:00:00	RIC	Richmond International	American Airlines	Passenger Property Loss	Checked Baggage	93.83	Tools & Machines	Barber Supplies - Scissors, shears, elecric razors, etc.	Approved	93.83	Approve in Full
115962	2008010837535	2008-01-02 00:00:00	2007-12-13 00:00:00	RIC	Richmond International	Delta Air Lines	Passenger Property Loss	Checkpoint	440.0	Watches & Jewelry	Jewelry - Fine	Denied	0.0	Deny
116432	2008011537953	2008-01-09 00:00:00	2007-11-20 00:00:00	RIC	Richmond International	Delta Air Lines	Passenger Property Loss	Checked Baggage	11.9	Tools & Machines	Locks	Denied	0.0	Deny
116668	2008012338440	2008-01-14 00:00:00	2007-12-30 00:00:00	RIC	Richmond International	SkyBus	Passenger Property Loss	Checkpoint	82.54	Electronics	Computer - Laptop	Approved	82.54	Approve in Full
116757	2008012338380	2008-01-14 00:00:00	2007-12-27 00:00:00	RIC	Richmond International	AirTran Airlines	Passenger Property Loss	Checked Baggage	462.49	Electronics	MP3 Players-(iPods, etc)	Denied	0.0	Deny
118296	2008022139932	2008-02-13 00:00:00	2008-01-04 00:00:00	RIC	Richmond International	USAir	Passenger Property Loss	Checked Baggage	2957.73	Containers,Watches & Jewelry,Supplies	Handbags & Purses (leather or fabric)*Jewelry - Fine*Medicines	Denied	0.0	Deny
119123	2008031140783	2008-03-03 00:00:00	2008-02-26 00:00:00	RIC	Richmond International	Continental Airlines	Passenger Property Loss	Checkpoint	161.0	Other,Containers,Other	Currency*Handbags & Purses (leather or fabric)*Other	Approved	161.0	Approve in Full
119647	2008031941258	2008-03-13 00:00:00	2008-03-05 00:00:00	RIC	Richmond International	Jet Blue	Passenger Property Loss	Checked Baggage	180.59	Containers	Handbags & Purses (leather or fabric)	Denied	0.0	Deny
119833	2008040742006	2008-03-17 00:00:00	2008-02-25 00:00:00	RIC	Richmond International	Jet Blue	Passenger Property Loss	Checked Baggage	660.3	Electronics,Electronics,Electronics,Electronics,Other	Batteries - Dry cell only*Cameras - Digital*Cameras - Non-electronic (Camera supplies, lenses, projectors, etc.)*GPS - Global Positioning System*Other	Denied	0.0	Deny
120207	2008040341762	2008-03-25 00:00:00	2008-03-03 00:00:00	RIC	Richmond International	Delta Air Lines	Passenger Property Loss	Checked Baggage	350.0	Games & Toys	Game Equipment (poker chips, checker sets, chess etc.)	Denied	0.0	Deny
121735	2008042443302	2008-04-22 00:00:00	2008-04-07 00:00:00	RIC	Richmond International	Delta Air Lines	Passenger Property Loss	Checked Baggage	95.23	Containers,Other	Bags - Fabric, plastic, etc. (not purses)*Other	Denied	0.0	Deny
121758	2008050643919	2008-04-22 00:00:00	2008-03-17 00:00:00	RIC	Richmond International	AirTran Airlines	Passenger Property Loss	Checked Baggage	35.0	Watches & Jewelry	Jewelry - Costume	Denied	0.0	Deny
121852	2008042943501	2008-04-24 00:00:00	2008-04-13 00:00:00	RIC	Richmond International	AirTran Airlines	Passenger Property Loss	Checked Baggage	1301.0	Electronics	Computer - Laptop	Denied	0.0	Deny
122733	2008051644409	2008-05-13 00:00:00	2008-02-06 00:00:00	RIC	Richmond International	American Airlines	Passenger Property Loss	Checked Baggage	253.45	Scientific Intruments	Professional Equipment	Denied	0.0	Deny
123428	2008060245112	2008-05-28 00:00:00	2008-03-30 00:00:00	RIC	Richmond International		Passenger Property Loss	Checked Baggage	966.0	Clothing & Accessories,Containers,Watches & Jewelry,Other	Clothing - Shoes, belts, accessories, etc.*Handbags & Purses (leather or fabric)*Jewelry - Fine*Other	Insufficient, one of the following items required: sum certain, statement of fact, signature, location of incident, and date.		
123623	2008060545341	2008-06-02 00:00:00	2008-04-09 00:00:00	RIC	Richmond International	Continental Airlines	Passenger Property Loss	Checked Baggage	300.0	Cosmetics,Watches & Jewelry,Other	Cosmetics - Perfume, toilet articles, medicines, soaps, etc.*Jewelry - Costume*Other	Denied	0.0	Deny
124638	2008063046339	2008-06-25 00:00:00	2008-05-15 00:00:00	RIC	Richmond International	American Airlines	Passenger Property Loss	Checkpoint	15.0	Other	Other	Denied	0.0	Deny
125723	2008072847513	2008-07-21 00:00:00	2008-07-13 00:00:00	RIC	Richmond International	American Airlines	Passenger Property Loss	Checked Baggage	49.99	Clothing & Accessories	Clothing - Shoes, belts, accessories, etc.	Canceled	0.0	
126316	2008080748164	2008-07-31 00:00:00	2008-06-25 00:00:00	RIC	Richmond International	USAir	Passenger Property Loss	Checked Baggage	78.0	Cosmetics	Cosmetics - Perfume, toilet articles, medicines, soaps, etc.	Denied	0.0	Deny
126444	2008080748206	2008-08-04 00:00:00	2008-07-16 00:00:00	RIC	Richmond International	Air Tran Airlines(do not use)	Passenger Property Loss	Checked Baggage	239.98	Electronics	Cameras - Digital	Insufficient, one of the following items required: sum certain, statement of fact, signature, location of incident, and date.		
126452	2008080848256	2008-08-05 00:00:00	2008-07-12 00:00:00	RIC	Richmond International	USAir	Passenger Property Loss	Checked Baggage	14.99	Games & Toys	Game Equipment (poker chips, checker sets, chess etc.)	Approved	14.99	Approve in Full
126689	2008081248462	2008-08-08 00:00:00	2008-08-05 00:00:00	RIC	Richmond International	Jet Blue	Passenger Property Loss	Checked Baggage	1200.0	Electronics,Games & Toys	Computer - Laptop*Toys (game systems, cartridges, radio controlled cars, etc.)	Denied	0.0	Deny
127595	2008081448575	2008-08-29 00:00:00	2008-07-21 00:00:00	RIC	Richmond International	Jet Blue	Passenger Property Loss	Checked Baggage	108.96	Watches & Jewelry	Jewelry - Costume	Denied	0.0	Deny
128490	2008092250211	2008-09-19 00:00:00	2008-09-09 00:00:00	RIC	Richmond International	Jet Blue	Passenger Property Loss	Checked Baggage	156.67	Other,Games & Toys	Other*Toys (game systems, cartridges, radio controlled cars, etc.)	Denied	0.0	Deny
128539	2008092350298	2008-09-19 00:00:00	2008-08-16 00:00:00	RIC	Richmond International	Delta Air Lines	Passenger Property Loss	Checked Baggage	489.73	Electronics	GPS - Global Positioning System	Settled	244.87	Settle
128564	2008092350284	2008-09-22 00:00:00	2008-09-10 00:00:00	RIC	Richmond International	Delta Air Lines	Passenger Property Loss	Checked Baggage	358.01	Electronics,Containers	Cameras - Digital*Luggage (all types including footlockers)	Denied	0.0	Deny
129088	2008100850895	2008-10-06 00:00:00	2008-09-28 00:00:00	RIC	Richmond International	Delta Air Lines	Passenger Property Loss	Checked Baggage	25.0	Cosmetics	Cosmetics - Perfume, toilet articles, medicines, soaps, etc.	Denied	0.0	Deny
129197	2008101051013	2008-10-08 00:00:00	2008-09-27 00:00:00	RIC	Richmond International	Delta Air Lines	Passenger Property Loss	Checked Baggage	751.19	Office Supplies	Books - Other (Hardcover non-fiction)	Canceled	0.0	
129640	2008102251430	2008-10-20 00:00:00	2008-10-19 00:00:00	RIC	Richmond International	Jet Blue	Passenger Property Loss	Checked Baggage	2499.0	Electronics	Computer - Laptop	Denied	0.0	Deny
129728	2008102451552	2008-10-21 00:00:00	2008-10-13 00:00:00	RIC	Richmond International	Jet Blue	Passenger Property Loss	Checked Baggage	250.0	Electronics,Tools & Machines	Cameras - Digital*Locks	Denied	0.0	Deny
129886	2008110451713	2008-10-24 00:00:00	2008-10-04 00:00:00	RIC	Richmond International	USAir	Passenger Property Loss	Checked Baggage	62.99	Tools & Machines	Barber Supplies - Scissors, shears, elecric razors, etc.	Settled	31.5	Settle
130811	2008111952422	2008-11-19 00:00:00	2008-11-03 00:00:00	RIC	Richmond International	USAir	Passenger Property Loss	Checked Baggage	25.0	Other,Supplies	Currency*Medicines	Denied	0.0	Deny
130839	2008112552799	2008-11-19 00:00:00	2008-10-15 00:00:00	RIC	Richmond International	American Airlines	Passenger Property Loss	Checked Baggage	82.95	Clothing & Accessories,Other	Clothing - Shoes, belts, accessories, etc.*Other	Denied	0.0	Deny
132405	2009010754205	2009-01-02 00:00:00	2008-12-25 00:00:00	RIC	Richmond International	AirTran Airlines	Passenger Property Loss	Checked Baggage	125.99	Electronics	Cameras - Digital	Settled	63.0	Settle
133987	2009030555917	2009-02-12 00:00:00	2009-01-03 00:00:00	RIC	Richmond International	Northwest Airlines	Passenger Property Loss	Checked Baggage	203.64	Containers,Electronics,Electronics	Bags - Fabric, plastic, etc. (not purses)*Cameras - Digital*Cameras - Non-electronic (Camera supplies, lenses, projectors, etc.)	Approved	203.64	Approve in Full
135798	2009042758002	2009-04-01 00:00:00	2009-03-16 00:00:00	RIC	Richmond International	Delta Air Lines	Passenger Property Loss	Checked Baggage	262.49	Games & Toys	Game Equipment (poker chips, checker sets, chess etc.)	Denied	0.0	Deny
136344	2009050558368	2009-04-17 00:00:00	2009-03-15 00:00:00	RIC	Richmond International	Delta Air Lines	Passenger Property Loss	Checked Baggage	209.94	Electronics	GPS - Global Positioning System	Denied	0.0	Deny
136756	2009051858827	2009-04-29 00:00:00	2009-04-13 00:00:00	RIC	Richmond International	Jet Blue	Passenger Property Loss	Checked Baggage	273.0	Electronics	Cameras - Digital	Denied	0.0	Deny
136800	2009051858795	2009-04-30 00:00:00	2009-04-23 00:00:00	RIC	Richmond International	Jet Blue	Passenger Property Loss	Checked Baggage	5712.0	Watches & Jewelry	Jewelry - Fine	Denied	0.0	Deny
137400	2009052159343	2009-05-19 00:00:00	2009-05-17 00:00:00	RIC	Richmond International	Delta Air Lines	Passenger Property Loss	Checked Baggage	59.99	Food & Drink	Alcoholic beverages	Canceled	0.0	
137635	2009060159636	2009-05-26 00:00:00	2009-05-17 00:00:00	RIC	Richmond International	USAir	Passenger Property Loss	Checked Baggage	7.99	Tools & Machines	Locks	Denied	0.0	Deny
139121	2009071461172	2009-07-06 00:00:00	2009-06-19 00:00:00	RIC	Richmond International	Delta Air Lines	Passenger Property Loss	Checked Baggage	20.0	Tools & Machines	Locks	Denied	0.0	Deny
139582	2009072161573	2009-07-16 00:00:00	2009-07-06 00:00:00	RIC	Richmond International	Delta Air Lines	Passenger Property Loss	Checked Baggage	65.0	Clothing & Accessories	Clothing - Shoes, belts, accessories, etc.	Denied	0.0	Deny
144006	2009120466070	2009-11-25 00:00:00	2009-09-18 07:50:00	RIC	Richmond International	Delta Air Lines	Passenger Property Loss	Checked Baggage	749.7	Scientific Intruments	Professional Equipment	Denied	0.0	Deny
145241	2010012667865	2010-01-15 00:00:00	2010-01-02 09:00:00	RIC	Richmond International	Delta Air Lines	Passenger Property Loss	Checked Baggage		Electronics,Clothing & Accessories	Cameras*Clothing		0.0	Deny
145712	2010021968581	2010-02-12 00:00:00	2010-01-10 17:00:00	RIC	Richmond International	USAir	Passenger Property Loss	Checked Baggage		Clothing & Accessories,Electronics	Clothing*Computer & Accessories		338.44	Settle
147382	2010040970611	2010-04-05 00:00:00	2010-03-22 00:00:00	RIC	Richmond International	USAir	Passenger Property Loss	Checked Baggage		Cosmetics	Travel Accessories		0.0	Deny
147741	2010040570399	2010-04-15 00:00:00	2010-03-15 13:00:00	RIC	Richmond International	AirTran Airlines	Passenger Property Loss	Checked Baggage		Electronics	Personal Electronics		0.0	Deny
147778	2010042171040	2010-04-15 00:00:00	2010-04-02 11:45:00	RIC	Richmond International	Delta Air Lines	Passenger Property Loss	Checkpoint		Office Supplies	Office Equipment & Supplies		0.0	Deny
147846	2010042371117	2010-04-19 00:00:00	2010-03-25 09:30:00	RIC	Richmond International	Delta Air Lines	Passenger Property Loss	Checked Baggage		Clothing & Accessories	Clothing		89.24	Approve in Full
148372	2010051071626	2010-05-04 00:00:00	2010-04-18 00:00:00	RIC	Richmond International	Jet Blue	Passenger Property Loss	Checked Baggage		Containers,Watches & Jewelry	Baggage/Cases/Purses*Jewelry & Watches			
148465	2010051271705	2010-05-07 00:00:00	2010-03-09 00:00:00	RIC	Richmond International	Delta Air Lines	Passenger Property Loss	Checked Baggage		Electronics	Cameras		0.0	Deny
149376	2010061572631	2010-06-07 00:00:00	2010-03-22 00:00:00	RIC	Richmond International	Delta Air Lines	Passenger Property Loss	Checked Baggage		Watches & Jewelry	Jewelry & Watches		0.0	Deny
150526	2010072173923	2010-07-12 00:00:00	2010-06-02 00:00:00	RIC	Richmond International	Delta Air Lines	Passenger Property Loss	Checked Baggage		Outdoors Supplies	Tools & Home Improvement Supplies		0.0	Deny
150600	2010061572634	2010-07-14 00:00:00	2010-05-22 08:30:00	RIC	Richmond International	Delta Air Lines	Passenger Property Loss	Checked Baggage		Clothing & Accessories	Clothing		0.0	Deny
152145	2010090175538	2010-08-25 00:00:00	2010-07-15 15:00:00	RIC	Richmond International	Delta Air Lines	Passenger Property Loss	Checkpoint		Other	Other		0.0	Deny
153425	2010101276867	2010-10-04 00:00:00	2010-08-30 17:00:00	RIC	Richmond International	Jet Blue	Passenger Property Loss	Checked Baggage		Other	Other		72.0	Approve in Full
155425	2010122078862	2010-12-07 00:00:00	2010-10-23 00:00:00	RIC	Richmond International	Jet Blue	Passenger Property Loss	Checked Baggage		Electronics,Watches & Jewelry	Cameras*Jewelry & Watches		0.0	Deny
155466	2010122178926	2010-12-08 00:00:00	2010-11-28 00:00:00	RIC	Richmond International	Delta Air Lines	Passenger Property Loss	Checked Baggage		Watches & Jewelry	Jewelry & Watches		0.0	Deny
155803	2011010979393	2010-12-21 00:00:00	2010-11-23 12:15:00	RIC	Richmond International	Delta Air Lines	Passenger Property Loss	Checked Baggage		Clothing & Accessories	Clothing		0.0	Deny
156385	2011013179831	2011-01-11 00:00:00	2010-07-18 11:00:00	RIC	Richmond International	Delta Air Lines	Passenger Property Loss	Checkpoint		Other	Other		0.0	Deny
157152	2011030180652	2011-02-01 00:00:00	2011-01-16 00:00:00	RIC	Richmond International	USAir	Passenger Property Loss	Checked Baggage		Scientific Intruments	Medical/Science		0.0	Deny
157240	2011030180684	2011-02-04 00:00:00	2011-01-16 00:00:00	RIC	Richmond International	Delta Air Lines	Passenger Property Loss	Checked Baggage		Electronics	Cameras		0.0	Deny
157251	2011030280740	2011-02-04 00:00:00	2011-01-09 06:00:00	RIC	Richmond International	AirTran Airlines	Passenger Property Loss	Checked Baggage		Electronics,Electronics	Cameras*Personal Electronics		0.0	Deny
157572	2011030881003	2011-02-16 00:00:00	2010-03-05 00:00:00	RIC	Richmond International	Delta Air Lines	Passenger Property Loss	Checked Baggage		Other	Other		0.0	Deny
158926	2011041382321	2011-04-04 00:00:00	2011-03-10 00:00:00	RIC	Richmond International	Delta Air Lines	Passenger Property Loss	Checked Baggage		Electronics	Personal Electronics		0.0	Deny
159342	2011042082789	2011-04-18 00:00:00	2011-04-01 11:00:00	RIC	Richmond International	USAir	Passenger Property Loss	Checked Baggage		Electronics	Computer & Accessories		0.0	Deny
159846	2011051183362	2011-05-03 00:00:00	2011-04-21 00:00:00	RIC	Richmond International	American Eagle	Passenger Property Loss	Checked Baggage		Other	Other		0.0	Deny
160044	2011051983569	2011-05-09 00:00:00	2011-04-18 14:30:00	RIC	Richmond International	Delta Air Lines	Passenger Property Loss	Checked Baggage		Other	Other		309.99	Approve in Full
160825	2011061584317	2011-06-06 00:00:00	2011-05-10 12:00:00	RIC	Richmond International	USAir	Passenger Property Loss	Checkpoint		Outdoors Supplies	Hunting & Fishing Items			
162345	2011081085914	2011-07-25 00:00:00	2011-06-16 00:00:00	RIC	Richmond International	USAir	Passenger Property Loss	Checked Baggage		Electronics	Personal Electronics		0.0	Deny
163053	2011090186634	2011-08-15 00:00:00	2011-07-15 00:00:00	RIC	Richmond International	Delta Air Lines	Passenger Property Loss	Checked Baggage		Containers,Cosmetics,Cosmetics	Baggage/Cases/Purses*Cosmetics & Grooming*Travel Accessories		0.0	Deny
163515	2011092287117	2011-08-29 00:00:00	2011-08-06 05:00:00	RIC	Richmond International	Delta Air Lines	Passenger Property Loss	Checked Baggage		Outdoors Supplies	Sporting Equipment & Supplies (footballs, parachutes, etc.)			
165345	2011111789115	2011-10-31 00:00:00	2011-08-25 00:00:00	RIC	Richmond International	Jet Blue	Passenger Property Loss	Checked Baggage		Clothing & Accessories	Clothing		0.0	Deny
165824	2011120589357	2011-11-16 00:00:00	2011-10-30 18:00:00	RIC	Richmond International	Delta Air Lines	Passenger Property Loss	Checked Baggage		Cosmetics	Cosmetics & Grooming		0.0	Deny
166418	2012010690029	2011-12-09 00:00:00	2011-11-18 19:00:00	RIC	Richmond International	Delta Air Lines	Passenger Property Loss	Checked Baggage		Electronics	Computer & Accessories		0.0	Deny
167511	2012022191218	2012-01-17 00:00:00	2011-12-30 07:55:00	RIC	Richmond International	USAir	Passenger Property Loss	Checked Baggage		Other	Other		0.0	Deny
169528	2012041993056	2012-03-26 00:00:00	2012-02-15 00:00:00	RIC	Richmond International	American Airlines	Passenger Property Loss	Checked Baggage		Other	Other		0.0	Deny
169631	2012042593254	2012-03-29 00:00:00	2012-03-09 00:00:00	RIC	Richmond International	USAir	Passenger Property Loss	Checked Baggage		Cosmetics	Travel Accessories		13.0	Approve in Full
170041	2012050893716	2012-04-13 00:00:00	2011-07-21 08:56:00	RIC	Richmond International	UAL	Passenger Property Loss	Checked Baggage		Automobile & Mechanical	Automobile Parts & Accessories		0.0	Deny
170819	2012053094399	2012-05-10 00:00:00	2012-04-30 00:00:00	RIC	Richmond International	American Airlines	Passenger Property Loss	Checked Baggage		Other	Other		0.0	Deny
170936	2012060594527	2012-05-15 00:00:00	2012-05-07 00:00:00	RIC	Richmond International	AirTran Airlines	Passenger Property Loss	Checked Baggage		Electronics	Computer & Accessories		0.0	Deny
171448	2012070995131	2012-06-04 00:00:00	2012-05-28 15:00:00	RIC	Richmond International	Jet Blue	Passenger Property Loss	Checked Baggage		Outdoors Supplies	Sporting Equipment & Supplies (footballs, parachutes, etc.)		0.0	Deny
171661	2012071495370	2012-06-11 00:00:00	2012-05-16 00:00:00	RIC	Richmond International	AirTran Airlines	Passenger Property Loss	Checked Baggage		Cosmetics	Travel Accessories		0.0	Deny
171834	2012071895509	2012-06-18 00:00:00	2012-06-05 10:30:00	RIC	Richmond International	Delta Air Lines	Passenger Property Loss	Checked Baggage		Cosmetics	Travel Accessories		0.0	Deny
171903	2012070695090	2012-06-19 00:00:00	2012-06-09 00:00:00	RIC	Richmond International	American Airlines	Passenger Property Loss	Checked Baggage		Clothing & Accessories	Clothing		0.0	Deny
171987	2012072595710	2012-06-21 00:00:00	2012-06-20 16:20:00	RIC	Richmond International	Delta Air Lines	Passenger Property Loss	Checkpoint		Electronics	Audio/Video		138.69	Approve in Full
172963	2012090896671	2012-07-30 00:00:00	2012-07-09 00:00:00	RIC	Richmond International	Delta Air Lines	Passenger Property Loss	Checkpoint		Electronics,Other	Computer & Accessories*Other		0.0	Deny
173599	2012100197292	2012-08-20 00:00:00	2012-08-02 00:00:00	RIC	Richmond International	Delta Air Lines	Passenger Property Loss	Checked Baggage		Clothing & Accessories,Clothing & Accessories	Clothing*Personal Accessories		0.0	Deny
175350	2012102397986	2012-10-23 00:00:00	2012-09-28 00:00:00	RIC	Richmond International	USAir	Passenger Property Loss	Checked Baggage		Cosmetics	Travel Accessories		0.0	Deny
177659	2013021401472	2013-01-22 00:00:00	2012-11-04 00:00:00	RIC	Richmond International	American Airlines	Passenger Property Loss	Checked Baggage		Watches & Jewelry	Jewelry & Watches		0.0	Deny
177929	2013021401434	2013-01-30 00:00:00	2013-01-25 00:00:00	RIC	Richmond International	UAL	Passenger Property Loss	Checked Baggage		Other	Other		68.0	Approve in Full
178339	2013021501532	2013-02-15 00:00:00	2013-01-13 00:00:00	RIC	Richmond International	UAL	Passenger Property Loss	Checkpoint		Electronics	Personal Electronics		0.0	Deny
179071	2013032502715	2013-03-13 00:00:00	2013-03-07 09:57:00	RIC	Richmond International	AirTran Airlines	Passenger Property Loss	Checked Baggage		Electronics,Electronics	Computer & Accessories*Computer & Accessories		0.0	Deny
179824	2013050903597	2013-04-12 00:00:00	2013-03-19 07:00:00	RIC	Richmond International	Delta Air Lines	Passenger Property Loss	Checked Baggage		Other,Watches & Jewelry	Currency*Jewelry & Watches			
179946	2013052003749	2013-04-16 00:00:00	2013-03-31 19:00:00	RIC	Richmond International	AirTran Airlines	Passenger Property Loss	Checkpoint		Cosmetics	Cosmetics & Grooming		148.57	Settle
180511	2013061004143	2013-05-08 00:00:00	2013-05-07 12:30:00	RIC	Richmond International	Jet Blue	Passenger Property Loss	Checkpoint		Other	Currency		60.0	Approve in Full
182390	2013082106158	2013-07-16 00:00:00	2013-06-19 08:30:00	RIC	Richmond International	Delta Air Lines	Passenger Property Loss	Checkpoint		Electronics	Personal Electronics		0.0	Deny
186235	2013121810137	2013-12-09 00:00:00	2013-12-05 16:00:00	RIC	Richmond International	UAL	Passenger Property Loss	Checked Baggage		Food & Drink	Food & Drink		0.0	Deny
187028	2014011310768	2014-01-08 00:00:00	2013-12-12 00:00:00	RIC	Richmond International	Southwest Airlines	Passenger Property Loss	Checked Baggage		Cosmetics	Cosmetics & Grooming		0.0	Deny
187839	2014021111603	2014-02-04 00:00:00	2013-12-18 00:00:00	RIC	Richmond International	Delta Air Lines	Passenger Property Loss	Checked Baggage		Other	Currency		0.0	Deny
187999	2014021911767	2014-02-11 00:00:00	2014-01-03 00:00:00	RIC	Richmond International	Delta Air Lines	Passenger Property Loss	Checked Baggage		Watches & Jewelry	Jewelry & Watches		0.0	Deny
188096	2014022111865	2014-02-18 00:00:00	2014-01-03 00:00:00	RIC	Richmond International	Southwest Airlines	Passenger Property Loss	Checked Baggage		Other	Other		0.0	Deny
188576	2014031112354	2014-03-07 00:00:00	2014-02-07 00:00:00	RIC	Richmond International	USAir	Passenger Property Loss	Checked Baggage		Cosmetics	Travel Accessories		0.0	Deny
188618	2014031212398	2014-03-12 00:00:00	2013-12-26 00:00:00	RIC	Richmond International	American Airlines	Passenger Property Loss	Checked Baggage		Household Items,Cosmetics	Household Items*Travel Accessories		84.99	Approve in Full
189832	2014043013643	2014-04-25 00:00:00	2014-04-21 00:00:00	RIC	Richmond International	American Airlines	Passenger Property Loss	Checked Baggage		Outdoors Supplies	Outdoor Items		0.0	Deny
189855	2014050113666	2014-04-28 00:00:00	2014-04-14 00:00:00	RIC	Richmond International	American Airlines	Passenger Property Loss	Checked Baggage		Cosmetics	Travel Accessories		0.0	Deny
190752	2014061214576	2014-05-28 00:00:00	2014-05-08 00:00:00	RIC	Richmond International	UAL	Passenger Property Loss	Checked Baggage		Outdoors Supplies	Sporting Equipment & Supplies (footballs, parachutes, etc.)		0.0	Deny
190866	2014061714693	2014-06-10 00:00:00	2014-05-01 00:00:00	RIC	Richmond International	UAL	Passenger Property Loss	Checked Baggage		Other	Other		0.0	Deny
191257	2014071115092	2014-06-27 00:00:00	2014-06-24 00:00:00	RIC	Richmond International	Delta Air Lines	Passenger Property Loss	Checked Baggage		Outdoors Supplies	Tools & Home Improvement Supplies		0.0	Deny
192355	2014082516214	2014-08-04 00:00:00	2014-07-16 00:00:00	RIC	Richmond International	Delta Air Lines	Passenger Property Loss	Checked Baggage		Outdoors Supplies	Tools & Home Improvement Supplies		0.0	Deny
192731	2014091616603	2014-08-22 00:00:00	2014-07-30 00:00:00	RIC	Richmond International	Southwest Airlines	Passenger Property Loss	Checked Baggage		Clothing & Accessories	Clothing		0.0	Deny
192895	2014091916770	2014-08-25 00:00:00	2014-07-16 00:00:00	RIC	Richmond International	Delta Air Lines	Passenger Property Loss	Checked Baggage		Electronics	Cameras			
202888	2015012820233	2015-01-28 00:00:00	2014-01-23 00:00:00	RIC	Richmond International	UAL	Passenger Property Loss	Checked Baggage		Containers,Other	Baggage/Cases/Purses*Other		0.0	Deny
202892	2015050122250	2015-04-27 00:00:00	2015-04-18 00:00:00	RIC	Richmond International	Jet Blue	Passenger Property Loss	Checked Baggage		Electronics	Audio/Video		0.0	Deny
202895	2015062623468	2015-06-18 00:00:00	2015-05-21 00:00:00	RIC	Richmond International	USAir	Passenger Property Loss	Checked Baggage		Other	Other		500.0	Settle
202897	2015072424215	2015-07-20 00:00:00	2015-07-05 00:00:00	RIC	Richmond International	Delta Air Lines	Passenger Property Loss	Checked Baggage		Cosmetics	Cosmetics & Grooming			
202898	2015072924337	2015-07-22 00:00:00	2015-05-06 00:00:00	RIC	Richmond International	Jet Blue	Passenger Property Loss	Checked Baggage		Electronics,Electronics,Watches & Jewelry,Scientific Intruments	Audio/Video*Audio/Video*Jewelry & Watches*Medical/Science		0.0	Deny
202900	2015080624608	2015-07-30 00:00:00	2015-06-14 00:00:00	RIC	Richmond International	Delta Air Lines	Passenger Property Loss	Checkpoint		Automobile & Mechanical	Automobile Parts & Accessories		248.06	Approve in Full
202902	2015081824964	2015-08-17 00:00:00	2015-08-12 00:00:00	RIC	Richmond International	Delta Air Lines	Passenger Property Loss	Checked Baggage		Cosmetics	Cosmetics & Grooming		0.0	Deny
202903	2015092125497	2015-08-31 00:00:00	2015-08-08 00:00:00	RIC	Richmond International	Southwest Airlines	Passenger Property Loss	Checked Baggage		Containers,Cosmetics	Baggage/Cases/Purses*Cosmetics & Grooming			
202905	2015102026109	2015-09-29 00:00:00	2015-09-26 00:00:00	RIC	Richmond International	Delta Air Lines	Passenger Property Loss	Checked Baggage		Cosmetics	Travel Accessories		13.18	Approve in Full
202907	2015120227218	2015-10-20 00:00:00	2015-08-28 00:00:00	RIC	Richmond International	Delta Air Lines	Passenger Property Loss	Checkpoint		Scientific Intruments,Scientific Intruments	Medical/Science*Medical/Science			
202908	2015120127186	2015-11-13 00:00:00	2015-10-26 00:00:00	RIC	Richmond International	American Airlines	Passenger Property Loss	Checkpoint		Electronics	Computer & Accessories			
202910	2015123028013	2015-12-16 00:00:00	2014-10-14 00:00:00	RIC	Richmond International	American Airlines	Passenger Property Loss	Checkpoint		Watches & Jewelry	Jewelry & Watches			
211260	2016051631355	2016-04-25 00:00:00	2016-04-13 00:00:00	RIC	Richmond International Richmond International	American Airlines	Passenger Property Loss	Checked Baggage		Cosmetics	Cosmetics & Grooming			Insufficient
211263	2016082933380	2016-07-20 00:00:00	2016-06-18 11:45:00	RIC	Richmond International Richmond International	American Airlines	Passenger Property Loss	Checkpoint		Scientific Intruments	Medical/Science		350.0	Approve in Full
211264	2016102535154	2016-09-12 00:00:00	2016-07-07 00:00:00	RIC	Richmond International Richmond International	Delta Air Lines	Passenger Property Loss	Checked Baggage		Cosmetics	Travel Accessories		18.0	Approve in Full
211267	2016042630844	2016-04-04 00:00:00	2016-03-06 15:00:00	RIC	Richmond International Richmond International	Delta Air Lines	Passenger Property Loss	Checkpoint		Watches & Jewelry	Jewelry & Watches		0.0	Deny
211271	2016092033630	2016-09-20 00:00:00	2016-07-03 15:30:00	RIC	Richmond International Richmond International	Delta Air Lines	Passenger Property Loss	Checkpoint		Outdoors Supplies	Hunting & Fishing Items		0.0	Deny
211272	2017012636943	2017-01-26 00:00:00	2016-11-04 14:30:00	RIC	Richmond International Richmond International	Delta Air Lines	Passenger Property Loss	Checkpoint		Outdoors Supplies	Sporting Equipment & Supplies (footballs, parachutes, etc.)			In Review
211273	2017011836664	2017-01-18 00:00:00	2016-11-23 11:26:00	RIC	Richmond International Richmond International	Southwest Airlines	Passenger Property Loss	Checked Baggage		Clothing & Accessories	Clothing			In Review
211275	2017020837385	2017-01-03 00:00:00	2016-12-21 11:14:00	RIC	Richmond International Richmond International	Southwest Airlines	Passenger Property Loss	Checked Baggage		Watches & Jewelry	Jewelry & Watches			In Review
219541	2017100343906	2017-09-01 00:00:00	2017-08-16 11:00:00	RIC	Richmond International Richmond International	American Airlines	Passenger Property Loss	Checked Baggage		Clothing & Accessories	Clothing			In Review
219544	2017052439913	2017-04-06 00:00:00	2017-03-22 18:00:00	RIC	Richmond International Richmond International	Delta Air Lines	Passenger Property Loss	Checked Baggage		Cosmetics	Travel Accessories		12.99	Approve in Full
219545	2017071241477	2017-07-06 00:00:00	2017-06-05 06:00:00	RIC	Richmond International Richmond International	Southwest Airlines	Passenger Property Loss	Checked Baggage		Clothing & Accessories	Clothing		0.0	Deny
219551	2017060940401	2017-04-14 00:00:00	2017-04-13 00:00:00	RIC	Richmond International Richmond International	UAL	Passenger Property Loss	Checked Baggage		Clothing & Accessories	Clothing			In Review
219553	2017072741891	2017-06-15 00:00:00	2017-05-08 20:30:00	RIC	Richmond International Richmond International	Allegiant Air	Passenger Property Loss	Checkpoint		Other	Incidentals			In Review
219554	2017041938701	2017-02-20 00:00:00	2017-02-15 00:00:00	RIC	Richmond International Richmond International	UAL	Passenger Property Loss	Checked Baggage		Clothing & Accessories	Clothing		0.0	Deny
219555	2017042638973	2017-02-21 00:00:00	2017-02-02 15:45:00	RIC	Richmond International Richmond International	Allegiant Air	Passenger Property Loss	Checked Baggage		Other	Other		0.0	Deny
219557	2017032438182	2017-01-25 00:00:00	2017-01-02 00:00:00	RIC	Richmond International Richmond International	Delta Air Lines	Passenger Property Loss	Checked Baggage		Electronics	Computer & Accessories		235.0	Approve in Full
219558	2017112545417	2017-10-31 00:00:00	2017-09-26 17:00:00	RIC	Richmond International Richmond International	Delta Air Lines	Passenger Property Loss	Checked Baggage		Other	Incidentals			In Review