id	claim_number	date_received	incident_date	airport_code	airport_name	airline	claim_type	claim_site	claim_amount	items_new	items_old	status	close_amount	disposition
17000	1002060M	2003-10-02 00:00:00	2003-09-04 00:00:00	SBN	South Bend Regional	Northwest Airlines	Passenger Property Loss	Checked Baggage	250.0	Clothing & Accessories	Clothing - Shoes, belts, accessories, etc.	Approved	250.0	Approve in Full
36208	2004061856278	2004-05-27 00:00:00	2004-03-16 00:00:00	SBN	South Bend Regional		Passenger Property Loss	Checkpoint	80.0	Electronics	Cell Phones	Denied	80.0	Deny
51392	2004122170135	2004-12-07 00:00:00	2004-09-07 00:00:00	SBN	South Bend Regional	Northwest Airlines	Passenger Property Loss	Checked Baggage	42.39	Electronics	DVD/CD Players	Denied	0.0	Deny
55216	2005021676241	2005-01-24 00:00:00	2005-01-08 00:00:00	SBN	South Bend Regional	USAir	Passenger Property Loss	Checked Baggage	30.0	Other	Other	Approved	30.0	Approve in Full
62667	2005042783469	2005-04-26 00:00:00	2005-03-26 00:00:00	SBN	South Bend Regional	US Express	Passenger Property Loss	Checked Baggage	480.0	Other	Other	Settled	375.76	Settle
65619	2005062086657	2005-06-07 00:00:00	2005-05-29 00:00:00	SBN	South Bend Regional	UAL	Passenger Property Loss	Checked Baggage	133.3	Clothing & Accessories	Clothing - Shoes, belts, accessories, etc.	Approved	133.3	Approve in Full
67927	2005071488859	2005-07-13 00:00:00	2005-06-24 00:00:00	SBN	South Bend Regional	Northwest Airlines	Passenger Property Loss	Checked Baggage	500.0	Other	Currency	Denied	0.0	Deny
69818	2005081890871	2005-08-09 00:00:00	2005-07-31 00:00:00	SBN	South Bend Regional	Northwest Airlines	Passenger Property Loss	Checked Baggage	49.17	Other	Other	Denied	0.0	Deny
71550	2005091692648	2005-09-08 00:00:00	2005-08-21 00:00:00	SBN	South Bend Regional	Delta Air Lines	Passenger Property Loss	Checked Baggage	1099.99	Electronics	Stereo Items & Accessories	Denied	0.0	Deny
73784	2005101994888	2005-10-17 00:00:00	2005-09-27 00:00:00	SBN	South Bend Regional	UAL	Passenger Property Loss	Checked Baggage	110.0	Other	Other	Approved	110.0	Approve in Full
73839	2005102195016	2005-10-17 00:00:00	2005-08-16 00:00:00	SBN	South Bend Regional	UAL	Passenger Property Loss	Checked Baggage	45.0	Other	Other	Canceled	0.0	
74059	2005102695225	2005-10-18 00:00:00	2005-06-11 00:00:00	SBN	South Bend Regional	Northwest Airlines	Passenger Property Loss	Checked Baggage	945.0	Watches & Jewelry	Jewelry - Fine	Denied	0.0	Deny
75203	2005112196320	2005-11-09 00:00:00	2005-09-23 00:00:00	SBN	South Bend Regional	UAL	Passenger Property Loss	Checked Baggage	514.43	Watches & Jewelry	Jewelry - Fine	Denied	0.0	Deny
75326	2005112596430	2005-11-10 00:00:00	2005-11-04 00:00:00	SBN	South Bend Regional	Delta Air Lines	Passenger Property Loss	Checked Baggage	80.0	Other	Other	Settled	33.0	Settle
76835	2005121497865	2005-12-08 00:00:00	2005-10-05 00:00:00	SBN	South Bend Regional	Northwest Airlines	Passenger Property Loss	Checked Baggage	377.52	Watches & Jewelry	Jewelry - Fine	Settled	274.79	Settle
77244	2005122798373	2005-12-16 00:00:00	2005-12-04 00:00:00	SBN	South Bend Regional	Delta Air Lines	Passenger Property Loss	Checked Baggage	327.23	Other	Other	Denied	0.0	Deny
78793	2006012099934	2006-01-13 00:00:00	2005-01-03 00:00:00	SBN	South Bend Regional	Delta Air Lines	Passenger Property Loss	Checked Baggage	35.0	Other	Other	Denied	0.0	Deny
78888	2006012300037	2006-01-17 00:00:00	2005-12-23 00:00:00	SBN	South Bend Regional	UAL	Passenger Property Loss	Checkpoint	25.0	Clothing & Accessories	Clothing - Shoes, belts, accessories, etc.	Denied	0.0	Deny
79393	2006013100645	2006-01-24 00:00:00	2006-01-20 00:00:00	SBN	South Bend Regional	Northwest Airlines	Passenger Property Loss	Checked Baggage	30.0	Other	Other	Approved	30.0	Approve in Full
79710	2006020200865	2006-01-27 00:00:00	2006-01-18 00:00:00	SBN	South Bend Regional	UAL	Passenger Property Loss	Checked Baggage	175.0	Cosmetics	Cosmetics - Perfume, toilet articles, medicines, soaps, etc.	Denied	0.0	Deny
80884	2006022302072	2006-02-17 00:00:00	2006-02-04 00:00:00	SBN	South Bend Regional	Delta Air Lines	Passenger Property Loss	Checked Baggage	30.0	Watches & Jewelry	Jewelry - Fine	Approved	30.0	Approve in Full
81207	2006022802249	2006-02-24 00:00:00	2006-02-13 00:00:00	SBN	South Bend Regional	Allegiant Air	Passenger Property Loss	Checked Baggage	259.0	Electronics	Cameras - Digital	Denied	0.0	Deny
82816	2006040404015	2006-03-24 00:00:00	2005-03-12 00:00:00	SBN	South Bend Regional	Continental Airlines	Passenger Property Loss	Checked Baggage	435.59	Electronics	Cameras - Digital	Denied	0.0	Deny
83045	2006040704210	2006-03-28 00:00:00	2006-03-19 00:00:00	SBN	South Bend Regional	Delta Air Lines	Passenger Property Loss	Checked Baggage	320.0	Cosmetics	Cosmetics - Perfume, toilet articles, medicines, soaps, etc.	Settled	160.0	Settle
83441	2006041204350	2006-04-06 00:00:00	2006-02-13 00:00:00	SBN	South Bend Regional	Delta Air Lines	Passenger Property Loss	Checked Baggage	1478.7	Watches & Jewelry	Jewelry - Fine	Denied	0.0	Deny
84031	2006042505251	2006-04-18 00:00:00	2006-03-28 00:00:00	SBN	South Bend Regional	Continental Airlines	Passenger Property Loss	Checked Baggage	25.0	Other	Other	Denied	0.0	Deny
84906	2006051105980	2006-05-08 00:00:00	2006-03-29 00:00:00	SBN	South Bend Regional	Delta Air Lines	Passenger Property Loss	Checked Baggage	8.47	Tools & Machines	Locks	Approved	8.47	Approve in Full
85056	2006051206115	2006-05-09 00:00:00	2006-04-22 00:00:00	SBN	South Bend Regional	UAL	Passenger Property Loss	Checked Baggage	100.0	Watches & Jewelry	Jewelry - Fine	Settled	50.0	Settle
86951	2006061908212	2006-06-16 00:00:00	2006-06-03 00:00:00	SBN	South Bend Regional	Northwest Airlines	Passenger Property Loss	Checked Baggage	161.0	Tools & Machines,Other	Barber Supplies - Scissors, shears, elecric razors, etc.*Other	Denied	0.0	Deny
88544	2006071909800	2006-07-17 00:00:00	2006-06-03 00:00:00	SBN	South Bend Regional	Northwest Airlines	Passenger Property Loss	Checked Baggage	265.0	Cosmetics,Watches & Jewelry,Watches & Jewelry	Cosmetics - Perfume, toilet articles, medicines, soaps, etc.*Jewelry - Costume*Jewelry - Fine	Settled	187.5	Settle
91655	2006092012921	2006-09-15 00:00:00	2006-08-23 00:00:00	SBN	South Bend Regional	Delta Air Lines	Passenger Property Loss	Checked Baggage	800.0	Other	Currency	Denied	0.0	Deny
93381	2006102414522	2006-10-19 00:00:00	2006-10-15 00:00:00	SBN	South Bend Regional	UAL	Passenger Property Loss	Checked Baggage	175.0	Other	Other	Settled	87.5	Settle
93851	2006110315160	2006-10-30 00:00:00	2006-09-08 00:00:00	SBN	South Bend Regional	Northwest Airlines	Passenger Property Loss	Checked Baggage	53.0	Cosmetics	Cosmetics - Perfume, toilet articles, medicines, soaps, etc.	Denied	0.0	Deny
94078	2006110815354	2006-11-03 00:00:00	2006-02-03 00:00:00	SBN	South Bend Regional	UAL	Passenger Property Loss	Checkpoint	2100.0	Electronics	Hearing Aids	Approved	2100.0	Approve in Full
94496	2006111715772	2006-11-13 00:00:00	2006-09-21 00:00:00	SBN	South Bend Regional	Delta Air Lines	Passenger Property Loss	Checked Baggage	408.89	Electronics	Cameras - Digital	Denied	0.0	Deny
94777	2006112216027	2006-11-16 00:00:00	2006-10-04 00:00:00	SBN	South Bend Regional	Allegiant Air	Passenger Property Loss	Checked Baggage	75.0	Cosmetics	Cosmetics - Perfume, toilet articles, medicines, soaps, etc.	Settled	37.5	Settle
95049	2006112816324	2006-11-22 00:00:00	2006-10-21 00:00:00	SBN	South Bend Regional	UAL	Passenger Property Loss	Checked Baggage	200.0	Electronics	Audio - CD's	Denied	0.0	Deny
95764	2006121417152	2006-12-05 00:00:00	2006-11-10 00:00:00	SBN	South Bend Regional	Northwest Airlines	Passenger Property Loss	Checked Baggage	188.95	Electronics	Cameras - Digital	Settled	47.24	Settle
97411	2007011018590	2007-01-05 00:00:00	2006-11-27 00:00:00	SBN	South Bend Regional	Delta Air Lines	Passenger Property Loss	Checked Baggage	10.0	Tools & Machines	Locks	Approved	10.0	Approve in Full
97464	2007011018541	2007-01-05 00:00:00	2006-07-17 00:00:00	SBN	South Bend Regional	UAL	Passenger Property Loss	Checked Baggage	1079.28	Electronics	Audio - CD's	Denied	0.0	Deny
98088	2007012519519	2007-01-16 00:00:00	2007-01-06 00:00:00	SBN	South Bend Regional	Northwest Airlines	Passenger Property Loss	Checked Baggage	13.65	Other	Other	Approved	13.65	Approve in Full
100052	2007022021206	2007-02-16 00:00:00	2007-01-20 00:00:00	SBN	South Bend Regional	Allegiant Air	Passenger Property Loss	Checked Baggage	135.0	Cosmetics	Cosmetics - Perfume, toilet articles, medicines, soaps, etc.	Denied	0.0	Deny
100362	2007022821675	2007-02-26 00:00:00	2007-02-09 00:00:00	SBN	South Bend Regional	Delta Air Lines	Passenger Property Loss	Checked Baggage	31.97	Scientific Intruments	Medical Equipment & Insturments	Approved	31.97	Approve in Full
101307	2007031922484	2007-03-15 00:00:00	2007-02-22 00:00:00	SBN	South Bend Regional	USAir	Passenger Property Loss	Checked Baggage	278.0	Watches & Jewelry	Jewelry - Costume	Denied	0.0	Deny
103650	2007050224883	2007-05-01 00:00:00	2007-04-12 00:00:00	SBN	South Bend Regional	Delta Air Lines	Passenger Property Loss	Checked Baggage	95.0	Clothing & Accessories	Eyeglasses - (including contact lenses)	Denied	0.0	Deny
103725	2007050424981	2007-05-02 00:00:00	2007-04-18 00:00:00	SBN	South Bend Regional		Passenger Property Loss	Checked Baggage	364.24	Clothing & Accessories	Eyeglasses - (including contact lenses)	Settled	182.12	Settle
106420	2007070327772	2007-06-26 00:00:00	2007-06-17 00:00:00	SBN	South Bend Regional	UAL	Passenger Property Loss	Checked Baggage	504.27	Electronics	GPS - Global Positioning System	Denied	0.0	Deny
106596	2007070627906	2007-06-29 00:00:00	2007-03-23 00:00:00	SBN	South Bend Regional	Delta Air Lines	Passenger Property Loss	Checked Baggage	618.61	Electronics,Other	DVD/CD Players*Other	Denied	0.0	Deny
109791	2007082931146	2007-08-27 00:00:00	2007-04-22 00:00:00	SBN	South Bend Regional	Allegiant Air	Passenger Property Loss	Checkpoint	74.2	Cosmetics	Cosmetics - Perfume, toilet articles, medicines, soaps, etc.	Denied	0.0	Deny
110477	2007091231681	2007-09-10 00:00:00	2007-07-29 00:00:00	SBN	South Bend Regional	Northwest Airlines	Passenger Property Loss	Checked Baggage	75.98	Tools & Machines,Other	Barber Supplies - Scissors, shears, elecric razors, etc.*Other	Settled	37.99	Settle
115340	2007122736936	2007-12-18 00:00:00	2007-12-13 00:00:00	SBN	South Bend Regional	Delta Air Lines	Passenger Property Loss	Checked Baggage	8.0	Tools & Machines	Locks	Approved	8.0	Approve in Full
115365	2007122136815	2007-12-18 00:00:00	2007-12-13 00:00:00	SBN	South Bend Regional	Northwest Airlines	Passenger Property Loss	Checked Baggage	12.39	Tools & Machines	Locks	Denied	0.0	Deny
116372	2008011437841	2008-01-08 00:00:00	2007-12-31 00:00:00	SBN	South Bend Regional		Passenger Property Loss	Checked Baggage	331.87	Electronics,Other	Cameras - Digital*Other	Denied	0.0	Deny
116802	2008012438494	2008-01-14 00:00:00	2008-01-09 00:00:00	SBN	South Bend Regional	Delta Air Lines	Passenger Property Loss	Checked Baggage	28.0	Clothing & Accessories	Clothing - Shoes, belts, accessories, etc.	Settled	14.0	Settle
118942	2008030640552	2008-02-27 00:00:00	2008-01-14 00:00:00	SBN	South Bend Regional	UAL	Passenger Property Loss	Checked Baggage	27.0	Tools & Machines	Locks	Denied	0.0	Deny
119350	2008031340947	2008-03-06 00:00:00	2008-02-02 00:00:00	SBN	South Bend Regional	UAL	Passenger Property Loss	Checked Baggage	23.85	Electronics	DVD/CD Players	Settled	11.92	Settle
119772	2008032441413	2008-03-17 00:00:00	2007-08-17 00:00:00	SBN	South Bend Regional	UAL	Passenger Property Loss	Checked Baggage	987.0	Cosmetics,Clothing & Accessories,Other	Cosmetics - Perfume, toilet articles, medicines, soaps, etc.*Eyeglasses - (including contact lenses)*Other	Denied	0.0	Deny
121263	2008041842848	2008-04-14 00:00:00	2008-04-06 00:00:00	SBN	South Bend Regional	UAL	Passenger Property Loss	Checked Baggage	319.94	Electronics	Cameras - Digital	Denied	0.0	Deny
124646	2008063046356	2008-06-25 00:00:00	2008-06-21 00:00:00	SBN	South Bend Regional	UAL	Passenger Property Loss	Checked Baggage	95.0	Clothing & Accessories	Clothing - Shoes, belts, accessories, etc.	Denied	0.0	Deny
126255	2008080447955	2008-07-30 00:00:00	2008-07-17 00:00:00	SBN	South Bend Regional	Northwest Airlines	Passenger Property Loss	Checked Baggage	87.45	Outdoors Supplies	Tools - Manual (not in a vehicle)	Settled	43.72	Settle
128005	2008091149753	2008-09-08 00:00:00	2008-08-19 00:00:00	SBN	South Bend Regional	Delta Air Lines	Passenger Property Loss	Checked Baggage	3500.0	Electronics	Computer - Laptop	Insufficient, one of the following items required: sum certain, statement of fact, signature, location of incident, and date.		
130302	2008111352161	2008-11-05 00:00:00	2008-08-29 00:00:00	SBN	South Bend Regional	UAL	Passenger Property Loss	Checkpoint	1043.25	Watches & Jewelry	Jewelry - Fine	Denied	0.0	Deny
131383	2008120853186	2008-12-04 00:00:00	2008-12-03 00:00:00	SBN	South Bend Regional	Delta Air Lines	Passenger Property Loss	Checked Baggage	300.0	Other	Currency	Denied	0.0	Deny
131834	2008122453763	2008-12-16 00:00:00	2006-12-17 00:00:00	SBN	South Bend Regional	Northwest Airlines	Passenger Property Loss	Checkpoint	98.96	Cosmetics	Cosmetics - Perfume, toilet articles, medicines, soaps, etc.	Denied	0.0	Deny
134418	2009022455768	2009-02-26 00:00:00	2009-01-10 00:00:00	SBN	South Bend Regional	Allegiant Air	Passenger Property Loss	Checked Baggage	100.0	Clothing & Accessories	Clothing - Shoes, belts, accessories, etc.	Denied	0.0	Deny
139642	2009072261626	2009-07-17 00:00:00	2009-07-12 00:00:00	SBN	South Bend Regional	Northwest Airlines	Passenger Property Loss	Checked Baggage	5620.0	Watches & Jewelry	Jewelry - Fine	Denied	0.0	Deny
142058	2009100264290	2009-09-24 00:00:00	2009-09-14 00:00:00	SBN	South Bend Regional	UAL	Passenger Property Loss	Checked Baggage	6.99	Tools & Machines	Locks	Approved	6.99	Approve in Full
143423	2009110965249	2009-11-09 00:00:00	2009-10-23 14:00:00	SBN	South Bend Regional	UAL	Passenger Property Loss	Checked Baggage	2500.0	Electronics	Computer - Laptop	Insufficient, one of the following items required: sum certain, statement of fact, signature, location of incident, and date.		
145080	2010010567111	2009-12-30 00:00:00	2009-12-28 07:00:00	SBN	South Bend Regional	Northwest Airlines	Passenger Property Loss	Checked Baggage	207.78	Cosmetics	Cosmetics - Perfume, toilet articles, medicines, soaps, etc.	Denied	0.0	Deny
151997	2010082875411	2010-08-23 00:00:00	2010-07-28 00:00:00	SBN	South Bend Regional	Allegiant Air	Passenger Property Loss	Checked Baggage		Other,Other	Currency*Other			
153286	2010100676743	2010-09-29 00:00:00	2010-09-03 05:45:00	SBN	South Bend Regional	UAL	Passenger Property Loss	Checked Baggage		Watches & Jewelry	Jewelry & Watches		0.0	Deny
155447	2010122078886	2010-12-08 00:00:00	2010-11-14 09:30:00	SBN	South Bend Regional	Continental Airlines	Passenger Property Loss	Checked Baggage		Electronics	Cameras		145.07	Settle
156382	2011013179823	2011-01-11 00:00:00	2010-12-19 00:00:00	SBN	South Bend Regional	Allegiant Air	Passenger Property Loss	Checked Baggage		Cosmetics	Cosmetics & Grooming		0.0	Deny
159370	2011042182810	2011-04-18 00:00:00	2011-03-27 15:08:00	SBN	South Bend Regional	Allegiant Air	Passenger Property Loss	Checked Baggage		Clothing & Accessories	Clothing		0.0	Deny
160148	2011052383658	2011-05-12 00:00:00	2011-05-01 06:50:00	SBN	South Bend Regional	Delta Air Lines	Passenger Property Loss	Checked Baggage		Watches & Jewelry	Jewelry & Watches		0.0	Deny
211550	2017011136459	2016-12-13 00:00:00	2016-11-28 00:00:00	SBN	South Bend Regional South Bend Regional	Delta Air Lines	Passenger Property Loss	Checked Baggage		Containers	Baggage/Cases/Purses			In Review
219837	2017051539519	2017-03-24 00:00:00	2017-03-15 07:47:00	SBN	South Bend Regional South Bend Regional	UAL	Passenger Property Loss	Checked Baggage		Containers,Clothing & Accessories,Cosmetics,Scientific Intruments	Baggage/Cases/Purses*Clothing*Cosmetics & Grooming*Medical/Science		0.0	Deny