id	claim_number	date_received	incident_date	airport_code	airport_name	airline	claim_type	claim_site	claim_amount	items_new	items_old	status	close_amount	disposition
1403	21400	2003-01-14 00:00:00	2002-11-21 00:00:00	TUL	Tulsa International Airport	Delta Air Lines	Passenger Property Loss	Checked Baggage	287.57	Electronics	Cell Phones	Denied	287.57	Deny
2295	0205023L	2003-02-05 00:00:00	2003-01-24 00:00:00	TUL	Tulsa International Airport	UAL	Passenger Property Loss	Checked Baggage	200.0	Containers	Luggage (all types including footlockers)	Settled	100.0	Settle
4982	0411026L	2003-04-11 00:00:00	2003-03-14 00:00:00	TUL	Tulsa International Airport	Delta Air Lines	Passenger Property Loss	Checked Baggage	64.79	Clothing & Accessories	Clothing - Shoes, belts, accessories, etc.	Approved	64.79	Approve in Full
5227	0417005L	2003-04-17 00:00:00	2003-03-23 00:00:00	TUL	Tulsa International Airport	Delta Air Lines	Passenger Property Loss	Checked Baggage	370.0	Clothing & Accessories	Eyeglasses - (including contact lenses)	Approved	370.0	Approve in Full
5755	0428005L	2003-04-28 00:00:00	2003-03-26 00:00:00	TUL	Tulsa International Airport	Northwest Airlines	Passenger Property Loss	Checked Baggage	335.0	Cosmetics	Cosmetics - Perfume, toilet articles, medicines, soaps, etc.	Settled	167.5	Settle
6479	0514095L	2003-05-14 00:00:00	2003-03-14 00:00:00	TUL	Tulsa International Airport	Continental Airlines	Passenger Property Loss	Checked Baggage	2010.0	Other	Other	Denied	0.0	Deny
8203	0610123L	2003-06-10 00:00:00	2002-10-25 00:00:00	TUL	Tulsa International Airport	American Airlines	Passenger Property Loss	Checked Baggage	380.0	Other	Other	Denied	0.0	Deny
8679	0617132L	2003-06-17 00:00:00	2003-06-05 00:00:00	TUL	Tulsa International Airport	American Airlines	Passenger Property Loss	Checked Baggage	25.0	Cosmetics	Cosmetics - Perfume, toilet articles, medicines, soaps, etc.	Approved	25.0	Approve in Full
8889	0618061L	2003-06-18 00:00:00	2003-05-20 00:00:00	TUL	Tulsa International Airport		Passenger Property Loss	Checked Baggage		Other	Other	Insufficient, one of the following items required: sum certain, statement of fact, signature, location of incident, and date.		
9391	0625186M	2003-06-25 00:00:00	2003-06-12 00:00:00	TUL	Tulsa International Airport	American Airlines	Passenger Property Loss	Checked Baggage	50.96	Other	Other	Denied	0.0	Deny
10401	0709067M	2003-07-09 00:00:00	2003-06-06 00:00:00	TUL	Tulsa International Airport	UAL	Passenger Property Loss	Checked Baggage	70.0	Clothing & Accessories	Clothing - Shoes, belts, accessories, etc.	Approved	70.0	Approve in Full
11320	0721030M	2003-07-21 00:00:00	2003-05-26 00:00:00	TUL	Tulsa International Airport	American Airlines	Passenger Property Loss	Checked Baggage	107.2	Other	Other	Denied	0.0	Deny
12188	0731161M	2003-07-31 00:00:00	2003-07-09 00:00:00	TUL	Tulsa International Airport	UAL	Passenger Property Loss	Checked Baggage	35.0	Clothing & Accessories	Clothing - Shoes, belts, accessories, etc.	Approved	35.0	Approve in Full
12337	0801016M	2003-08-01 00:00:00	2003-07-13 00:00:00	TUL	Tulsa International Airport	Continental Airlines	Passenger Property Loss	Checked Baggage	881.96	Electronics	Stereo Items & Accessories	Denied	0.0	Deny
13727	0819017M	2003-08-19 00:00:00	2003-07-10 00:00:00	TUL	Tulsa International Airport	Southwest Airlines	Passenger Property Loss	Checked Baggage	100.0	Other	Other	Denied	0.0	Deny
13900	0821116M	2003-08-21 00:00:00	2003-08-08 00:00:00	TUL	Tulsa International Airport	American Airlines	Passenger Property Loss	Checked Baggage	46.47	Clothing & Accessories	Clothing - Shoes, belts, accessories, etc.	Approved	46.0	Approve in Full
14125	0822009M	2003-08-22 00:00:00	2003-07-29 00:00:00	TUL	Tulsa International Airport		Passenger Property Loss	Checked Baggage	40.0	Other	Currency	Settled	20.0	Settle
15723	0910002M	2003-09-10 00:00:00	2003-05-16 00:00:00	TUL	Tulsa International Airport	Delta Air Lines	Passenger Property Loss	Checked Baggage	2860.0	Electronics	Cameras - Digital	Settled	1430.0	Settle
17042	1002199M	2003-10-02 00:00:00	2003-07-28 00:00:00	TUL	Tulsa International Airport	UAL	Passenger Property Loss	Checked Baggage	30.0	Clothing & Accessories	Clothing - Shoes, belts, accessories, etc.	Approved	30.0	Approve in Full
17315	1006083M	2003-10-06 00:00:00	2003-09-23 00:00:00	TUL	Tulsa International Airport		Passenger Property Loss	Checked Baggage	75.0	Other	Other	Approved	75.0	Approve in Full
17575	1009013M	2003-10-09 00:00:00	2003-08-20 00:00:00	TUL	Tulsa International Airport	UAL	Passenger Property Loss	Checked Baggage	72.28	Other	Other	Approved	72.28	Approve in Full
18062	1016017M	2003-10-16 00:00:00	2003-08-11 00:00:00	TUL	Tulsa International Airport		Passenger Property Loss	Checked Baggage	40.0	Clothing & Accessories	Clothing - Shoes, belts, accessories, etc.	Settled	20.0	Settle
18380	1021294M	2003-10-21 00:00:00	2003-09-27 00:00:00	TUL	Tulsa International Airport	Continental Airlines	Passenger Property Loss	Checked Baggage	310.0	Other	Other	Denied	0.0	Deny
19347	1105032M	2003-11-05 00:00:00	2003-10-23 00:00:00	TUL	Tulsa International Airport	Continental Airlines	Passenger Property Loss	Checked Baggage	181.86	Electronics	Cameras - Digital	Denied	0.0	Deny
23802	0105218M	2004-01-05 00:00:00	2003-12-20 00:00:00	TUL	Tulsa International Airport		Passenger Property Loss	Checkpoint	92.0	Watches & Jewelry	Jewelry - Fine	Denied	0.0	Deny
24466	0107165M	2004-01-07 00:00:00	2003-12-25 00:00:00	TUL	Tulsa International Airport		Passenger Property Loss	Checked Baggage	634.98	Other	Other	Settled	317.49	Settle
24779	2005013175030	2004-01-14 00:00:00	2004-11-15 00:00:00	TUL	Tulsa International Airport		Passenger Property Loss	Checked Baggage	176.0	Other	Other	Approved	176.0	Approve in Full
26770	0203454M	2004-02-03 00:00:00	2003-11-22 00:00:00	TUL	Tulsa International Airport	Northwest Airlines	Passenger Property Loss	Checked Baggage	507.18	Electronics	Stereo Items & Accessories	Canceled		
27601	0210203M	2004-02-10 00:00:00	2003-01-31 00:00:00	TUL	Tulsa International Airport	American Airlines	Passenger Property Loss	Checked Baggage	79.95	Other	Other	Settled	40.0	Settle
27676	0212119M	2004-02-12 00:00:00	2004-01-10 00:00:00	TUL	Tulsa International Airport	Northwest Airlines	Passenger Property Loss	Checked Baggage	134.0	Other	Other	Approved	134.0	Approve in Full
29795	2004042350109	2004-03-10 00:00:00	2004-01-31 00:00:00	TUL	Tulsa International Airport	Southwest Airlines	Passenger Property Loss	Checked Baggage	600.0	Other	Currency	Denied	0.0	Deny
31465	2005081190416	2004-03-25 00:00:00	2004-01-31 00:00:00	TUL	Tulsa International Airport	Southwest Airlines	Passenger Property Loss	Checked Baggage	600.0	Other	Currency	Denied	0.0	Deny
32210	2004051752416	2004-04-06 00:00:00	2003-12-09 00:00:00	TUL	Tulsa International Airport	Northwest Airlines	Passenger Property Loss	Checked Baggage	410.4	Clothing & Accessories	Clothing - Shoes, belts, accessories, etc.	Denied	0.0	Deny
32435	2004052653542	2004-04-15 00:00:00	2004-03-13 00:00:00	TUL	Tulsa International Airport		Passenger Property Loss	Checked Baggage	63.0	Other	Other	Approved	63.0	Approve in Full
32472	2004052553482	2004-04-15 00:00:00	2004-03-13 00:00:00	TUL	Tulsa International Airport		Passenger Property Loss	Checked Baggage	63.0	Supplies	Medicines	Canceled		
32477	2004052853710	2004-04-15 00:00:00	2003-10-19 00:00:00	TUL	Tulsa International Airport		Passenger Property Loss	Checked Baggage	1500.0	Other	Other	Canceled	0.0	
33915	2004051752616	2004-05-03 00:00:00	2004-04-05 00:00:00	TUL	Tulsa International Airport	American Airlines	Passenger Property Loss	Checked Baggage	700.0	Other	Other	Denied	0.0	Deny
34880	2004061555747	2004-05-10 00:00:00	2004-04-24 00:00:00	TUL	Tulsa International Airport	American Airlines	Passenger Property Loss	Checked Baggage	14.0	Cosmetics	Cosmetics - Perfume, toilet articles, medicines, soaps, etc.	Approved	14.0	Approve in Full
35217	2004061055318	2004-05-13 00:00:00	2004-04-30 00:00:00	TUL	Tulsa International Airport	UAL	Passenger Property Loss	Checked Baggage	0.0	Electronics	Computer - Laptop	Canceled	0.0	
35223	2004061555922	2004-05-13 00:00:00		TUL	Tulsa International Airport	American Airlines	Passenger Property Loss	Checked Baggage	600.0	Watches & Jewelry	Jewelry - Fine	Canceled		
35328	2004061055462	2004-05-13 00:00:00	2004-04-28 00:00:00	TUL	Tulsa International Airport		Passenger Property Loss	Checked Baggage	728.15	Other	Other	Settled	150.0	Settle
35559	2004062156516	2004-05-19 00:00:00	2004-05-08 00:00:00	TUL	Tulsa International Airport	UAL	Passenger Property Loss	Checked Baggage	16.11	Cosmetics	Cosmetics - Perfume, toilet articles, medicines, soaps, etc.	Approved	16.11	Approve in Full
36166	2004060855082	2004-05-27 00:00:00	2004-05-06 00:00:00	TUL	Tulsa International Airport		Passenger Property Loss	Checked Baggage	2600.0	Electronics	Computer - Laptop	Denied	0.0	Deny
37571	2004062957789	2004-06-09 00:00:00	2004-05-31 00:00:00	TUL	Tulsa International Airport	Southwest Airlines	Passenger Property Loss	Checkpoint	148.94	Clothing & Accessories	Eyeglasses - (including contact lenses)	Approved	148.94	Approve in Full
38444	2004071659538	2004-06-22 00:00:00	2004-06-14 00:00:00	TUL	Tulsa International Airport	Continental Airlines	Passenger Property Loss	Checked Baggage	17.21	Other	Other	Approved	17.21	Approve in Full
38715	2004071259069	2004-06-28 00:00:00	2004-05-28 00:00:00	TUL	Tulsa International Airport	American Airlines	Passenger Property Loss	Checked Baggage	35.0	Other	Other	Approved	35.0	Approve in Full
39503	2004072760114	2004-07-09 00:00:00	2004-06-25 00:00:00	TUL	Tulsa International Airport	UAL	Passenger Property Loss	Checked Baggage	100.0	Electronics	Cameras - Digital	Approved	100.0	Approve in Full
40747	2004082661351	2004-07-21 00:00:00	2004-05-19 00:00:00	TUL	Tulsa International Airport	American Airlines	Passenger Property Loss	Checked Baggage	160.0	Other	Other	Denied	0.0	Deny
41499	2004090161859	2004-08-03 00:00:00	2004-07-01 00:00:00	TUL	Tulsa International Airport	Northwest Airlines	Passenger Property Loss	Checked Baggage	139.99	Clothing & Accessories	Clothing - Shoes, belts, accessories, etc.	Denied	0.0	Deny
42605	2004092263349	2004-08-13 00:00:00	2004-07-22 00:00:00	TUL	Tulsa International Airport	Southwest Airlines	Passenger Property Loss	Checked Baggage	25.0	Other	Other	Denied	0.0	Deny
43838	2004101465025	2004-08-31 00:00:00	2004-07-27 00:00:00	TUL	Tulsa International Airport	Southwest Airlines	Passenger Property Loss	Checked Baggage	272.0	Other	Other	Settled	136.0	Settle
43983	2004100864853	2004-09-06 00:00:00	2004-08-05 00:00:00	TUL	Tulsa International Airport	Southwest Airlines	Passenger Property Loss	Checked Baggage	54.32	Clothing & Accessories	Clothing - Shoes, belts, accessories, etc.	Approved	54.32	Approve in Full
45437	2004102065322	2004-09-20 00:00:00	2004-09-11 00:00:00	TUL	Tulsa International Airport	Southwest Airlines	Passenger Property Loss	Checkpoint	50.0	Other	Currency	Denied	0.0	Deny
46566	2004111567020	2004-10-05 00:00:00	2004-08-22 00:00:00	TUL	Tulsa International Airport	Delta Air Lines	Passenger Property Loss	Checked Baggage	56.68	Other	Other	Approved	56.68	Approve in Full
48175	2004120968927	2004-10-25 00:00:00	2004-10-13 00:00:00	TUL	Tulsa International Airport		Passenger Property Loss	Checked Baggage	152.0	Other	Other	Denied	0.0	Deny
48455	2004121469082	2004-10-27 00:00:00	2004-10-08 00:00:00	TUL	Tulsa International Airport	UAL	Passenger Property Loss	Checked Baggage	1250.0	Electronics	Cameras - Digital	Denied	0.0	Deny
48704	2004122971537	2004-10-29 00:00:00	2004-09-21 00:00:00	TUL	Tulsa International Airport		Passenger Property Loss	Checked Baggage	80.0	Clothing & Accessories	Clothing - Shoes, belts, accessories, etc.	Approved	80.0	Approve in Full
49313	2004111567079	2004-11-05 00:00:00	2004-09-18 00:00:00	TUL	Tulsa International Airport		Passenger Property Loss	Checked Baggage	16.0	Watches & Jewelry	Jewelry - Fine	Denied	0.0	Deny
49424	2004122169997	2004-11-08 00:00:00	2004-07-10 00:00:00	TUL	Tulsa International Airport	American Airlines	Passenger Property Loss	Checked Baggage	959.0	Clothing & Accessories	Clothing - Shoes, belts, accessories, etc.	Canceled	0.0	
50081	2004122370707	2004-11-16 00:00:00	2004-11-05 00:00:00	TUL	Tulsa International Airport		Passenger Property Loss	Checkpoint		Watches & Jewelry	Jewelry - Fine	Canceled		
51342	2005012274021	2004-12-07 00:00:00	2004-11-06 00:00:00	TUL	Tulsa International Airport	American Airlines	Passenger Property Loss	Checkpoint	40.0	Clothing & Accessories	Clothing - Shoes, belts, accessories, etc.	Approved	40.0	Approve in Full
52095	2005010472494	2004-12-14 00:00:00	2004-11-12 00:00:00	TUL	Tulsa International Airport	UAL	Passenger Property Loss	Checked Baggage	15.0	Other	Other	Denied	0.0	Deny
53455	2005012574273	2005-01-04 00:00:00	2004-12-17 00:00:00	TUL	Tulsa International Airport	Southwest Airlines	Passenger Property Loss	Checked Baggage	200.0	Other	Other	Canceled	0.0	
53571	2005020275325	2005-01-04 00:00:00	2004-12-17 00:00:00	TUL	Tulsa International Airport	UAL	Passenger Property Loss	Checkpoint	315.0	Other	Other	Denied	0.0	Deny
54094	2005020375553	2005-01-11 00:00:00	2004-12-22 00:00:00	TUL	Tulsa International Airport	Delta Air Lines	Passenger Property Loss	Checked Baggage	514.64	Electronics	Cameras - Digital	Approved	514.64	Approve in Full
57723	2005031778646	2005-02-23 00:00:00	2005-02-08 00:00:00	TUL	Tulsa International Airport	American Airlines	Passenger Property Loss	Checked Baggage	1185.17	Electronics	Computer - Laptop	Denied	0.0	Deny
59869	2005033180914	2005-03-23 00:00:00	2005-03-16 00:00:00	TUL	Tulsa International Airport	Southwest Airlines	Passenger Property Loss	Checked Baggage	4.66	Cosmetics	Cosmetics - Perfume, toilet articles, medicines, soaps, etc.	Approved	4.66	Approve in Full
60761	2005040581565	2005-04-04 00:00:00	2005-01-24 00:00:00	TUL	Tulsa International Airport	American Airlines	Passenger Property Loss	Checked Baggage	4850.0	Watches & Jewelry	Jewelry - Fine	Settled	2425.0	Settle
60910	2005040882007	2005-04-05 00:00:00	2005-01-31 00:00:00	TUL	Tulsa International Airport	American Airlines	Passenger Property Loss	Checkpoint	320.9	Other	Other	Denied	0.0	Deny
62267	2005042583188	2005-04-22 00:00:00	2005-04-03 00:00:00	TUL	Tulsa International Airport		Passenger Property Loss	Checked Baggage	29.9	Other	Other	Approved	29.9	Approve in Full
62375	2005042583300	2005-04-22 00:00:00	2005-04-04 00:00:00	TUL	Tulsa International Airport	American Airlines	Passenger Property Loss	Checked Baggage	300.0	Other	Other	Denied	0.0	Deny
62880	2005042983688	2005-04-29 00:00:00	2005-04-06 00:00:00	TUL	Tulsa International Airport	Southwest Airlines	Passenger Property Loss	Checked Baggage	69.4	Other	Other	Denied	0.0	Deny
63438	2005051084441	2005-05-09 00:00:00	2005-04-25 00:00:00	TUL	Tulsa International Airport	Southwest Airlines	Passenger Property Loss	Checkpoint	113.0	Clothing & Accessories	Eyeglasses - (including contact lenses)	Denied	0.0	Deny
64225	2005052385263	2005-05-17 00:00:00	2005-04-28 00:00:00	TUL	Tulsa International Airport	Southwest Airlines	Passenger Property Loss	Checked Baggage	550.0	Electronics	Cameras - Digital	Settled	488.64	Settle
64768	2005060285709	2005-05-24 00:00:00	2005-04-21 00:00:00	TUL	Tulsa International Airport	Continental Express Inc	Passenger Property Loss	Checked Baggage	101.45	Supplies	Medicines	Settled	92.45	Settle
64830	2005060885945	2005-05-31 00:00:00	2005-05-20 00:00:00	TUL	Tulsa International Airport	Continental Airlines	Passenger Property Loss	Checked Baggage	98.95	Other	Other	Approved	98.95	Approve in Full
64844	2005060986035	2005-05-31 00:00:00	2005-04-25 00:00:00	TUL	Tulsa International Airport	American Airlines	Passenger Property Loss	Checked Baggage	15.0	Tools & Machines	Locks	Approved	15.0	Approve in Full
65914	2005062387019	2005-06-10 00:00:00	2005-04-05 00:00:00	TUL	Tulsa International Airport	American Airlines	Passenger Property Loss	Checked Baggage	10.8	Tools & Machines	Locks	Approved	10.8	Approve in Full
66124	2005062887592	2005-06-14 00:00:00	2005-06-02 00:00:00	TUL	Tulsa International Airport	UAL	Passenger Property Loss	Checked Baggage	100.0	Other	Other	Canceled	0.0	
66620	2005062887457	2005-06-21 00:00:00	2005-06-13 00:00:00	TUL	Tulsa International Airport	American Airlines	Passenger Property Loss	Checked Baggage	4.5	Other	Currency	Denied	0.0	Deny
66643	2005062887526	2005-06-21 00:00:00	2005-06-12 00:00:00	TUL	Tulsa International Airport	Continental Airlines	Passenger Property Loss	Checked Baggage	1715.0	Watches & Jewelry	Jewelry - Fine	Denied	0.0	Deny
66738	2005063087808	2005-06-21 00:00:00	2005-05-28 00:00:00	TUL	Tulsa International Airport	American Airlines	Passenger Property Loss	Checked Baggage	517.0	Watches & Jewelry	Jewelry - Fine	Settled	391.81	Settle
67034	2005070588158	2005-06-28 00:00:00	2005-06-04 00:00:00	TUL	Tulsa International Airport	American Airlines	Passenger Property Loss	Checked Baggage	39.99	Clothing & Accessories	Clothing - Shoes, belts, accessories, etc.	Approved	39.99	Approve in Full
67370	2005071188539	2005-07-05 00:00:00	2005-06-27 00:00:00	TUL	Tulsa International Airport	Delta Air Lines	Passenger Property Loss	Checked Baggage	48.5	Other	Other	Approved	48.5	Approve in Full
67551	2005071288643	2005-07-06 00:00:00	2005-06-22 00:00:00	TUL	Tulsa International Airport	Southwest Airlines	Passenger Property Loss	Checked Baggage	1262.28	Other	Other	Denied	0.0	Deny
67630	2005070888517	2005-07-07 00:00:00	2005-06-27 00:00:00	TUL	Tulsa International Airport		Passenger Property Loss	Checked Baggage	107.0	Cosmetics	Cosmetics - Perfume, toilet articles, medicines, soaps, etc.	Denied	0.0	Deny
68096	2005071588991	2005-07-14 00:00:00	2005-06-18 00:00:00	TUL	Tulsa International Airport	American Airlines	Passenger Property Loss	Checkpoint	125.0	Watches & Jewelry	Jewelry - Fine	Denied	0.0	Deny
68484	2005072289530	2005-07-20 00:00:00	2005-07-06 00:00:00	TUL	Tulsa International Airport	UAL	Passenger Property Loss	Checked Baggage	108.0	Cosmetics	Cosmetics - Perfume, toilet articles, medicines, soaps, etc.	Denied	0.0	Deny
69189	2005080990253	2005-08-01 00:00:00	2005-06-30 00:00:00	TUL	Tulsa International Airport	Southwest Airlines	Passenger Property Loss	Checkpoint	100.0	Other	Other	Denied	0.0	Deny
69536	2005081690623	2005-08-05 00:00:00	2005-07-31 00:00:00	TUL	Tulsa International Airport	Southwest Airlines	Passenger Property Loss	Checked Baggage	9.54	Tools & Machines	Locks	Approved	9.54	Approve in Full
72474	2005092993485	2005-09-20 00:00:00	2005-09-04 00:00:00	TUL	Tulsa International Airport	American Airlines	Passenger Property Loss	Checked Baggage	359.98	Electronics	Cameras - Digital	Settled	212.5	Settle
72551	2005100393677	2005-09-22 00:00:00	2004-08-10 00:00:00	TUL	Tulsa International Airport	Delta Air Lines	Passenger Property Loss	Checked Baggage	264.0	Other	Other	Canceled	0.0	
72615	2005100393693	2005-09-23 00:00:00	2005-08-31 00:00:00	TUL	Tulsa International Airport	Delta Air Lines	Passenger Property Loss	Checked Baggage	685.32	Other	Other	Denied	0.0	Deny
72844	2005100493960	2005-09-27 00:00:00	2005-08-21 00:00:00	TUL	Tulsa International Airport	Southwest Airlines	Passenger Property Loss	Checked Baggage	10.0	Other	Other	Denied	0.0	Deny
74253	2005102895359	2005-10-21 00:00:00	2005-09-28 00:00:00	TUL	Tulsa International Airport	Southwest Airlines	Passenger Property Loss	Checked Baggage		Watches & Jewelry	Jewelry - Fine	Insufficient, one of the following items required: sum certain, statement of fact, signature, location of incident, and date.		
74449	2005103195431	2005-10-25 00:00:00	2005-09-02 00:00:00	TUL	Tulsa International Airport	Southwest Airlines	Passenger Property Loss	Checked Baggage	4415.0	Watches & Jewelry	Jewelry - Fine	Insufficient, one of the following items required: sum certain, statement of fact, signature, location of incident, and date.		
75442	2005113096718	2005-11-15 00:00:00	2005-11-03 00:00:00	TUL	Tulsa International Airport	UAL	Passenger Property Loss	Checked Baggage	19.95	Tools & Machines	Locks	Approved	19.95	Approve in Full
78142	2006011099238	2006-01-05 00:00:00	2005-11-24 00:00:00	TUL	Tulsa International Airport		Passenger Property Loss	Checkpoint	30.0	Supplies	Medicines	Approved	30.0	Approve in Full
78443	2006011299520	2006-01-10 00:00:00	2005-12-20 00:00:00	TUL	Tulsa International Airport	Continental Airlines	Passenger Property Loss	Checked Baggage	2967.89	Electronics	Computer - Laptop	Denied	0.0	Deny
78633	2006011899760	2006-01-11 00:00:00	2005-12-23 00:00:00	TUL	Tulsa International Airport	Delta Air Lines	Passenger Property Loss	Checkpoint	290.0	Other	Currency	Denied	0.0	Deny
78780	2006012099881	2006-01-13 00:00:00	2005-11-04 00:00:00	TUL	Tulsa International Airport	Continental Airlines	Passenger Property Loss	Checked Baggage	671.86	Other	Other	Denied	0.0	Deny
79689	2006020200828	2006-01-27 00:00:00	2006-01-10 00:00:00	TUL	Tulsa International Airport	Southwest Airlines	Passenger Property Loss	Checkpoint	1500.0	Electronics	Computer - Laptop	Denied	0.0	Deny
81131	2006030102316	2006-02-23 00:00:00	2006-02-06 00:00:00	TUL	Tulsa International Airport	Champion Airlines	Passenger Property Loss	Checkpoint	2880.0	Clothing & Accessories	Clothing - Shoes, belts, accessories, etc.	Denied	0.0	Deny
82370	2006032303595	2006-03-17 00:00:00	2006-03-08 00:00:00	TUL	Tulsa International Airport	American Airlines	Passenger Property Loss	Checked Baggage	94.24	Other	Other	Approved	94.24	Approve in Full
83584	2006041904750	2006-04-10 00:00:00	2006-04-07 00:00:00	TUL	Tulsa International Airport	Northwest Airlines	Passenger Property Loss	Checked Baggage	685.0	Musical Intruments	Musical Instruments - Other - Over $250	Denied	0.0	Deny
83616	2006042004792	2006-04-11 00:00:00	2006-03-22 00:00:00	TUL	Tulsa International Airport	Southwest Airlines	Passenger Property Loss	Checked Baggage	65.0	Containers	Luggage (all types including footlockers)	Approved	65.0	Approve in Full
84493	2006050505713	2006-04-28 00:00:00	2006-04-13 00:00:00	TUL	Tulsa International Airport	Delta Air Lines	Passenger Property Loss	Checkpoint	34.0	Household Items	House Keeping Items (mops, brooms, ironing boards, pails, etc)	Approved	34.0	Approve in Full
85714	2006052406937	2006-05-23 00:00:00	2006-05-09 00:00:00	TUL	Tulsa International Airport	Continental Airlines	Passenger Property Loss	Checkpoint	3700.0	Watches & Jewelry	Jewelry - Fine	Denied	0.0	Deny
86471	2006060907707	2006-06-07 00:00:00	2006-06-04 00:00:00	TUL	Tulsa International Airport	Southwest Airlines	Passenger Property Loss	Checked Baggage	300.0	Electronics	MP3 Players-(iPods, etc)	Denied	0.0	Deny
87773	2006070609004	2006-07-05 00:00:00	2006-07-04 00:00:00	TUL	Tulsa International Airport		Passenger Property Loss	Checked Baggage	2520.0	Other,Watches & Jewelry,Containers,Supplies	Currency*Jewelry - Fine*Luggage (all types including footlockers)*Medicines	Denied	0.0	Deny
88649	2006072109892	2006-07-19 00:00:00	2006-06-26 00:00:00	TUL	Tulsa International Airport	American Airlines	Passenger Property Loss	Checked Baggage	21.03	Other	Other	Denied	0.0	Deny
92497	2006110114974	2006-10-02 00:00:00	2006-05-17 00:00:00	TUL	Tulsa International Airport		Passenger Property Loss	Checked Baggage	31.93	Tools & Machines	Locks	Settled	19.95	Settle
92852	2006101213923	2006-10-11 00:00:00	2006-07-17 00:00:00	TUL	Tulsa International Airport	UAL	Passenger Property Loss	Checked Baggage	1928.0	Electronics,Watches & Jewelry,Other	Cell Phones*Jewelry - Fine*Other	Denied	0.0	Deny
95289	2006121417082	2006-11-28 00:00:00	2006-11-26 00:00:00	TUL	Tulsa International Airport	UAL	Passenger Property Loss	Checked Baggage	27.9	Tools & Machines	Locks	Approved	27.9	Approve in Full
95718	2006121417143	2006-12-05 00:00:00	2006-11-25 00:00:00	TUL	Tulsa International Airport	Southwest Airlines	Passenger Property Loss	Checked Baggage	200.0	Watches & Jewelry	Jewelry - Costume	Denied	0.0	Deny
96311	2006122117694	2006-12-18 00:00:00	2006-12-15 00:00:00	TUL	Tulsa International Airport	Southwest Airlines	Passenger Property Loss	Checked Baggage	15.0	Other	Other	Approved	15.0	Approve in Full
99061	2007020120046	2007-01-30 00:00:00	2006-12-30 00:00:00	TUL	Tulsa International Airport	Continental Airlines	Passenger Property Loss	Checked Baggage	487.0	Electronics	Cameras - Digital	Denied	0.0	Deny
99705	2007021621056	2007-02-12 00:00:00	2007-02-03 00:00:00	TUL	Tulsa International Airport	Northwest Airlines	Passenger Property Loss	Checkpoint	35.0	Clothing & Accessories	Clothing - Shoes, belts, accessories, etc.	Approved	35.0	Approve in Full
101953	2007032923219	2007-03-27 00:00:00	2007-02-24 00:00:00	TUL	Tulsa International Airport	Delta Air Lines	Passenger Property Loss	Checkpoint	170.0	Other,Other	Currency*Other	Denied	0.0	Deny
102793	2007041724098	2007-04-12 00:00:00	2007-04-08 00:00:00	TUL	Tulsa International Airport	Southwest Airlines	Passenger Property Loss	Checked Baggage	200.0	Electronics	MP3 Players-(iPods, etc)	Denied	0.0	Deny
103128	2007042424445	2007-04-19 00:00:00	2007-04-15 00:00:00	TUL	Tulsa International Airport	Southwest Airlines	Passenger Property Loss	Checkpoint	1200.0	Watches & Jewelry	Jewelry - Fine	Denied	0.0	Deny
104796	2007060126021	2007-05-25 00:00:00	2007-05-08 00:00:00	TUL	Tulsa International Airport	American Airlines	Passenger Property Loss	Checked Baggage	15.98	Tools & Machines	Locks	Approved	15.98	Approve in Full
106548	2007070527880	2007-06-29 00:00:00	2007-06-05 00:00:00	TUL	Tulsa International Airport		Passenger Property Loss	Checkpoint	80.0	Watches & Jewelry,Watches & Jewelry	Jewelry - Costume*Watches - Inexpensive $100 or less	Approved	80.0	Approve in Full
107468	2007072028766	2007-07-17 00:00:00	2007-05-30 00:00:00	TUL	Tulsa International Airport		Passenger Property Loss	Checked Baggage	12.48	Tools & Machines	Locks	Denied	0.0	Deny
109122	2007081730437	2007-08-16 00:00:00	2007-08-15 00:00:00	TUL	Tulsa International Airport	Delta Air Lines	Passenger Property Loss	Checked Baggage	349.0	Outdoors Supplies	Tools - Manual (not in a vehicle)	Approved	349.0	Approve in Full
109149	2007082030472	2007-08-16 00:00:00	2007-08-13 00:00:00	TUL	Tulsa International Airport	Northwest Airlines	Passenger Property Loss	Checked Baggage	1997.0	Clothing & Accessories,Electronics,Scientific Intruments,Clothing & Accessories,Household Decor,Other	Clothing - Shoes, belts, accessories, etc.*Computer - Laptop*Dental Equipment and Instruments*Eyeglasses - (including contact lenses)*Mirrors (including frames)*Other	Denied	0.0	Deny
110447	2007091331842	2007-09-10 00:00:00	2007-08-22 00:00:00	TUL	Tulsa International Airport	Southwest Airlines	Passenger Property Loss	Checked Baggage	29.16	Other	Other	Denied	0.0	Deny
111369	2007092832773	2007-09-27 00:00:00	2007-05-30 00:00:00	TUL	Tulsa International Airport	American Airlines	Passenger Property Loss	Checkpoint	450.0	Clothing & Accessories	Eyeglasses - (including contact lenses)	Denied	0.0	Deny
112543	2007102633991	2007-10-22 00:00:00	2007-06-21 00:00:00	TUL	Tulsa International Airport	Southwest Airlines	Passenger Property Loss	Checked Baggage	400.0	Watches & Jewelry	Jewelry - Costume	Denied	0.0	Deny
114158	2007112735506	2007-11-26 00:00:00	2007-11-23 00:00:00	TUL	Tulsa International Airport	Continental Airlines	Passenger Property Loss	Checked Baggage	3284.3	Electronics	Computer - Laptop	Denied	0.0	Deny
114438	2007113035823	2007-11-29 00:00:00	2007-09-24 00:00:00	TUL	Tulsa International Airport	UAL	Passenger Property Loss	Checked Baggage	644.0	Clothing & Accessories,Cosmetics,Scientific Intruments	Clothing - Shoes, belts, accessories, etc.*Cosmetics - Perfume, toilet articles, medicines, soaps, etc.*Dental Equipment and Instruments	Denied	0.0	Deny
115858	2008010737447	2007-12-31 00:00:00	2007-11-07 00:00:00	TUL	Tulsa International Airport		Passenger Property Loss	Checked Baggage	10.0	Tools & Machines	Locks	Denied	0.0	Deny
116205	2008011037701	2008-01-07 00:00:00	2007-12-24 00:00:00	TUL	Tulsa International Airport	Southwest Airlines	Passenger Property Loss	Checked Baggage	16.22	Tools & Machines	Locks	Denied	0.0	Deny
116376	2008011537873	2008-01-08 00:00:00	2007-12-27 00:00:00	TUL	Tulsa International Airport		Passenger Property Loss	Checked Baggage	24.99	Electronics,Outdoors Supplies	Flashlights*Sporting Equipment & Supplies (footballs, parachutes, etc.)	Denied	0.0	Deny
117079	2008012538620	2008-01-22 00:00:00	2008-01-07 00:00:00	TUL	Tulsa International Airport	UAL	Passenger Property Loss	Checked Baggage	500.0	Electronics,Clothing & Accessories,Cosmetics	Cameras - Digital*Clothing - Shoes, belts, accessories, etc.*Cosmetics - Perfume, toilet articles, medicines, soaps, etc.	Denied	0.0	Deny
117129	2008012938762	2008-01-22 00:00:00	2007-12-22 00:00:00	TUL	Tulsa International Airport	Continental Airlines	Passenger Property Loss	Checked Baggage	50.0	Office Supplies,Other	Books - Bibles & Bound classics*Other	Denied	0.0	Deny
118145	2008021539704	2008-02-11 00:00:00	2008-01-15 00:00:00	TUL	Tulsa International Airport	UAL	Passenger Property Loss	Checked Baggage	2650.0	Electronics,Electronics,Containers	Cell Phones*Computer - Laptop*Luggage (all types including footlockers)	Denied	0.0	Deny
120037	2006101013759	2008-03-20 00:00:00	2006-09-22 00:00:00	TUL	Tulsa International Airport		Passenger Property Loss	Checkpoint	487.12	Clothing & Accessories	Clothing - Shoes, belts, accessories, etc.	Settled	234.94	Settle
120221	2008040341789	2008-03-25 00:00:00	2008-03-16 00:00:00	TUL	Tulsa International Airport	Delta Air Lines	Passenger Property Loss	Checked Baggage	30.0	Other	Other	Denied	0.0	Deny
122296	2008050643883	2008-05-05 00:00:00	2008-05-01 00:00:00	TUL	Tulsa International Airport	American Airlines	Passenger Property Loss	Checked Baggage	350.0	Electronics	GPS - Global Positioning System	Denied	0.0	Deny
123627	2008060545350	2008-06-02 00:00:00	2008-05-26 00:00:00	TUL	Tulsa International Airport	UAL	Passenger Property Loss	Checked Baggage	138.0	Other	Other	Denied	0.0	Deny
123691	2008060545367	2008-06-03 00:00:00	2008-05-27 00:00:00	TUL	Tulsa International Airport	Frontier Airlines	Passenger Property Loss	Checked Baggage	140.0	Other	Currency	Denied	0.0	Deny
124202	2008061845875	2008-06-16 00:00:00	2008-06-08 00:00:00	TUL	Tulsa International Airport	American Airlines	Passenger Property Loss	Checkpoint	58.43	Scientific Intruments	Medical Equipment & Insturments	Approved	58.43	Approve in Full
124406	2008062546133	2008-06-19 00:00:00	2008-06-17 00:00:00	TUL	Tulsa International Airport		Passenger Property Loss	Checkpoint		Other	Currency	Insufficient, one of the following items required: sum certain, statement of fact, signature, location of incident, and date.		
125093	2008071046733	2008-07-07 00:00:00	2008-05-07 00:00:00	TUL	Tulsa International Airport	American Airlines	Passenger Property Loss	Checkpoint	448.0	Electronics,Watches & Jewelry,Watches & Jewelry	Cell Phones*Jewelry - Costume*Jewelry - Fine	Denied	0.0	Deny
126777	2008081448608	2008-08-11 00:00:00	2008-07-26 00:00:00	TUL	Tulsa International Airport	American Airlines	Passenger Property Loss	Checked Baggage	140.38	Electronics	Cameras - Digital	Denied	0.0	Deny
127597	2008090249313	2008-08-29 00:00:00	2008-08-20 00:00:00	TUL	Tulsa International Airport	Delta Air Lines	Passenger Property Loss	Checked Baggage	165.0	Watches & Jewelry	Jewelry - Fine	Denied	0.0	Deny
128292	2008091950127	2008-09-15 00:00:00	2008-08-11 00:00:00	TUL	Tulsa International Airport	Continental Airlines	Passenger Property Loss	Checked Baggage	900.0	Watches & Jewelry	Jewelry - Fine	Denied	0.0	Deny
129219	2008101050995	2008-10-08 00:00:00	2008-09-09 00:00:00	TUL	Tulsa International Airport	American Airlines	Passenger Property Loss	Checked Baggage	659.0	Electronics	Cameras - Digital	Denied	0.0	Deny
129649	2008102351450	2008-10-20 00:00:00	2008-09-13 00:00:00	TUL	Tulsa International Airport	Delta Air Lines	Passenger Property Loss	Checked Baggage	19.1	Food & Drink	Alcoholic beverages	Denied	0.0	Deny
129663	2008102451515	2008-10-20 00:00:00	2008-09-25 00:00:00	TUL	Tulsa International Airport	Southwest Airlines	Passenger Property Loss	Checked Baggage	395.0	Clothing & Accessories	Eyeglasses - (including contact lenses)	Denied	0.0	Deny
130359	2008111352199	2008-11-07 00:00:00	2008-11-05 00:00:00	TUL	Tulsa International Airport	Southwest Airlines	Passenger Property Loss	Checked Baggage	21.0	Supplies	Medicines	Canceled	0.0	
131793	2008121953579	2008-12-16 00:00:00	2008-12-12 00:00:00	TUL	Tulsa International Airport	Southwest Airlines	Passenger Property Loss	Checked Baggage	551.0	Office Supplies,Other,Other	Books - Other (Hardcover non-fiction)*Currency*Other	Denied	0.0	Deny
132098	2008112652818	2008-12-23 00:00:00	2008-10-14 00:00:00	TUL	Tulsa International Airport	American Airlines	Passenger Property Loss	Checked Baggage	13.0	Tools & Machines	Locks	Denied	0.0	Deny
132143	2009010554010	2008-12-24 00:00:00	2008-12-23 00:00:00	TUL	Tulsa International Airport	Southwest Airlines	Passenger Property Loss	Checkpoint	215.62	Electronics	Cell Phones	Denied	0.0	Deny
132420	2009011554574	2009-01-05 00:00:00	2008-12-13 00:00:00	TUL	Tulsa International Airport	Northwest Airlines	Passenger Property Loss	Checked Baggage	135.0	Clothing & Accessories	Eyeglasses - (including contact lenses)	Approved	135.0	Approve in Full
132622	2009011454512	2009-01-08 00:00:00	2008-12-13 00:00:00	TUL	Tulsa International Airport	Continental Airlines	Passenger Property Loss	Checked Baggage	2000.0	Electronics	Computer - Laptop	Denied	0.0	Deny
133536	2009021255448	2009-01-30 00:00:00	2009-01-20 00:00:00	TUL	Tulsa International Airport	Southwest Airlines	Passenger Property Loss	Checked Baggage	94.88	Electronics	Calculators - Adding machines, hand calculators, etc.	Denied	0.0	Deny
133697	2009021755588	2009-02-04 00:00:00	2009-01-28 00:00:00	TUL	Tulsa International Airport	UAL	Passenger Property Loss	Checkpoint	1939.5	Watches & Jewelry	Watches - Expensive more than $100	Denied	0.0	Deny
133971	2009031556256	2009-02-11 00:00:00	2008-09-20 00:00:00	TUL	Tulsa International Airport	American Airlines	Passenger Property Loss	Checked Baggage	500.0	Watches & Jewelry	Watches - Expensive more than $100	Denied	0.0	Deny
134437	2009031656288	2009-02-26 00:00:00	2009-02-17 00:00:00	TUL	Tulsa International Airport	American Airlines	Passenger Property Loss	Checked Baggage	1995.0	Watches & Jewelry	Watches - Expensive more than $100	Denied	0.0	Deny
134505	2009031956508	2009-02-27 00:00:00	2009-02-12 00:00:00	TUL	Tulsa International Airport	Southwest Airlines	Passenger Property Loss	Checkpoint	2795.0	Watches & Jewelry	Watches - Expensive more than $100	Denied	0.0	Deny
135433	2009041157383	2009-03-24 00:00:00	2009-03-18 00:00:00	TUL	Tulsa International Airport	American Airlines	Passenger Property Loss	Checked Baggage	210.55	Electronics	Cell Phones	Denied	0.0	Deny
135639	2009041557565	2009-03-27 00:00:00	2009-02-17 00:00:00	TUL	Tulsa International Airport	American Airlines	Passenger Property Loss	Checked Baggage	1417.0	Electronics,Other	Cameras - Digital*Other	Insufficient, one of the following items required: sum certain, statement of fact, signature, location of incident, and date.		
135950	2009042157786	2009-04-07 00:00:00	2009-04-06 00:00:00	TUL	Tulsa International Airport	American Airlines	Passenger Property Loss	Checked Baggage	165.0	Other	Other	Denied	0.0	Deny
137812	2009060359811	2009-05-29 00:00:00	2009-04-16 00:00:00	TUL	Tulsa International Airport	USAir	Passenger Property Loss	Checkpoint	12000.0	Watches & Jewelry,Other	Jewelry - Fine*Other	Denied	0.0	Deny
138127	2009061960429	2009-06-09 00:00:00	2009-05-01 00:00:00	TUL	Tulsa International Airport	American Airlines	Passenger Property Loss	Checkpoint	268.27	Other	Other	Approved	268.27	Approve in Full
139382	2009071761377	2009-07-13 00:00:00	2009-05-19 00:00:00	TUL	Tulsa International Airport	Continental Airlines	Passenger Property Loss	Checked Baggage	59.67	Electronics	Cell Phones	Denied	0.0	Deny
139605	2009072361632	2009-07-16 00:00:00	2009-06-16 00:00:00	TUL	Tulsa International Airport	Southwest Airlines	Passenger Property Loss	Checked Baggage	350.0	Outdoors Supplies	Sporting Equipment & Supplies (footballs, parachutes, etc.)	Denied	0.0	Deny
139777	2009072761777	2009-07-21 00:00:00		TUL	Tulsa International Airport	American Airlines	Passenger Property Loss	Checked Baggage		Electronics	Video Recordings (blank & commercial)	Insufficient, one of the following items required: sum certain, statement of fact, signature, location of incident, and date.		
139883	2009072861875	2009-07-24 00:00:00	2009-07-18 00:00:00	TUL	Tulsa International Airport	Southwest Airlines	Passenger Property Loss	Checked Baggage		Other,Household Decor	Other*Paintings and Pictures (including frames, etchings, photos, etc)	Canceled	0.0	
141535	2009091063502	2009-09-10 00:00:00	2009-08-27 00:00:00	TUL	Tulsa International Airport	American Airlines	Passenger Property Loss	Checked Baggage	199.0	Outdoors Supplies	Sporting Equipment & Supplies (footballs, parachutes, etc.)	Denied	0.0	Deny
143071	2009110365046	2009-10-28 00:00:00	2009-10-11 15:00:00	TUL	Tulsa International Airport	American Airlines	Passenger Property Loss	Checkpoint	120.0	Watches & Jewelry	Jewelry - Costume	Denied	0.0	Deny
145194	2010011367495	2010-01-12 00:00:00	2010-01-08 12:19:00	TUL	Tulsa International Airport	Delta Air Lines	Passenger Property Loss	Checked Baggage		Other	Other		0.0	Deny
146673	2010032269810	2010-03-15 00:00:00	2010-02-16 07:00:00	TUL	Tulsa International Airport	Southwest Airlines	Passenger Property Loss	Checked Baggage		Electronics	Cameras		0.0	Deny
148100	2010050471439	2010-04-26 00:00:00	2010-04-04 07:14:00	TUL	Tulsa International Airport	American Airlines	Passenger Property Loss	Checked Baggage		Electronics,Cosmetics	Computer & Accessories*Travel Accessories		0.0	Deny
148281	2010050571521	2010-05-03 00:00:00	2010-04-26 00:00:00	TUL	Tulsa International Airport	Southwest Airlines	Passenger Property Loss	Checked Baggage		Other	Other		0.0	Deny
150809	2010080374355	2010-07-19 00:00:00	2010-07-15 07:05:00	TUL	Tulsa International Airport	Southwest Airlines	Passenger Property Loss	Checked Baggage		Cosmetics	Travel Accessories		0.0	Deny
152433	2010090875788	2010-09-02 00:00:00	2010-08-08 18:00:00	TUL	Tulsa International Airport	Southwest Airlines	Passenger Property Loss	Checked Baggage		Cosmetics	Travel Accessories		0.0	Deny
152683	2010091676068	2010-09-10 00:00:00	2010-08-31 00:00:00	TUL	Tulsa International Airport	American Airlines	Passenger Property Loss	Checkpoint		Other	Currency		0.0	Deny
155099	2010120378454	2010-11-29 00:00:00	2010-11-10 14:00:00	TUL	Tulsa International Airport		Passenger Property Loss	Checkpoint		Watches & Jewelry	Jewelry & Watches		0.0	Deny
156408	2011020179865	2011-01-11 00:00:00	2010-12-23 20:50:00	TUL	Tulsa International Airport	Continental Airlines	Passenger Property Loss	Checked Baggage		Other,Electronics	Currency*Personal Electronics			
159842	2011051183358	2011-05-03 00:00:00	2011-04-15 14:15:00	TUL	Tulsa International Airport	Southwest Airlines	Passenger Property Loss	Checked Baggage		Clothing & Accessories	Clothing		0.0	Deny
160107	2011052083619	2011-05-11 00:00:00	2011-05-07 12:00:00	TUL	Tulsa International Airport	American Airlines	Passenger Property Loss	Checked Baggage		Electronics,Electronics	Computer & Accessories*Personal Electronics		0.0	Deny
161040	2011091987014	2011-06-10 00:00:00	2011-03-22 00:00:00	TUL	Tulsa International Airport	Delta Air Lines	Passenger Property Loss	Checked Baggage		Clothing & Accessories,Clothing & Accessories,Food & Drink,Watches & Jewelry	Clothing*Clothing*Food & Drink*Jewelry & Watches			
165270	2011110488703	2011-10-28 00:00:00	2011-10-16 00:00:00	TUL	Tulsa International Airport	Southwest Airlines	Passenger Property Loss	Checked Baggage		Other	Other		45.0	Settle
166760	2012012090328	2011-12-22 00:00:00	2011-11-25 12:00:00	TUL	Tulsa International Airport	American Airlines	Passenger Property Loss	Checked Baggage		Office Supplies,Clothing & Accessories,Cosmetics	Books, Magazines & Other*Clothing*Cosmetics & Grooming		0.0	Deny
168581	2012032992263	2012-02-21 00:00:00	2012-01-18 00:00:00	TUL	Tulsa International Airport	Continental Airlines	Passenger Property Loss	Checked Baggage		Watches & Jewelry	Jewelry & Watches		0.0	Deny
169083	2012030991633	2012-03-09 00:00:00	2012-01-23 17:15:00	TUL	Tulsa International Airport	UAL	Passenger Property Loss	Checked Baggage		Electronics,Containers,Cosmetics	Audio/Video*Baggage/Cases/Purses*Travel Accessories		0.0	Deny
169271	2012042493175	2012-03-16 00:00:00	2012-03-08 00:00:00	TUL	Tulsa International Airport	UAL	Passenger Property Loss	Checkpoint		Clothing & Accessories	Clothing		0.0	Deny
172126	2012080295836	2012-06-27 00:00:00	2012-06-21 00:00:00	TUL	Tulsa International Airport	American Airlines	Passenger Property Loss	Checked Baggage		Electronics	Computer & Accessories		0.0	Deny
177871	2013022101766	2013-01-29 00:00:00	2012-11-23 07:45:00	TUL	Tulsa International Airport		Passenger Property Loss	Checked Baggage		Cosmetics	Cosmetics & Grooming		30.99	Approve in Full
179072	2013032502718	2013-03-13 00:00:00	2012-11-08 14:15:00	TUL	Tulsa International Airport	American Airlines	Passenger Property Loss	Checked Baggage		Electronics	Computer & Accessories		0.0	Deny
179675	2013042403301	2013-04-08 00:00:00	2013-03-25 00:00:00	TUL	Tulsa International Airport	Delta Air Lines	Passenger Property Loss	Checked Baggage		Household Items	Household Items		0.0	Deny
182525	2013082806349	2013-07-19 00:00:00	2013-06-26 04:45:00	TUL	Tulsa International Airport	American Airlines	Passenger Property Loss	Checked Baggage		Household Items,Outdoors Supplies	Household Items*Hunting & Fishing Items		0.0	Deny
182664	2013082906397	2013-07-24 00:00:00	2013-06-23 07:00:00	TUL	Tulsa International Airport	American Airlines	Passenger Property Loss	Checked Baggage		Other	Other		100.08	Settle
185392	2013111009066	2013-11-04 00:00:00	2013-10-16 00:00:00	TUL	Tulsa International Airport	British Airways	Passenger Property Loss	Checked Baggage		Cosmetics,Watches & Jewelry	Cosmetics & Grooming*Jewelry & Watches			
186769	2014072415389	2014-07-24 00:00:00	2014-06-27 00:00:00	TUL	Tulsa International Airport	Southwest Airlines	Passenger Property Loss	Checked Baggage		Other	Other		0.0	Deny
187346	2014012411100	2014-01-22 00:00:00	2013-12-20 00:00:00	TUL	Tulsa International Airport	American Airlines	Passenger Property Loss	Checked Baggage		Electronics	Computer & Accessories		0.0	Deny
189213	2014040713011	2014-04-02 00:00:00	2014-03-30 00:00:00	TUL	Tulsa International Airport	UAL	Passenger Property Loss	Checked Baggage		Watches & Jewelry	Jewelry & Watches		0.0	Deny
189374	2014041113174	2014-04-09 00:00:00	2014-02-02 00:00:00	TUL	Tulsa International Airport	American Airlines	Passenger Property Loss	Checked Baggage		Cosmetics	Travel Accessories		0.0	Deny
189623	2014042213427	2014-04-21 00:00:00	2014-04-05 00:00:00	TUL	Tulsa International Airport	American Airlines	Passenger Property Loss	Checked Baggage		Other	Other		0.0	Deny
190606	2014060414427	2014-05-20 00:00:00	2014-05-19 00:00:00	TUL	Tulsa International Airport	Southwest Airlines	Passenger Property Loss	Checked Baggage		Cosmetics	Travel Accessories		0.0	Deny
191190	2014070815024	2014-06-25 00:00:00	2014-06-14 00:00:00	TUL	Tulsa International Airport	Southwest Airlines	Passenger Property Loss	Checked Baggage		Other	Other		0.0	Deny
192740	2014091616614	2014-08-25 00:00:00	2014-08-23 00:00:00	TUL	Tulsa International Airport	Delta Air Lines	Passenger Property Loss	Checked Baggage		Cosmetics	Travel Accessories		18.63	Approve in Full
193388	2014100117270	2014-09-16 00:00:00	2014-06-25 00:00:00	TUL	Tulsa International Airport	American Airlines	Passenger Property Loss	Checked Baggage		Clothing & Accessories,Watches & Jewelry	Clothing*Jewelry & Watches			
204066	2015021820656	2015-02-18 00:00:00	2015-02-13 00:00:00	TUL	Tulsa International Airport	Southwest Airlines	Passenger Property Loss	Checked Baggage		Other	Other		0.0	Deny
204068	2015072824269	2015-07-22 00:00:00	2015-07-02 00:00:00	TUL	Tulsa International Airport	Delta Air Lines	Passenger Property Loss	Checked Baggage		Electronics	Personal Navigation		181.89	Approve in Full
204069	2015082725100	2015-08-21 00:00:00	2015-06-29 00:00:00	TUL	Tulsa International Airport	Southwest Airlines	Passenger Property Loss	Checkpoint		Watches & Jewelry	Jewelry & Watches			
204071	2016011128245	2015-12-30 00:00:00	2015-12-23 00:00:00	TUL	Tulsa International Airport	American Airlines	Passenger Property Loss	Checked Baggage		Clothing & Accessories	Clothing		116.1	Approve in Full
212284	2016030729406	2016-02-10 00:00:00	2016-01-02 00:00:00	TUL	Tulsa International Airport Tulsa International Airport	Southwest Airlines	Passenger Property Loss	Checked Baggage		Clothing & Accessories	Clothing		60.0	Approve in Full
212286	2016062232358	2016-06-09 00:00:00	2016-06-02 00:00:00	TUL	Tulsa International Airport Tulsa International Airport	Southwest Airlines	Passenger Property Loss	Checkpoint		Other	Other		20.35	Approve in Full
212290	2016100634465	2016-08-29 00:00:00	2016-08-22 00:00:00	TUL	Tulsa International Airport Tulsa International Airport	American Airlines	Passenger Property Loss	Checked Baggage		Watches & Jewelry	Jewelry & Watches			In Review
212291	2017011036424	2016-11-10 00:00:00	2016-10-30 00:00:00	TUL	Tulsa International Airport Tulsa International Airport	American Airlines	Passenger Property Loss	Checkpoint		Electronics	Personal Electronics			In Review
220621	2017091342987	2017-08-02 00:00:00	2017-07-31 00:00:00	TUL	Tulsa International Airport Tulsa International Airport	American Airlines	Passenger Property Loss	Checked Baggage		Games & Toys	Toys & Games			In Review
220626	2017101144265	2017-09-08 00:00:00	2017-09-04 00:00:00	TUL	Tulsa International Airport Tulsa International Airport	UAL	Passenger Property Loss	Checked Baggage		Watches & Jewelry	Jewelry & Watches			In Review
220627	2017051639566	2017-03-11 00:00:00	2017-02-15 07:50:00	TUL	Tulsa International Airport Tulsa International Airport	American Airlines	Passenger Property Loss	Checked Baggage		Clothing & Accessories	Clothing			In Review
220628	2017111445134	2017-10-16 00:00:00	2017-10-04 00:00:00	TUL	Tulsa International Airport Tulsa International Airport	American Airlines	Passenger Property Loss	Checked Baggage		Containers,Cosmetics,Scientific Intruments	Baggage/Cases/Purses*Cosmetics & Grooming*Medical/Science			In Review
220630	2017122246250	2017-12-22 00:00:00	2017-10-23 00:00:00	TUL	Tulsa International Airport Tulsa International Airport	UAL	Passenger Property Loss	Checked Baggage		Cosmetics	Cosmetics & Grooming			In Review