id	claim_number	date_received	incident_date	airport_code	airport_name	airline	claim_type	claim_site	claim_amount	items_new	items_old	status	close_amount	disposition
7985	0609021L	2003-06-09 00:00:00	2003-02-24 00:00:00	TVC	Cherry Capital Airport		Passenger Property Loss	Checkpoint	135.0	Other	Currency	Canceled	0.0	
12532	0805035M	2003-08-05 00:00:00	2003-06-19 00:00:00	TVC	Cherry Capital Airport	Northwest Airlines	Passenger Property Loss	Checked Baggage	4235.0	Watches & Jewelry	Jewelry - Fine	Denied	0.0	Deny
18133	1016220M	2003-10-16 00:00:00	2003-08-20 00:00:00	TVC	Cherry Capital Airport		Passenger Property Loss	Checked Baggage	150.0	Other	Other	Settled	75.0	Settle
38823	2004071659612	2004-06-28 00:00:00	2004-06-20 00:00:00	TVC	Cherry Capital Airport	Northwest Airlines	Passenger Property Loss	Checked Baggage	300.0	Other	Other	Settled	150.0	Settle
41745	2004091562904	2004-08-05 00:00:00	2004-08-05 00:00:00	TVC	Cherry Capital Airport	UAL	Passenger Property Loss	Checked Baggage	10.58	Other	Other	Approved	10.58	Approve in Full
43056	2004093064301	2004-08-24 00:00:00	2004-07-15 00:00:00	TVC	Cherry Capital Airport	Northwest Airlines	Passenger Property Loss	Checked Baggage	17.99	Other	Other	Approved	17.99	Approve in Full
43087	2004100564425	2004-08-24 00:00:00	2004-08-13 00:00:00	TVC	Cherry Capital Airport	Northwest Airlines	Passenger Property Loss	Checked Baggage	63.89	Other	Other	Approved	63.89	Approve in Full
43680	2004100564580	2004-08-31 00:00:00	2004-08-17 00:00:00	TVC	Cherry Capital Airport	UAL	Passenger Property Loss	Checked Baggage	65.0	Clothing & Accessories	Clothing - Shoes, belts, accessories, etc.	Canceled		
44050	2004100464332	2004-09-09 00:00:00	2004-08-17 00:00:00	TVC	Cherry Capital Airport	UAL	Passenger Property Loss	Checked Baggage	65.0	Clothing & Accessories	Clothing - Shoes, belts, accessories, etc.	Approved	65.0	Approve in Full
45076	2004103065816	2004-09-16 00:00:00	2004-08-14 00:00:00	TVC	Cherry Capital Airport	UAL	Passenger Property Loss	Checked Baggage	516.24	Electronics	PDA - Personal Data Assistants	Denied		Deny
48003	2004120768722	2004-10-21 00:00:00	2004-09-06 00:00:00	TVC	Cherry Capital Airport	Northwest Airlines	Passenger Property Loss	Checked Baggage	1811.78	Other	Other	Denied	0.0	Deny
49564	2005010372050	2004-11-09 00:00:00	2004-10-08 00:00:00	TVC	Cherry Capital Airport	Northwest Airlines	Passenger Property Loss	Checked Baggage	180.0	Watches & Jewelry	Jewelry - Fine	Canceled	0.0	
53153	2005011973754	2004-12-28 00:00:00	2004-11-23 00:00:00	TVC	Cherry Capital Airport		Passenger Property Loss	Checked Baggage	196.9	Clothing & Accessories	Clothing - Shoes, belts, accessories, etc.	Settled	98.45	Settle
65957	2005062387003	2005-06-10 00:00:00	2005-05-31 00:00:00	TVC	Cherry Capital Airport		Passenger Property Loss	Checked Baggage	400.0	Electronics	Cameras - Digital	Denied	0.0	Deny
70465	2005082591536	2005-08-19 00:00:00	2005-07-09 00:00:00	TVC	Cherry Capital Airport	Northwest Airlines	Passenger Property Loss	Checked Baggage	27.06	Clothing & Accessories	Clothing - Shoes, belts, accessories, etc.	Denied	0.0	Deny
71367	2005091492458	2005-09-06 00:00:00	2005-07-27 00:00:00	TVC	Cherry Capital Airport	Northwest Airlines	Passenger Property Loss	Checkpoint	94.12	Supplies	Medicines	Canceled	0.0	
78636	2006011899765	2006-01-11 00:00:00	2005-12-24 00:00:00	TVC	Cherry Capital Airport	Northwest Airlines	Passenger Property Loss	Checked Baggage	460.0	Clothing & Accessories	Eyeglasses - (including contact lenses)	Denied	0.0	Deny
82679	2006033103857	2006-03-22 00:00:00	2006-02-21 00:00:00	TVC	Cherry Capital Airport	Northwest Airlines	Passenger Property Loss	Checked Baggage	21.0	Cosmetics	Cosmetics - Perfume, toilet articles, medicines, soaps, etc.	Denied	0.0	Deny
86300	2006060707553	2006-06-05 00:00:00	2006-05-29 00:00:00	TVC	Cherry Capital Airport	Northwest Airlines	Passenger Property Loss	Checked Baggage	637.06	Containers,Electronics,Electronics,Electronics,Electronics	Bags - Fabric, plastic, etc. (not purses)*Cameras - Digital*Cameras - Non-electronic (Camera supplies, lenses, projectors, etc.)*Cameras - Non-electronic (Camera supplies, lenses, projectors, etc.)*Cameras - Non-electronic (Camera supplies, lenses, projectors, etc.)	Denied	0.0	Deny
86757	2006061408004	2006-06-14 00:00:00	2005-10-26 00:00:00	TVC	Cherry Capital Airport	Northwest Airlines	Passenger Property Loss	Checkpoint	5.6	Tools & Machines	Locks	Approved	5.6	Approve in Full
88757	2006072509982	2006-07-21 00:00:00	2006-06-14 00:00:00	TVC	Cherry Capital Airport	Northwest Airlines	Passenger Property Loss	Checked Baggage	1700.0	Electronics	Cameras - Non-electronic (Camera supplies, lenses, projectors, etc.)	Denied	0.0	Deny
100320	2007022621494	2007-02-23 00:00:00	2007-02-11 00:00:00	TVC	Cherry Capital Airport	UAL	Passenger Property Loss	Checked Baggage	5.92	Tools & Machines	Locks	Approved	5.92	Approve in Full
100598	2007030221802	2007-03-01 00:00:00	2007-02-24 00:00:00	TVC	Cherry Capital Airport	American Airlines	Passenger Property Loss	Checked Baggage	19.9	Other	Other	Approved	19.9	Approve in Full
106701	2007071028055	2007-07-02 00:00:00	2007-06-03 00:00:00	TVC	Cherry Capital Airport	Northwest Airlines	Passenger Property Loss	Checked Baggage	244.2	Containers,Clothing & Accessories,Supplies,Other	Bags - Fabric, plastic, etc. (not purses)*Clothing - Shoes, belts, accessories, etc.*Medicines*Other	Denied	0.0	Deny
110503	2007091431886	2007-09-11 00:00:00	2007-08-31 00:00:00	TVC	Cherry Capital Airport	UAL	Passenger Property Loss	Checked Baggage	75.0	Clothing & Accessories	Clothing - Shoes, belts, accessories, etc.	Approved	75.0	Approve in Full
112193	2007101833648	2007-10-15 00:00:00	2007-09-26 00:00:00	TVC	Cherry Capital Airport	Northwest Airlines	Passenger Property Loss	Checkpoint	145.94	Other	Other	Denied	0.0	Deny
116891	2008012338403	2008-01-16 00:00:00	2007-12-22 00:00:00	TVC	Cherry Capital Airport	UAL	Passenger Property Loss	Checked Baggage	400.0	Electronics	MP3 Players-(iPods, etc)	Denied	0.0	Deny
120621	2008040842151	2008-04-01 00:00:00	2008-02-11 00:00:00	TVC	Cherry Capital Airport	American Airlines	Passenger Property Loss	Checkpoint	370.0	Other	Currency	Denied	0.0	Deny
130576	2008111852410	2008-11-13 00:00:00	2008-10-14 00:00:00	TVC	Cherry Capital Airport	UAL	Passenger Property Loss	Checked Baggage	16.65	Other	Other	Denied	0.0	Deny
135565	2009041557516	2009-03-27 00:00:00	2009-03-07 00:00:00	TVC	Cherry Capital Airport	Northwest Airlines	Passenger Property Loss	Checked Baggage	258.64	Other	Other	Denied	0.0	Deny
135806	2009042157810	2009-04-01 00:00:00	2009-02-05 00:00:00	TVC	Cherry Capital Airport	Northwest Airlines	Passenger Property Loss	Checked Baggage	390.0	Tools & Machines	Lighters - (cigar, cigerette, etc.)	Settled	299.9	Settle
142295	2009100664354	2009-10-01 00:00:00	2009-08-26 00:00:00	TVC	Cherry Capital Airport	Northwest Airlines	Passenger Property Loss	Checked Baggage	450.0	Outdoors Supplies	Sporting Equipment & Supplies (footballs, parachutes, etc.)	Canceled		
144349	2009121466468	2009-12-04 00:00:00	2009-11-02 00:00:00	TVC	Cherry Capital Airport	American Airlines	Passenger Property Loss	Checked Baggage	150.0	Other	Other	Denied	0.0	Deny
145765	2010022468700	2010-02-12 00:00:00	2010-02-11 00:00:00	TVC	Cherry Capital Airport	Delta Air Lines	Passenger Property Loss	Checked Baggage		Other	Other			
148924	2010060172241	2010-05-21 00:00:00	2010-05-16 08:00:00	TVC	Cherry Capital Airport	American Airlines	Passenger Property Loss	Checked Baggage		Other	Other		50.0	Approve in Full
168055	2012020290594	2012-02-02 00:00:00	2011-12-09 17:00:00	TVC	Cherry Capital Airport	Delta Air Lines	Passenger Property Loss	Checked Baggage		Other	Other		0.0	Deny
170127	2012051093825	2012-04-17 00:00:00	2012-03-31 15:25:00	TVC	Cherry Capital Airport	Delta Air Lines	Passenger Property Loss	Checked Baggage		Cosmetics	Travel Accessories		0.0	Deny
171232	2012070695097	2012-05-25 00:00:00	2012-05-20 07:30:00	TVC	Cherry Capital Airport	Delta Air Lines	Passenger Property Loss	Checked Baggage		Clothing & Accessories	Clothing		161.0	Settle
172191	2012071095167	2012-07-02 00:00:00	2012-05-22 06:30:00	TVC	Cherry Capital Airport	Delta Air Lines	Passenger Property Loss	Checked Baggage		Other	Other		0.0	Deny
174943	2012102998194	2012-10-09 00:00:00	2012-08-08 16:00:00	TVC	Cherry Capital Airport	Delta Air Lines	Passenger Property Loss	Checked Baggage		Watches & Jewelry	Jewelry & Watches			
175393	2012102498067	2012-10-24 00:00:00	2012-09-19 00:00:00	TVC	Cherry Capital Airport	Delta Air Lines	Passenger Property Loss	Checkpoint		Other	Currency		0.0	Deny
182547	2013090106448	2013-07-19 00:00:00	2013-06-30 11:30:00	TVC	Cherry Capital Airport	American Airlines	Passenger Property Loss	Checked Baggage		Cosmetics	Cosmetics & Grooming			
187315	2014012311069	2014-01-15 00:00:00	2013-09-07 00:00:00	TVC	Cherry Capital Airport	American Airlines	Passenger Property Loss	Checked Baggage		Electronics,Electronics	Cameras*Personal Electronics		0.0	Deny
192986	2014092216862	2014-08-27 00:00:00	2014-07-28 00:00:00	TVC	Cherry Capital Airport	UAL	Passenger Property Loss	Checked Baggage		Cosmetics	Travel Accessories		20.0	Approve in Full
193708	2014101417594	2014-10-06 00:00:00	2014-09-27 00:00:00	TVC	Cherry Capital Airport	Delta Air Lines	Passenger Property Loss	Checked Baggage		Containers	Baggage/Cases/Purses			
193943	2014102017836	2014-10-14 00:00:00	2014-08-23 00:00:00	TVC	Cherry Capital Airport	Delta Air Lines	Passenger Property Loss	Checked Baggage		Watches & Jewelry	Jewelry & Watches			
194224	2014103118121	2014-10-24 00:00:00	2014-08-21 00:00:00	TVC	Cherry Capital Airport	UAL	Passenger Property Loss	Checked Baggage		Cosmetics	Cosmetics & Grooming		0.0	Deny
204094	2015052122638	2015-05-14 00:00:00	2015-04-30 00:00:00	TVC	Cherry Capital Airport	Delta Air Lines	Passenger Property Loss	Checked Baggage		Containers,Clothing & Accessories	Baggage/Cases/Purses*Clothing		15.0	Settle
220662	2017100443976	2017-09-12 00:00:00	2017-08-20 00:00:00	TVC	Cherry Capital Airport Cherry Capital Airport	UAL	Passenger Property Loss	Checked Baggage		Outdoors Supplies	Sporting Equipment & Supplies (footballs, parachutes, etc.)			In Review