id	claim_number	date_received	incident_date	airport_code	airport_name	airline	claim_type	claim_site	claim_amount	items_new	items_old	status	close_amount	disposition
26316	0202439M	2004-02-02 00:00:00	2003-12-18 00:00:00	VPS	Okaloosa/ Northwest Florida		Passenger Property Loss	Checked Baggage	59.99	Electronics	PDA - Personal Data Assistants	Approved	59.99	Approve in Full
32260	2004060154099	2004-04-06 00:00:00	2003-12-01 00:00:00	VPS	Okaloosa/ Northwest Florida	Delta Air Lines	Passenger Property Loss	Checked Baggage	500.0	Clothing & Accessories	Clothing - Shoes, belts, accessories, etc.	Denied	0.0	Deny
34945	2004060955177	2004-05-10 00:00:00	2004-04-20 00:00:00	VPS	Okaloosa/ Northwest Florida	Delta (Song)	Passenger Property Loss	Checkpoint	91.02	Other	Other	Denied	0.0	Deny
39694	2004080960824	2004-07-09 00:00:00	2004-06-25 00:00:00	VPS	Okaloosa/ Northwest Florida	Delta Air Lines	Passenger Theft	Checked Baggage	120.0	Other	Other	Denied	120.0	Deny
40935	2004090261997	2004-07-23 00:00:00	2004-07-14 00:00:00	VPS	Okaloosa/ Northwest Florida	Delta Air Lines	Passenger Property Loss	Checkpoint	150.0	Clothing & Accessories	Clothing - Shoes, belts, accessories, etc.	Settled	75.0	Settle
42846	2004092263557	2004-08-19 00:00:00	2004-08-11 00:00:00	VPS	Okaloosa/ Northwest Florida		Passenger Property Loss	Checkpoint	1337.92	Watches & Jewelry	Jewelry - Fine	Denied	0.0	Deny
42974	2004092063178	2004-08-23 00:00:00	2004-08-06 00:00:00	VPS	Okaloosa/ Northwest Florida	Delta Air Lines	Passenger Property Loss	Checked Baggage	267.0	Electronics	Computer - Laptop	Approved	267.0	Approve in Full
46258	2004110866708	2004-09-29 00:00:00	2004-09-20 00:00:00	VPS	Okaloosa/ Northwest Florida		Passenger Property Loss	Checked Baggage	691.18	Electronics	Cameras - Digital	Denied		Deny
48518	2004122170078	2004-10-27 00:00:00	2004-08-18 00:00:00	VPS	Okaloosa/ Northwest Florida	Delta Air Lines	Passenger Property Loss	Checked Baggage	463.9	Other	Other	Denied	0.0	Deny
53776	2005012774519	2005-01-07 00:00:00	2004-12-29 00:00:00	VPS	Okaloosa/ Northwest Florida	Delta Air Lines	Passenger Property Loss	Checked Baggage	26.49	Other	Other	Approved	26.49	Approve in Full
54239	2005020375577	2005-01-11 00:00:00	2004-10-03 00:00:00	VPS	Okaloosa/ Northwest Florida		Passenger Property Loss	Checked Baggage	500.0	Watches & Jewelry	Jewelry - Fine	Denied	0.0	Deny
57779	2005031678483	2005-02-24 00:00:00	2005-02-14 00:00:00	VPS	Okaloosa/ Northwest Florida	Delta Air Lines	Passenger Property Loss	Checked Baggage	21.4	Tools & Machines	Locks	Approved	21.4	Approve in Full
58780	2005032579845	2005-03-08 00:00:00	2004-12-21 00:00:00	VPS	Okaloosa/ Northwest Florida	Continental Airlines	Passenger Property Loss	Checked Baggage	8.64	Other	Other	Approved	8.64	Approve in Full
65369	2005061486370	2005-06-03 00:00:00	2005-05-25 00:00:00	VPS	Okaloosa/ Northwest Florida	Delta Air Lines	Passenger Property Loss	Checked Baggage	75.0	Other	Other	Approved	75.0	Approve in Full
65410	2005061086230	2005-06-03 00:00:00	2005-05-13 00:00:00	VPS	Okaloosa/ Northwest Florida		Passenger Property Loss	Checkpoint	35.0	Other	Other	Denied	0.0	Deny
65854	2005062286867	2005-06-09 00:00:00	2005-05-21 00:00:00	VPS	Okaloosa/ Northwest Florida	Delta Air Lines	Passenger Property Loss	Checked Baggage	270.0	Watches & Jewelry	Jewelry - Fine	Denied	0.0	Deny
74777	2005111496000	2005-11-01 00:00:00	2005-10-26 00:00:00	VPS	Okaloosa/ Northwest Florida	Delta Air Lines	Passenger Property Loss	Checked Baggage	34.99	Other	Other	Approved	34.99	Approve in Full
80638	2006022101814	2006-02-14 00:00:00	2006-01-24 00:00:00	VPS	Okaloosa/ Northwest Florida	Frontier Airlines	Passenger Property Loss	Checked Baggage	16.86	Tools & Machines	Locks	Approved	16.86	Approve in Full
83825	2006042405038	2006-04-14 00:00:00	2006-03-11 00:00:00	VPS	Okaloosa/ Northwest Florida	Delta Air Lines	Passenger Property Loss	Checked Baggage	42.8	Tools & Machines	Locks	Approved	42.8	Approve in Full
84859	2006051105910	2006-05-05 00:00:00	2006-05-02 00:00:00	VPS	Okaloosa/ Northwest Florida	Delta Air Lines	Passenger Property Loss	Checked Baggage	320.0	Clothing & Accessories	Clothing - Shoes, belts, accessories, etc.	Canceled	0.0	
87346	2006062708600	2006-06-26 00:00:00	2006-06-17 00:00:00	VPS	Okaloosa/ Northwest Florida	Delta Air Lines	Passenger Property Loss	Checked Baggage	205.99	Clothing & Accessories,Other	Clothing - Shoes, belts, accessories, etc.*Other	Denied	0.0	Deny
87347	2006062708601	2006-06-26 00:00:00	2006-06-17 00:00:00	VPS	Okaloosa/ Northwest Florida	Delta Air Lines	Passenger Property Loss	Checked Baggage	60.0	Clothing & Accessories	Clothing - Shoes, belts, accessories, etc.	Denied	0.0	Deny
92429	2006100513685	2006-10-02 00:00:00	2006-09-25 00:00:00	VPS	Okaloosa/ Northwest Florida	Delta Air Lines	Passenger Property Loss	Checked Baggage	900.0	Watches & Jewelry	Jewelry - Fine	Denied	0.0	Deny
94920	2006112916335	2006-11-20 00:00:00	2006-11-10 00:00:00	VPS	Okaloosa/ Northwest Florida	Continental Airlines	Passenger Property Loss	Checkpoint	350.0	Watches & Jewelry	Jewelry - Fine	Denied	0.0	Deny
97911	2007011718933	2007-01-10 00:00:00	2006-11-12 00:00:00	VPS	Okaloosa/ Northwest Florida	Delta Air Lines	Passenger Property Loss	Checked Baggage	200.0	Watches & Jewelry	Jewelry - Fine	Settled	100.0	Settle
98116	2007012319147	2007-01-16 00:00:00	2006-12-31 00:00:00	VPS	Okaloosa/ Northwest Florida	Delta Air Lines	Passenger Property Loss	Checked Baggage	365.46	Games & Toys	Toys (game systems, cartridges, radio controlled cars, etc.)	Denied	0.0	Deny
99232	2007020220117	2007-02-02 00:00:00	2006-09-13 00:00:00	VPS	Okaloosa/ Northwest Florida	Delta Air Lines	Passenger Property Loss	Checked Baggage	746.0	Electronics	Computer - Laptop	Denied	0.0	Deny
99599	2007020920655	2007-02-08 00:00:00	2007-02-05 00:00:00	VPS	Okaloosa/ Northwest Florida	Continental Airlines	Passenger Property Loss	Checked Baggage	700.0	Watches & Jewelry,Watches & Jewelry	Jewelry - Fine*Watches - Inexpensive $100 or less	Denied	0.0	Deny
103625	2007050324946	2007-05-01 00:00:00	2007-04-21 00:00:00	VPS	Okaloosa/ Northwest Florida	Delta Air Lines	Passenger Property Loss	Checked Baggage	3.17	Other	Other	Approved	3.17	Approve in Full
112421	2007102433826	2007-10-19 00:00:00	2007-10-17 00:00:00	VPS	Okaloosa/ Northwest Florida	American Airlines	Passenger Property Loss	Checked Baggage	350.0	Containers	Handbags & Purses (leather or fabric)	Denied	0.0	Deny
112430	2007102533863	2007-10-19 00:00:00	2007-08-16 00:00:00	VPS	Okaloosa/ Northwest Florida	Delta Air Lines	Passenger Property Loss	Checked Baggage	48.0	Clothing & Accessories	Clothing - Shoes, belts, accessories, etc.	Denied	0.0	Deny
113017	2007110234428	2007-10-31 00:00:00	2007-10-22 00:00:00	VPS	Okaloosa/ Northwest Florida	Delta Air Lines	Passenger Property Loss	Checked Baggage	110.0	Cosmetics,Supplies	Cosmetics - Perfume, toilet articles, medicines, soaps, etc.*Medicines	Denied	0.0	Deny
113547	2007111434932	2007-11-13 00:00:00	2007-10-18 00:00:00	VPS	Okaloosa/ Northwest Florida		Passenger Property Loss	Checkpoint	122.34	Tools & Machines	Barber Supplies - Scissors, shears, elecric razors, etc.	Denied	0.0	Deny
117827	2008021239442	2008-02-04 00:00:00	2008-01-24 00:00:00	VPS	Okaloosa/ Northwest Florida	Delta Air Lines	Passenger Property Loss	Checked Baggage	333.31	Electronics	GPS - Global Positioning System	Denied	0.0	Deny
118997	2008061145482	2008-02-28 00:00:00	2007-05-08 00:00:00	VPS	Okaloosa/ Northwest Florida		Passenger Property Loss	Checkpoint	10.35	Supplies	Medicines	Approved	10.35	Approve in Full
119035	2008061145481	2008-02-28 00:00:00	2006-08-29 00:00:00	VPS	Okaloosa/ Northwest Florida		Passenger Property Loss	Checkpoint	10.35	Supplies	Medicines	Denied	0.0	Deny
128043	2008091049728	2008-09-09 00:00:00	2008-09-08 00:00:00	VPS	Okaloosa/ Northwest Florida	USAir	Passenger Property Loss	Checkpoint	31.56	Electronics	Cell Phones	Denied	0.0	Deny
133778	2009022055670	2009-02-06 00:00:00	2008-12-21 00:00:00	VPS	Okaloosa/ Northwest Florida	Delta Air Lines	Passenger Property Loss	Checked Baggage	329.99	Electronics	Cell Phones	Denied	0.0	Deny
141283	2009090263271	2009-09-01 00:00:00	2009-08-09 00:00:00	VPS	Okaloosa/ Northwest Florida	Delta Air Lines	Passenger Property Loss	Checked Baggage	195.0	Cosmetics,Other	Cosmetics - Perfume, toilet articles, medicines, soaps, etc.*Other	Denied	0.0	Deny
152305	2010090875784	2010-08-30 00:00:00	2010-08-08 07:00:00	VPS	Okaloosa/ Northwest Florida	American Airlines	Passenger Property Loss	Checked Baggage		Clothing & Accessories,Watches & Jewelry	Clothing*Jewelry & Watches		0.0	Deny
152837	2010092276299	2010-09-14 00:00:00	2010-08-12 12:40:00	VPS	Okaloosa/ Northwest Florida	American Airlines	Passenger Property Loss	Checked Baggage		Other	Other		0.0	Deny
153144	2010093076546	2010-09-24 00:00:00	2010-09-16 11:54:00	VPS	Okaloosa/ Northwest Florida	Delta Air Lines	Passenger Property Loss	Checked Baggage		Cosmetics	Travel Accessories		0.0	Deny
155347	2010121678793	2010-12-06 00:00:00	2010-11-25 00:00:00	VPS	Okaloosa/ Northwest Florida	Delta Air Lines	Passenger Property Loss	Checked Baggage		Other	Other		0.0	Deny
157056	2011022480492	2011-01-31 00:00:00	2010-12-19 00:00:00	VPS	Okaloosa/ Northwest Florida	Lufthansa	Passenger Property Loss	Checked Baggage		Electronics	Cameras		0.0	Deny
158021	2011033181584	2011-03-03 00:00:00	2011-02-08 09:30:00	VPS	Okaloosa/ Northwest Florida	Delta Air Lines	Passenger Property Loss	Checkpoint		Outdoors Supplies	Tools & Home Improvement Supplies		4.74	Approve in Full
163784	2011100687627	2011-09-07 00:00:00	2011-08-21 00:00:00	VPS	Okaloosa/ Northwest Florida	Continental Airlines	Passenger Property Loss	Checked Baggage		Containers,Clothing & Accessories	Baggage/Cases/Purses*Clothing		40.0	Settle
164371	2011101487867	2011-09-30 00:00:00	2011-08-30 00:00:00	VPS	Okaloosa/ Northwest Florida	American Airlines	Passenger Property Loss	Checked Baggage		Watches & Jewelry	Jewelry & Watches		0.0	Deny
164776	2011102088239	2011-10-12 00:00:00	2011-09-14 12:02:00	VPS	Okaloosa/ Northwest Florida	Delta Air Lines	Passenger Property Loss	Checked Baggage		Clothing & Accessories	Clothing		47.7	Approve in Full
165441	2011111689040	2011-11-03 00:00:00	2011-10-18 00:00:00	VPS	Okaloosa/ Northwest Florida	Vision Airlines	Passenger Property Loss	Checked Baggage		Outdoors Supplies	Sporting Equipment & Supplies (footballs, parachutes, etc.)		0.0	Deny
174521	2012110398292	2012-09-20 00:00:00	2012-09-09 00:00:00	VPS	Okaloosa/ Northwest Florida	American Airlines	Passenger Property Loss	Checked Baggage		Electronics,Electronics	Computer & Accessories*Personal Electronics		0.0	Deny
174853	2012102397976	2012-10-03 00:00:00	2012-08-12 00:00:00	VPS	Okaloosa/ Northwest Florida		Passenger Property Loss	Checkpoint		Clothing & Accessories	Clothing		25.0	Approve in Full
180057	2013052203801	2013-04-22 00:00:00	2013-04-06 22:00:00	VPS	Okaloosa/ Northwest Florida	American Airlines	Passenger Property Loss	Checked Baggage		Outdoors Supplies	Sporting Equipment & Supplies (footballs, parachutes, etc.)		50.0	Approve in Full
181217	2013062704838	2013-06-05 00:00:00	2013-05-19 10:30:00	VPS	Okaloosa/ Northwest Florida	Delta Air Lines	Passenger Property Loss	Checkpoint		Clothing & Accessories	Personal Accessories		194.4	Approve in Full
190840	2014061614666	2014-06-05 00:00:00	2014-05-30 00:00:00	VPS	Okaloosa/ Northwest Florida	Delta Air Lines	Passenger Property Loss	Checked Baggage		Scientific Intruments	Medical/Science			
190952	2014062314781	2014-06-13 00:00:00	2014-06-05 00:00:00	VPS	Okaloosa/ Northwest Florida	American Airlines	Passenger Property Loss	Checked Baggage		Food & Drink	Food & Drink			
204115	2015122927925	2015-12-29 00:00:00	2015-12-29 00:00:00	VPS	Okaloosa/ Northwest Florida	American Airlines	Passenger Property Loss	Checked Baggage		Other	Other			
212316	2016092833966	2016-08-03 00:00:00	2016-07-26 00:00:00	VPS	Okaloosa/ Northwest Florida Okaloosa/ Northwest Florida	Delta Air Lines	Passenger Property Loss	Checked Baggage		Clothing & Accessories	Clothing			Insufficient
212317	2016093034204	2016-08-04 00:00:00	2016-07-31 00:00:00	VPS	Okaloosa/ Northwest Florida Okaloosa/ Northwest Florida	American Airlines	Passenger Property Loss	Checked Baggage		Clothing & Accessories	Clothing		99.95	Approve in Full
220679	2017071341521	2017-06-08 00:00:00	2017-01-06 00:00:00	VPS	Okaloosa/ Northwest Florida Okaloosa/ Northwest Florida	American Airlines	Passenger Property Loss	Checkpoint		Other,Electronics	Other*Personal Electronics			In Review
220681	2017032738247	2017-01-23 00:00:00	2017-01-20 00:00:00	VPS	Okaloosa/ Northwest Florida Okaloosa/ Northwest Florida		Passenger Property Loss	Checkpoint		Cosmetics	Cosmetics & Grooming			Insufficient
220682	2017062741012	2017-06-27 00:00:00	2017-05-25 00:00:00	VPS	Okaloosa/ Northwest Florida Okaloosa/ Northwest Florida	American Airlines	Passenger Property Loss	Checked Baggage		Cosmetics	Travel Accessories		9.99	Approve in Full