Airport	airport_code	domestic_passengers	international_passengers	lat	lng	count	med_claim	med_close
Lehigh Valley International Airport	ABE	688505	0	-75.44080352783203	40.652099609375	55	125.0	14.39
Abilene Regional Airport	ABI	179449	0	-99.68190002440001	32.4113006592	24	238.69	0.0
Albuquerque International Sunport Airport	ABQ	4775098	0	-106.609001	35.040199	552	130.0	0.0
Aberdeen Regional Airport	ABR	0	0	-98.42179870605469	45.449100494384766	17	225.0	0.0
Southwest Georgia Regional Airport	ABY	0	0	-84.19450378417969	31.535499572753906	29	121.0	0.0
Nantucket Memorial Airport	ACK	0	0	-70.06020355	41.25310135	19	347.0	38.0
Waco Regional Airport	ACT	0	0	-97.23049926757812	31.611299514770508	29	85.0	2.5
Arcata Airport	ACV	0	0	-124.10900115966797	40.97809982299805	30	161.25	0.0
Atlantic City International Airport	ACY	1205865	1408	-74.57720184326172	39.45759963989258	99	215.94	0.0
Alexandria International Airport	AEX	255229	0	-92.54979705810547	31.32740020751953	43	327.5	0.0
Augusta Regional At Bush Field	AGS	0	0	-81.9645004272461	33.36989974975586	43	167.0	0.0
Athens Ben Epps Airport	AHN	0	0	-83.32630157470703	33.94860076904297	1	-1	0.0
Alliance Municipal Airport	AIA	0	0	-102.804000854	42.0531997681	1	-1	164.62
Albany International Airport	ALB	2818643	0	-73.80169677734375	42.74829864501953	554	149.97	0.0
Waterloo Regional Airport	ALO	0	0	-92.40029907226562	42.557098388671875	14	50.0	0.0
San Luis Valley Regional Bergman Field	ALS	0	0	-105.866997	37.434898	4	113.0	6.0
Walla Walla Regional Airport	ALW	0	0	-118.288002	46.09489822	15	369.95	0.0
Rick Husband Amarillo International Airport	AMA	0	0	-101.706001	35.219398	67	299.0	0.0
Altoona Blair County Airport	AOO	0	0	-78.31999969	40.29639816	1	126.15	0.0
Naples Municipal Airport	APF	2829	0	-81.7752990723	26.1525993347	1	3500.0	0.0
Alpena County Regional Airport	APN	0	0	-83.56030273	45.0780983	2	-1	0.0
Watertown International Airport	ART	0	0	-76.02169799804688	43.99190139770508	7	179.9	0.0
Aspen-Pitkin Co/Sardy Field	ASE	0	0	-106.8690033	39.22320175	54	249.0	0.0
Hartsfield Jackson Atlanta International Airport	ATL	92696320	11475615	-84.4281005859375	33.63669967651367	4013	260.15	0.0
Appleton International Airport	ATW	0	0	-88.5190963745	44.258098602299995	55	175.0	0.0
Watertown Regional Airport	ATY	0	0	-97.15470123	44.91400146	2	8.74	4.37
Augusta State Airport	AUG	0	0	-69.7973022461	44.320598602299995	3	65.95	0.0
Austin Bergstrom International Airport	AUS	12161555	275294	-97.6698989868164	30.194499969482422	612	194.86	0.0
Asheville Regional Airport	AVL	826648	0	-82.54180145263672	35.43619918823242	92	180.19	0.0
Wilkes Barre Scranton International Airport	AVP	0	0	-75.72339630130001	41.338500976599995	35	310.35	0.0
Kalamazoo Battle Creek International Airport	AZO	0	0	-85.5521011352539	42.234901428222656	30	228.18	0.0
Bradley International Airport	BDL	5981264	79679	-72.68319702149999	41.9388999939	611	159.95	0.0
Bradford Regional Airport	BFD	0	0	-78.64009857177734	41.8031005859375	5	249.98	42.22
Western Neb. Rgnl/William B. Heilig Airport	BFF	0	0	-103.5960007	41.87400055	5	294.0	0.0
Meadows Field	BFL	203585	0	-119.0569992	35.43360138	41	98.09	0.0
Greater Binghamton/Edwin A Link field	BGM	0	0	-75.97979736	42.20869827	29	170.0	0.0
Bangor International Airport	BGR	477302	2057	-68.8281021118164	44.80739974975586	44	204.97	0.0
Hancock County-Bar Harbor Airport	BHB	0	0	-68.3615036	44.45000076	5	74.25	0.0
Birmingham-Shuttlesworth International Airport	BHM	2653207	0	-86.75350189	33.56290054	167	175.89	0.0
Billings Logan International Airport	BIL	865431	0	-108.54299926757812	45.807701110839844	72	143.86	0.0
Bismarck Municipal Airport	BIS	543273	0	-100.74600219726562	46.772701263427734	22	257.5	0.0
Bemidji Regional Airport	BJI	0	0	-94.93370056	47.50939941	13	120.0	0.0
Raleigh County Memorial Airport	BKW	0	0	-81.1241989136	37.787300109899995	1	214.98	0.0
Mercer County Airport	BLF	0	0	-81.20770263671875	37.295799255371094	2	492.47	217.49
Bellingham International Airport	BLI	835860	0	-122.53800201416016	48.79280090332031	55	122.91	0.0
Scott AFB/Midamerica Airport	BLV	0	0	-89.835197	38.5452	6	148.47	23.97
Central Illinois Regional Airport at Bloomington-Normal	BMI	381109	0	-88.91590118	40.47710037	43	250.0	0.0
Nashville International Airport	BNA	12885980	93823	-86.6781997680664	36.1245002746582	699	156.06	0.0
Boise Air Terminal/Gowen field	BOI	3230878	0	-116.2229996	43.56439972	232	120.0	0.0
General Edward Lawrence Logan International Airport	BOS	29700569	6587473	-71.00520325	42.36429977	2652	250.0	0.0
Southeast Texas Regional Airport	BPT	0	0	-94.02069854736328	29.9507999420166	10	123.66	0.0
Brunswick Golden Isles Airport	BQK	71582	0	-81.46649932861328	31.258800506591797	12	206.2	3.15
Brainerd Lakes Regional Airport	BRD	0	0	-94.13809967	46.39830017	8	129.25	0.0
Southeast Iowa Regional Airport	BRL	0	0	-91.12550354003906	40.783199310302734	1	-1	0.0
Brownsville South Padre Island International Airport	BRO	217195	0	-97.4259033203125	25.90679931640625	6	255.47	0.0
Bert Mooney Airport	BTM	0	0	-112.49700164794922	45.95479965209961	14	97.41	9.73
Baton Rouge Metropolitan, Ryan Field	BTR	749997	0	-91.14959717	30.53319931	80	193.5	0.0
Burlington International Airport	BTV	1206204	2139	-73.15329742429999	44.471900939899996	219	168.47	0.0
Buffalo Niagara International Airport	BUF	4609936	8812	-78.73220062	42.94049835	438	153.0	0.0
Bob Hope Airport	BUR	4142943	0	-118.35900115966797	34.20069885253906	415	224.37	0.0
Baltimore/Washington International Thurgood Marshall Airport	BWI	23889185	1233466	-76.66829681	39.17539978	1796	165.0	0.0
Gallatin Field	BZN	1107168	0	-111.1529999	45.77750015	118	123.75	0.0
Columbia Metropolitan Airport	CAE	1132329	0	-81.11949920654297	33.93880081176758	94	133.68	0.0
Akron Canton Regional Airport	CAK	1398615	0	-81.44219970703125	40.916099548339844	158	140.0	0.0
Cedar City Regional Airport	CDC	0	0	-113.0989990234375	37.70100021362305	4	1115.47	0.0
Jack Mc Namara Field Airport	CEC	0	0	-124.2369995	41.78020096	4	309.62	0.0
Lovell Field	CHA	836986	0	-85.20379638671875	35.035301208496094	31	210.0	0.0
Charlottesville Albemarle Airport	CHO	593000	0	-78.4529037475586	38.13859939575195	65	285.0	0.0
Charleston Air Force Base-International Airport	CHS	3656689	0	-80.04049683	32.89860153	225	227.29	0.0
Chico Municipal Airport	CIC	0	0	-121.8580017	39.79539871	10	400.0	0.0
The Eastern Iowa Airport	CID	1084310	0	-91.71080017089844	41.884700775146484	47	301.13	0.0
Chippewa County International Airport	CIU	0	0	-84.47239685058594	46.25080108642578	2	-1	0.0
North Central West Virginia Airport	CKB	0	0	-80.2281036377	39.2966003418	3	-1	0.0
Cleveland Hopkins International Airport	CLE	8232215	190461	-81.8498001099	41.4117012024	720	187.22	0.0
Easterwood Field	CLL	0	0	-96.36380005	30.58860016	23	200.0	0.0
Charlotte Douglas International Airport	CLT	41310624	3111398	-80.94309997558594	35.2140007019043	1188	210.0	0.0
Port Columbus International Airport	CMH	7235435	88745	-82.89189910888672	39.99800109863281	476	150.0	0.0
University of Illinois Willard Airport	CMI	0	0	-88.27809906	40.03919983	21	245.04	0.0
Houghton County Memorial Airport	CMX	0	0	-88.48909759521484	47.168399810791016	7	297.0	0.0
Yellowstone Regional Airport	COD	0	0	-109.024002075	44.520198822	8	38.71	0.0
City of Colorado Springs Municipal Airport	COS	1298380	0	-104.70099639893	38.805801391602	444	100.0	0.0
Columbia Regional Airport	COU	0	0	-92.21959686279297	38.81809997558594	20	190.0	0.0
Casper-Natrona County International Airport	CPR	186223	0	-106.4639969	42.90800095	35	248.61	0.0
Corpus Christi International Airport	CRP	675701	0	-97.5011978149414	27.77039909362793	97	161.0	0.0
Mc Clellan-Palomar Airport	CRQ	0	0	-117.2799988	33.12829971	7	591.7	0.0
Yeager Airport	CRW	425000	0	-81.59320068359375	38.37310028076172	39	330.0	7.95
Columbus Metropolitan Airport	CSG	0	0	-84.93890380859375	32.516300201416016	18	268.27	0.0
Cincinnati Northern Kentucky International Airport	CVG	6526127	247778	-84.6678009033	39.0488014221	598	138.0	12.5
Central Wisconsin Airport	CWA	233933	0	-89.6668014526	44.7775993347	30	103.87	0.0
Cheyenne Regional Jerry Olson Field	CYS	0	0	-104.8119965	41.15570068	9	145.0	0.0
Daytona Beach International Airport	DAB	707657	0	-81.058098	29.179899	71	112.0	0.0
Dallas Love Field	DAL	15562738	0	-96.851799	32.847099	390	196.38	0.0
James M Cox Dayton International Airport	DAY	2069572	0	-84.21939849853516	39.902400970458984	177	180.0	0.0
Dubuque Regional Airport	DBQ	0	0	-90.70950317	42.40200043	8	233.43	0.0
Ronald Reagan Washington National Airport	DCA	23232780	335806	-77.037697	38.8521	1037	210.62	0.0
Dodge City Regional Airport	DDC	0	0	-99.9655990600586	37.76340103149414	1	12.0	0.0
Decatur Airport	DEC	0	0	-88.8656997680664	39.834598541259766	5	100.0	62.5
Denver International Airport	DEN	55962262	2304253	-104.672996521	39.861698150635	2446	172.86	0.0
Dallas Fort Worth International Airport	DFW	57235520	8435177	-97.03800201416016	32.89680099487305	2687	200.0	0.0
Dothan Regional Airport	DHN	0	0	-85.44960021972656	31.321300506591797	15	500.0	0.0
Dickinson Theodore Roosevelt Regional Airport	DIK	0	0	-102.802001953	46.7974014282	4	-1	0.0
Duluth International Airport	DLH	0	0	-92.19360351559999	46.8420982361	56	89.75	0.0
Durango La Plata County Airport	DRO	0	0	-107.753997803	37.1515007019	19	425.0	0.0
Del Rio International Airport	DRT	0	0	-100.927001953	29.3742008209	3	89.0	0.0
Des Moines International Airport	DSM	2483924	0	-93.66310119628906	41.534000396728516	172	174.0	0.0
Detroit Metropolitan Wayne County Airport	DTW	31478732	2922522	-83.35340118408203	42.212398529052734	1737	188.57	0.0
DuBois Regional Airport	DUJ	0	0	-78.8986969	41.17829895	1	347.75	0.0
Devils Lake Regional Airport	DVL	0	0	-98.90879822	48.11420059	2	5.25	0.0
Kearney Regional Airport	EAR	0	0	-99.00679779	40.72700119	3	234.97	0.0
Pangborn Memorial Airport	EAT	0	0	-120.207000732	47.3988990784	26	135.9	0.0
Chippewa Valley Regional Airport	EAU	0	0	-91.48429870605469	44.86579895019531	9	375.0	0.0
Northwest Florida Beaches International Airport	ECP	897679	0	-85.795414	30.357106	26	-1	0.0
Eagle County Regional Airport	EGE	0	0	-106.9179993	39.64260101	84	200.0	0.0
Elko Regional Airport	EKO	0	0	-115.79199981689453	40.82490158081055	4	45.0	45.0
Elmira Corning Regional Airport	ELM	0	0	-76.8916015625	42.1599006652832	34	213.34	0.0
El Paso International Airport	ELP	2807734	0	-106.3779984	31.80719948	366	120.0	0.0
Wendover Airport	ENV	0	0	-114.03099823	40.7187004089	11	108.72	0.0
Erie International Tom Ridge Field	ERI	0	0	-80.1738667488	42.0831270134	55	195.0	0.0
Delta County Airport	ESC	0	0	-87.0936965942	45.7226982117	3	350.0	0.0
Mahlon Sweet Field	EUG	963178	0	-123.21199798583984	44.12459945678711	113	161.0	15.0
Evansville Regional Airport	EVV	0	0	-87.5324020386	38.0369987488	19	225.06	0.0
Coastal Carolina Regional Airport	EWN	0	0	-77.04290008539999	35.0730018616	33	200.0	0.0
Newark Liberty International Airport	EWR	28218416	12344869	-74.168701171875	40.692501068115234	4645	300.0	0.0
Key West International Airport	EYW	0	0	-81.75959777832031	24.556100845336914	80	207.47	0.0
Hector International Airport	FAR	0	0	-96.81580352783203	46.92070007324219	44	148.0	0.0
Fresno Yosemite International Airport	FAT	1339300	201623	-119.71800231933594	36.77619934082031	154	200.0	0.0
Fayetteville Regional Grannis Field	FAY	0	0	-78.88030242919922	34.9911994934082	13	146.74	0.0
Flagstaff Pulliam Airport	FLG	0	0	-111.6709976	35.13850021	15	123.17	0.0
Fort Lauderdale Hollywood International Airport	FLL	23149587	6055415	-80.15270233154297	26.072599411010742	2728	211.63	0.0
Florence Regional Airport	FLO	0	0	-79.7238998413086	34.18539810180664	12	230.0	0.0
Four Corners Regional Airport	FMN	0	0	-108.230003357	36.741199493399996	2	-1	0.0
Fort Collins Loveland Municipal Airport	FNL	0	0	-105.011001587	40.4518013	3	25.0	45.0
Bishop International Airport	FNT	0	0	-83.74359893798828	42.96540069580078	160	124.99	0.0
Fort Dodge Regional Airport	FOD	0	0	-94.19259644	42.55149841	4	121.0	0.0
Topeka Regional Airport - Forbes Field	FOE	0	0	-95.66359710690001	38.950901031499995	12	153.5	5.0
Joe Foss Field Airport	FSD	1027022	0	-96.741897583	43.582000732400004	42	109.28	25.0
Fort Smith Regional Airport	FSM	173657	0	-94.36740112304688	35.33660125732422	17	135.19	0.0
Fort Wayne International Airport	FWA	727896	0	-85.19509888	40.97850037	47	118.65	10.6
Great Bend Municipal Airport	GBD	0	0	-98.8591995239	38.3442993164	3	-1	0.0
Gillette Campbell County Airport	GCC	0	0	-105.539001465	44.348899841299996	6	206.7	0.0
Garden City Regional Airport	GCK	0	0	-100.723999023	37.9275016785	6	150.0	37.5
Spokane International Airport	GEG	3234095	0	-117.53399658203125	47.61989974975586	454	115.0	10.0
Grand Forks International Airport	GFK	262962	0	-97.176102	47.949299	16	218.28	0.0
East Texas Regional Airport	GGG	0	0	-94.71150207519531	32.38399887084961	16	250.0	0.0
Grand Junction Regional Airport	GJT	0	0	-108.527000427	39.1223983765	30	200.0	0.0
Mid Delta Regional Airport	GLH	0	0	-90.98560333251953	33.4828987121582	3	-1	27.98
Gainesville Regional Airport	GNV	420787	0	-82.2717971802	29.6900997162	31	300.0	0.0
Groton New London Airport	GON	0	0	-72.04509735107422	41.330101013183594	1	2300.0	0.0
Glacier Park International Airport	GPI	0	0	-114.25599670410156	48.31050109863281	20	70.32	0.0
Gulfport Biloxi International Airport	GPT	618590	0	-89.07009887695312	30.40730094909668	114	152.5	0.0
Austin Straubel International Airport	GRB	601247	0	-88.12960052490234	44.48509979248047	58	259.19	0.0
Central Nebraska Regional Airport	GRI	0	0	-98.30960083007812	40.967498779296875	6	-1	0.0
Robert Gray  Army Air Field Airport	GRK	0	0	-97.82890319820001	31.067199707	40	149.94	0.0
Gerald R. Ford International Airport	GRR	2653630	0	-85.52279663	42.88079834	152	149.5	0.0
Piedmont Triad International Airport	GSO	1686862	0	-79.93730163574219	36.097801208496094	155	231.75	0.0
Greenville Spartanburg International Airport	GSP	2018319	0	-82.2189025879	34.8956985474	309	113.84	0.0
Great Falls International Airport	GTF	0	0	-111.3710022	47.48199844	75	96.0	15.0
Golden Triangle Regional Airport	GTR	0	0	-88.5914001465	33.450298309299995	11	119.0	0.0
Gunnison Crested Butte Regional Airport	GUC	0	0	-106.9329987	38.53390121	16	89.95	3.75
Gary Chicago International Airport	GYY	0	0	-87.41280364990234	41.61629867553711	3	64.8	20.59
Yampa Valley Airport	HDN	0	0	-107.2180023	40.48120117	59	119.16	0.0
Hagerstown Regional Richard A Henson Field	HGR	0	0	-77.72949982	39.707901	1	-1	38.34
Range Regional Airport	HIB	0	0	-92.83899689	47.38660049	5	1259.66	0.0
Lake Havasu City Airport	HII	0	0	-114.358002	34.571098	1	6.35	6.35
Helena Regional Airport	HLN	0	0	-111.98300170898438	46.6068000793457	35	101.0	0.0
Lea County Regional Airport	HOB	0	0	-103.2170029	32.6875	2	-1	0.0
Huron Regional Airport	HON	0	0	-98.22850036621094	44.38520050048828	2	71.5	30.0
William P Hobby Airport	HOU	12107912	801163	-95.27890015	29.64539909	721	200.0	0.0
Westchester County Airport	HPN	1468808	0	-73.70760345458984	41.06700134277344	106	178.68	0.0
Valley International Airport	HRL	0	0	-97.65440368652344	26.228500366210938	76	201.13	0.0
Boone County Airport	HRO	0	0	-93.15470123291016	36.26150131225586	1	110.0	0.0
Huntsville International Carl T Jones Field	HSV	1079028	0	-86.775100708008	34.637199401855	129	177.07	0.0
Tri-State/Milton J. Ferguson Field	HTS	0	0	-82.55799866	38.36669922	11	70.0	0.0
Tweed New Haven Airport	HVN	0	0	-72.88680267	41.26369858	16	307.93	0.0
Hilton Head Airport	HXD	0	0	-80.6975021362	32.2243995667	31	128.54	0.0
Barnstable Municipal Boardman Polando Field	HYA	0	0	-70.28040314	41.66930008	3	408.13	0.0
Hays Regional Airport	HYS	0	0	-99.27320099	38.84220123	4	399.19	0.0
Washington Dulles International Airport	IAD	14348729	7468611	-77.45580292	38.94449997	2381	200.0	0.0
Niagara Falls International Airport	IAG	241374	0	-78.94619750976562	43.1072998046875	19	5.29	2.5
George Bush Intercontinental Houston Airport	IAH	30842317	10780277	-95.34140014648438	29.984399795532227	2108	242.74	0.0
Wichita Mid Continent Airport	ICT	1602311	0	-97.43309783935547	37.649898529052734	190	181.98	0.0
Idaho Falls Regional Airport	IDA	0	0	-112.070999	43.514599	18	109.9	0.0
Laughlin Bullhead International Airport	IFP	0	0	-114.5599976	35.15739822	44	92.4	0.0
New Castle Airport	ILG	0	0	-75.60649872	39.67869949	2	59.5	14.88
Wilmington International Airport	ILM	817896	0	-77.90260314941406	34.270599365234375	81	180.59	0.0
Ford Airport	IMT	0	0	-88.1145019531	45.8184013367	5	31.79	0.0
Indianapolis International Airport	IND	8436124	75835	-86.294403	39.7173	524	153.72	0.0
Falls International Airport	INL	0	0	-93.4030990600586	48.566200256347656	22	150.0	0.0
Imperial County Airport	IPL	0	0	-115.57900238	32.834201812699995	2	62.0	0.0
Williamsport Regional Airport	IPT	0	0	-76.92109680175781	41.241798400878906	9	90.47	0.0
Kirksville Regional Airport	IRK	0	0	-92.5448989868164	40.09349822998047	1	-1	0.0
Sloulin Field International Airport	ISN	0	0	-103.641998291	48.177898407	5	-1	0.0
Long Island Mac Arthur Airport	ISP	0	0	-73.10019684	40.79520035	195	155.0	0.0
Ithaca Tompkins Regional Airport	ITH	0	0	-76.4583969116211	42.49100112915039	27	149.95	0.0
Phoenix-Mesa-Gateway Airport	IWA	0	0	-111.6549988	33.30780029	42	200.0	0.0
Inyokern Airport	IYK	0	0	-117.8300018	35.65879822	6	463.47	0.0
Jackson Hole Airport	JAC	0	0	-110.73799896240234	43.6072998046875	27	110.0	0.0
Jackson-Medgar Wiley Evers International Airport	JAN	985450	0	-90.0758972168	32.3111991882	138	200.0	0.0
Jacksonville International Airport	JAX	5590040	1838	-81.68789672851562	30.49410057067871	453	200.0	0.0
Jonesboro Municipal Airport	JBR	0	0	-90.64640045166016	35.83169937133789	1	-1	-1
John F Kennedy International Airport	JFK	27324138	31781375	-73.77890015	40.63980103	6882	363.76	0.0
Chautauqua County-Jamestown Airport	JHW	0	0	-79.25800323	42.15340042	4	172.09	7.5
Joplin Regional Airport	JLN	0	0	-94.49829864501953	37.151798248291016	4	-1	191.62
Concord Regional Airport	JQF	0	0	-80.709099	35.387798	5	-1	102.68
John Murtha Johnstown Cambria County Airport	JST	0	0	-78.83390045166016	40.31610107421875	2	450.0	0.0
Lakeland Linder Regional Airport	LAL	0	0	-82.0186004639	27.988899231	1	-1	0.0
Capital City Airport	LAN	310369	0	-84.58740234375	42.77870178222656	38	123.6	0.0
Laramie Regional Airport	LAR	0	0	-105.67500305175781	41.31209945678711	8	200.0	35.0
McCarran International Airport	LAS	43866521	3568506	-115.1520004	36.08010101	3528	260.0	0.0
Lawton Fort Sill Regional Airport	LAW	0	0	-98.4166030884	34.5676994324	16	161.08	0.0
Los Angeles International Airport	LAX	56171496	22115778	-118.4079971	33.94250107	6350	359.99	0.0
Lubbock Preston Smith International Airport	LBB	0	0	-101.822998	33.663601	89	167.5	0.0
Arnold Palmer Regional Airport	LBE	0	0	-79.40480042	40.27590179	23	246.0	0.0
North Platte Regional Airport Lee Bird Field	LBF	7194	0	-100.6839981	41.12620163	6	941.03	0.0
Liberal Mid-America Regional Airport	LBL	0	0	-100.9599991	37.0442009	2	750.0	0.0
Lake Charles Regional Airport	LCH	0	0	-93.22329711914062	30.126100540161133	12	1750.0	0.0
Rickenbacker International Airport	LCK	203269	0	-82.927803	39.813801	14	-1	33.44
Lebanon Municipal Airport	LEB	0	0	-72.30419921880001	43.626098632799994	2	30.0	30.0
Blue Grass Airport	LEX	1314762	0	-84.60590362548828	38.0364990234375	76	84.34	0.0
Lafayette Regional Airport	LFT	426510	0	-91.98760223	30.20529938	42	415.0	0.0
La Guardia Airport	LGA	27996763	1790006	-73.87259674	40.77719879	2418	300.0	0.0
Long Beach /Daugherty Field/ Airport	LGB	2794185	0	-118.1520004	33.81769943	375	220.0	10.87
Bill & Hillary Clinton National Airport/Adams Field	LIT	1897000	0	-92.2242965698	34.729400634799994	185	249.97	0.0
Crater Lake-Klamath Regional Airport	LMT	0	0	-121.733002	42.156101	8	319.97	198.15
Lincoln Airport	LNK	330020	0	-96.75920104980469	40.85100173950195	40	120.0	0.0
Laredo International Airport	LRD	0	0	-99.46160125732422	27.543800354003906	11	250.0	0.0
La Crosse Municipal Airport	LSE	0	0	-91.256699	43.879002	42	187.0	0.0
Greenbrier Valley Airport	LWB	0	0	-80.3994979858	37.8582992554	5	18.0	0.0
Lewiston Nez Perce County Airport	LWS	0	0	-117.01499938964844	46.3745002746582	22	178.77	0.0
Lynchburg Regional Preston Glenn Field	LYH	0	0	-79.20040130615234	37.326698303222656	12	190.31	0.0
Midland International Airport	MAF	0	0	-102.2020034790039	31.9424991607666	40	150.0	0.0
Manistee Co Blacker Airport	MBL	0	0	-86.24690247	44.2723999	2	1020.06	250.0
MBS International Airport	MBS	0	0	-84.07959747314453	43.532901763916016	41	174.65	0.0
Kansas City International Airport	MCI	10984767	57000	-94.713898	39.2976	268	198.38	0.0
Middle Georgia Regional Airport	MCN	0	0	-83.64920043945312	32.69279861450195	4	1400.0	0.0
Orlando International Airport	MCO	36330689	5592710	-81.30899810791016	28.429399490356445	4469	250.0	0.0
Mason City Municipal Airport	MCW	0	0	-93.3312988281	43.157798767100005	2	-1	0.0
Harrisburg International Airport	MDT	1191418	14024	-76.7633972168	40.1935005188	105	79.35	0.0
Chicago Midway International Airport	MDW	21889967	787892	-87.75240325927734	41.7859992980957	1099	200.0	0.0
Key Field	MEI	0	0	-88.75189971923828	32.33259963989258	2	1500.0	8.59
Memphis International Airport	MEM	4155232	2528	-89.97669982910156	35.04240036010742	531	201.58	0.0
Mc Allen Miller International Airport	MFE	0	0	-98.23860168	26.17580032	53	184.85	0.0
Rogue Valley International Medford Airport	MFR	811901	0	-122.87300109863281	42.37419891357422	98	93.0	0.0
Montgomery Regional (Dannelly Field) Airport	MGM	0	0	-86.39399719	32.30059814	32	187.0	0.0
Morgantown Municipal Walter L. Bill Hart Field	MGW	0	0	-79.91629791	39.64289856	2	2500.0	0.0
Manhattan Regional Airport	MHK	0	0	-96.6707992553711	39.14099884033203	18	75.42	0.0
Manchester Airport	MHT	2021279	0	-71.43569946289062	42.93259811401367	352	185.5	10.0
Miami International Airport	MIA	23203988	21380615	-80.29060363769531	25.79319953918457	4378	300.0	0.0
General Mitchell International Airport	MKE	6652663	104694	-87.89659881591797	42.947200775146484	460	211.46	0.0
Muskegon County Airport	MKG	0	0	-86.23819733	43.16949844	9	61.0	30.0
Mc Kellar Sipes Regional Airport	MKL	0	0	-88.91560364	35.59989929	1	500.0	187.5
Melbourne International Airport	MLB	463339	1743	-80.64530181884766	28.102800369262695	27	129.0	0.0
Quad City International Airport	MLI	719000	0	-90.50749969482422	41.44850158691406	67	140.0	0.0
Monroe Regional Airport	MLU	0	0	-92.0376968383789	32.51089859008789	25	311.86	0.0
Mammoth Yosemite Airport	MMH	0	0	-118.8379974	37.62409973	14	-1	28.48
Mobile Regional Airport	MOB	0	0	-88.242797851562	30.691200256348	52	190.0	0.0
Modesto City Co-Harry Sham Field	MOD	0	0	-120.9540024	37.62580109	12	325.94	0.0
Minot International Airport	MOT	0	0	-101.27999877929688	48.2593994140625	6	-1	0.0
Monterey Peninsula Airport	MRY	394923	0	-121.84300231933594	36.58700180053711	39	395.0	0.0
Northwest Alabama Regional Airport	MSL	0	0	-87.61019897	34.74530029	3	74.0	0.0
Dane County Regional Truax Field	MSN	1851809	0	-89.3375015258789	43.13990020751953	201	161.61	0.0
Missoula International Airport	MSO	0	0	-114.0910034	46.91630173	80	150.0	0.0
Minneapolis-St Paul International/Wold-Chamberlain Airport	MSP	34623543	2790185	-93.22180175780001	44.881999969499994	1695	153.72	0.0
Massena International Richards Field	MSS	0	0	-74.84559631347656	44.93579864501953	1	-1	-1
Louis Armstrong New Orleans International Airport	MSY	11267996	97491	-90.25800323486328	29.99340057373047	900	200.0	7.0
Montrose Regional Airport	MTJ	0	0	-107.893997192	38.509799957300004	39	150.0	12.5
Martha's Vineyard Airport	MVY	0	0	-70.6143035889	41.3931007385	15	236.25	0.0
Williamson County Regional Airport	MWA	0	0	-89.01110077	37.75500107	3	-1	0.0
Grant County International Airport	MWH	0	0	-119.3199997	47.20769882	1	519.91	0.0
Myrtle Beach International Airport	MYR	1924726	18201	-78.9282989502	33.6796989441	169	242.0	0.0
Yuma MCAS/Yuma International Airport	NYL	0	0	-114.6060028	32.65660095	25	165.97	0.0
Albert J Ellis Airport	OAJ	0	0	-77.61209869380001	34.8292007446	19	326.69	0.0
Metropolitan Oakland International Airport	OAK	11692973	377994	-122.221001	37.721298	1277	214.83	0.0
Ogdensburg International Airport	OGS	0	0	-75.46549987790002	44.6819000244	3	-1	185.99
Will Rogers World Airport	OKC	3715305	0	-97.60070037841797	35.39310073852539	274	175.0	0.0
L M Clayton Airport	OLF	0	0	-105.574996948	48.094501495399996	1	-1	-1
Eppley Airfield	OMA	4349486	0	-95.89409637451172	41.303199768066406	477	112.5	0.0
Ontario International Airport	ONT	4102268	136133	-117.60099792480469	34.055999755859375	508	200.0	0.0
Chicago O'Hare International Airport	ORD	66128079	11744909	-87.90480042	41.97859955	3947	220.0	0.0
Norfolk International Airport	ORF	3212506	0	-76.20120239257812	36.89459991455078	498	160.0	0.0
Worcester Regional Airport	ORH	0	0	-71.87570190429688	42.26729965209961	10	1400.0	0.0
Southwest Oregon Regional Airport	OTH	0	0	-124.24600219726562	43.41709899902344	22	149.33	0.0
Owensboro Daviess County Airport	OWB	0	0	-87.16680145	37.74010086	3	-1	0.0
Oxnard Airport	OXR	0	0	-119.20700073242	34.200801849365	7	250.0	0.0
Barkley Regional Airport	PAH	40925	0	-88.7738037109375	37.06079864501953	6	179.99	0.0
Plattsburgh International Airport	PBG	0	0	-73.46810150146484	44.650901794433594	9	222.59	0.0
Palm Beach International Airport	PBI	6109890	154507	-80.09559631347656	26.68320083618164	891	200.0	0.0
Eastern Oregon Regional At Pendleton Airport	PDT	0	0	-118.841003418	45.695098877	4	189.54	0.0
Portland International Airport	PDX	17679874	672893	-122.5979996	45.58869934	1264	150.0	0.0
Page Municipal Airport	PGA	0	0	-111.447998	36.92610168	2	291.93	0.0
Charlotte County Airport	PGD	1118303	0	-81.9905014	26.92020035	11	-1	0.0
Pitt Greenville Airport	PGV	0	0	-77.38529968	35.6352005	19	300.0	0.0
Newport News Williamsburg International Airport	PHF	0	0	-76.49299622	37.13190079	124	131.25	0.0
Philadelphia International Airport	PHL	25963459	4191631	-75.24109649658203	39.87189865112305	3094	250.0	0.0
Phoenix Sky Harbor International Airport	PHX	41312865	1989516	-112.01200103759766	33.43429946899414	3186	175.0	0.0
General Wayne A. Downing Peoria International Airport	PIA	623134	0	-89.6932983398	40.664199829100006	48	107.29	0.0
Hattiesburg Laurel Regional Airport	PIB	0	0	-89.33709716796875	31.467100143432617	5	50.0	0.0
St Petersburg Clearwater International Airport	PIE	1822127	14908	-82.68740082	27.91020012	126	101.98	7.0
Pocatello Regional Airport	PIH	0	0	-112.59600067138672	42.9098014831543	5	182.44	15.5
Pierre Regional Airport	PIR	0	0	-100.2860031	44.38270187	2	275.0	0.0
Pittsburgh International Airport	PIT	8103487	206267	-80.23290253	40.49150085	695	150.0	0.0
Mid Ohio Valley Regional Airport	PKB	0	0	-81.43920135498047	39.34510040283203	5	1337.5	0.0
Clinton County Airport	PLB	0	0	-73.52449798583984	44.6875	1	200.0	0.0
Pellston Regional Airport of Emmet County Airport	PLN	0	0	-84.79669952	45.57089996	18	190.46	6.0
Pensacola Regional Airport	PNS	1609063	0	-87.186599731445	30.473400115967	151	200.0	0.0
Northern Maine Regional Airport at Presque Isle	PQI	0	0	-68.0447998	46.68899918	2	-1	0.0
Ernest A. Love Field	PRC	0	0	-112.4199982	34.65449905	4	162.94	0.0
Tri Cities Airport	PSC	751516	0	-119.11900329589844	46.26470184326172	60	165.0	6.45
Portsmouth International at Pease Airport	PSM	0	0	-70.8233032227	43.0778999329	4	308.0	0.0
Palm Springs International Airport	PSP	1654805	343401	-116.50700378417969	33.8297004699707	271	137.5	0.0
Pueblo Memorial Airport	PUB	0	0	-104.49700164794922	38.289100646972656	7	32.5	0.0
Pullman Moscow Regional Airport	PUW	0	0	-117.110001	46.7439	3	43.38	27.13
Provincetown Municipal Airport	PVC	0	0	-70.2213973999	42.0718994141	5	112.5	75.0
Theodore Francis Green State Airport	PVD	3614910	38119	-71.42040252685547	41.732601165771484	336	130.28	0.0
Provo Municipal Airport	PVU	0	0	-111.72299957275	40.219200134277	6	-1	0.0
Portland International Jetport Airport	PWM	1786942	0	-70.30930328	43.64619827	154	144.45	0.0
Rapid City Regional Airport	RAP	0	0	-103.05699920654297	44.0452995300293	102	147.26	0.0
Redding Municipal Airport	RDD	0	0	-122.2929993	40.50899887	41	250.0	0.0
Roberts Field	RDM	0	0	-121.1500015	44.2541008	49	81.56	0.0
Raleigh Durham International Airport	RDU	10791981	257162	-78.7874984741211	35.877601623535156	675	200.0	0.0
Chicago Rockford International Airport	RFD	203281	21151	-89.09719848632812	42.19540023803711	19	154.88	0.0
Rhinelander Oneida County Airport	RHI	0	0	-89.46749877929688	45.63119888305664	3	243.22	0.0
Richmond International Airport	RIC	3559052	0	-77.3197021484375	37.50519943237305	426	145.81	0.0
Riverton Regional Airport	RIW	0	0	-108.459999084	43.064201355	2	-1	5.45
Knox County Regional Airport	RKD	0	0	-69.09919739	44.06010056	3	-1	0.0
Rock Springs Sweetwater County Airport	RKS	0	0	-109.0650024	41.59420013	6	247.0	0.0
Reno Tahoe International Airport	RNO	3607904	42926	-119.76799774169922	39.49909973144531	519	201.98	0.0
Roanoke–Blacksburg Regional Airport	ROA	629726	0	-79.975403	37.3255	28	301.21	0.0
Greater Rochester International Airport	ROC	2376920	16331	-77.67240142822266	43.118900299072266	114	122.5	0.0
Rochester International Airport	RST	0	0	-92.5	43.90829849243164	61	50.0	0.0
Southwest Florida International Airport	RSW	8222611	382062	-81.75520324707031	26.53619956970215	761	151.2	0.0
Rutland - Southern Vermont Regional Airport	RUT	0	0	-72.94960022	43.52939987	2	485.95	25.0
Santa Fe Municipal Airport	SAF	0	0	-106.088996887	35.617099762	32	259.34	0.0
San Diego International Airport	SAN	19963645	762156	-117.190002441	32.7336006165	1895	201.99	0.0
San Antonio International Airport	SAT	8218078	400061	-98.46980285644531	29.533700942993164	631	192.52	0.0
Savannah Hilton Head International Airport	SAV	2190406	0	-81.20210266	32.12760162	250	226.97	0.0
Sawyer International Airport	SAW	0	0	-87.395401001	46.353599548300004	7	89.25	37.8
Santa Barbara Municipal Airport	SBA	658956	0	-119.8399963	34.42620087	113	175.74	0.0
South Bend Regional Airport	SBN	658076	0	-86.31729888916016	41.70869827270508	79	175.0	0.0
San Luis County Regional Airport	SBP	330241	0	-120.641998291	35.236801147499996	68	242.25	0.0
Salisbury Ocean City Wicomico Regional Airport	SBY	0	0	-75.51029968261719	38.34049987792969	6	160.0	0.0
Stockton Metropolitan Airport	SCK	0	0	-121.2379989624	37.894199371338	18	387.95	0.0
Louisville International Standiford Field	SDF	3346545	0	-85.736	38.1744	272	147.5	0.0
Sidney - Richland Regional Airport	SDY	0	0	-104.193001	47.706902	1	-1	-1
Seattle Tacoma International Airport	SEA	40870654	4866046	-122.30899810791016	47.44900131225586	3350	175.98	0.0
Orlando Sanford International Airport	SFB	2449035	300579	-81.23750305175781	28.777599334716797	138	150.0	0.0
San Francisco International Airport	SFO	40729913	12362146	-122.375	37.61899948120117	867	340.0	0.0
Springfield Branson National Airport	SGF	952703	0	-93.38860321	37.24570084	133	129.5	0.0
Northeast Florida Regional Airport	SGJ	0	0	-81.339798	29.9592	4	24.98	39.95
St George Municipal Airport	SGU	0	0	-113.510306	37.036389	8	75.0	5.38
Shenandoah Valley Regional Airport	SHD	0	0	-78.8964004517	38.2638015747	4	79.0	0.0
Sheridan County Airport	SHR	0	0	-106.9800033569336	44.76919937133789	5	439.09	13.72
Shreveport Regional Airport	SHV	578033	0	-93.82559967041016	32.44660186767578	90	121.0	27.0
Norman Y. Mineta San Jose International Airport	SJC	10129548	667177	-121.929001	37.362598	923	225.0	0.0
San Angelo Regional Mathis Field	SJT	0	0	-100.49600219726562	31.35770034790039	45	151.53	0.0
Salt Lake City International Airport	SLC	22397638	759807	-111.97799682617188	40.78839874267578	796	150.0	0.0
Salina Municipal Airport	SLN	0	0	-97.6521987915039	38.79100036621094	1	2860.0	0.0
Sacramento International Airport	SMF	9895833	222961	-121.59100341796875	38.69540023803711	856	150.0	0.0
Santa Maria Pub/Capt G Allan Hancock Field	SMX	0	0	-120.4570007	34.89889908	15	213.85	0.0
John Wayne Airport-Orange County Airport	SNA	10145349	351162	-117.8679962	33.67570114	816	177.82	0.0
Show Low Regional Airport	SOW	0	0	-110.005996704	34.265499115	1	-1	44.95
Abraham Lincoln Capital Airport	SPI	0	0	-89.67790222	39.84410095	16	155.0	0.0
Sheppard Air Force Base-Wichita Falls Municipal Airport	SPS	0	0	-98.491898	33.9888	9	68.36	0.0
Sarasota Bradenton International Airport	SRQ	1123082	63337	-82.55439758300781	27.39539909362793	156	150.0	0.0
St Cloud Regional Airport	STC	0	0	-94.05989837646484	45.546600341796875	6	50.07	0.0
St Louis Lambert International Airport	STL	13725328	233798	-90.370003	38.748697	732	200.0	0.0
Charles M. Schulz Sonoma County Airport	STS	339191	0	-122.8130035	38.50899887	3	-1	-1
Friedman Memorial Airport	SUN	0	0	-114.2959976	43.50439835	25	300.0	0.0
Sioux Gateway Col. Bud Day Field	SUX	0	0	-96.38439941	42.40259933	15	567.07	0.0
Stewart International Airport	SWF	275421	0	-74.10479736328125	41.50410079956055	117	149.5	0.0
Syracuse Hancock International Airport	SYR	1987419	16647	-76.1063003540039	43.11119842529297	276	165.99	0.0
Waynesville-St. Robert Regional Forney field	TBN	0	0	-92.14070129	37.74160004	2	114.0	0.0
Telluride Regional Airport	TEX	0	0	-107.9079971	37.9538002	3	107.4	0.0
Tallahassee Regional Airport	TLH	713698	0	-84.35030364990234	30.396499633789062	78	160.44	0.0
Toledo Express Airport	TOL	0	0	-83.80780029	41.58679962	31	314.94	7.77
Tampa International Airport	TPA	18080432	851490	-82.533203125	27.975500106811523	1942	150.0	0.0
Tri-Cities Regional TN/VA Airport	TRI	425922	0	-82.407401	36.475201	78	150.0	4.75
Trenton Mercer Airport	TTN	0	0	-74.8134994506836	40.27669906616211	16	1806.0	10.99
Tulsa International Airport	TUL	2810627	0	-95.88809967041016	36.19839859008789	230	165.0	0.0
Tupelo Regional Airport	TUP	0	0	-88.7698974609375	34.26810073852539	2	3070.49	0.0
Tucson International Airport	TUS	3283028	2626	-110.94100189208984	32.1161003112793	414	150.0	0.0
Cherry Capital Airport	TVC	0	0	-85.58219909667969	44.74140167236328	50	150.0	0.0
Joslin Field Magic Valley Regional Airport	TWF	0	0	-114.487999	42.48180008	6	227.5	10.76
Texarkana Regional Webb Field	TXK	0	0	-93.99099731445312	33.45370101928711	13	605.48	0.0
Tyler Pounds Regional Airport	TYR	0	0	-95.40239715576172	32.35409927368164	36	100.0	0.0
McGhee Tyson Airport	TYS	1827989	0	-83.9940033	35.81100082	99	120.0	0.0
University Park Airport	UNV	0	0	-77.84870147710001	40.8493003845	8	210.34	0.0
Tunica Municipal Airport	UTA	0	0	-90.346702575684	34.680999755859	16	100.0	0.0
Victoria Regional Airport	VCT	0	0	-96.91850280761719	28.85260009765625	4	824.42	0.0
Vernal Regional Airport	VEL	0	0	-109.5100021	40.4408989	1	77.0	0.0
Visalia Municipal Airport	VIS	0	0	-119.392997742	36.3186988831	3	344.0	0.0
Valdosta Regional Airport	VLD	0	0	-83.27670288085938	30.782499313354492	10	333.0	0.0
Destin-Ft Walton Beach Airport	VPS	0	0	-86.525398	30.4832	62	150.0	0.0
Yellowstone Airport	WYS	0	0	-111.1179962	44.68840027	5	307.01	73.6
Northwest Arkansas Regional Airport	XNA	1338042	0	-94.306801	36.281898	82	141.51	0.0
Yakima Air Terminal McAllister Field	YKM	0	0	-120.5439987	46.56819916	27	332.5	0.0
Youngstown Warren Regional Airport	YNG	0	0	-80.67910004	41.26070023	18	32.26	0.0
Bethel Airport	BET	0	0	-161.8379974	60.77980042	4	177.14	12.47
Wiley Post Will Rogers Memorial Airport	BRW	0	0	-156.766008	71.285402	5	645.0	0.0
Merle K (Mudhole) Smith Airport	CDV	0	0	-145.4779968	60.4917984	7	141.95	7.5
Adak Airport	ADK	0	0	-176.64599609375	51.87799835205078	2	-1	0.0
Dillingham Airport	DLG	0	0	-158.5050049	59.04470062	4	360.0	0.0
Kodiak Airport	ADQ	0	0	-152.4940033	57.75	15	282.12	0.0
Unalaska Airport	DUT	0	0	-166.544006348	53.900100708	3	250.0	30.0
Kenai Municipal Airport	ENA	0	0	-151.2449951171875	60.57310104370117	6	323.29	7.36
Fairbanks International Airport	FAI	1063625	19677	-147.8560028	64.81510162	135	108.0	0.0
Gustavus Airport	GST	0	0	-135.7070007	58.4253006	3	440.0	0.0
Homer Airport	HOM	0	0	-151.4770050048828	59.645599365234375	3	297.0	148.5
Juneau International Airport	JNU	0	0	-134.5760040283203	58.35499954223633	56	205.06	0.0
King Salmon Airport	AKN	0	0	-156.6490021	58.67679977	4	75.0	12.99
Ketchikan International Airport	KTN	0	0	-131.7140045	55.35559845	33	317.98	0.0
Ted Stevens Anchorage International Airport	ANC	5422881	67177	-149.99600219726562	61.174400329589844	629	118.0	0.0
Nome Airport	OME	0	0	-165.44500732421875	64.51219940185547	16	405.0	0.0
Ralph Wien Memorial Airport	OTZ	0	0	-162.598999	66.88469696	4	300.0	0.0
Petersburg James A Johnson Airport	PSG	0	0	-132.9450073	56.80170059	7	500.0	0.0
Deadhorse Airport	SCC	0	0	-148.4649963	70.19470215	4	523.7	12.39
Sitka Rocky Gutierrez Airport	SIT	0	0	-135.36199951171875	57.04710006713867	21	270.75	0.0
Valdez Pioneer Field	VDZ	0	0	-146.2480011	61.13389969	2	256.28	122.05
Wrangell Airport	WRG	0	0	-132.3699951	56.48429871	7	232.99	61.12
Yakutat Airport	YAK	0	0	-139.660003662	59.5032997131	9	175.0	20.96
Kapalua Airport	JHM	0	0	-156.67300415039062	20.962900161743164	4	950.11	0.0
Kona International At Keahole Airport	KOA	2996111	56997	-156.04600524902344	19.738800048828125	338	129.98	0.0
Lihue Airport	LIH	2776137	45610	-159.33900451660156	21.97599983215332	305	150.0	0.0
Molokai Airport	MKK	0	0	-157.0959930419922	21.15290069580078	7	425.0	0.0
Daniel K Inouye International Airport	HNL	14260976	5397212	-157.924228	21.32062	1506	182.94	0.0
Lanai Airport	LNY	0	0	-156.9510040283203	20.785600662231445	8	200.0	13.24
Kahului Airport	OGG	6349928	327215	-156.429993	20.8986	530	229.0	0.0
Hilo International Airport	ITO	1325750	0	-155.04800415039062	19.721399307250977	98	150.0	0.0