id	claim_number	date_received	incident_date	airport_code	airport_name	airline	claim_type	claim_site	claim_amount	items	status	close_amount	disposition
1650	20910-A	2003-01-22 00:00:00	2002-10-21 00:00:00	ALB	Albany International	Continental Airlines	Passenger Property Loss	Checkpoint	300.0	Clothing & Accessories	Approved	300.0	Approve in Full
2109	0131015L	2003-01-31 00:00:00	2002-10-29 00:00:00	ALB	Albany International		Passenger Property Loss	Checkpoint	11000.0	Tools & Machines	Settled	11000.0	Settle
2405	0211064L	2003-02-11 00:00:00	2003-01-18 00:00:00	ALB	Albany International		Passenger Property Loss	Checked Baggage	6.0	Clothing & Accessories	Approved	6.0	Approve in Full
2623	0214004L	2003-02-14 00:00:00	2003-01-12 00:00:00	ALB	Albany International	USAir	Passenger Property Loss	Checked Baggage	119.0	Other	Settled	34.5	Settle
2892	0225012L	2003-02-25 00:00:00	2002-12-20 00:00:00	ALB	Albany International	USAir	Passenger Property Loss	Checked Baggage		Electronics	Denied	0.0	Deny
2950	0225078L	2003-02-25 00:00:00	2003-01-25 00:00:00	ALB	Albany International	Delta Air Lines	Passenger Property Loss	Checkpoint	100.0	Other	Settled	95.06	Settle
3765	0317048L	2003-03-17 00:00:00	2003-02-16 00:00:00	ALB	Albany International	UAL	Passenger Property Loss	Checked Baggage	150.0	Other	Settled	25.0	Settle
3799	0318102L	2003-03-18 00:00:00	2003-01-08 00:00:00	ALB	Albany International	USAir	Passenger Property Loss	Checked Baggage	100.0	Containers	Approved	100.0	Approve in Full
4033	2004060153990	2003-03-22 00:00:00	2003-02-19 00:00:00	ALB	Albany International	Delta Air Lines	Passenger Property Loss	Checked Baggage	340.48	Electronics	Approved	340.48	Approve in Full
4140	0325117L	2003-03-25 00:00:00	2003-02-28 00:00:00	ALB	Albany International	USAir	Passenger Property Loss	Checked Baggage	969.99	Watches & Jewelry	Denied	0.0	Deny
4292	0326049L	2003-03-26 00:00:00	2003-02-09 00:00:00	ALB	Albany International	Delta Air Lines	Passenger Property Loss	Checked Baggage	450.0	Clothing & Accessories	Settled	229.0	Settle
4511	0401102L	2003-04-01 00:00:00	2003-02-03 00:00:00	ALB	Albany International		Passenger Property Loss	Checked Baggage	208.0	Electronics	Settled	104.0	Settle
4720	0408067L	2003-04-08 00:00:00	2003-01-03 00:00:00	ALB	Albany International	USAir	Passenger Property Loss	Checked Baggage	25.0	Other	Approved	25.0	Approve in Full
5054	0415031L	2003-04-15 00:00:00	2003-02-19 00:00:00	ALB	Albany International	Southwest Airlines	Passenger Property Loss	Checked Baggage	907.2	Watches & Jewelry	Canceled	0.0	
5228	0417007L	2003-04-17 00:00:00	2003-02-26 00:00:00	ALB	Albany International	USAir	Passenger Property Loss	Checked Baggage	70.0	Cosmetics	Approved	70.0	Approve in Full
5379	0421082L	2003-04-21 00:00:00	2003-04-03 00:00:00	ALB	Albany International	UAL	Passenger Property Loss	Checked Baggage	17.13	Tools & Machines	Denied	0.0	Deny
6597	0516006L	2003-05-16 00:00:00	2003-05-05 00:00:00	ALB	Albany International	USAir	Passenger Property Loss	Checked Baggage	100.0	Other	Approved	100.0	Approve in Full
6814	0520025L	2003-05-20 00:00:00	2003-02-26 00:00:00	ALB	Albany International		Passenger Property Loss	Checked Baggage	85.0	Clothing & Accessories	Settled	42.5	Settle
7021	0527061L	2003-05-27 00:00:00	2003-05-18 00:00:00	ALB	Albany International	Northwest Airlines	Passenger Property Loss	Checked Baggage	120.0	Clothing & Accessories	Settled	60.0	Settle
7318	0602031L	2003-06-02 00:00:00	2003-04-26 00:00:00	ALB	Albany International	Delta Air Lines	Passenger Property Loss	Checked Baggage		Other	Approved	21.55	Approve in Full
7802	0604027L	2003-06-04 00:00:00	2003-03-16 00:00:00	ALB	Albany International	USAir	Passenger Property Loss	Checked Baggage	100.0	Watches & Jewelry	Settled	50.0	Settle
8372	0611047L	2003-06-11 00:00:00	2003-05-30 00:00:00	ALB	Albany International	UAL	Passenger Property Loss	Checked Baggage	100.0	Other	Settled	50.0	Settle
9482	0625157M	2003-06-25 00:00:00	2003-01-09 00:00:00	ALB	Albany International	Continental Airlines	Passenger Property Loss	Checked Baggage	181.24	Electronics	Settled	90.63	Settle
9683	0701131M	2003-07-01 00:00:00	2003-05-14 00:00:00	ALB	Albany International		Passenger Property Loss	Checkpoint	125.0	Watches & Jewelry	Approved	125.0	Approve in Full
9729	0701023M	2003-07-01 00:00:00	2003-05-21 00:00:00	ALB	Albany International	USAir	Passenger Property Loss	Checkpoint	736.0	Clothing & Accessories	Denied	0.0	Deny
9767	0701187M	2003-07-01 00:00:00	2003-05-15 00:00:00	ALB	Albany International	USAir	Passenger Property Loss	Checked Baggage	500.0	Watches & Jewelry	Denied	0.0	Deny
9971	0703042M	2003-07-03 00:00:00	2003-06-08 00:00:00	ALB	Albany International		Passenger Property Loss	Checkpoint	395.0	Electronics	Approved	395.0	Approve in Full
9987	0703550M	2003-07-03 00:00:00	2003-01-01 00:00:00	ALB	Albany International	Delta Air Lines	Passenger Property Loss	Checked Baggage	96.48	Other	Approved	96.48	Approve in Full
11394	0721096M	2003-07-21 00:00:00	2003-07-09 00:00:00	ALB	Albany International	USAir	Passenger Property Loss	Checked Baggage	60.0	Other	Settled	30.0	Settle
11454	0722048M	2003-07-22 00:00:00	2003-07-04 00:00:00	ALB	Albany International	Southwest Airlines	Passenger Property Loss	Checked Baggage		Clothing & Accessories	Canceled		
12276	0731117M	2003-07-31 00:00:00	2003-06-10 00:00:00	ALB	Albany International	USAir	Passenger Property Loss	Checked Baggage	674.0	Watches & Jewelry	Settled	337.0	Settle
12516	0805041M	2003-08-05 00:00:00	2003-07-17 00:00:00	ALB	Albany International		Passenger Property Loss	Checked Baggage	225.0	Other	Canceled		
14080	0822001M	2003-08-22 00:00:00	2003-08-10 00:00:00	ALB	Albany International	Northwest Airlines	Passenger Property Loss	Checked Baggage	50.0	Tools & Machines	Denied	0.0	Deny
14130	0822025M	2003-08-22 00:00:00	2003-07-19 00:00:00	ALB	Albany International	USAir	Passenger Property Loss	Checked Baggage	21.6	Other	Settled	10.8	Settle
14624	0828042M	2003-08-28 00:00:00	2003-06-29 00:00:00	ALB	Albany International	Delta Air Lines	Passenger Property Loss	Checked Baggage	165.71	Electronics	Settled	82.86	Settle
15826	0912001M	2003-09-12 00:00:00	2003-08-09 00:00:00	ALB	Albany International	USAir	Passenger Property Loss	Checked Baggage	547.0	Other	Denied	0.0	Deny
16712	0925162M	2003-09-25 00:00:00	2003-09-12 00:00:00	ALB	Albany International	Delta Air Lines	Passenger Property Loss	Checked Baggage	300.0	Other	Settled	150.0	Settle
16989	1002024M	2003-10-02 00:00:00	2003-08-11 00:00:00	ALB	Albany International	USAir	Passenger Property Loss	Checked Baggage	32.09	Other	Approved	32.09	Approve in Full
16991	1002029M	2003-10-02 00:00:00	2003-09-09 00:00:00	ALB	Albany International	UAL	Passenger Property Loss	Checked Baggage	151.71	Clothing & Accessories	Approved	151.71	Approve in Full
17022	1002116M	2003-10-02 00:00:00	2003-08-26 00:00:00	ALB	Albany International		Passenger Property Loss	Checked Baggage	45.0	Other	Approved	45.0	Approve in Full
17901	2004072359945	2003-10-11 00:00:00	2003-09-26 00:00:00	ALB	Albany International	USAir	Passenger Property Loss	Checked Baggage	100.0	Clothing & Accessories	Settled	50.0	Settle
18364	1021255M	2003-10-21 00:00:00	2003-09-01 00:00:00	ALB	Albany International	Continental Airlines	Passenger Property Loss	Checked Baggage	180.0	Other	Denied	0.0	Deny
18854	1022040M	2003-10-22 00:00:00	2003-09-24 00:00:00	ALB	Albany International	USAir	Passenger Property Loss	Checked Baggage	75.0	Other	Settled	37.5	Settle
19317	1105082M	2003-11-05 00:00:00	2003-10-13 00:00:00	ALB	Albany International	USAir	Passenger Property Loss	Checked Baggage	79.95	Clothing & Accessories	Approved	79.95	Approve in Full
19383	1105027M	2003-11-05 00:00:00	2003-10-19 00:00:00	ALB	Albany International		Passenger Property Loss	Checked Baggage	50.0	Clothing & Accessories	Settled	25.0	Settle
19643	1106230M	2003-11-06 00:00:00	2003-10-02 00:00:00	ALB	Albany International	USAir	Passenger Property Loss	Checked Baggage	90.0	Other	Settled	45.0	Settle
20389	1117490M	2003-11-17 00:00:00	2003-11-02 00:00:00	ALB	Albany International	USAir	Passenger Property Loss	Checked Baggage	490.0	Other	Denied	0.0	Deny
21869	1205066M	2003-12-05 00:00:00	2003-11-06 00:00:00	ALB	Albany International		Passenger Property Loss	Checked Baggage	400.0	Clothing & Accessories	Settled	200.0	Settle
21876	1205090M	2003-12-05 00:00:00	2003-09-19 00:00:00	ALB	Albany International		Passenger Property Loss	Checked Baggage	150.0	Clothing & Accessories	Settled	75.0	Settle
22076	1208076M	2003-12-08 00:00:00	2003-11-22 00:00:00	ALB	Albany International		Passenger Property Loss	Checked Baggage		Other	Approved	2.0	Approve in Full
22253	1208140M	2003-12-08 00:00:00	2003-10-21 00:00:00	ALB	Albany International	UAL	Passenger Property Loss	Checked Baggage	30.0	Other	Denied	0.0	Deny
22951	1217002M	2003-12-17 00:00:00	2003-11-26 00:00:00	ALB	Albany International	Southwest Airlines	Passenger Property Loss	Checked Baggage	123.0	Clothing & Accessories	Settled	61.5	Settle
24256	0107061M	2004-01-07 00:00:00	2003-11-29 00:00:00	ALB	Albany International	Delta Air Lines	Passenger Property Loss	Checked Baggage		Other	Canceled		
24287	0107029M	2004-01-07 00:00:00	2003-12-30 00:00:00	ALB	Albany International		Passenger Property Loss	Checkpoint	200.0	Other	Denied	200.0	Deny
24406	0107007M	2004-01-07 00:00:00	2003-12-27 00:00:00	ALB	Albany International	Southwest Airlines	Passenger Property Loss	Checked Baggage	75.0	Other	Settled	37.5	Settle
24753	0114570M	2004-01-14 00:00:00	2003-12-12 00:00:00	ALB	Albany International	USAir	Passenger Property Loss	Checked Baggage	23.0	Other	Approved	23.0	Approve in Full
25727	0129085M	2004-01-29 00:00:00	2003-11-26 00:00:00	ALB	Albany International	Southwest Airlines	Passenger Property Loss	Checked Baggage	123.0	Clothing & Accessories	Canceled	0.0	
27258	0205127M	2004-02-05 00:00:00	2004-01-02 00:00:00	ALB	Albany International		Passenger Property Loss	Checked Baggage	300.0	Other	Settled	150.0	Settle
28592	0223013M	2004-02-23 00:00:00	2004-02-04 00:00:00	ALB	Albany International	Delta Air Lines	Passenger Property Loss	Checked Baggage	208.0	Clothing & Accessories	Settled	104.0	Settle
28928	0226258M	2004-02-26 00:00:00	2003-12-12 00:00:00	ALB	Albany International	USAir	Passenger Property Loss	Checkpoint	23.0	Other	Denied	23.0	Deny
29340	2004050350384	2004-03-05 00:00:00	2004-02-17 00:00:00	ALB	Albany International	Northwest Airlines	Passenger Property Loss	Checked Baggage	141.63	Other	Approved	141.63	Approve in Full
30137	2004050750725	2004-03-11 00:00:00	2003-12-31 00:00:00	ALB	Albany International		Passenger Property Loss	Checked Baggage	250.0	Other	Settled	75.0	Settle
30498	2004042950178	2004-03-15 00:00:00	2004-03-01 00:00:00	ALB	Albany International	USAir	Passenger Property Loss	Checked Baggage	123.98	Cosmetics	Settled	60.0	Settle
30541	2004050450429	2004-03-18 00:00:00	2004-03-02 00:00:00	ALB	Albany International		Passenger Property Loss	Checked Baggage	60.0	Clothing & Accessories	Approved	60.0	Approve in Full
30638	2004042950189	2004-03-18 00:00:00	2004-03-05 00:00:00	ALB	Albany International		Passenger Property Loss	Checked Baggage	2203.99	Watches & Jewelry	Canceled	0.0	
30655	2004051452204	2004-03-18 00:00:00	2004-03-05 00:00:00	ALB	Albany International	Delta Air Lines	Passenger Property Loss	Checked Baggage	2203.99	Watches & Jewelry	Canceled		
30727	2004051351702	2004-03-18 00:00:00	2004-02-22 00:00:00	ALB	Albany International	USAir	Passenger Property Loss	Checked Baggage	600.0	Other	Denied	0.0	Deny
30841	2004051752529	2004-03-18 00:00:00	2003-11-09 00:00:00	ALB	Albany International		Passenger Property Loss	Checked Baggage	127.42	Cosmetics	Settled	63.71	Settle
31350	2004050650666	2004-03-24 00:00:00	2004-02-17 00:00:00	ALB	Albany International	Southwest Airlines	Passenger Property Loss	Checked Baggage	234.0	Other	Settled	190.0	Settle
31456	2004053053878	2004-03-24 00:00:00	2004-02-12 00:00:00	ALB	Albany International	Southwest Airlines	Passenger Property Loss	Checked Baggage	65.0	Other	Settled	32.5	Settle
31579	2004051452157	2004-03-30 00:00:00	2003-12-24 00:00:00	ALB	Albany International	UAL	Passenger Property Loss	Checked Baggage	0.0	Other	Canceled	0.0	
32047	2004060454724	2004-04-04 00:00:00	2004-04-07 00:00:00	ALB	Albany International	Northwest Airlines	Passenger Property Loss	Checked Baggage	159.0	Other	Approved	159.0	Approve in Full
32107	2004051752479	2004-04-06 00:00:00	2004-03-16 00:00:00	ALB	Albany International	American Airlines	Passenger Property Loss	Checked Baggage	56.85	Electronics	Approved	56.85	Approve in Full
32133	2004051852823	2004-04-06 00:00:00	2004-03-12 00:00:00	ALB	Albany International	USAir	Passenger Property Loss	Checked Baggage	45.0	Other	Approved	45.0	Approve in Full
32161	2004052753652	2004-04-06 00:00:00	2004-03-03 00:00:00	ALB	Albany International	USAir	Passenger Property Loss	Checked Baggage	231.06	Other	Approved	231.06	Approve in Full
32174	2004060153998	2004-04-06 00:00:00	2004-03-08 00:00:00	ALB	Albany International	Southwest Airlines	Passenger Property Loss	Checked Baggage	127.79	Electronics	Approved	127.79	Approve in Full
32387	2004052153051	2004-04-15 00:00:00	2004-02-25 00:00:00	ALB	Albany International	American Airlines	Passenger Property Loss	Checked Baggage	300.0	Other	Approved	300.0	Approve in Full
32662	2004051752612	2004-04-16 00:00:00	2004-02-28 00:00:00	ALB	Albany International		Passenger Property Loss	Checked Baggage	79.99	Clothing & Accessories	Approved	79.99	Approve in Full
33517	2004061555876	2004-04-23 00:00:00	2004-02-08 00:00:00	ALB	Albany International		Passenger Property Loss	Checked Baggage	65.0	Other	Approved	65.0	Approve in Full
34006	2004051952868	2004-05-03 00:00:00	2004-04-06 00:00:00	ALB	Albany International	Southwest Airlines	Passenger Property Loss	Checked Baggage	50.0	Other	Settled	40.0	Settle
34071	2004051251296	2004-05-04 00:00:00	2004-04-14 00:00:00	ALB	Albany International	Delta Air Lines	Passenger Property Loss	Checked Baggage	10.0	Other	Approved	10.0	Approve in Full
34452	2004051351782	2004-05-04 00:00:00	2004-04-22 00:00:00	ALB	Albany International	USAir	Passenger Property Loss	Checked Baggage	500.0	Electronics	Settled	250.0	Settle
34623	2004060955277	2004-05-05 00:00:00	2004-04-06 00:00:00	ALB	Albany International	Southwest Airlines	Passenger Property Loss	Checked Baggage	300.0	Other	Canceled		
34746	2004061655985	2004-05-05 00:00:00	2004-04-08 00:00:00	ALB	Albany International	Southwest Airlines	Passenger Property Loss	Checked Baggage	948.0	Clothing & Accessories	Settled	474.0	Settle
35021	2004051351553	2004-05-10 00:00:00	2004-05-01 00:00:00	ALB	Albany International	Delta Air Lines	Passenger Property Loss	Checked Baggage	107.24	Other	Settled	82.24	Settle
35549	2004061856304	2004-05-19 00:00:00	2004-03-23 00:00:00	ALB	Albany International	Delta Air Lines	Passenger Property Loss	Checked Baggage	60.0	Clothing & Accessories	Approved	60.0	Approve in Full
35757	2004062156478	2004-05-19 00:00:00	2004-05-01 00:00:00	ALB	Albany International	USAir	Passenger Property Loss	Checked Baggage	40.9	Other	Settled	20.45	Settle
36060	2004062256814	2004-05-27 00:00:00	2004-05-05 00:00:00	ALB	Albany International	American Airlines	Passenger Property Loss	Checked Baggage	68.95	Other	Approved	68.95	Approve in Full
36414	2004062156445	2004-05-27 00:00:00	2004-04-25 00:00:00	ALB	Albany International	Southwest Airlines	Passenger Property Loss	Checkpoint	330.0	Clothing & Accessories	Settled	175.0	Settle
36537	2004062256926	2004-05-28 00:00:00	2004-04-18 00:00:00	ALB	Albany International	Southwest Airlines	Passenger Property Loss	Checked Baggage	32.0	Clothing & Accessories	Approved	32.06	Approve in Full
36585	2004062256773	2004-05-28 00:00:00	2004-03-03 00:00:00	ALB	Albany International	UAL	Passenger Property Loss	Checkpoint	900.0	Watches & Jewelry	Denied	0.0	Deny
36597	2004062256857	2004-05-28 00:00:00	2004-05-12 00:00:00	ALB	Albany International	USAir	Passenger Property Loss	Checked Baggage	375.0	Other	Denied	0.0	Deny
36712	2004062357116	2004-06-02 00:00:00	2004-04-06 00:00:00	ALB	Albany International	Southwest Airlines	Passenger Property Loss	Checkpoint	276.0	Other	Denied	0.0	Deny
36733	2004062256975	2004-06-02 00:00:00	2004-05-17 00:00:00	ALB	Albany International	Northwest Airlines	Passenger Property Loss	Checked Baggage	200.0	Other	Settled	100.0	Settle
36754	2004062256970	2004-06-03 00:00:00	2004-05-17 00:00:00	ALB	Albany International	Northwest Airlines	Passenger Property Loss	Checked Baggage	17.0	Other	Approved	17.99	Approve in Full
36901	2004062357121	2004-06-03 00:00:00	2004-04-26 00:00:00	ALB	Albany International	Continental Airlines	Passenger Property Loss	Checked Baggage	1834.0	Electronics	Denied	0.0	Deny
37954	2004061656039	2004-06-16 00:00:00	2004-03-03 00:00:00	ALB	Albany International	USAir	Passenger Property Loss	Checkpoint	900.0	Watches & Jewelry	Canceled		
38353	2004070758715	2004-06-21 00:00:00	2004-06-08 00:00:00	ALB	Albany International	Delta Air Lines	Passenger Property Loss	Checked Baggage	50.0	Other	Settled	25.0	Settle
38356	2004070758725	2004-06-21 00:00:00	2004-05-24 00:00:00	ALB	Albany International	Southwest Airlines	Passenger Property Loss	Checked Baggage	1699.0	Other	Settled	1444.15	Settle
39143	2004071959713	2004-07-06 00:00:00	2004-05-26 00:00:00	ALB	Albany International		Passenger Property Loss	Checked Baggage	25.0	Other	Approved	25.97	Approve in Full
39514	2004072960256	2004-07-09 00:00:00	2004-06-27 00:00:00	ALB	Albany International	Southwest Airlines	Passenger Property Loss	Checked Baggage	110.0	Other	Approved	110.0	Approve in Full
40155	2004080460527	2004-07-13 00:00:00	2004-06-29 00:00:00	ALB	Albany International	Northwest Airlines	Passenger Property Loss	Checked Baggage	126.92	Electronics	Settled	63.5	Settle
40177	2004080560615	2004-07-13 00:00:00	2004-06-30 00:00:00	ALB	Albany International		Passenger Property Loss	Checked Baggage	200.0	Other	Settled	100.0	Settle
40220	2004080960748	2004-07-15 00:00:00	2004-06-25 00:00:00	ALB	Albany International	Southwest Airlines	Passenger Property Loss	Checked Baggage	0.0	Electronics	Approved	427.95	Approve in Full
40276	2004080960911	2004-07-15 00:00:00	2004-06-14 00:00:00	ALB	Albany International	Delta Air Lines	Passenger Property Loss	Checked Baggage	711.7	Other	Denied	0.0	Deny
40411	2004090962421	2004-07-16 00:00:00	2004-06-19 00:00:00	ALB	Albany International	Northwest Airlines	Passenger Property Loss	Checkpoint	150.0	Supplies	Denied	0.0	Deny
40471	2004072660000	2004-07-20 00:00:00	2004-05-24 00:00:00	ALB	Albany International		Passenger Property Loss	Checked Baggage	50.0	Watches & Jewelry	Approved	50.0	Approve in Full
41256	2004072960241	2004-07-28 00:00:00	2004-04-17 00:00:00	ALB	Albany International		Passenger Property Loss	Checked Baggage	118.0	Watches & Jewelry	Approved	118.0	Approve in Full
41750	2004090362081	2004-08-05 00:00:00	2004-07-25 00:00:00	ALB	Albany International	USAir	Passenger Property Loss	Checked Baggage	490.0	Other	Canceled	0.0	
42510	2004091362767	2004-08-12 00:00:00	2004-07-25 00:00:00	ALB	Albany International	USAir	Passenger Property Loss	Checked Baggage	20.0	Other	Approved	20.0	Approve in Full
42630	2004092163300	2004-08-13 00:00:00	2004-08-08 00:00:00	ALB	Albany International	Delta Air Lines	Passenger Property Loss	Checked Baggage	139.0	Electronics	Settled	35.0	Settle
42727	2004120268306	2004-08-17 00:00:00	2004-07-19 00:00:00	ALB	Albany International	Northwest Airlines	Passenger Property Loss	Checked Baggage	365.09	Other	Denied	0.0	Deny
42891	2004102765720	2004-08-19 00:00:00	2004-07-14 00:00:00	ALB	Albany International	Delta Air Lines	Passenger Property Loss	Checked Baggage	2745.0	Watches & Jewelry	Denied	0.0	Deny
42945	2004100464375	2004-08-19 00:00:00	2004-07-05 00:00:00	ALB	Albany International	Delta Air Lines	Passenger Property Loss	Checked Baggage	249.99	Electronics	Settled	66.05	Settle
43086	2004100564424	2004-08-24 00:00:00	2004-08-02 00:00:00	ALB	Albany International	Southwest Airlines	Passenger Property Loss	Checked Baggage	30.0	Other	Approved	30.0	Approve in Full
43644	2004100664715	2004-08-31 00:00:00	2004-08-10 00:00:00	ALB	Albany International		Passenger Property Loss	Checked Baggage	20.0	Watches & Jewelry	Approved	20.0	Approve in Full
43679	2004092763910	2004-08-31 00:00:00	2004-08-18 00:00:00	ALB	Albany International	USAir	Passenger Property Loss	Checked Baggage	200.0	Other	Canceled	0.0	
43791	2004090962410	2004-08-31 00:00:00	2004-08-07 00:00:00	ALB	Albany International		Passenger Property Loss	Checked Baggage	495.97	Other	Settled	163.8	Settle
43890	2004091663085	2004-09-01 00:00:00	2004-07-29 00:00:00	ALB	Albany International	Southwest Airlines	Passenger Theft	Checked Baggage	650.02	Other	Canceled	0.0	
44042	2004092864058	2004-09-09 00:00:00	2004-08-29 00:00:00	ALB	Albany International	Delta Air Lines	Passenger Property Loss	Checked Baggage	70.0	Clothing & Accessories	Approved	70.0	Approve in Full
44134	2004102265595	2004-09-09 00:00:00	2004-08-28 00:00:00	ALB	Albany International		Passenger Property Loss	Checked Baggage	60.0	Electronics	Approved	60.0	Approve in Full
44339	2004121368995	2004-09-09 00:00:00	2004-06-22 00:00:00	ALB	Albany International		Passenger Property Loss	Checked Baggage	10.0	Containers	Denied	0.0	Deny
44473	2004102765707	2004-09-10 00:00:00	2004-07-12 00:00:00	ALB	Albany International	Southwest Airlines	Passenger Property Loss	Checked Baggage	54.0	Clothing & Accessories	Approved	54.0	Approve in Full
45495	2004102065335	2004-09-20 00:00:00	2004-09-04 00:00:00	ALB	Albany International		Passenger Property Loss	Checked Baggage	1665.0	Watches & Jewelry	Settled	1565.0	Settle
45548	2004092263512	2004-09-22 00:00:00	2004-08-23 00:00:00	ALB	Albany International	USAir	Passenger Theft	Checked Baggage	100.0	Watches & Jewelry	Approved	100.0	Approve in Full
46534	2004101965282	2004-10-05 00:00:00	2004-09-01 00:00:00	ALB	Albany International	UAL	Passenger Property Loss	Checked Baggage	54.24	Clothing & Accessories	Approved	54.24	Approve in Full
46580	2004111767277	2004-10-05 00:00:00	2004-09-21 00:00:00	ALB	Albany International	USAir	Passenger Property Loss	Checked Baggage	10.0	Other	Approved	10.0	Approve in Full
46617	2004111967466	2004-10-05 00:00:00	2004-09-19 00:00:00	ALB	Albany International	USAir	Passenger Property Loss	Checked Baggage	107.84	Cosmetics	Approved	107.84	Approve in Full
46895	2004120368423	2004-10-07 00:00:00	2004-09-11 00:00:00	ALB	Albany International	Delta Air Lines	Passenger Property Loss	Checked Baggage	105.0	Clothing & Accessories	Approved	105.0	Approve in Full
47326	2004120168225	2004-10-14 00:00:00	2004-09-17 00:00:00	ALB	Albany International	USAir	Passenger Property Loss	Checked Baggage	2000.0	Electronics	Denied	2000.0	Deny
47414	2004120368441	2004-10-15 00:00:00	2004-08-16 00:00:00	ALB	Albany International	USAir	Passenger Property Loss	Checked Baggage	69.53	Other	Approved	69.53	Approve in Full
47712	2004120768708	2004-10-19 00:00:00	2004-09-13 00:00:00	ALB	Albany International		Passenger Property Loss	Checked Baggage	60.0	Tools & Machines	Approved	60.0	Approve in Full
48179	2004121068969	2004-10-25 00:00:00	2004-09-11 00:00:00	ALB	Albany International	USAir	Passenger Property Loss	Checked Baggage	1.99	Other	Denied	0.0	Deny
48801	2004110266171	2004-11-02 00:00:00	2004-09-01 00:00:00	ALB	Albany International	Southwest Airlines	Passenger Theft	Checked Baggage	51.42	Other	Approved	51.42	Approve in Full
48885	2004110266170	2004-11-02 00:00:00	2004-09-18 00:00:00	ALB	Albany International		Passenger Property Loss	Checked Baggage	114.19	Other	Settled	57.09	Settle
49239	2004122069435	2004-11-04 00:00:00	2004-10-27 00:00:00	ALB	Albany International	Southwest Airlines	Passenger Property Loss	Checked Baggage	227.29	Electronics	Settled	207.91	Settle
50197	2005011673743	2004-11-18 00:00:00	2004-10-31 00:00:00	ALB	Albany International	American Airlines	Passenger Property Loss	Checked Baggage	32.0	Other	Approved	32.0	Approve in Full
51004	2004122871435	2004-12-01 00:00:00	2003-08-06 00:00:00	ALB	Albany International		Passenger Property Loss	Checked Baggage	350.0	Clothing & Accessories	Denied	0.0	Deny
51149	2004123071871	2004-12-03 00:00:00	2004-09-30 00:00:00	ALB	Albany International		Passenger Property Loss	Checked Baggage	43.03	Containers	Approved	43.03	Approve in Full
51217	2004123071855	2004-12-03 00:00:00	2004-10-16 00:00:00	ALB	Albany International		Passenger Property Loss	Checkpoint	325.0	Clothing & Accessories	Settled	200.0	Settle
51461	2005010372134	2004-12-07 00:00:00	2004-11-20 00:00:00	ALB	Albany International		Passenger Property Loss	Checked Baggage	700.0	Electronics	Denied		Deny
51539	2005010372227	2004-12-07 00:00:00	2004-11-29 00:00:00	ALB	Albany International	UAL	Passenger Property Loss	Checked Baggage	279.95	Electronics	Settled	252.91	Settle
51817	2005010472586	2004-12-13 00:00:00	2004-11-03 00:00:00	ALB	Albany International	USAir	Passenger Property Loss	Checkpoint	100.0	Other	Approved	100.0	Approve in Full
51864	2005010372306	2004-12-13 00:00:00	2004-11-24 00:00:00	ALB	Albany International	USAir	Passenger Property Loss	Checked Baggage	560.0	Watches & Jewelry	Denied	0.0	Deny
51867	2005010372322	2004-12-13 00:00:00	2004-11-20 00:00:00	ALB	Albany International		Passenger Property Loss	Checked Baggage	1725.0	Electronics	Denied		Deny
51931	2005010472407	2004-12-14 00:00:00	2004-11-10 00:00:00	ALB	Albany International	Southwest Airlines	Passenger Property Loss	Checked Baggage	42.5	Other	Approved	42.5	Approve in Full
51950	2005010472478	2004-12-14 00:00:00	2004-11-30 00:00:00	ALB	Albany International	Southwest Airlines	Passenger Property Loss	Checked Baggage	39.9	Other	Approved	39.9	Approve in Full
52088	2005010472472	2004-12-14 00:00:00	2004-10-09 00:00:00	ALB	Albany International	Northwest Airlines	Passenger Property Loss	Checkpoint	2200.0	Watches & Jewelry	Denied	0.0	Deny
52332	2005010572895	2004-12-17 00:00:00	2004-10-25 00:00:00	ALB	Albany International	American Airlines	Passenger Property Loss	Checked Baggage	104.0	Electronics	Denied		Deny
52732	2005010773161	2004-12-21 00:00:00	2004-11-08 00:00:00	ALB	Albany International	UAL	Passenger Property Loss	Checked Baggage	60.55	Other	Settled	35.55	Settle
53010	2005011973792	2004-12-28 00:00:00	2004-11-23 00:00:00	ALB	Albany International		Passenger Property Loss	Checked Baggage	2800.0	Watches & Jewelry	Approved	2800.0	Approve in Full
53332	2005012474063	2005-01-03 00:00:00	2004-10-31 00:00:00	ALB	Albany International		Passenger Property Loss	Checked Baggage	299.13	Clothing & Accessories	Canceled	0.0	
53714	2005012674339	2005-01-06 00:00:00	2004-12-15 00:00:00	ALB	Albany International	Southwest Airlines	Passenger Property Loss	Checked Baggage	20.05	Other	Denied	0.0	Deny
53737	2005012574282	2005-01-06 00:00:00	2004-12-25 00:00:00	ALB	Albany International	USAir	Passenger Property Loss	Checked Baggage	258.0	Electronics	Settled	188.0	Settle
53864	2005012674432	2005-01-07 00:00:00	2004-12-26 00:00:00	ALB	Albany International		Passenger Property Loss	Checked Baggage	456.74	Electronics	Settled	306.89	Settle
54108	2005020375589	2005-01-11 00:00:00	2004-10-31 00:00:00	ALB	Albany International	Southwest Airlines	Passenger Property Loss	Checked Baggage	100.0	Clothing & Accessories	Approved	100.0	Approve in Full
54439	2005012874847	2005-01-14 00:00:00	2004-12-22 00:00:00	ALB	Albany International	Southwest Airlines	Passenger Property Loss	Checked Baggage	32.16	Clothing & Accessories	Approved	32.16	Approve in Full
55442	2005021776441	2005-01-25 00:00:00	2004-12-22 00:00:00	ALB	Albany International	Southwest Airlines	Passenger Property Loss	Checked Baggage	68.62	Clothing & Accessories	Approved	68.62	Approve in Full
56529	2005030877212	2005-02-04 00:00:00	2005-01-24 00:00:00	ALB	Albany International	Southwest Airlines	Passenger Property Loss	Checked Baggage	934.5	Other	Settled	250.0	Settle
56958	2005031177832	2005-02-10 00:00:00	2005-01-29 00:00:00	ALB	Albany International		Passenger Property Loss	Checked Baggage	20.0	Other	Approved	20.0	Approve in Full
58062	2005032279275	2005-03-01 00:00:00	2005-02-17 00:00:00	ALB	Albany International	Continental Airlines	Passenger Property Loss	Checked Baggage	227.3	Other	Approved	227.3	Approve in Full
58157	2005032178944	2005-03-02 00:00:00	2004-09-04 00:00:00	ALB	Albany International	Southwest Airlines	Passenger Property Loss	Checked Baggage	1665.0	Other	Canceled	0.0	
59595	2005033080502	2005-03-18 00:00:00	2005-02-27 00:00:00	ALB	Albany International	UAL	Passenger Property Loss	Checked Baggage	45.0	Clothing & Accessories	Approved	45.0	Approve in Full
59845	2005033180823	2005-03-23 00:00:00	2005-02-05 00:00:00	ALB	Albany International	USAir	Passenger Property Loss	Checked Baggage	16.0	Tools & Machines	Approved	16.0	Approve in Full
59943	2005033180765	2005-03-23 00:00:00	2005-03-13 00:00:00	ALB	Albany International	Continental Airlines	Passenger Property Loss	Checked Baggage	400.0	Electronics	Denied	0.0	Deny
60022	2005033180761	2005-03-23 00:00:00	2005-03-03 00:00:00	ALB	Albany International	USAir	Passenger Property Loss	Checked Baggage		Watches & Jewelry	Insufficient, one of the following items required: sum certain, statement of fact, signature, location of incident, and date.		
60056	2005033180773	2005-03-23 00:00:00	2005-03-14 00:00:00	ALB	Albany International	Northwest Airlines	Passenger Property Loss	Checked Baggage	957.55	Electronics	Settled	910.23	Settle
60529	2005040481393	2005-03-30 00:00:00	2005-02-16 00:00:00	ALB	Albany International	Delta Air Lines	Passenger Property Loss	Checked Baggage	200.0	Other	Denied	0.0	Deny
60911	2005040882024	2005-04-05 00:00:00	2005-03-20 00:00:00	ALB	Albany International	Southwest Airlines	Passenger Property Loss	Checked Baggage	54.0	Watches & Jewelry	Denied	0.0	Deny
61279	2005041182194	2005-04-08 00:00:00	2005-01-12 00:00:00	ALB	Albany International	Delta Air Lines	Passenger Property Loss	Checked Baggage	52.47	Clothing & Accessories	Approved	52.47	Approve in Full
61587	2005041382503	2005-04-12 00:00:00	2005-04-04 00:00:00	ALB	Albany International	Southwest Airlines	Passenger Property Loss	Checked Baggage	1125.0	Watches & Jewelry	Denied	0.0	Deny
61890	2005041982781	2005-04-18 00:00:00	2005-03-28 00:00:00	ALB	Albany International	Southwest Airlines	Passenger Property Loss	Checked Baggage	492.65	Watches & Jewelry	Denied	0.0	Deny
62176	2005042183051	2005-04-19 00:00:00	2005-03-16 00:00:00	ALB	Albany International	UAL	Passenger Property Loss	Checked Baggage	998.27	Watches & Jewelry	Settled	328.83	Settle
62838	2005050283757	2005-04-29 00:00:00	2005-01-19 00:00:00	ALB	Albany International	American Airlines	Passenger Property Loss	Checked Baggage	34.9	Supplies	Approved	34.9	Approve in Full
62853	2005050283828	2005-04-29 00:00:00	2005-04-17 00:00:00	ALB	Albany International	Delta Air Lines	Passenger Property Loss	Checked Baggage	30.0	Other	Approved	30.0	Approve in Full
63061	2005050484075	2005-05-03 00:00:00	2005-04-17 00:00:00	ALB	Albany International		Passenger Property Loss	Checked Baggage	120.0	Electronics	Approved	120.0	Approve in Full
63323	2005050984267	2005-05-06 00:00:00	2005-04-26 00:00:00	ALB	Albany International		Passenger Property Loss	Checked Baggage	442.99	Electronics	Denied	0.0	Deny
64136	2005052085136	2005-05-17 00:00:00	2005-04-19 00:00:00	ALB	Albany International	Southwest Airlines	Passenger Property Loss	Checked Baggage	875.0	Electronics	Denied	0.0	Deny
64224	2005052385256	2005-05-17 00:00:00	2005-05-01 00:00:00	ALB	Albany International	Northwest Airlines	Passenger Property Loss	Checked Baggage	110.92	Containers	Settled	55.46	Settle
64475	2005053185523	2005-05-20 00:00:00	2005-05-06 00:00:00	ALB	Albany International	Southwest Airlines	Passenger Property Loss	Checked Baggage	576.93	Electronics	Settled	423.81	Settle
64731	2005062987758	2005-05-24 00:00:00	2005-04-15 00:00:00	ALB	Albany International		Passenger Property Loss	Checked Baggage	70.0	Clothing & Accessories	Denied	0.0	Deny
64948	2005060785904	2005-05-31 00:00:00	2005-05-01 00:00:00	ALB	Albany International	UAL	Passenger Property Loss	Checked Baggage	850.0	Other	Denied	0.0	Deny
64992	2005060986072	2005-05-31 00:00:00	2005-04-15 00:00:00	ALB	Albany International	Northwest Airlines	Passenger Property Loss	Checked Baggage	600.0	Electronics	Denied	0.0	Deny
65465	2005062086681	2005-06-03 00:00:00	2005-05-16 00:00:00	ALB	Albany International		Passenger Property Loss	Checked Baggage	64.0	Other	Denied	0.0	Deny
65537	2005061586427	2005-06-06 00:00:00	2005-04-29 00:00:00	ALB	Albany International	American Airlines	Passenger Property Loss	Checked Baggage	100.35	Other	Denied	0.0	Deny
65830	2005062186726	2005-06-09 00:00:00	2004-06-24 00:00:00	ALB	Albany International	Delta Air Lines	Passenger Property Loss	Checked Baggage	166.75	Other	Denied	0.0	Deny
66189	2005062887590	2005-06-14 00:00:00	2005-04-16 00:00:00	ALB	Albany International		Passenger Property Loss	Checked Baggage	300.0	Clothing & Accessories	Denied	0.0	Deny
66381	2005062787295	2005-06-17 00:00:00	2005-04-06 00:00:00	ALB	Albany International	UAL	Passenger Property Loss	Checked Baggage	30.02	Clothing & Accessories	Approved	30.02	Approve in Full
66782	2005063087872	2005-06-23 00:00:00	2005-06-15 00:00:00	ALB	Albany International	Delta Air Lines	Passenger Property Loss	Checked Baggage	10.85	Tools & Machines	Approved	10.85	Approve in Full
68267	2005071989249	2005-07-18 00:00:00	2005-07-04 00:00:00	ALB	Albany International		Passenger Property Loss	Checked Baggage	300.0	Clothing & Accessories	Canceled	0.0	
68572	2005072589619	2005-07-22 00:00:00	2005-07-12 00:00:00	ALB	Albany International	USAir	Passenger Property Loss	Checked Baggage	38.5	Other	Approved	38.5	Approve in Full
68580	2005072589645	2005-07-22 00:00:00	2005-07-07 00:00:00	ALB	Albany International	Delta Air Lines	Passenger Property Loss	Checkpoint	8.99	Clothing & Accessories	Approved	8.99	Approve in Full
68893	2005072989948	2005-07-26 00:00:00	2005-07-15 00:00:00	ALB	Albany International	Southwest Airlines	Passenger Property Loss	Checked Baggage	35.0	Other	Denied	0.0	Deny
69358	2005081290445	2005-08-02 00:00:00	2005-07-25 00:00:00	ALB	Albany International	Continental Airlines	Passenger Property Loss	Checked Baggage	259.0	Watches & Jewelry	Denied	0.0	Deny
69560	2005081790700	2005-08-05 00:00:00	2005-07-22 00:00:00	ALB	Albany International	Delta Air Lines	Passenger Property Loss	Checked Baggage	47.0	Clothing & Accessories	Approved	47.0	Approve in Full
69832	2005081890912	2005-08-09 00:00:00	2005-07-09 00:00:00	ALB	Albany International	Continental Airlines	Passenger Property Loss	Checked Baggage	50.0	Clothing & Accessories	Denied	0.0	Deny
70256	2005082591505	2005-08-16 00:00:00	2005-06-14 00:00:00	ALB	Albany International	Continental Airlines	Passenger Property Loss	Checked Baggage	800.0	Electronics	Denied	0.0	Deny
70552	2005083091840	2005-08-23 00:00:00	2005-07-12 00:00:00	ALB	Albany International	USAir	Passenger Property Loss	Checked Baggage	39.57	Clothing & Accessories	Approved	39.57	Approve in Full
70907	2005083191923	2005-08-26 00:00:00	2005-08-06 00:00:00	ALB	Albany International	UAL	Passenger Property Loss	Checked Baggage	460.0	Other	Denied	0.0	Deny
71188	2005090692248	2005-08-30 00:00:00	2005-08-08 00:00:00	ALB	Albany International	Southwest Airlines	Passenger Property Loss	Checked Baggage	335.58	Other	Settled	151.01	Settle
71341	2005091492398	2005-09-02 00:00:00	2005-08-18 00:00:00	ALB	Albany International	Southwest Airlines	Passenger Property Loss	Checked Baggage	97.45	Clothing & Accessories	Denied	0.0	Deny
71515	2005091592538	2005-09-08 00:00:00	2005-08-22 00:00:00	ALB	Albany International	Delta Air Lines	Passenger Property Loss	Checked Baggage	351.99	Electronics	Denied	0.0	Deny
71661	2005091992805	2005-09-09 00:00:00	2005-08-03 00:00:00	ALB	Albany International	Continental Airlines	Passenger Property Loss	Checked Baggage	23.79	Other	Approved	23.79	Approve in Full
71758	2005091992843	2005-09-09 00:00:00	2005-08-23 00:00:00	ALB	Albany International	Southwest Airlines	Passenger Property Loss	Checked Baggage	350.0	Electronics	Settled	282.26	Settle
72455	2005100393793	2005-09-20 00:00:00	2005-08-28 00:00:00	ALB	Albany International	USAir	Passenger Property Loss	Checked Baggage	26.85	Other	Denied	0.0	Deny
72456	2005100393797	2005-09-20 00:00:00	2005-08-14 00:00:00	ALB	Albany International	UAL	Passenger Property Loss	Checked Baggage	4030.0	Watches & Jewelry	Denied	0.0	Deny
72852	2005100493975	2005-09-27 00:00:00	2005-09-22 00:00:00	ALB	Albany International	UAL	Passenger Property Loss	Checked Baggage	614.97	Electronics	Denied	0.0	Deny
73084	2005100694219	2005-10-03 00:00:00		ALB	Albany International		Passenger Property Loss	Checked Baggage	259.0	Electronics	Canceled	0.0	
73089	2005100694160	2005-10-03 00:00:00	2005-09-21 00:00:00	ALB	Albany International	Northwest Airlines	Passenger Property Loss	Checked Baggage	118.05	Other	Denied	0.0	Deny
73242	2005101294391	2005-10-04 00:00:00	2005-09-22 00:00:00	ALB	Albany International	Delta Air Lines	Passenger Property Loss	Checked Baggage	82.0	Other	Denied	0.0	Deny
73524	2005101794668	2005-10-11 00:00:00	2005-09-26 00:00:00	ALB	Albany International	Northwest Airlines	Passenger Property Loss	Checked Baggage	425.0	Watches & Jewelry	Canceled	0.0	
73619	2005101794699	2005-10-12 00:00:00	2005-08-28 00:00:00	ALB	Albany International	UAL	Passenger Property Loss	Checked Baggage	531.21	Watches & Jewelry	Denied	0.0	Deny
73923	2005102595164	2005-10-17 00:00:00	2005-10-10 00:00:00	ALB	Albany International	Delta Air Lines	Passenger Property Loss	Checked Baggage	44.0	Other	Denied	0.0	Deny
73944	2005102094988	2005-10-17 00:00:00	2005-08-21 00:00:00	ALB	Albany International	Southwest Airlines	Passenger Property Loss	Checked Baggage	100.0	Clothing & Accessories	Settled	50.0	Settle
74042	2005102595170	2005-10-18 00:00:00	2005-08-18 00:00:00	ALB	Albany International	Continental Airlines	Passenger Property Loss	Checked Baggage	2003.22	Electronics	Denied	0.0	Deny
74141	2005102595127	2005-10-20 00:00:00	2005-10-05 00:00:00	ALB	Albany International	USAir	Passenger Property Loss	Checked Baggage	5000.0	Other	Canceled	0.0	
74173	2005102795301	2005-10-20 00:00:00	2005-10-05 00:00:00	ALB	Albany International	Northwest Airlines	Passenger Property Loss	Checked Baggage	516.13	Electronics	Denied	0.0	Deny
74352	2005110295511	2005-10-25 00:00:00	2005-09-16 00:00:00	ALB	Albany International	Continental Airlines	Passenger Property Loss	Checked Baggage	40.0	Other	Approved	40.0	Approve in Full
74818	2005110995910	2005-11-01 00:00:00	2005-08-28 00:00:00	ALB	Albany International		Passenger Property Loss	Checked Baggage	600.0	Other	Denied	0.0	Deny
75012	2005111696139	2005-11-04 00:00:00	2005-11-01 00:00:00	ALB	Albany International	Southwest Airlines	Passenger Property Loss	Checked Baggage	86.59	Other	Denied	0.0	Deny
75177	2005111896253	2005-11-09 00:00:00	2005-10-02 00:00:00	ALB	Albany International	Delta Air Lines	Passenger Property Loss	Checked Baggage	30.0	Tools & Machines,Other	Denied	0.0	Deny
75195	2005112196297	2005-11-09 00:00:00	2005-10-24 00:00:00	ALB	Albany International	UAL	Passenger Property Loss	Checked Baggage	264.03	Electronics	Denied	0.0	Deny
75220	2005112196351	2005-11-09 00:00:00	2005-10-08 00:00:00	ALB	Albany International	UAL	Passenger Property Loss	Checked Baggage	607.6	Electronics	Denied	0.0	Deny
75478	2005112896559	2005-11-15 00:00:00	2005-08-04 00:00:00	ALB	Albany International	UAL	Passenger Property Loss	Checked Baggage	117.98	Other	Denied	0.0	Deny
75517	2005112996656	2005-11-15 00:00:00	2005-10-28 00:00:00	ALB	Albany International	Northwest Airlines	Passenger Property Loss	Checked Baggage	179.0	Electronics	Denied	0.0	Deny
75917	2005120797039	2005-11-22 00:00:00	2005-11-10 00:00:00	ALB	Albany International	USAir	Passenger Property Loss	Checked Baggage	300.0	Clothing & Accessories	Denied	0.0	Deny
76264	2005120897323	2005-11-29 00:00:00	2005-10-23 00:00:00	ALB	Albany International	USAir	Passenger Property Loss	Checked Baggage	49.57	Other	Denied	0.0	Deny
76531	2005121397638	2005-12-05 00:00:00	2005-11-27 00:00:00	ALB	Albany International	Delta Air Lines	Passenger Property Loss	Checked Baggage	683.95	Other	Denied	0.0	Deny
76626	2005121497761	2005-12-06 00:00:00	2005-11-05 00:00:00	ALB	Albany International	UAL	Passenger Property Loss	Checked Baggage		Watches & Jewelry	Canceled	0.0	
76669	2005121697938	2005-12-06 00:00:00	2005-11-16 00:00:00	ALB	Albany International	USAir	Passenger Property Loss	Checked Baggage	399.0	Other	Denied	0.0	Deny
77231	2005122398321	2005-12-16 00:00:00	2005-10-03 00:00:00	ALB	Albany International	Continental Airlines	Passenger Property Loss	Checkpoint	39.67	Electronics	Denied	0.0	Deny
77411	2005122898560	2005-12-21 00:00:00	2005-11-15 00:00:00	ALB	Albany International	Southwest Airlines	Passenger Property Loss	Checked Baggage	32.0	Clothing & Accessories	Denied	0.0	Deny
77511	2006010498692	2005-12-22 00:00:00	2005-12-15 00:00:00	ALB	Albany International	Continental Airlines	Passenger Property Loss	Checked Baggage	500.0	Electronics	Denied	0.0	Deny
78428	2006011899797	2006-01-10 00:00:00	2005-12-10 00:00:00	ALB	Albany International	Southwest Airlines	Passenger Property Loss	Checked Baggage	140.0	Clothing & Accessories	Approved	140.0	Approve in Full
80184	2006021001366	2006-02-07 00:00:00	2006-01-21 00:00:00	ALB	Albany International	USAir	Passenger Property Loss	Checked Baggage	155.0	Watches & Jewelry	Approved	155.0	Approve in Full
80220	2006021401504	2006-02-07 00:00:00	2005-12-22 00:00:00	ALB	Albany International	Southwest Airlines	Passenger Property Loss	Checked Baggage	60.0	Watches & Jewelry	Approved	60.0	Approve in Full
81036	2006022702183	2006-02-22 00:00:00	2006-02-20 00:00:00	ALB	Albany International	Southwest Airlines	Passenger Property Loss	Checkpoint	43.19	Other	Denied	0.0	Deny
81832	2006032003376	2006-03-07 00:00:00	2006-02-26 00:00:00	ALB	Albany International	Continental Airlines	Passenger Property Loss	Checked Baggage	225.0	Electronics	Denied	0.0	Deny
81946	2006031503109	2006-03-09 00:00:00	2006-02-27 00:00:00	ALB	Albany International		Passenger Property Loss	Checked Baggage	202.0	Other	Denied	0.0	Deny
82069	2006031603255	2006-03-13 00:00:00	2006-02-25 00:00:00	ALB	Albany International	Delta Air Lines	Passenger Property Loss	Checkpoint	240.0	Other	Approved	240.0	Approve in Full
82439	2006032403667	2006-03-17 00:00:00	2006-01-28 00:00:00	ALB	Albany International	Southwest Airlines	Passenger Property Loss	Checked Baggage	42.8	Other	Settled	34.24	Settle
82913	2006040504093	2006-03-27 00:00:00	2005-12-30 00:00:00	ALB	Albany International	UAL	Passenger Property Loss	Checked Baggage	370.0	Watches & Jewelry	Settled	185.0	Settle
83445	2006041204383	2006-04-06 00:00:00	2006-03-13 00:00:00	ALB	Albany International	UAL	Passenger Property Loss	Checked Baggage	112.45	Other	Denied	0.0	Deny
83899	2006042405131	2006-04-17 00:00:00	2006-04-13 00:00:00	ALB	Albany International	Southwest Airlines	Passenger Property Loss	Checked Baggage	10.8	Tools & Machines	Approved	10.8	Approve in Full
84189	2006050105510	2006-04-24 00:00:00	2006-04-13 00:00:00	ALB	Albany International	USAir	Passenger Property Loss	Checked Baggage	20.0	Tools & Machines	Approved	20.0	Approve in Full
84797	2006050905769	2006-05-04 00:00:00	2006-04-17 00:00:00	ALB	Albany International	USAir	Passenger Property Loss	Checked Baggage	300.0	Clothing & Accessories	Denied	0.0	Deny
85378	2006051906629	2006-05-17 00:00:00	2006-04-23 00:00:00	ALB	Albany International	American Airlines	Passenger Property Loss	Checked Baggage	7.0	Tools & Machines	Approved	7.0	Approve in Full
85463	2006052206759	2006-05-18 00:00:00	2006-05-10 00:00:00	ALB	Albany International	Continental Airlines	Passenger Property Loss	Checked Baggage	100.0	Other	Approved	100.0	Approve in Full
85950	2006060207189	2006-05-30 00:00:00	2006-05-21 00:00:00	ALB	Albany International	Northwest Airlines	Passenger Property Loss	Checked Baggage	624.99	Electronics	Denied	0.0	Deny
86511	2006061207737	2006-06-08 00:00:00	2006-05-27 00:00:00	ALB	Albany International		Passenger Property Loss	Checked Baggage	207.0	Clothing & Accessories,Other	Denied	0.0	Deny
86754	2006081410946	2006-06-13 00:00:00	2006-05-07 00:00:00	ALB	Albany International	Southwest Airlines	Passenger Property Loss	Checked Baggage	40.0	Other	Settled	20.0	Settle
87189	2006062308485	2006-06-22 00:00:00	2006-06-15 00:00:00	ALB	Albany International	Delta Air Lines	Passenger Property Loss	Checked Baggage	19.48	Cosmetics,Tools & Machines	Approved	19.48	Approve in Full
87592	2006070308851	2006-06-29 00:00:00	2006-06-10 00:00:00	ALB	Albany International	Southwest Airlines	Passenger Property Loss	Checked Baggage	13.42	Other	Denied	0.0	Deny
88128	2006071209357	2006-07-10 00:00:00	2006-07-02 00:00:00	ALB	Albany International		Passenger Property Loss	Checkpoint	300.0	Clothing & Accessories	Settled	83.95	Settle
88641	2006072109876	2006-07-19 00:00:00	2006-07-01 00:00:00	ALB	Albany International	Northwest Airlines	Passenger Property Loss	Checked Baggage	19.99	Clothing & Accessories	Denied	0.0	Deny
88670	2006072009856	2006-07-19 00:00:00	2006-07-11 00:00:00	ALB	Albany International	UAL	Passenger Property Loss	Checked Baggage	160.0	Clothing & Accessories	Settled	80.0	Settle
89525	2006081110844	2006-08-07 00:00:00	2006-07-30 00:00:00	ALB	Albany International	Delta Air Lines	Passenger Property Loss	Checked Baggage	53.0	Other	Denied	0.0	Deny
89918	2006081511036	2006-08-14 00:00:00	2006-08-10 00:00:00	ALB	Albany International	Continental Airlines	Passenger Property Loss	Checked Baggage	328.45	Electronics	Settled	152.19	Settle
89990	2006082111316	2006-08-16 00:00:00	2006-08-09 00:00:00	ALB	Albany International	Southwest Airlines	Passenger Property Loss	Checked Baggage	87.38	Clothing & Accessories	Approved	87.38	Approve in Full
90009	2006081811282	2006-08-16 00:00:00	2006-08-03 00:00:00	ALB	Albany International	Southwest Airlines	Passenger Property Loss	Checked Baggage	289.0	Electronics	Denied	0.0	Deny
90287	2006082411481	2006-08-21 00:00:00	2006-08-13 00:00:00	ALB	Albany International	USAir	Passenger Property Loss	Checked Baggage	350.0	Electronics,Electronics	Settled	324.08	Settle
90508	2006083011776	2006-08-25 00:00:00	2006-07-07 00:00:00	ALB	Albany International	Southwest Airlines	Passenger Property Loss	Checked Baggage	7.0	Tools & Machines	Approved	7.0	Approve in Full
90523	2006083011797	2006-08-25 00:00:00	2006-08-22 00:00:00	ALB	Albany International		Passenger Property Loss	Checked Baggage	349.99	Electronics	Canceled	0.0	
90644	2006090111912	2006-08-28 00:00:00	2006-08-02 00:00:00	ALB	Albany International		Passenger Property Loss	Checked Baggage	33.79	Clothing & Accessories	Denied	0.0	Deny
90718	2006082911725	2006-08-29 00:00:00	2006-08-26 00:00:00	ALB	Albany International	Northwest Airlines	Passenger Property Loss	Checked Baggage	14639.6	Electronics,Other,Electronics	Denied	0.0	Deny
92379	2006100413637	2006-09-29 00:00:00	2006-09-11 00:00:00	ALB	Albany International	Continental Airlines	Passenger Property Loss	Checked Baggage	250.0	Electronics	Settled	172.83	Settle
92416	2006101714115	2006-10-02 00:00:00	2006-09-12 00:00:00	ALB	Albany International	UAL	Passenger Property Loss	Checked Baggage	500.0	Electronics	Canceled	0.0	
92483	2006100613724	2006-10-02 00:00:00	2006-09-18 00:00:00	ALB	Albany International	USAir	Passenger Property Loss	Checked Baggage	300.0	Electronics	Settled	122.5	Settle
92484	2006100613731	2006-10-02 00:00:00	2006-09-26 00:00:00	ALB	Albany International	Southwest Airlines	Passenger Property Loss	Checkpoint	725.0	Other,Other	Settled	425.0	Settle
92841	2006101213898	2006-10-11 00:00:00	2006-09-23 00:00:00	ALB	Albany International	American Airlines	Passenger Property Loss	Checked Baggage	149.97	Outdoors Supplies	Denied	0.0	Deny
92964	2006102014252	2006-10-12 00:00:00	2006-09-28 00:00:00	ALB	Albany International	Continental Airlines	Passenger Property Loss	Checked Baggage	1110.51	Electronics	Denied	0.0	Deny
93021	2006102014276	2006-10-16 00:00:00	2006-08-22 00:00:00	ALB	Albany International		Passenger Property Loss	Checkpoint	45.08	Clothing & Accessories	Approved	45.08	Approve in Full
93119	2006102414537	2006-10-16 00:00:00	2006-09-12 00:00:00	ALB	Albany International	UAL	Passenger Property Loss	Checkpoint	400.0	Electronics	Denied	0.0	Deny
93359	2006102614600	2006-10-19 00:00:00	2006-07-06 00:00:00	ALB	Albany International	USAir	Passenger Property Loss	Checked Baggage	200.0	Watches & Jewelry	Denied	0.0	Deny
93471	2006102714761	2006-10-23 00:00:00	2006-10-17 00:00:00	ALB	Albany International	Delta Air Lines	Passenger Property Loss	Checked Baggage	14.99	Tools & Machines	Approved	14.99	Approve in Full
93629	2006110114905	2006-10-25 00:00:00	2006-10-22 00:00:00	ALB	Albany International	UAL	Passenger Property Loss	Checked Baggage	339.97	Electronics,Other	Denied	0.0	Deny
93931	2006111515584	2006-10-31 00:00:00	2006-10-12 00:00:00	ALB	Albany International	UAL	Passenger Property Loss	Checked Baggage	876.0	Food & Drink,Clothing & Accessories,Other	Denied	0.0	Deny
94089	2006110715295	2006-11-03 00:00:00	2006-10-29 00:00:00	ALB	Albany International	Delta Air Lines	Passenger Property Loss	Checked Baggage	475.0	Watches & Jewelry	Denied	0.0	Deny
94145	2006111515692	2006-11-06 00:00:00	2006-09-07 00:00:00	ALB	Albany International	UAL	Passenger Property Loss	Checked Baggage	22.61	Tools & Machines	Approved	22.61	Approve in Full
94250	2006111315491	2006-11-07 00:00:00	2006-10-18 00:00:00	ALB	Albany International	USAir	Passenger Property Loss	Checked Baggage	29.99	Clothing & Accessories	Denied	0.0	Deny
94546	2006112015896	2006-11-13 00:00:00	2006-11-04 00:00:00	ALB	Albany International	Delta Air Lines	Passenger Property Loss	Checked Baggage	112.86	Supplies,Other	Denied	0.0	Deny
94654	2006112216046	2006-11-15 00:00:00	2006-11-07 00:00:00	ALB	Albany International	USAir	Passenger Property Loss	Checked Baggage	36.0	Clothing & Accessories	Canceled	0.0	
94784	2006113016500	2006-11-16 00:00:00	2006-09-11 00:00:00	ALB	Albany International	UAL	Passenger Property Loss	Checked Baggage	96.12	Clothing & Accessories	Settled	48.06	Settle
94826	2006112416209	2006-11-17 00:00:00	2006-11-09 00:00:00	ALB	Albany International		Passenger Property Loss	Checkpoint	240.0	Electronics	Denied	0.0	Deny
95494	2006120716848	2006-12-01 00:00:00	2006-11-01 00:00:00	ALB	Albany International	Southwest Airlines	Passenger Property Loss	Checked Baggage	29.99	Tools & Machines,Cosmetics	Canceled	0.0	
95671	2006121517208	2006-12-05 00:00:00	2006-11-26 00:00:00	ALB	Albany International	Southwest Airlines	Passenger Property Loss	Checked Baggage	424.0	Cosmetics,Clothing & Accessories,Supplies	Canceled	0.0	
95953	2006121917397	2006-12-11 00:00:00	2006-11-11 00:00:00	ALB	Albany International	UAL	Passenger Property Loss	Checked Baggage	41.98	Clothing & Accessories,Other	Approved	41.98	Approve in Full
96067	2006121517186	2006-12-12 00:00:00	2006-11-15 00:00:00	ALB	Albany International	American Airlines	Passenger Property Loss	Checked Baggage	162.36	Electronics,Cosmetics	Denied	0.0	Deny
96152	2006121917392	2006-12-12 00:00:00	2006-10-31 00:00:00	ALB	Albany International	UAL	Passenger Property Loss	Checked Baggage	150.0	Clothing & Accessories	Settled	105.0	Settle
96263	2006122117671	2006-12-14 00:00:00	2006-11-17 00:00:00	ALB	Albany International	Southwest Airlines	Passenger Property Loss	Checked Baggage	70.0	Electronics,Supplies	Denied	0.0	Deny
97532	2007011018599	2007-01-05 00:00:00	2006-12-07 00:00:00	ALB	Albany International	Northwest Airlines	Passenger Property Loss	Checked Baggage	285.01	Cosmetics,Supplies	Settled	77.64	Settle
97621	2007011218725	2007-01-08 00:00:00	2006-10-09 00:00:00	ALB	Albany International	American Airlines	Passenger Property Loss	Checked Baggage	116.3	Clothing & Accessories	Denied	0.0	Deny
98627	2007012919721	2007-01-23 00:00:00	2007-01-01 00:00:00	ALB	Albany International	USAir	Passenger Property Loss	Checked Baggage	106.26	Containers,Cosmetics	Denied	0.0	Deny
98733	2007012919741	2007-01-24 00:00:00	2007-11-03 00:00:00	ALB	Albany International	UAL	Passenger Property Loss	Checked Baggage	57.06	Clothing & Accessories	Denied	0.0	Deny
98793	2007013019795	2007-01-25 00:00:00	2006-12-25 00:00:00	ALB	Albany International	Delta Air Lines	Passenger Property Loss	Checked Baggage	360.0	Other	Denied	0.0	Deny
99025	2007020119998	2007-01-29 00:00:00	2006-12-31 00:00:00	ALB	Albany International	Continental Airlines	Passenger Property Loss	Checked Baggage	495.0	Electronics,Electronics	Settled	130.82	Settle
99137	2007020520183	2007-01-31 00:00:00	2007-01-06 00:00:00	ALB	Albany International	UAL	Passenger Property Loss	Checked Baggage	39.95	Clothing & Accessories	Denied	0.0	Deny
101260	2007031622443	2007-03-14 00:00:00	2007-02-25 00:00:00	ALB	Albany International	UAL	Passenger Property Loss	Checked Baggage	184.0	Clothing & Accessories,Outdoors Supplies	Denied	0.0	Deny
101535	2007032222715	2007-03-19 00:00:00	2007-02-23 00:00:00	ALB	Albany International	Continental Airlines	Passenger Property Loss	Checked Baggage	40.0	Clothing & Accessories	Settled	20.0	Settle
102067	2007033023277	2007-03-29 00:00:00	2007-02-28 00:00:00	ALB	Albany International	Southwest Airlines	Passenger Property Loss	Checked Baggage	98.79	Other	Denied	0.0	Deny
102119	2007040323419	2007-03-29 00:00:00	2007-03-12 00:00:00	ALB	Albany International	Delta Air Lines	Passenger Property Loss	Checked Baggage	80.0	Watches & Jewelry	Settled	40.0	Settle
102133	2007040223336	2007-03-30 00:00:00	2007-03-05 00:00:00	ALB	Albany International	USAir	Passenger Property Loss	Checked Baggage	48.71	Cosmetics	Denied	0.0	Deny
102208	2007040423447	2007-04-02 00:00:00	2007-02-18 00:00:00	ALB	Albany International	Northwest Airlines	Passenger Property Loss	Checked Baggage	699.0	Watches & Jewelry	Canceled	0.0	
102603	2007041223869	2007-04-09 00:00:00	2007-03-23 00:00:00	ALB	Albany International	UAL	Passenger Property Loss	Checked Baggage	30.0	Cosmetics	Settled	15.0	Settle
103031	2007042024296	2007-04-18 00:00:00	2007-04-09 00:00:00	ALB	Albany International	Continental Airlines	Passenger Property Loss	Checked Baggage	256.0	Electronics	Denied	0.0	Deny
103454	2007043024720	2007-04-26 00:00:00	2007-04-22 00:00:00	ALB	Albany International	Continental Airlines	Passenger Property Loss	Checked Baggage	28.6	Watches & Jewelry	Denied	0.0	Deny
103555	2007050124801	2007-04-30 00:00:00	2007-04-26 00:00:00	ALB	Albany International	USAir	Passenger Property Loss	Checked Baggage	2547.89	Watches & Jewelry	Canceled	0.0	
104306	2007051625508	2007-05-15 00:00:00	2007-05-09 00:00:00	ALB	Albany International	Southwest Airlines	Passenger Property Loss	Checked Baggage	20.0	Containers	Denied	0.0	Deny
104720	2007060125998	2007-05-23 00:00:00	2007-05-16 00:00:00	ALB	Albany International		Passenger Property Loss	Checked Baggage	100.0	Containers	Denied	0.0	Deny
104762	2007060126058	2007-05-24 00:00:00	2007-05-15 00:00:00	ALB	Albany International	American Airlines	Passenger Property Loss	Checked Baggage	10.0	Tools & Machines	Denied	0.0	Deny
105047	2007060526268	2007-05-31 00:00:00	2007-01-24 00:00:00	ALB	Albany International	Delta Air Lines	Passenger Property Loss	Checked Baggage	243.0	Cosmetics	Denied	0.0	Deny
105075	2007060526280	2007-06-01 00:00:00	2007-04-09 00:00:00	ALB	Albany International	Northwest Airlines	Passenger Property Loss	Checked Baggage	19.95	Tools & Machines	Approved	19.95	Approve in Full
105142	2007060626371	2007-06-01 00:00:00	2007-05-10 00:00:00	ALB	Albany International		Passenger Property Loss	Checked Baggage	50.0	Clothing & Accessories	Denied	0.0	Deny
105313	2007060726532	2007-06-04 00:00:00	2007-01-31 00:00:00	ALB	Albany International	Continental Airlines	Passenger Property Loss	Checked Baggage	189.0	Clothing & Accessories	Settled	94.5	Settle
105321	2007061226755	2007-06-04 00:00:00	2007-05-31 00:00:00	ALB	Albany International	Delta Air Lines	Passenger Property Loss	Checked Baggage	58.84	Watches & Jewelry	Settled	29.42	Settle
105370	2007061126710	2007-06-05 00:00:00	2007-05-29 00:00:00	ALB	Albany International	UAL	Passenger Property Loss	Checked Baggage	73.38	Cosmetics	Settled	36.69	Settle
105743	2007061527002	2007-06-13 00:00:00	2007-06-10 00:00:00	ALB	Albany International	Delta Air Lines	Passenger Property Loss	Checked Baggage	42.88	Other	Denied	0.0	Deny
106201	2007062527419	2007-06-21 00:00:00	2007-06-09 00:00:00	ALB	Albany International	Delta Air Lines	Passenger Property Loss	Checked Baggage	80.0	Cosmetics	Settled	40.0	Settle
106238	2007062627525	2007-06-22 00:00:00	2007-03-23 00:00:00	ALB	Albany International	USAir	Passenger Property Loss	Checked Baggage	293.35	Electronics	Denied	0.0	Deny
106895	2007071228232	2007-07-06 00:00:00	2007-06-26 00:00:00	ALB	Albany International	UAL	Passenger Property Loss	Checked Baggage	264.95	Clothing & Accessories	Denied	0.0	Deny
108088	2007072529010	2007-07-29 00:00:00	2007-05-31 00:00:00	ALB	Albany International	Southwest Airlines	Passenger Property Loss	Checked Baggage	9.63	Tools & Machines	Denied	0.0	Deny
108520	2007080629649	2007-08-06 00:00:00	2007-08-04 00:00:00	ALB	Albany International	Southwest Airlines	Passenger Property Loss	Checked Baggage	128.0	Supplies	Denied	0.0	Deny
108826	2007081030035	2007-08-10 00:00:00	2007-08-05 00:00:00	ALB	Albany International	Southwest Airlines	Passenger Property Loss	Checked Baggage	650.0	Watches & Jewelry	Canceled	0.0	
109559	2007082430862	2007-08-23 00:00:00	2007-07-14 00:00:00	ALB	Albany International	Delta Air Lines	Passenger Property Loss	Checked Baggage	619.61	Electronics	Denied	0.0	Deny
109749	2007082931060	2007-08-27 00:00:00	2007-08-21 00:00:00	ALB	Albany International	Southwest Airlines	Passenger Property Loss	Checkpoint	904.82	Watches & Jewelry	Denied	0.0	Deny
109788	2007082931142	2007-08-27 00:00:00	2007-07-28 00:00:00	ALB	Albany International	USAir	Passenger Property Loss	Checked Baggage	325.0	Electronics	Denied	0.0	Deny
110361	2007091231774	2007-09-07 00:00:00	2007-09-01 00:00:00	ALB	Albany International	UAL	Passenger Property Loss	Checked Baggage	52.99	Clothing & Accessories	Denied	0.0	Deny
110443	2007091331836	2007-09-10 00:00:00	2007-08-04 00:00:00	ALB	Albany International	UAL	Passenger Property Loss	Checked Baggage	60.0	Containers	Denied	0.0	Deny
110625	2007091732084	2007-09-12 00:00:00	2007-07-27 00:00:00	ALB	Albany International	Southwest Airlines	Passenger Property Loss	Checked Baggage	353.0	Clothing & Accessories,Other	Denied	0.0	Deny
112881	2007110234365	2007-10-29 00:00:00	2007-10-25 00:00:00	ALB	Albany International	USAir	Passenger Property Loss	Checked Baggage	2767.99	Electronics	Denied	0.0	Deny
113252	2007110834688	2007-11-05 00:00:00	2007-09-27 00:00:00	ALB	Albany International	UAL	Passenger Property Loss	Checked Baggage	2976.0	Watches & Jewelry	Denied	0.0	Deny
113370	2007110934780	2007-11-07 00:00:00	2007-06-01 00:00:00	ALB	Albany International	UAL	Passenger Property Loss	Checked Baggage	47.08	Cosmetics	Denied	0.0	Deny
114059	2007112835619	2007-11-21 00:00:00	2007-10-25 00:00:00	ALB	Albany International	Southwest Airlines	Passenger Property Loss	Checked Baggage	12.56	Cosmetics	Denied	0.0	Deny
114195	2007112835618	2007-11-26 00:00:00	2007-11-23 00:00:00	ALB	Albany International	USAir	Passenger Property Loss	Checked Baggage	39.9	Cosmetics	Denied	0.0	Deny
114378	2007113035782	2007-11-28 00:00:00	2007-11-26 00:00:00	ALB	Albany International	Southwest Airlines	Passenger Property Loss	Checked Baggage	9.98	Other	Denied	0.0	Deny
114471	2007120536053	2007-11-30 00:00:00	2007-11-02 00:00:00	ALB	Albany International	USAir	Passenger Property Loss	Checked Baggage	10.95	Tools & Machines	Approved	10.95	Approve in Full
115564	2008010337238	2007-12-26 00:00:00	2007-11-29 00:00:00	ALB	Albany International	Southwest Airlines	Passenger Property Loss	Checked Baggage	99.97	Clothing & Accessories	Canceled	0.0	
115598	2007122837061	2007-12-26 00:00:00	2007-11-24 00:00:00	ALB	Albany International	USAir	Passenger Property Loss	Checked Baggage	218.99	Electronics	Denied	0.0	Deny
115656	2008010337205	2007-12-26 00:00:00	2007-11-18 00:00:00	ALB	Albany International	American Airlines	Passenger Property Loss	Checkpoint	99.99	Other	Denied	0.0	Deny
116041	2008010937643	2008-01-03 00:00:00	2007-12-24 00:00:00	ALB	Albany International	Northwest Airlines	Passenger Property Loss	Checked Baggage	75.0	Other	Denied	0.0	Deny
116261	2008011437832	2008-01-07 00:00:00	2007-06-25 00:00:00	ALB	Albany International	USAir	Passenger Property Loss	Checked Baggage	229.99	Electronics	Denied	0.0	Deny
116585	2008012238266	2008-01-10 00:00:00	2007-11-10 00:00:00	ALB	Albany International	Southwest Airlines	Passenger Property Loss	Checked Baggage	5250.0	Electronics	Settled	125.0	Settle
116814	2008011838191	2008-01-15 00:00:00	2008-01-13 00:00:00	ALB	Albany International	USAir	Passenger Property Loss	Checked Baggage	500.0	Other,Games & Toys	Denied	0.0	Deny
117664	2008020739238	2008-01-31 00:00:00	2008-01-28 00:00:00	ALB	Albany International	Northwest Airlines	Passenger Property Loss	Checked Baggage	50.0	Other	Denied	0.0	Deny
118162	2008022039789	2008-02-11 00:00:00	2008-02-03 00:00:00	ALB	Albany International	Southwest Airlines	Passenger Property Loss	Checked Baggage	170.0	Cosmetics,Watches & Jewelry,Other	Denied	0.0	Deny
118199	2008013038802	2008-02-12 00:00:00	2007-12-03 00:00:00	ALB	Albany International	Continental Airlines	Passenger Property Loss	Checked Baggage	248.95	Clothing & Accessories	Denied	0.0	Deny
118213	2008021939749	2008-02-12 00:00:00	2008-02-05 00:00:00	ALB	Albany International		Passenger Property Loss	Checked Baggage	799.0	Clothing & Accessories	Denied	0.0	Deny
119120	2008031040717	2008-03-03 00:00:00	2007-01-31 00:00:00	ALB	Albany International	UAL	Passenger Property Loss	Checked Baggage	102.74	Clothing & Accessories	Approved	102.74	Approve in Full
119780	2008032541424	2008-03-17 00:00:00	2008-03-14 00:00:00	ALB	Albany International	UAL	Passenger Property Loss	Checked Baggage	18.67	Clothing & Accessories	Denied	0.0	Deny
119868	2008032741553	2008-03-18 00:00:00	2008-03-03 00:00:00	ALB	Albany International	Northwest Airlines	Passenger Property Loss	Checked Baggage	45.0	Other	Denied	0.0	Deny
120028	2008040741972	2008-03-20 00:00:00	2008-01-28 00:00:00	ALB	Albany International	Delta Air Lines	Passenger Property Loss	Checked Baggage	671.26	Other,Electronics,Electronics	Denied	0.0	Deny
120530	2008040942248	2008-03-31 00:00:00	2008-03-27 00:00:00	ALB	Albany International	UAL	Passenger Property Loss	Checked Baggage	5000.0	Watches & Jewelry	Denied	0.0	Deny
120558	2008041042364	2008-03-31 00:00:00	2008-01-31 00:00:00	ALB	Albany International	Southwest Airlines	Passenger Property Loss	Checked Baggage	195.95	Outdoors Supplies	Denied	0.0	Deny
120597	2008040842080	2008-04-01 00:00:00	2008-03-15 00:00:00	ALB	Albany International	American Airlines	Passenger Property Loss	Checkpoint	7.5	Tools & Machines	Denied	0.0	Deny
120845	2008041642641	2008-04-04 00:00:00	2008-03-15 00:00:00	ALB	Albany International	UAL	Passenger Property Loss	Checked Baggage	180.0	Clothing & Accessories,Containers	Insufficient, one of the following items required: sum certain, statement of fact, signature, location of incident, and date.		
120861	2008041642584	2008-04-07 00:00:00	2008-04-01 00:00:00	ALB	Albany International	Southwest Airlines	Passenger Property Loss	Checked Baggage	209.95	Other,Outdoors Supplies	Approved	209.95	Approve in Full
121114	2008032841579	2008-04-10 00:00:00	2008-02-28 00:00:00	ALB	Albany International		Passenger Property Loss	Checked Baggage	800.0	Electronics	Denied	0.0	Deny
121435	2008022640136	2008-04-16 00:00:00	2008-02-06 00:00:00	ALB	Albany International	USAir	Passenger Property Loss	Checked Baggage	410.0	Electronics,Electronics	Denied	0.0	Deny
121556	2008042243174	2008-04-18 00:00:00	2008-04-11 00:00:00	ALB	Albany International	Southwest Airlines	Passenger Property Loss	Checked Baggage	100.0	Containers,Cosmetics	Denied	0.0	Deny
121729	2008042343271	2008-04-22 00:00:00	2008-04-12 00:00:00	ALB	Albany International	UAL	Passenger Property Loss	Checked Baggage	120.0	Watches & Jewelry	Denied	0.0	Deny
122027	2008050243697	2008-04-28 00:00:00	2008-04-16 00:00:00	ALB	Albany International	UAL	Passenger Property Loss	Checked Baggage	214.98	Watches & Jewelry	Settled	99.94	Settle
122300	2008050643895	2008-05-05 00:00:00	2008-04-27 00:00:00	ALB	Albany International	Continental Airlines	Passenger Property Loss	Checked Baggage	55.0	Clothing & Accessories	Denied	0.0	Deny
122464	2008051344156	2008-05-07 00:00:00	2008-04-20 00:00:00	ALB	Albany International	UAL	Passenger Property Loss	Checked Baggage	39.98	Electronics,Containers	Denied	0.0	Deny
122763	2008051644392	2008-05-14 00:00:00	2008-04-20 00:00:00	ALB	Albany International	Northwest Airlines	Passenger Property Loss	Checked Baggage	245.0	Clothing & Accessories	Canceled	0.0	
123292	2008052944937	2008-05-27 00:00:00	2008-05-17 00:00:00	ALB	Albany International	Continental Airlines	Passenger Property Loss	Checked Baggage	445.99	Watches & Jewelry	Denied	0.0	Deny
123345	2008060245071	2008-05-27 00:00:00	2008-05-16 00:00:00	ALB	Albany International	Continental Airlines	Passenger Property Loss	Checked Baggage	200.0	Cosmetics,Other	Denied	0.0	Deny
123412	2008053045051	2008-05-28 00:00:00	2008-04-23 00:00:00	ALB	Albany International		Passenger Property Loss	Checkpoint	60.0	Watches & Jewelry	Denied	0.0	Deny
123553	2008060545297	2008-05-30 00:00:00	2008-05-09 00:00:00	ALB	Albany International	USAir	Passenger Property Loss	Checked Baggage	275.0	Containers,Cosmetics	Denied	0.0	Deny
123631	2008060545359	2008-06-02 00:00:00	2008-05-07 00:00:00	ALB	Albany International	Delta Air Lines	Passenger Property Loss	Checked Baggage	15.0	Tools & Machines	Denied	0.0	Deny
123701	2008060945418	2008-06-03 00:00:00	2008-05-25 00:00:00	ALB	Albany International	Southwest Airlines	Passenger Property Loss	Checked Baggage	4922.0	Watches & Jewelry	Denied	0.0	Deny
123872	2008061245585	2008-06-06 00:00:00	2008-05-30 00:00:00	ALB	Albany International	Northwest Airlines	Passenger Property Loss	Checked Baggage	300.0	Electronics	Denied	0.0	Deny
123910	2008061245573	2008-06-09 00:00:00	2008-05-22 00:00:00	ALB	Albany International	UAL	Passenger Property Loss	Checked Baggage	200.0	Containers,Watches & Jewelry	Denied	0.0	Deny
124044	2008061645727	2008-06-11 00:00:00	2008-05-16 00:00:00	ALB	Albany International	UAL	Passenger Property Loss	Checked Baggage	200.0	Clothing & Accessories	Denied	0.0	Deny
124048	2008061645746	2008-06-11 00:00:00	2008-05-21 00:00:00	ALB	Albany International	USAir	Passenger Property Loss	Checked Baggage	75.0	Cosmetics	Denied	0.0	Deny
124531	2008062746302	2008-06-23 00:00:00	2008-04-21 00:00:00	ALB	Albany International	Southwest Airlines	Passenger Property Loss	Checkpoint	150.0	Watches & Jewelry	Denied	0.0	Deny
124893	2008070746612	2008-07-01 00:00:00	2008-06-30 00:00:00	ALB	Albany International	Northwest Airlines	Passenger Property Loss	Checked Baggage	89.0	Clothing & Accessories	Denied	0.0	Deny
124913	2008071046749	2008-07-01 00:00:00	2008-06-11 00:00:00	ALB	Albany International	Delta Air Lines	Passenger Property Loss	Checked Baggage	69.95	Outdoors Supplies,Cosmetics	Denied	0.0	Deny
124971	2008071046708	2008-07-02 00:00:00	2008-06-10 00:00:00	ALB	Albany International	UAL	Passenger Property Loss	Checked Baggage	4.32	Tools & Machines	Denied	0.0	Deny
125449	2008071847126	2008-07-14 00:00:00	2008-07-06 00:00:00	ALB	Albany International	Northwest Airlines	Passenger Property Loss	Checked Baggage	299.99	Electronics	Denied	0.0	Deny
125546	2008072347231	2008-07-15 00:00:00	2008-06-26 00:00:00	ALB	Albany International	Southwest Airlines	Passenger Property Loss	Checked Baggage	21.6	Tools & Machines	Denied	0.0	Deny
125586	2008072447377	2008-07-16 00:00:00	2008-06-14 00:00:00	ALB	Albany International	UAL	Passenger Property Loss	Checked Baggage	200.0	Scientific Intruments	Denied	0.0	Deny
125774	2008073047652	2008-07-21 00:00:00	2008-07-07 00:00:00	ALB	Albany International	Delta Air Lines	Passenger Property Loss	Checked Baggage	125.0	Watches & Jewelry	Denied	0.0	Deny
125844	2008072947625	2008-07-22 00:00:00	2008-07-01 00:00:00	ALB	Albany International	USAir	Passenger Property Loss	Checked Baggage	675.0	Other	Denied	0.0	Deny
126920	2008081848699	2008-08-14 00:00:00	2008-07-18 00:00:00	ALB	Albany International	Continental Airlines	Passenger Property Loss	Checked Baggage	388.45	Watches & Jewelry,Watches & Jewelry	Denied	0.0	Deny
127039	2008081948792	2008-08-18 00:00:00	2008-07-30 00:00:00	ALB	Albany International	Southwest Airlines	Passenger Property Loss	Checked Baggage	32.09	Electronics	Denied	0.0	Deny
127080	2008082148894	2008-08-18 00:00:00	2008-08-11 00:00:00	ALB	Albany International	Southwest Airlines	Passenger Property Loss	Checked Baggage	4390.0	Watches & Jewelry	Denied	0.0	Deny
127335	2008082549033	2008-08-25 00:00:00	2008-08-14 00:00:00	ALB	Albany International	Southwest Airlines	Passenger Property Loss	Checkpoint	200.0	Tools & Machines	Denied	0.0	Deny
127389	2008090249339	2008-08-25 00:00:00	2008-08-13 00:00:00	ALB	Albany International	Delta Air Lines	Passenger Property Loss	Checked Baggage	171.46	Clothing & Accessories	Denied	0.0	Deny
127456	2008082749235	2008-08-26 00:00:00	2008-08-16 00:00:00	ALB	Albany International	American Airlines	Passenger Property Loss	Checked Baggage	300.0	Electronics	Denied	0.0	Deny
127478	2008090349374	2008-08-26 00:00:00	2008-08-20 00:00:00	ALB	Albany International	UAL	Passenger Property Loss	Checked Baggage	277.28	Containers,Watches & Jewelry	Denied	0.0	Deny
127719	2008121953572	2008-09-02 00:00:00	2008-09-08 00:00:00	ALB	Albany International	UAL	Passenger Property Loss	Checked Baggage	149.79	Clothing & Accessories,Cosmetics,Containers,Containers	Denied	0.0	Deny
128222	2008091950108	2008-09-12 00:00:00	2008-08-26 00:00:00	ALB	Albany International	Southwest Airlines	Passenger Property Loss	Checked Baggage	226.17	Tools & Machines,Clothing & Accessories	Denied	0.0	Deny
128313	2008092250179	2008-09-16 00:00:00	2008-08-25 00:00:00	ALB	Albany International	UAL	Passenger Property Loss	Checked Baggage	5.0	Office Supplies	Canceled	0.0	
128360	2008092350267	2008-09-16 00:00:00	2008-07-22 00:00:00	ALB	Albany International	Continental Airlines	Passenger Property Loss	Checked Baggage	125.0	Other	Denied	0.0	Deny
128391	2008092250191	2008-09-17 00:00:00	2008-09-14 00:00:00	ALB	Albany International	Delta Air Lines	Passenger Property Loss	Checked Baggage	152.49	Containers	Denied	0.0	Deny
128446	2008092250239	2008-09-18 00:00:00	2008-09-12 00:00:00	ALB	Albany International	UAL	Passenger Property Loss	Checked Baggage	30.0	Clothing & Accessories	Denied	0.0	Deny
128562	2008092350277	2008-09-22 00:00:00	2008-09-16 00:00:00	ALB	Albany International	USAir	Passenger Property Loss	Checked Baggage	214.0	Electronics	Denied	0.0	Deny
128873	2008100850917	2008-09-29 00:00:00	2008-09-12 00:00:00	ALB	Albany International	Delta Air Lines	Passenger Property Loss	Checked Baggage	450.0	Electronics,Clothing & Accessories	Denied	0.0	Deny
129045	2008101051043	2008-10-03 00:00:00	2008-08-11 00:00:00	ALB	Albany International	Southwest Airlines	Passenger Property Loss	Checked Baggage	407.2	Clothing & Accessories	Denied	0.0	Deny
129208	2008100950964	2008-10-08 00:00:00	2008-10-06 00:00:00	ALB	Albany International	Southwest Airlines	Passenger Property Loss	Checked Baggage	150.0	Containers,Cosmetics	Denied	0.0	Deny
129389	2008101751254	2008-10-14 00:00:00	2008-09-21 00:00:00	ALB	Albany International	Delta Air Lines	Passenger Property Loss	Checked Baggage	122.27	Games & Toys,Containers,Other	Denied	0.0	Deny
129757	2008102451558	2008-10-22 00:00:00	2008-10-17 00:00:00	ALB	Albany International	UAL	Passenger Property Loss	Checked Baggage	224.98	Electronics	Denied	0.0	Deny
130361	2008111752252	2008-11-07 00:00:00	2008-11-02 00:00:00	ALB	Albany International	Southwest Airlines	Passenger Property Loss	Checkpoint	250.0	Office Supplies	Canceled	0.0	
130369	2008111352181	2008-11-07 00:00:00	2008-10-12 00:00:00	ALB	Albany International	Delta Air Lines	Passenger Property Loss	Checked Baggage	111.99	Clothing & Accessories	Denied	0.0	Deny
130690	2008112652834	2008-11-17 00:00:00	2008-11-09 00:00:00	ALB	Albany International	Continental Airlines	Passenger Property Loss	Checked Baggage		Supplies	Canceled	0.0	
130736	2008112052606	2008-11-17 00:00:00	2008-09-26 00:00:00	ALB	Albany International	Northwest Airlines	Passenger Property Loss	Checked Baggage	58.0	Supplies	Denied	0.0	Deny
130739	2008112052623	2008-11-17 00:00:00	2008-11-02 00:00:00	ALB	Albany International	UAL	Passenger Property Loss	Checked Baggage	200.0	Clothing & Accessories	Denied	0.0	Deny
130740	2008112052625	2008-11-17 00:00:00	2008-10-19 00:00:00	ALB	Albany International		Passenger Property Loss	Checked Baggage	150.0	Watches & Jewelry	Denied	0.0	Deny
130767	2008111952525	2008-11-17 00:00:00	2008-10-14 00:00:00	ALB	Albany International	USAir	Passenger Property Loss	Checked Baggage	310.0	Clothing & Accessories	Settled	137.5	Settle
131608	2008121553426	2008-12-10 00:00:00	2008-04-27 00:00:00	ALB	Albany International	American Airlines	Passenger Property Loss	Checked Baggage	9.35	Clothing & Accessories,Cosmetics	Denied	0.0	Deny
131755	2008121953633	2008-12-15 00:00:00	2008-12-05 00:00:00	ALB	Albany International	Southwest Airlines	Passenger Property Loss	Checked Baggage	530.0	Electronics,Electronics	Denied	0.0	Deny
131784	2008122253711	2008-12-16 00:00:00	2008-12-01 00:00:00	ALB	Albany International	Southwest Airlines	Passenger Property Loss	Checked Baggage	21.5	Electronics	Canceled	0.0	
131806	2008122253678	2008-12-16 00:00:00	2008-11-26 00:00:00	ALB	Albany International	Northwest Airlines	Passenger Property Loss	Checked Baggage	172.15	Electronics	Denied	0.0	Deny
131953	2008123053865	2008-12-19 00:00:00	2008-12-03 00:00:00	ALB	Albany International	Delta Air Lines	Passenger Property Loss	Checked Baggage	440.26	Other,Containers,Watches & Jewelry	Denied	0.0	Deny
132294	2009010854247	2008-12-30 00:00:00	2008-12-28 00:00:00	ALB	Albany International	UAL	Passenger Property Loss	Checked Baggage	140.39	Electronics	Denied	0.0	Deny
132331	2009010754193	2009-01-01 00:00:00	2008-12-15 00:00:00	ALB	Albany International	USAir	Passenger Property Loss	Checked Baggage	185.0	Clothing & Accessories	Approved	185.0	Approve in Full
132367	2009010854271	2009-01-01 00:00:00	2008-12-27 00:00:00	ALB	Albany International	UAL	Passenger Property Loss	Checked Baggage	75.4	Electronics,Electronics,Electronics	Denied	0.0	Deny
132515	2009011354393	2009-01-06 00:00:00	2008-12-29 00:00:00	ALB	Albany International	UAL	Passenger Property Loss	Checked Baggage	740.0	Electronics,Electronics,Watches & Jewelry,Electronics	Denied	0.0	Deny
132771	2009011654644	2009-01-12 00:00:00	2008-12-22 00:00:00	ALB	Albany International	Southwest Airlines	Passenger Property Loss	Checked Baggage	7716.0	Containers,Watches & Jewelry,Watches & Jewelry	Denied	0.0	Deny
133808	2009022155714	2009-02-06 00:00:00	2009-01-03 00:00:00	ALB	Albany International	UAL	Passenger Property Loss	Checked Baggage	140.52	Cosmetics	Denied	0.0	Deny
133864	2009012354786	2009-02-09 00:00:00	2009-01-06 00:00:00	ALB	Albany International	USAir	Passenger Property Loss	Checked Baggage	174.77	Supplies	Denied	0.0	Deny
133899	2009030555890	2009-02-10 00:00:00	2009-01-06 00:00:00	ALB	Albany International	Southwest Airlines	Passenger Property Loss	Checked Baggage	755.0	Clothing & Accessories	Canceled	0.0	
134279	2009052859552	2009-02-20 00:00:00	2008-12-22 00:00:00	ALB	Albany International	Southwest Airlines	Passenger Property Loss	Checked Baggage	5521.6	Watches & Jewelry	Denied	0.0	Deny
134331	2009031656324	2009-02-23 00:00:00	2009-02-16 00:00:00	ALB	Albany International	Southwest Airlines	Passenger Property Loss	Checked Baggage	21.19	Tools & Machines	Denied	0.0	Deny
134358	2009031556263	2009-02-24 00:00:00	2007-10-30 00:00:00	ALB	Albany International	Southwest Airlines	Passenger Property Loss	Checked Baggage	79.95	Outdoors Supplies	Denied	0.0	Deny
135173	2009040257144	2009-03-17 00:00:00	2009-03-02 00:00:00	ALB	Albany International	Northwest Airlines	Passenger Property Loss	Checkpoint	532.03	Clothing & Accessories	Denied	0.0	Deny
135897	2009042858067	2009-04-06 00:00:00	2009-03-21 00:00:00	ALB	Albany International	Delta Air Lines	Passenger Property Loss	Checked Baggage	1240.0	Electronics	Approved	1240.0	Approve in Full
136642	2009051458613	2009-04-27 00:00:00	2009-04-16 00:00:00	ALB	Albany International	Delta Air Lines	Passenger Property Loss	Checked Baggage	174.95	Cosmetics	Denied	0.0	Deny
137542	2009060159647	2009-05-22 00:00:00	2009-05-03 00:00:00	ALB	Albany International	USAir	Passenger Property Loss	Checked Baggage	25.0	Electronics	Canceled	0.0	
137883	2009061059997	2009-06-02 00:00:00	2009-04-26 00:00:00	ALB	Albany International	Continental Airlines	Passenger Property Loss	Checkpoint	39.95	Clothing & Accessories	Approved	39.95	Approve in Full
137981	2009061060024	2009-06-04 00:00:00	2009-06-01 00:00:00	ALB	Albany International	UAL	Passenger Property Loss	Checked Baggage	240.0	Tools & Machines,Electronics,Watches & Jewelry	Denied	0.0	Deny
139085	2009063060744	2009-07-02 00:00:00	2009-06-10 00:00:00	ALB	Albany International	Northwest Airlines	Passenger Property Loss	Checked Baggage	200.0	Other	Settled	100.0	Settle
139597	2009072261615	2009-07-16 00:00:00	2008-05-25 00:00:00	ALB	Albany International	Southwest Airlines	Passenger Property Loss	Checked Baggage	4922.0	Watches & Jewelry	Denied	0.0	Deny
140170	2009080562275	2009-07-31 00:00:00	2009-07-08 00:00:00	ALB	Albany International	Delta Air Lines	Passenger Property Loss	Checked Baggage	382.96	Other	Canceled	0.0	
141378	2009090463382	2009-09-03 00:00:00	2009-08-04 00:00:00	ALB	Albany International	Northwest Airlines	Passenger Property Loss	Checked Baggage	88.0	Clothing & Accessories	Denied	0.0	Deny
141610	2009091563694	2009-09-11 00:00:00	2008-11-01 00:00:00	ALB	Albany International	American Airlines	Passenger Property Loss	Checked Baggage	47.5	Household Items,Other	Denied	0.0	Deny
141672	2009091563661	2009-09-14 00:00:00	2009-04-23 00:00:00	ALB	Albany International	Delta Air Lines	Passenger Property Loss	Checkpoint	43.2	Clothing & Accessories	Denied	0.0	Deny
142062	2009092864069	2009-09-24 00:00:00	2009-09-21 00:00:00	ALB	Albany International	Continental Airlines	Passenger Property Loss	Checked Baggage	171.31	Electronics	Canceled		
143006	2009110365053	2009-10-26 00:00:00	2009-09-17 09:00:00	ALB	Albany International	UAL	Passenger Property Loss	Checked Baggage	107.99	Outdoors Supplies	Settled	54.0	Settle
143461	2009111865481	2009-11-10 00:00:00	2009-09-21 13:24:00	ALB	Albany International	Northwest Airlines	Passenger Property Loss	Checked Baggage	19.07	Household Items	Denied	0.0	Deny
143589	2009112365562	2009-11-13 00:00:00	2009-08-18 00:00:00	ALB	Albany International	Delta Air Lines	Passenger Property Loss	Checked Baggage	150.0	Clothing & Accessories	Denied	0.0	Deny
144850	2009122966875	2009-12-22 00:00:00	2009-12-20 06:30:00	ALB	Albany International	UAL	Passenger Property Loss	Checkpoint	500.0	Electronics	Denied	0.0	Deny
145038	2009123167023	2009-12-29 00:00:00	2009-12-20 12:00:00	ALB	Albany International	Continental Airlines	Passenger Property Loss	Checked Baggage	97.26	Other	Denied	0.0	Deny
145401	2010020368215	2010-01-25 00:00:00	2010-01-01 00:00:00	ALB	Albany International	Continental Airlines	Passenger Property Loss	Checked Baggage		Clothing & Accessories		0.0	Deny
146022	2010030268966	2010-02-22 00:00:00	2010-02-16 00:00:00	ALB	Albany International	USAir	Passenger Property Loss	Checked Baggage		Watches & Jewelry			
146210	2010031069382	2010-02-26 00:00:00	2010-02-01 00:00:00	ALB	Albany International	Southwest Airlines	Passenger Property Loss	Checked Baggage		Watches & Jewelry		0.0	Deny
146957	2010032369935	2010-03-23 00:00:00	2010-03-22 00:00:00	ALB	Albany International	UAL	Passenger Property Loss	Checkpoint		Containers		150.0	Approve in Full
148777	2010052572132	2010-05-17 00:00:00	2010-04-29 06:15:00	ALB	Albany International	USAir	Passenger Property Loss	Checked Baggage		Other		0.0	Deny
149005	2010061072553	2010-05-24 00:00:00	2010-05-21 14:00:00	ALB	Albany International	Southwest Airlines	Passenger Property Loss	Checked Baggage		Other		0.0	Deny
150259	2010060272249	2010-07-05 00:00:00	2010-05-03 00:00:00	ALB	Albany International	Continental Airlines	Passenger Property Loss	Checked Baggage		Electronics,Games & Toys		0.0	Deny
150344	2010071673781	2010-07-06 00:00:00	2010-06-18 10:15:00	ALB	Albany International	Southwest Airlines	Passenger Property Loss	Checked Baggage		Watches & Jewelry			
150365	2010071473676	2010-07-07 00:00:00	2010-05-28 19:00:00	ALB	Albany International	USAir	Passenger Property Loss	Checked Baggage		Clothing & Accessories,Cosmetics		0.0	Deny
151224	2010080674610	2010-07-30 00:00:00	2010-07-07 12:29:00	ALB	Albany International	Continental Airlines	Passenger Property Loss	Checkpoint		Watches & Jewelry		0.0	Deny
151423	2010081374831	2010-08-05 00:00:00	2010-08-02 09:00:00	ALB	Albany International	Southwest Airlines	Passenger Property Loss	Checked Baggage		Clothing & Accessories		0.0	Deny
151968	2010082475320	2010-08-23 00:00:00	2010-08-14 00:00:00	ALB	Albany International	Delta Air Lines	Passenger Property Loss	Checked Baggage		Clothing & Accessories		0.0	Deny
152123	2010082775405	2010-08-25 00:00:00	2010-08-20 00:00:00	ALB	Albany International	USAir	Passenger Property Loss	Checked Baggage		Other		0.0	Deny
152485	2010091075863	2010-09-07 00:00:00	2010-07-03 13:00:00	ALB	Albany International	Continental Airlines	Passenger Property Loss	Checked Baggage		Cosmetics,Other		0.0	Deny
152727	2010091776109	2010-09-13 00:00:00	2010-08-31 10:15:00	ALB	Albany International	USAir	Passenger Property Loss	Checkpoint		Watches & Jewelry			
152825	2010092176264	2010-09-14 00:00:00	2010-07-20 12:00:00	ALB	Albany International	Delta Air Lines	Passenger Property Loss	Checked Baggage		Clothing & Accessories		0.0	Deny
154868	2010112778243	2010-11-18 00:00:00	2010-11-11 06:00:00	ALB	Albany International	Southwest Airlines	Passenger Property Loss	Checked Baggage		Clothing & Accessories		0.0	Deny
155703	2010122879096	2010-12-20 00:00:00	2010-12-15 07:20:00	ALB	Albany International	Southwest Airlines	Passenger Property Loss	Checked Baggage		Watches & Jewelry		0.0	Deny
156239	2011013179827	2011-01-06 00:00:00	2010-12-09 07:30:00	ALB	Albany International	Southwest Airlines	Passenger Property Loss	Checkpoint		Watches & Jewelry		0.0	Deny
156642	2011020980064	2011-01-19 00:00:00	2010-12-28 00:00:00	ALB	Albany International	Southwest Airlines	Passenger Property Loss	Checked Baggage		Electronics		0.0	Deny
157294	2011030280753	2011-02-07 00:00:00	2011-01-03 15:30:00	ALB	Albany International	UAL	Passenger Property Loss	Checked Baggage		Watches & Jewelry		0.0	Deny
157859	2011032181357	2011-02-28 00:00:00	2011-02-11 00:00:00	ALB	Albany International	UAL	Passenger Property Loss	Checkpoint		Electronics		0.0	Deny
159021	2011041482502	2011-04-05 00:00:00	2011-03-23 00:00:00	ALB	Albany International	UAL	Passenger Property Loss	Checked Baggage		Food & Drink		15.0	Approve in Full
159821	2011051083350	2011-05-02 00:00:00	2011-04-17 00:00:00	ALB	Albany International	Delta Air Lines	Passenger Property Loss	Checked Baggage		Other		0.0	Deny
160571	2011060784091	2011-05-25 00:00:00	2011-05-10 00:00:00	ALB	Albany International	USAir	Passenger Property Loss	Checked Baggage		Electronics,Electronics		0.0	Deny
160818	2011060684086	2011-06-06 00:00:00	2011-02-05 12:30:00	ALB	Albany International	Southwest Airlines	Passenger Property Loss	Checked Baggage		Other		0.0	Deny
162161	2011080585769	2011-07-18 00:00:00	2011-06-18 17:40:00	ALB	Albany International	Southwest Airlines	Passenger Property Loss	Checked Baggage		Clothing & Accessories		0.0	Deny
163284	2011091386884	2011-08-22 00:00:00	2011-07-28 00:00:00	ALB	Albany International	Delta Air Lines	Passenger Property Loss	Checked Baggage		Watches & Jewelry		0.0	Deny
163767	2011100387343	2011-09-07 00:00:00	2011-08-31 12:50:00	ALB	Albany International	Continental Airlines	Passenger Property Loss	Checkpoint		Electronics		0.0	Deny
164369	2011111689059	2011-09-29 00:00:00	2011-09-12 00:00:00	ALB	Albany International	Continental Airlines	Passenger Property Loss	Checked Baggage		Electronics		0.0	Deny
166034	2011121389555	2011-11-25 00:00:00	2011-11-08 00:00:00	ALB	Albany International	Southwest Airlines	Passenger Property Loss	Checked Baggage		Scientific Intruments			
166750	2011122289820	2011-12-22 00:00:00	2011-10-05 00:00:00	ALB	Albany International	Skywest Airlines Inc USA	Passenger Property Loss	Checkpoint		Other		200.0	Approve in Full
166867	2012012490394	2011-12-28 00:00:00	2011-12-16 00:00:00	ALB	Albany International	Southwest Airlines	Passenger Property Loss	Checked Baggage		Clothing & Accessories		69.95	Approve in Full
168705	2012040392379	2012-02-24 00:00:00	2012-02-02 00:00:00	ALB	Albany International	Delta Air Lines	Passenger Property Loss	Checked Baggage		Other		0.0	Deny
169759	2012043093384	2012-04-04 00:00:00	2012-03-23 00:00:00	ALB	Albany International	USAir	Passenger Property Loss	Bus Station		Other,Cosmetics		0.0	Deny
170344	2012051694048	2012-04-25 00:00:00	2012-04-13 00:00:00	ALB	Albany International	UAL	Passenger Property Loss	Checked Baggage		Electronics		0.0	Deny
170792	2012053194422	2012-05-09 00:00:00	2012-04-05 19:00:00	ALB	Albany International	Southwest Airlines	Passenger Property Loss	Checked Baggage		Cosmetics		15.06	Approve in Full
171047	2012060994679	2012-05-18 00:00:00	2012-04-11 11:05:00	ALB	Albany International	Southwest Airlines	Passenger Property Loss	Checked Baggage		Outdoors Supplies		0.0	Deny
172117	2012070995114	2012-06-27 00:00:00	2012-06-20 00:00:00	ALB	Albany International		Passenger Property Loss	Checked Baggage		Clothing & Accessories		0.0	Deny
172524	2012082896272	2012-07-12 00:00:00	2012-07-04 14:50:00	ALB	Albany International	USAir	Passenger Property Loss	Checkpoint		Electronics		0.0	Deny
172583	2012082896306	2012-07-16 00:00:00	2012-07-09 09:00:00	ALB	Albany International	USAir	Passenger Property Loss	Checkpoint		Clothing & Accessories		203.3	Approve in Full
172810	2012090596538	2012-07-23 00:00:00	2012-07-12 00:00:00	ALB	Albany International	Southwest Airlines	Passenger Property Loss	Checked Baggage		Cosmetics		0.0	Deny
174292	2012102398023	2012-09-12 00:00:00	2012-09-10 11:00:00	ALB	Albany International	UAL	Passenger Property Loss	Checkpoint		Other,Electronics,Electronics		0.0	Deny
174434	2012102598102	2012-09-18 00:00:00	2012-08-30 05:00:00	ALB	Albany International	Southwest Airlines	Passenger Property Loss	Checked Baggage		Cosmetics			
174557	2012092497093	2012-09-24 00:00:00	2012-07-29 23:11:00	ALB	Albany International	UAL	Passenger Property Loss	Checked Baggage		Watches & Jewelry			
174720	2012111398637	2012-09-27 00:00:00	2012-08-23 00:00:00	ALB	Albany International	Southwest Airlines	Passenger Property Loss	Checked Baggage		Electronics		0.0	Deny
176009	2013010999669	2012-11-19 00:00:00	2012-10-07 00:00:00	ALB	Albany International	Southwest Airlines	Passenger Property Loss	Checkpoint		Watches & Jewelry		0.0	Deny
176134	2013012900572	2012-11-22 00:00:00	2012-11-21 00:00:00	ALB	Albany International	Southwest Airlines	Passenger Property Loss	Checked Baggage		Electronics		0.0	Deny
176600	2013020400895	2012-12-10 00:00:00	2012-10-05 00:00:00	ALB	Albany International	USAir	Passenger Property Loss	Checkpoint		Watches & Jewelry		268.0	Approve in Full
177709	2013021401471	2013-01-23 00:00:00	2013-01-12 00:00:00	ALB	Albany International	UAL	Passenger Property Loss	Checked Baggage		Electronics,Watches & Jewelry		0.0	Deny
178381	2013022602043	2013-02-19 00:00:00	2012-11-14 00:00:00	ALB	Albany International	Southwest Airlines	Passenger Property Loss	Checked Baggage		Watches & Jewelry		0.0	Deny
179874	2013050603522	2013-04-15 00:00:00	2012-09-15 00:00:00	ALB	Albany International	Delta Air Lines	Passenger Property Loss	Checked Baggage		Electronics		0.0	Deny
180602	2013061204278	2013-05-13 00:00:00	2013-05-04 00:00:00	ALB	Albany International	UAL	Passenger Property Loss	Checked Baggage		Cosmetics		15.0	Approve in Full
184010	2013102507859	2013-09-06 00:00:00	2013-08-10 19:30:00	ALB	Albany International	Southwest Airlines	Passenger Property Loss	Checked Baggage		Clothing & Accessories		0.0	Deny
184336	2013110508677	2013-09-18 00:00:00	2013-08-30 14:27:00	ALB	Albany International	UAL	Passenger Property Loss	Checked Baggage		Electronics			
185937	2013120509865	2013-11-26 00:00:00	2013-09-24 07:30:00	ALB	Albany International	Southwest Airlines	Passenger Property Loss	Checked Baggage		Cosmetics			
186365	2013122410228	2013-12-15 00:00:00	2013-12-12 18:40:00	ALB	Albany International	UAL	Passenger Property Loss	Checked Baggage		Containers			
186587	2014010310453	2013-12-24 00:00:00	2013-11-26 19:00:00	ALB	Albany International	UAL	Passenger Property Loss	Checked Baggage		Outdoors Supplies			
186669	2014010310457	2013-12-30 00:00:00	2013-12-27 00:00:00	ALB	Albany International	UAL	Passenger Property Loss	Checked Baggage		Cosmetics,Cosmetics,Scientific Intruments			
192059	2014081515912	2014-07-28 00:00:00	2014-07-23 00:00:00	ALB	Albany International	USAir	Passenger Property Loss	Checked Baggage		Electronics			
192369	2014082616229	2014-08-11 00:00:00	2014-07-16 00:00:00	ALB	Albany International	Delta Air Lines	Passenger Property Loss	Checked Baggage		Food & Drink			
193728	2014101417617	2014-10-08 00:00:00	2014-10-04 00:00:00	ALB	Albany International	UAL	Passenger Property Loss	Checked Baggage		Electronics			
194326	2014110518225	2014-10-31 00:00:00	2014-10-31 00:00:00	ALB	Albany International	USAir	Passenger Property Loss	Checked Baggage		Containers			
194345	2014110618244	2014-10-28 00:00:00	2014-10-22 00:00:00	ALB	Albany International	Southwest Airlines	Passenger Property Loss	Checked Baggage		Food & Drink			
195609	2015011219787	2015-01-12 00:00:00	2014-10-17 00:00:00	ALB	Albany International	Southwest Airlines	Passenger Property Loss	Checked Baggage		Cosmetics		10.86	Approve in Full
195610	2015020420399	2015-02-04 00:00:00	2015-01-05 00:00:00	ALB	Albany International	USAir	Passenger Property Loss	Checked Baggage		Electronics		0.0	Deny
195613	2015021820652	2015-02-18 00:00:00	2015-01-17 00:00:00	ALB	Albany International	Southwest Airlines	Passenger Property Loss	Checked Baggage		Other		240.71	Approve in Full
195614	2015031621239	2015-03-11 00:00:00	2015-02-28 00:00:00	ALB	Albany International	Southwest Airlines	Passenger Property Loss	Checked Baggage		Outdoors Supplies		0.0	Deny
195616	2015041421906	2015-04-14 00:00:00	2014-10-15 00:00:00	ALB	Albany International	USAir	Passenger Property Loss	Checkpoint		Cosmetics		82.0	Approve in Full
195618	2015050522313	2015-04-28 00:00:00	2015-04-18 00:00:00	ALB	Albany International	Southwest Airlines	Passenger Property Loss	Checked Baggage		Containers		19.0	Approve in Full
195619	2015050822384	2015-05-08 00:00:00	2015-04-16 00:00:00	ALB	Albany International	Delta Air Lines	Passenger Property Loss	Checked Baggage		Clothing & Accessories		40.0	Approve in Full
195626	2015082625090	2015-08-26 00:00:00	2015-08-05 00:00:00	ALB	Albany International	UAL	Passenger Property Loss	Checked Baggage		Clothing & Accessories,Watches & Jewelry,Watches & Jewelry,Electronics		0.0	Deny
195628	2015091825430	2015-09-04 00:00:00	2015-08-06 00:00:00	ALB	Albany International	Southwest Airlines	Passenger Property Loss	Checked Baggage		Clothing & Accessories,Clothing & Accessories		0.0	Deny
195630	2015111926985	2015-11-03 00:00:00	2015-10-20 00:00:00	ALB	Albany International	Southwest Airlines	Passenger Property Loss	Checked Baggage		Food & Drink		0.0	Deny
195632	2015120727322	2015-11-19 00:00:00	2015-10-22 00:00:00	ALB	Albany International	Delta Air Lines	Passenger Property Loss	Checked Baggage		Cosmetics			
204281	2016101934909	2016-09-12 00:00:00	2016-08-20 00:00:00	ALB	Albany International Albany International	Jet Blue	Passenger Property Loss	Checked Baggage		Other			Insufficient
204283	2016051231273	2016-04-25 00:00:00	2016-04-03 00:00:00	ALB	Albany International Albany International		Passenger Property Loss	Checked Baggage		Other			Closed:Canceled
204284	2016031629813	2016-03-02 00:00:00	2016-02-12 00:00:00	ALB	Albany International Albany International	UAL	Passenger Property Loss	Checked Baggage		Watches & Jewelry		0.0	Deny
204285	2016033130232	2016-03-16 00:00:00	2016-02-15 00:00:00	ALB	Albany International Albany International	UAL	Passenger Property Loss	Checked Baggage		Electronics		0.0	Deny
204287	2016050931176	2016-04-19 00:00:00	2016-04-08 00:00:00	ALB	Albany International Albany International		Passenger Property Loss	Checked Baggage		Other		0.0	Deny
204288	2016071532730	2016-06-15 00:00:00	2016-05-23 17:30:00	ALB	Albany International Albany International	Southwest Airlines	Passenger Property Loss	Checked Baggage		Outdoors Supplies		0.0	Deny
204289	2016072532854	2016-06-27 00:00:00	2016-06-09 00:00:00	ALB	Albany International Albany International	Southwest Airlines	Passenger Property Loss	Checked Baggage		Clothing & Accessories		0.0	Deny
204291	2016100434343	2016-08-11 00:00:00	2016-06-29 15:19:00	ALB	Albany International Albany International	UAL	Passenger Property Loss	Checked Baggage		Other		0.0	Deny
204292	2016092333792	2016-09-21 00:00:00	2016-09-07 00:00:00	ALB	Albany International Albany International	Southwest Airlines	Passenger Property Loss	Checked Baggage		Watches & Jewelry		0.0	Deny
204293	2016101934903	2016-08-19 00:00:00	2016-07-10 00:00:00	ALB	Albany International Albany International		Passenger Property Loss	Checked Baggage		Containers			In Review
204295	2016100634454	2016-09-02 00:00:00	2016-08-21 17:15:00	ALB	Albany International Albany International	Southwest Airlines	Passenger Property Loss	Checked Baggage		Scientific Intruments			In Review
204296	2017012636877	2016-11-23 00:00:00	2016-10-11 00:00:00	ALB	Albany International Albany International	Southwest Airlines	Passenger Property Loss	Checked Baggage		Watches & Jewelry			In Review
212488	2017092543508	2017-08-11 00:00:00	2017-05-03 00:00:00	ALB	Albany International Albany International	American Airlines	Passenger Property Loss	Checked Baggage		Electronics		0.0	Deny
212490	2017060640219	2017-04-12 00:00:00	2017-03-15 00:00:00	ALB	Albany International Albany International	Jet Blue	Passenger Property Loss	Checked Baggage		Outdoors Supplies			In Review
212491	2018010446489	2017-12-14 00:00:00	2017-11-27 09:00:00	ALB	Albany International Albany International	Southwest Airlines	Passenger Property Loss	Checked Baggage		Outdoors Supplies			In Review
212492	2017103144892	2017-10-19 00:00:00	2017-10-07 15:30:00	ALB	Albany International Albany International	American Airlines	Passenger Property Loss	Checked Baggage		Food & Drink			In Review
212493	2017120445715	2017-11-22 00:00:00	2017-07-26 00:00:00	ALB	Albany International Albany International	UAL	Passenger Property Loss	Checked Baggage		Watches & Jewelry,Other			In Review
212495	2017112645459	2017-10-23 00:00:00	2017-10-20 00:00:00	ALB	Albany International Albany International	Delta Air Lines	Passenger Property Loss	Checked Baggage		Electronics			In Review
212496	2018010946666	2017-12-26 00:00:00	2017-10-07 00:00:00	ALB	Albany International Albany International	Southwest Airlines	Passenger Property Loss	Checked Baggage		Clothing & Accessories			In Review
212498	2017062741036	2017-06-27 00:00:00	2017-06-14 00:00:00	ALB	Albany International Albany International	Southwest Airlines	Passenger Property Loss	Checkpoint		Scientific Intruments		10.0	Approve in Full
212500	2017101844501	2017-09-29 00:00:00	2017-09-25 00:00:00	ALB	Albany International Albany International	Southwest Airlines	Passenger Property Loss	Checked Baggage		Outdoors Supplies			In Review