id	claim_number	date_received	incident_date	airport_code	airport_name	airline	claim_type	claim_site	claim_amount	items	status	close_amount	disposition
2251	0204037L	2003-02-04 00:00:00	2003-01-10 00:00:00	AVL	Asheville Regional Airport	USAir	Passenger Property Loss	Checked Baggage	234.97	Clothing & Accessories	Settled	117.5	Settle
11262	0721120M	2003-07-21 00:00:00	2003-07-11 00:00:00	AVL	Asheville Regional Airport		Passenger Property Loss	Checked Baggage	180.19	Electronics	Approved	180.19	Approve in Full
30845	2004051752587	2004-03-18 00:00:00	2004-03-07 00:00:00	AVL	Asheville Regional Airport	USAir	Passenger Property Loss	Checked Baggage	200.0	Watches & Jewelry	Settled	100.0	Settle
33904	2004051251229	2004-05-03 00:00:00	2004-01-12 00:00:00	AVL	Asheville Regional Airport	USAir	Passenger Property Loss	Checkpoint	912.0	Other	Denied	912.0	Deny
35494	2004061455589	2004-05-19 00:00:00	2004-04-21 00:00:00	AVL	Asheville Regional Airport	USAir	Passenger Property Loss	Checked Baggage	300.0	Watches & Jewelry	Approved	300.0	Approve in Full
36011	2004062156632	2004-05-27 00:00:00	2004-04-18 00:00:00	AVL	Asheville Regional Airport	USAir	Passenger Property Loss	Checked Baggage	36.0	Other	Approved	36.0	Approve in Full
38170	2004070658355	2004-06-17 00:00:00	2004-06-09 00:00:00	AVL	Asheville Regional Airport		Passenger Property Loss	Checked Baggage	698.03	Electronics	Settled	468.99	Settle
39927	2004080960857	2004-07-12 00:00:00	2004-06-25 00:00:00	AVL	Asheville Regional Airport		Passenger Property Loss	Checked Baggage	525.0	Other	Denied	0.0	Deny
40613	2004081061071	2004-07-20 00:00:00	2004-06-13 00:00:00	AVL	Asheville Regional Airport	USAir	Passenger Property Loss	Checked Baggage	50.0	Other	Denied	50.0	Deny
40855	2004082661391	2004-07-23 00:00:00	2004-06-26 00:00:00	AVL	Asheville Regional Airport	Delta Air Lines	Passenger Property Loss	Checked Baggage	300.0	Other	Denied	0.0	Deny
50769	2004122771099	2004-11-26 00:00:00	2004-11-10 00:00:00	AVL	Asheville Regional Airport	Delta Air Lines	Passenger Property Loss	Checked Baggage	55.0	Clothing & Accessories	Denied		Deny
53180	2005012173892	2004-12-28 00:00:00	2004-12-17 00:00:00	AVL	Asheville Regional Airport	USAir	Passenger Property Loss	Checked Baggage	506.65	Electronics	Settled	382.38	Settle
55922	2005022376670	2005-01-28 00:00:00	2005-01-02 00:00:00	AVL	Asheville Regional Airport	Delta Air Lines	Passenger Property Loss	Checked Baggage	145.0	Clothing & Accessories	Settled	101.5	Settle
60282	2005040181028	2005-03-29 00:00:00	2005-03-12 00:00:00	AVL	Asheville Regional Airport	USAir	Passenger Property Loss	Checked Baggage	900.0	Other	Denied	0.0	Deny
66125	2005062887647	2005-06-14 00:00:00	2005-05-24 00:00:00	AVL	Asheville Regional Airport	Delta Air Lines	Passenger Property Loss	Checkpoint	490.0	Watches & Jewelry	Canceled	0.0	
66129	2005092393173	2005-06-14 00:00:00	2005-05-24 00:00:00	AVL	Asheville Regional Airport	Delta Air Lines	Passenger Property Loss	Checkpoint	490.0	Watches & Jewelry	Canceled	0.0	
66559	2005062887452	2005-06-21 00:00:00	2005-06-12 00:00:00	AVL	Asheville Regional Airport	Comair Inc	Passenger Property Loss	Checked Baggage	35.41	Electronics	Approved	35.41	Approve in Full
67545	2005071188612	2005-07-06 00:00:00	2005-01-19 00:00:00	AVL	Asheville Regional Airport		Passenger Property Loss	Checked Baggage	18.95	Tools & Machines	Denied	0.0	Deny
68844	2005072889844	2005-07-26 00:00:00	2005-03-16 00:00:00	AVL	Asheville Regional Airport	Delta Air Lines	Passenger Property Loss	Checked Baggage	20470.0	Clothing & Accessories	Denied	0.0	Deny
68959	2005080490047	2005-07-27 00:00:00	2005-07-14 00:00:00	AVL	Asheville Regional Airport	Delta Air Lines	Passenger Property Loss	Checked Baggage	21.65	Tools & Machines	Approved	21.65	Approve in Full
70193	2005082391199	2005-08-16 00:00:00	2005-07-20 00:00:00	AVL	Asheville Regional Airport		Passenger Property Loss	Checked Baggage	505.79	Electronics	Denied	0.0	Deny
75194	2005112196292	2005-11-09 00:00:00	2005-10-23 00:00:00	AVL	Asheville Regional Airport	Delta Air Lines	Passenger Property Loss	Checkpoint	311.46	Other	Denied	0.0	Deny
77855	2006010699031	2006-01-02 00:00:00	2005-12-29 00:00:00	AVL	Asheville Regional Airport	Delta Air Lines	Passenger Property Loss	Checked Baggage	129.0	Electronics	Denied	0.0	Deny
78967	2006012400205	2006-01-18 00:00:00	2005-12-06 00:00:00	AVL	Asheville Regional Airport	Delta Air Lines	Passenger Property Loss	Checked Baggage	70.99	Other	Approved	70.99	Approve in Full
80411	2006021401548	2006-02-08 00:00:00	2005-12-08 00:00:00	AVL	Asheville Regional Airport	USAir	Passenger Property Loss	Checked Baggage	25.0	Other	Denied	0.0	Deny
84670	2006051206210	2006-05-02 00:00:00	2006-05-01 00:00:00	AVL	Asheville Regional Airport	Delta Air Lines	Passenger Property Loss	Checked Baggage	10.75	Containers	Approved	10.75	Approve in Full
84770	2006051005881	2006-05-03 00:00:00	2006-04-23 00:00:00	AVL	Asheville Regional Airport	Northwest Airlines	Passenger Property Loss	Checked Baggage	417.96	Electronics	Denied	0.0	Deny
86701	2006061407916	2006-06-13 00:00:00	2006-04-20 00:00:00	AVL	Asheville Regional Airport	Delta Air Lines	Passenger Property Loss	Checked Baggage	441.66	Clothing & Accessories	Denied	0.0	Deny
87258	2006062308481	2006-06-22 00:00:00	2006-06-04 00:00:00	AVL	Asheville Regional Airport	Northwest Airlines	Passenger Property Loss	Checked Baggage	19.99	Outdoors Supplies	Settled	10.0	Settle
87348	2006062708602	2006-06-26 00:00:00	2006-06-23 00:00:00	AVL	Asheville Regional Airport	Delta Air Lines	Passenger Property Loss	Checked Baggage	57.76	Other	Denied	0.0	Deny
87458	2006062908696	2006-06-28 00:00:00	2006-06-17 00:00:00	AVL	Asheville Regional Airport	USAir	Passenger Property Loss	Checked Baggage	315.75	Other	Denied	0.0	Deny
91824	2006092513187	2006-09-20 00:00:00	2006-08-10 00:00:00	AVL	Asheville Regional Airport	Delta Air Lines	Passenger Property Loss	Checked Baggage	5.0	Tools & Machines	Approved	5.0	Approve in Full
93271	2006102714735	2006-10-18 00:00:00	2006-10-07 00:00:00	AVL	Asheville Regional Airport	USAir	Passenger Property Loss	Checked Baggage	6.45	Other	Approved	6.45	Approve in Full
93761	2006110215038	2006-10-27 00:00:00	2006-09-27 00:00:00	AVL	Asheville Regional Airport	Delta Air Lines	Passenger Property Loss	Checked Baggage	26.94	Tools & Machines	Denied	0.0	Deny
93866	2006110615214	2006-10-30 00:00:00	2006-10-15 00:00:00	AVL	Asheville Regional Airport	USAir	Passenger Property Loss	Checked Baggage	89.0	Electronics	Denied	0.0	Deny
98551	2007012619571	2007-01-23 00:00:00	2006-12-11 00:00:00	AVL	Asheville Regional Airport	Delta Air Lines	Passenger Property Loss	Checked Baggage	55.74	Cosmetics	Approved	55.74	Approve in Full
99541	2007020920614	2007-02-07 00:00:00	2007-01-29 00:00:00	AVL	Asheville Regional Airport	Continental Airlines	Passenger Property Loss	Checked Baggage	35.06	Cosmetics	Denied	0.0	Deny
100004	2007021621139	2007-02-15 00:00:00	2007-01-19 00:00:00	AVL	Asheville Regional Airport	Continental Airlines	Passenger Property Loss	Checkpoint	30.0	Tools & Machines	Denied	0.0	Deny
101091	2007031422231	2007-03-12 00:00:00	2007-02-16 00:00:00	AVL	Asheville Regional Airport	Delta Air Lines	Passenger Property Loss	Checked Baggage	98.73	Tools & Machines	Denied	0.0	Deny
103082	2007042324332	2007-04-19 00:00:00	2007-04-15 00:00:00	AVL	Asheville Regional Airport	USAir	Passenger Property Loss	Checked Baggage	1675.0	Watches & Jewelry	Canceled	0.0	
106308	2007062827569	2007-06-25 00:00:00	2007-05-24 00:00:00	AVL	Asheville Regional Airport	Delta Air Lines	Passenger Property Loss	Checked Baggage	399.95	Electronics	Denied	0.0	Deny
109028	2007081530328	2007-08-14 00:00:00	2007-08-12 00:00:00	AVL	Asheville Regional Airport	Delta Air Lines	Passenger Property Loss	Checked Baggage	701.0	Clothing & Accessories,Electronics,Other	Denied	0.0	Deny
110293	2007091231697	2007-09-06 00:00:00	2007-09-01 00:00:00	AVL	Asheville Regional Airport	Continental Airlines	Passenger Property Loss	Checkpoint	248.0	Electronics	Denied	0.0	Deny
111835	2007100933156	2007-10-09 00:00:00	2007-10-05 00:00:00	AVL	Asheville Regional Airport	USAir	Passenger Property Loss	Checked Baggage	25.0	Other	Denied	0.0	Deny
112059	2007101733527	2007-10-12 00:00:00	2007-09-06 00:00:00	AVL	Asheville Regional Airport	Delta Air Lines	Passenger Property Loss	Checkpoint	181.0	Clothing & Accessories	Approved	181.0	Approve in Full
112765	2007110234273	2007-10-26 00:00:00	2007-10-07 00:00:00	AVL	Asheville Regional Airport	USAir	Passenger Property Loss	Checked Baggage	250.0	Watches & Jewelry	Canceled	0.0	
114547	2007120536067	2007-11-30 00:00:00	2007-11-23 00:00:00	AVL	Asheville Regional Airport	UAL	Passenger Property Loss	Checked Baggage	21.0	Tools & Machines	Denied	0.0	Deny
116095	2008010937663	2008-01-04 00:00:00	2007-12-23 00:00:00	AVL	Asheville Regional Airport	Continental Airlines	Passenger Property Loss	Checked Baggage	606.41	Cosmetics,Scientific Intruments	Denied	0.0	Deny
116210	2008011037710	2008-01-07 00:00:00	2007-12-10 00:00:00	AVL	Asheville Regional Airport	Delta Air Lines	Passenger Property Loss	Checked Baggage	40.0	Tools & Machines	Denied	0.0	Deny
117677	2008020739284	2008-01-31 00:00:00	2008-01-24 00:00:00	AVL	Asheville Regional Airport	USAir	Passenger Property Loss	Checked Baggage	813.0	Cosmetics	Denied	0.0	Deny
118167	2008022039809	2008-02-11 00:00:00	2008-02-01 00:00:00	AVL	Asheville Regional Airport	USAir	Passenger Property Loss	Checked Baggage	841.0	Watches & Jewelry,Watches & Jewelry	Denied	0.0	Deny
119061	2008030740661	2008-02-29 00:00:00	2007-12-19 00:00:00	AVL	Asheville Regional Airport	Delta Air Lines	Passenger Property Loss	Checked Baggage	164.69	Supplies	Denied	0.0	Deny
119735	2008032141405	2008-03-15 00:00:00	2007-12-25 00:00:00	AVL	Asheville Regional Airport	Delta Air Lines	Passenger Property Loss	Checked Baggage	289.88	Electronics,Other	Denied	0.0	Deny
120523	2008040942229	2008-03-31 00:00:00	2008-01-03 00:00:00	AVL	Asheville Regional Airport	Northwest Airlines	Passenger Property Loss	Checked Baggage	50.36	Watches & Jewelry	Denied	0.0	Deny
122928	2008052044563	2008-05-19 00:00:00	2008-05-13 00:00:00	AVL	Asheville Regional Airport	Delta Air Lines	Passenger Property Loss	Checked Baggage	100.0	Clothing & Accessories,Containers	Denied	0.0	Deny
123191	2008052744840	2008-05-23 00:00:00	2008-05-06 00:00:00	AVL	Asheville Regional Airport	Northwest Airlines	Passenger Property Loss	Checked Baggage	249.36	Electronics	Denied	0.0	Deny
124002	2008061345666	2008-06-10 00:00:00	2008-05-01 00:00:00	AVL	Asheville Regional Airport	Delta Air Lines	Passenger Property Loss	Checked Baggage	64.52	Supplies	Denied	0.0	Deny
124272	2008061845855	2008-06-16 00:00:00	2008-06-09 00:00:00	AVL	Asheville Regional Airport	Northwest Airlines	Passenger Property Loss	Checked Baggage	59.0	Watches & Jewelry	Settled	29.5	Settle
124762	2008070146486	2008-06-27 00:00:00	2008-06-06 00:00:00	AVL	Asheville Regional Airport	Delta Air Lines	Passenger Property Loss	Checked Baggage	448.24	Electronics	Denied	0.0	Deny
130052	2008110451841	2008-10-30 00:00:00	2008-10-12 00:00:00	AVL	Asheville Regional Airport	Delta Air Lines	Passenger Property Loss	Checked Baggage	405.0	Watches & Jewelry	Denied	0.0	Deny
130305	2008111352185	2008-11-05 00:00:00	2008-11-02 00:00:00	AVL	Asheville Regional Airport	USAir	Passenger Property Loss	Checked Baggage	169.95	Electronics	Denied	0.0	Deny
131272	2008120353076	2008-12-02 00:00:00	2008-11-30 00:00:00	AVL	Asheville Regional Airport	USAir	Passenger Property Loss	Checked Baggage	499.99	Electronics	Denied	0.0	Deny
132209	2009010554078	2008-12-29 00:00:00	2008-11-08 00:00:00	AVL	Asheville Regional Airport	USAir	Passenger Property Loss	Checked Baggage	159.8	Electronics	Denied	0.0	Deny
132320	2009010854220	2008-12-31 00:00:00	2008-12-15 00:00:00	AVL	Asheville Regional Airport	Delta Air Lines	Passenger Property Loss	Checked Baggage	97.68	Electronics	Denied	0.0	Deny
134262	2009031056022	2009-02-20 00:00:00	2008-12-21 00:00:00	AVL	Asheville Regional Airport	Northwest Airlines	Passenger Property Loss	Checked Baggage	43.7	Cosmetics	Denied	0.0	Deny
140857	2009082462899	2009-08-19 00:00:00	2009-08-11 00:00:00	AVL	Asheville Regional Airport	Delta Air Lines	Passenger Property Loss	Checkpoint	317.14	Electronics,Clothing & Accessories	Settled	239.96	Settle
140868	2009081262536	2009-08-20 00:00:00	2009-07-28 00:00:00	AVL	Asheville Regional Airport	Delta Air Lines	Passenger Property Loss	Checked Baggage	410.0	Watches & Jewelry	Denied	0.0	Deny
144376	2009121066390	2009-12-07 00:00:00	2009-11-08 18:14:00	AVL	Asheville Regional Airport	Delta Air Lines	Passenger Property Loss	Checked Baggage	333.95	Electronics,Electronics	Denied	0.0	Deny
150170	2010070873482	2010-06-30 00:00:00	2010-06-27 14:00:00	AVL	Asheville Regional Airport	Delta Air Lines	Passenger Property Loss	Checked Baggage		Cosmetics		15.0	Approve in Full
150914	2010073074244	2010-07-22 00:00:00	2010-04-16 00:00:00	AVL	Asheville Regional Airport	Delta Air Lines	Passenger Property Loss	Checked Baggage		Household Items,Other		0.0	Deny
154429	2010111577810	2010-11-05 00:00:00	2010-10-08 07:00:00	AVL	Asheville Regional Airport	USAir	Passenger Property Loss	Checked Baggage		Other		0.0	Deny
154568	2010111978008	2010-11-09 00:00:00	2010-10-29 00:00:00	AVL	Asheville Regional Airport		Passenger Property Loss	Checkpoint		Other		0.0	Deny
157316	2011030380875	2011-02-07 00:00:00	2010-11-17 12:45:00	AVL	Asheville Regional Airport	Delta Air Lines	Passenger Property Loss	Checked Baggage		Other,Clothing & Accessories		0.0	Deny
158724	2011042883054	2011-03-28 00:00:00	2011-02-25 12:35:00	AVL	Asheville Regional Airport	Delta Air Lines	Passenger Property Loss	Checked Baggage		Watches & Jewelry		118.49	Approve in Full
160349	2011053183848	2011-05-19 00:00:00	2011-05-01 00:00:00	AVL	Asheville Regional Airport	Delta Air Lines	Passenger Property Loss	Checked Baggage		Cosmetics		24.6	Settle
161667	2011071385154	2011-07-01 00:00:00	2011-06-10 12:00:00	AVL	Asheville Regional Airport	Delta Air Lines	Passenger Property Loss	Checkpoint		Other,Other,Other		0.0	Deny
168728	2012040292371	2012-02-27 00:00:00	2012-02-21 00:00:00	AVL	Asheville Regional Airport	USAir	Passenger Property Loss	Checked Baggage		Cosmetics		12.95	Approve in Full
183297	2013091807048	2013-08-14 00:00:00	2013-08-11 06:00:00	AVL	Asheville Regional Airport	Delta Air Lines	Passenger Property Loss	Checked Baggage		Other			
185395	2013111009075	2013-11-04 00:00:00	2013-10-29 10:00:00	AVL	Asheville Regional Airport	Delta Air Lines	Passenger Property Loss	Checked Baggage		Containers,Clothing & Accessories			
187437	2014012811192	2014-01-22 00:00:00	2013-12-28 00:00:00	AVL	Asheville Regional Airport	Delta Air Lines	Passenger Property Loss	Checked Baggage		Outdoors Supplies		0.0	Deny
187615	2014020311374	2014-01-27 00:00:00	2013-12-13 00:00:00	AVL	Asheville Regional Airport	Delta Air Lines	Passenger Property Loss	Checkpoint		Other		99.99	Approve in Full
196103	2015021320589	2015-02-13 00:00:00	2014-10-04 00:00:00	AVL	Asheville Regional Airport	USAir	Passenger Property Loss	Checked Baggage		Watches & Jewelry		0.0	Deny
196104	2015042422104	2015-04-24 00:00:00	2015-04-03 00:00:00	AVL	Asheville Regional Airport		Passenger Property Loss	Checkpoint		Other		102.71	Approve in Full
196107	2015070823714	2015-06-29 00:00:00	2015-05-26 00:00:00	AVL	Asheville Regional Airport	UAL	Passenger Property Loss	Checked Baggage		Containers,Containers,Clothing & Accessories,Clothing & Accessories,Clothing & Accessories,Clothing & Accessories,Clothing & Accessories,Clothing & Accessories,Clothing & Accessories,Electronics		0.0	Deny
204744	2016042730891	2016-04-11 00:00:00	2016-03-27 14:00:00	AVL	Asheville Regional Airport Asheville Regional Airport	American Airlines	Passenger Property Loss	Checked Baggage		Other			Insufficient
204746	2016100634442	2016-09-02 00:00:00	2016-07-06 00:00:00	AVL	Asheville Regional Airport Asheville Regional Airport	American Airlines	Passenger Property Loss	Checked Baggage		Clothing & Accessories		72.25	Approve in Full
204747	2016092133697	2016-07-29 00:00:00	2016-07-28 00:00:00	AVL	Asheville Regional Airport Asheville Regional Airport	Delta Air Lines	Passenger Property Loss	Checked Baggage		Electronics,Electronics			Closed:Canceled
204748	2016121936014	2016-10-19 00:00:00	2016-08-17 00:00:00	AVL	Asheville Regional Airport Asheville Regional Airport	Allegiant Air	Passenger Property Loss	Checkpoint		Cosmetics			In Review
212993	2017072041723	2017-06-12 00:00:00	2017-06-02 00:00:00	AVL	Asheville Regional Airport Asheville Regional Airport	UAL	Passenger Property Loss			Food & Drink			In Review
212994	2017111445154	2017-10-16 00:00:00	2017-10-03 00:00:00	AVL	Asheville Regional Airport Asheville Regional Airport	UAL	Passenger Property Loss	Checked Baggage		Cosmetics			In Review