id	claim_number	date_received	incident_date	airport_code	airport_name	airline	claim_type	claim_site	claim_amount	items	status	close_amount	disposition
11021	0715218M	2003-07-15 00:00:00	2003-01-22 00:00:00	BTV	Burlington, VT	Jet Blue	Passenger Property Loss	Checked Baggage	250.0	Other	Settled	125.0	Settle
19968	1107062M	2003-11-07 00:00:00	2003-09-25 00:00:00	BTV	Burlington, VT	Jet Blue	Passenger Property Loss	Checked Baggage	302.81	Clothing & Accessories	Settled	151.41	Settle
20274	1117504M	2003-11-17 00:00:00	2003-11-05 00:00:00	BTV	Burlington, VT	USAir	Passenger Property Loss	Checked Baggage	290.0	Watches & Jewelry	Canceled		
23857	0105514M	2004-01-05 00:00:00	2003-04-06 00:00:00	BTV	Burlington, VT	UAL	Passenger Property Loss	Checkpoint	2205.0	Watches & Jewelry	Denied	0.0	Deny
31447	2004052453335	2004-03-24 00:00:00	2004-03-16 00:00:00	BTV	Burlington, VT	USAir	Passenger Property Loss	Checkpoint	21.2	Tools & Machines	Settled	11.0	Settle
33399	2004060354512	2004-04-21 00:00:00	2004-02-04 00:00:00	BTV	Burlington, VT	Jet Blue	Passenger Property Loss	Checked Baggage	475.89	Electronics	Settled	125.0	Settle
36523	2004062256849	2004-05-28 00:00:00	2004-05-12 00:00:00	BTV	Burlington, VT		Passenger Property Loss	Checked Baggage	116.55	Other	Approved	116.55	Approve in Full
38061	2004070458296	2004-06-16 00:00:00	2004-04-06 00:00:00	BTV	Burlington, VT		Passenger Property Loss	Checked Baggage	1216.35	Watches & Jewelry	Settled	1034.25	Settle
40318	2004080960776	2004-07-15 00:00:00	2004-07-05 00:00:00	BTV	Burlington, VT	Delta Air Lines	Passenger Property Loss	Checked Baggage	547.38	Other	Settled	400.5	Settle
41243	2004090862393	2004-07-27 00:00:00	2004-06-15 00:00:00	BTV	Burlington, VT		Passenger Property Loss	Checkpoint	45.0	Clothing & Accessories	Settled	22.5	Settle
42752	2004092263481	2004-08-19 00:00:00	2004-06-27 00:00:00	BTV	Burlington, VT		Passenger Property Loss	Checked Baggage	64.99	Other	Approved	64.99	Approve in Full
43488	2004092163327	2004-08-27 00:00:00	2004-07-21 00:00:00	BTV	Burlington, VT	USAir	Passenger Property Loss	Checked Baggage	70.0	Watches & Jewelry	Denied	0.0	Deny
46671	2004110866715	2004-10-05 00:00:00	2004-09-13 00:00:00	BTV	Burlington, VT	UAL	Passenger Property Loss	Checked Baggage	788.0	Watches & Jewelry	Denied	0.0	Deny
46759	2004112067475	2004-10-05 00:00:00	2004-07-29 00:00:00	BTV	Burlington, VT	USAir	Passenger Property Loss	Checked Baggage	64.5	Clothing & Accessories	Denied		Deny
46774	2005092393169	2004-10-05 00:00:00	2004-09-13 00:00:00	BTV	Burlington, VT	UAL	Passenger Property Loss	Checked Baggage	788.0	Watches & Jewelry	Denied	0.0	Deny
47162	2004112967937	2004-10-14 00:00:00	2004-10-03 00:00:00	BTV	Burlington, VT	Jet Blue	Passenger Property Loss	Checked Baggage	27.06	Other	Approved	27.0	Approve in Full
47177	2004112967992	2004-10-14 00:00:00	2004-10-04 00:00:00	BTV	Burlington, VT		Passenger Property Loss	Checked Baggage	84.0	Clothing & Accessories	Approved	84.0	Approve in Full
48287	2004121469095	2004-10-26 00:00:00	2004-06-25 00:00:00	BTV	Burlington, VT		Passenger Property Loss	Checkpoint	1100.0	Watches & Jewelry	Denied	0.0	Deny
50979	2004122971774	2004-12-01 00:00:00	2004-11-15 00:00:00	BTV	Burlington, VT	USAir	Passenger Property Loss	Checked Baggage	41.99	Other	Approved	41.99	Approve in Full
53536	2005012674315	2005-01-04 00:00:00	2004-12-13 00:00:00	BTV	Burlington, VT		Passenger Property Loss	Checked Baggage	280.0	Other	Denied	0.0	Deny
53654	2005012574159	2005-01-05 00:00:00	2004-12-26 00:00:00	BTV	Burlington, VT	USAir	Passenger Property Loss	Checked Baggage	569.99	Electronics	Canceled	0.0	
54012	2005012774625	2005-01-10 00:00:00	2004-12-28 00:00:00	BTV	Burlington, VT	Jet Blue	Passenger Property Loss	Checked Baggage	73.49	Other	Settled	53.49	Settle
55400	2005021576146	2005-01-24 00:00:00	2004-09-20 00:00:00	BTV	Burlington, VT	Northwest Airlines	Passenger Property Loss	Checked Baggage	1058.22	Other	Settled	510.63	Settle
55665	2005021576139	2005-01-26 00:00:00	2004-12-28 00:00:00	BTV	Burlington, VT		Passenger Property Loss	Checked Baggage	21.87	Tools & Machines	Settled	21.5	Settle
56338	2005030877176	2005-02-03 00:00:00	2005-01-12 00:00:00	BTV	Burlington, VT		Passenger Property Loss	Checked Baggage	30.65	Other	Approved	30.65	Approve in Full
57311	2005031578253	2005-02-16 00:00:00	2004-12-25 00:00:00	BTV	Burlington, VT	Independence Air	Passenger Property Loss	Checked Baggage	15.9	Tools & Machines	Approved	15.9	Approve in Full
58954	2005033180659	2005-03-09 00:00:00	2005-02-20 00:00:00	BTV	Burlington, VT	Independence Air	Passenger Property Loss	Checked Baggage	68.95	Clothing & Accessories	Approved	68.95	Approve in Full
62026	2005042082846	2005-04-19 00:00:00	2005-02-14 00:00:00	BTV	Burlington, VT	UAL	Passenger Property Loss	Checked Baggage	400.0	Cosmetics	Denied	0.0	Deny
64744	2005053185543	2005-05-24 00:00:00	2005-04-25 00:00:00	BTV	Burlington, VT	UAL	Passenger Property Loss	Checked Baggage	50.0	Clothing & Accessories	Settled	25.0	Settle
65202	2005061086175	2005-06-01 00:00:00	2005-05-03 00:00:00	BTV	Burlington, VT		Passenger Property Loss	Checkpoint	940.0	Other	Denied	0.0	Deny
65652	2005061786531	2005-06-07 00:00:00	2005-05-21 00:00:00	BTV	Burlington, VT	Jet Blue	Passenger Property Loss	Checked Baggage	65.0	Clothing & Accessories	Denied	0.0	Deny
65809	2005062386968	2005-06-09 00:00:00	2005-06-08 00:00:00	BTV	Burlington, VT	UAL	Passenger Property Loss	Checked Baggage	20.0	Tools & Machines	Approved	20.0	Approve in Full
66476	2005062787270	2005-06-20 00:00:00	2005-06-03 00:00:00	BTV	Burlington, VT	Delta Air Lines	Passenger Property Loss	Checked Baggage	216.0	Clothing & Accessories	Denied	0.0	Deny
66603	2005070688331	2005-06-21 00:00:00	2005-06-11 00:00:00	BTV	Burlington, VT	Northwest Airlines	Passenger Property Loss	Checked Baggage	7.5	Watches & Jewelry	Approved	7.5	Approve in Full
67307	2005070588185	2005-07-01 00:00:00	2005-06-12 00:00:00	BTV	Burlington, VT	Continental Airlines	Passenger Property Loss	Checked Baggage	432.67	Electronics	Denied	0.0	Deny
68054	2005071889197	2005-07-13 00:00:00	2005-06-15 00:00:00	BTV	Burlington, VT		Passenger Property Loss	Checked Baggage	300.0	Electronics	Settled	120.43	Settle
68168	2005072089279	2005-07-15 00:00:00	2005-05-31 00:00:00	BTV	Burlington, VT	USAir	Passenger Property Loss	Checked Baggage	500.0	Electronics	Canceled	0.0	
68990	2005080490056	2005-07-27 00:00:00	2005-07-12 00:00:00	BTV	Burlington, VT	Delta Air Lines	Passenger Property Loss	Checked Baggage	190.0	Clothing & Accessories	Settled	95.0	Settle
69415	2005081290452	2005-08-02 00:00:00	2005-06-16 00:00:00	BTV	Burlington, VT	Jet Blue	Passenger Property Loss	Checked Baggage	210.0	Other	Settled	105.0	Settle
70435	2005082591464	2005-08-19 00:00:00	2005-07-26 00:00:00	BTV	Burlington, VT	Jet Blue	Passenger Property Loss	Checked Baggage	750.0	Watches & Jewelry	Canceled	0.0	
70535	2005082991718	2005-08-23 00:00:00	2005-06-26 00:00:00	BTV	Burlington, VT	Independence Air	Passenger Property Loss	Checked Baggage	31.17	Clothing & Accessories	Approved	31.17	Approve in Full
72339	2005092993402	2005-09-19 00:00:00	2005-09-07 00:00:00	BTV	Burlington, VT	Jet Blue	Passenger Property Loss	Checked Baggage	2860.8	Electronics	Settled	939.1	Settle
72371	2005093093514	2005-09-20 00:00:00	2005-09-12 00:00:00	BTV	Burlington, VT	Jet Blue	Passenger Property Loss	Checked Baggage	128.91	Other	Approved	128.91	Approve in Full
73938	2005102094943	2005-10-17 00:00:00	2005-09-14 00:00:00	BTV	Burlington, VT	Jet Blue	Passenger Property Loss	Checked Baggage	555.37	Electronics	Settled	232.3	Settle
74287	2005110195478	2005-10-24 00:00:00	2005-10-17 00:00:00	BTV	Burlington, VT		Passenger Property Loss	Checked Baggage	19.85	Tools & Machines	Approved	19.85	Approve in Full
74388	2005110195468	2005-10-25 00:00:00	2005-10-06 00:00:00	BTV	Burlington, VT	Delta Air Lines	Passenger Property Loss	Checked Baggage	550.0	Watches & Jewelry	Denied	0.0	Deny
75018	2005111696148	2005-11-04 00:00:00	2005-09-25 00:00:00	BTV	Burlington, VT	Delta Air Lines	Passenger Property Loss	Checked Baggage	800.0	Watches & Jewelry	Denied	0.0	Deny
76211	2005120797059	2005-11-29 00:00:00	2005-10-01 00:00:00	BTV	Burlington, VT	Delta Air Lines	Passenger Property Loss		25.0	Supplies	Approved	25.0	Approve in Full
77380	2005122998572	2005-12-21 00:00:00	2005-12-13 00:00:00	BTV	Burlington, VT	USAir	Passenger Property Loss	Checked Baggage	36.0	Other	Approved	36.0	Approve in Full
77403	2005122898505	2005-12-21 00:00:00	2005-12-06 00:00:00	BTV	Burlington, VT	UAL	Passenger Property Loss	Checked Baggage	31.96	Cosmetics	Denied	0.0	Deny
77712	2006010598795	2005-12-28 00:00:00	2005-10-15 00:00:00	BTV	Burlington, VT	USAir	Passenger Property Loss	Checked Baggage	972.94	Other	Denied	0.0	Deny
77868	2006010699053	2006-01-03 00:00:00	2005-12-21 00:00:00	BTV	Burlington, VT		Passenger Property Loss	Checkpoint	64.0	Other	Approved	64.0	Approve in Full
78492	2006011799648	2006-01-10 00:00:00	2005-12-28 00:00:00	BTV	Burlington, VT	Jet Blue	Passenger Property Loss	Checked Baggage	138.0	Other	Denied	0.0	Deny
78511	2006011799679	2006-01-10 00:00:00	2005-11-12 00:00:00	BTV	Burlington, VT	USAir	Passenger Property Loss	Checked Baggage	39.17	Other	Denied	0.0	Deny
79125	2006012500300	2006-01-18 00:00:00	2005-12-27 00:00:00	BTV	Burlington, VT	UAL	Passenger Property Loss	Checked Baggage	957.0	Clothing & Accessories	Settled	478.5	Settle
79954	2006020801131	2006-02-01 00:00:00	2006-01-21 00:00:00	BTV	Burlington, VT	Jet Blue	Passenger Property Loss	Checked Baggage	96.9	Other	Approved	96.9	Approve in Full
80265	2006021001354	2006-02-07 00:00:00	2005-12-20 00:00:00	BTV	Burlington, VT	Continental Airlines	Passenger Property Loss	Checked Baggage	209.72	Cosmetics	Denied	0.0	Deny
81311	2006030302468	2006-02-27 00:00:00	2006-02-20 00:00:00	BTV	Burlington, VT		Passenger Property Loss	Checked Baggage	300.0	Watches & Jewelry	Denied	0.0	Deny
81379	2006030602507	2006-02-28 00:00:00	2006-01-24 00:00:00	BTV	Burlington, VT	USAir	Passenger Property Loss	Checkpoint	5500.0	Other	Denied	0.0	Deny
82002	2006031603215	2006-03-10 00:00:00	2006-02-24 00:00:00	BTV	Burlington, VT	Jet Blue	Passenger Property Loss	Checked Baggage	9.95	Electronics	Approved	9.95	Approve in Full
82344	2006032103469	2006-03-16 00:00:00	2006-03-07 00:00:00	BTV	Burlington, VT	Continental Airlines	Passenger Property Loss	Checked Baggage	185.0	Clothing & Accessories	Settled	92.5	Settle
82955	2006040404053	2006-03-28 00:00:00	2005-09-13 00:00:00	BTV	Burlington, VT	Jet Blue	Passenger Property Loss	Checked Baggage	750.0	Watches & Jewelry	Denied	0.0	Deny
83384	2006041404513	2006-04-04 00:00:00	2006-02-08 00:00:00	BTV	Burlington, VT	Continental Airlines	Passenger Property Loss	Checked Baggage	169.99	Containers	Settled	50.0	Settle
83418	2006041204340	2006-04-06 00:00:00	2006-03-23 00:00:00	BTV	Burlington, VT	UAL	Passenger Property Loss	Checked Baggage	25.0	Clothing & Accessories	Approved	25.0	Approve in Full
84129	2006042505287	2006-04-20 00:00:00	2006-04-07 00:00:00	BTV	Burlington, VT	Jet Blue	Passenger Property Loss	Checked Baggage	250.0	Watches & Jewelry	Denied	0.0	Deny
86122	2006060607368	2006-06-01 00:00:00	2006-05-24 00:00:00	BTV	Burlington, VT	Northwest Airlines	Passenger Property Loss	Checked Baggage	753.9	Scientific Intruments	Denied	0.0	Deny
86227	2006060607452	2006-06-02 00:00:00	2006-05-25 00:00:00	BTV	Burlington, VT	Jet Blue	Passenger Property Loss	Checked Baggage	390.0	Electronics	Settled	171.72	Settle
89744	2006081410972	2006-08-11 00:00:00	2006-07-13 00:00:00	BTV	Burlington, VT		Passenger Property Loss	Checked Baggage	300.0	Electronics	Denied	0.0	Deny
89815	2006081611188	2006-08-14 00:00:00	2006-07-17 00:00:00	BTV	Burlington, VT	Jet Blue	Passenger Property Loss	Checked Baggage	39.95	Electronics	Approved	39.95	Approve in Full
90209	2006082811710	2006-08-21 00:00:00	2006-07-25 00:00:00	BTV	Burlington, VT	Delta Air Lines	Passenger Property Loss	Checked Baggage	25.0	Clothing & Accessories	Approved	25.0	Approve in Full
90515	2006083111843	2006-08-25 00:00:00	2006-06-26 00:00:00	BTV	Burlington, VT	Delta Air Lines	Passenger Property Loss	Checked Baggage	21.09	Tools & Machines	Approved	21.09	Approve in Full
91812	2006092113033	2006-09-19 00:00:00	2006-08-18 00:00:00	BTV	Burlington, VT	Continental Airlines	Passenger Property Loss	Checked Baggage	157.89	Containers,Tools & Machines,Cosmetics	Settled	132.39	Settle
92643	2006101914199	2006-10-05 00:00:00	2006-10-01 00:00:00	BTV	Burlington, VT	UAL	Passenger Property Loss	Checked Baggage	100.0	Electronics	Settled	50.0	Settle
92980	2006101814154	2006-10-12 00:00:00	2006-09-26 00:00:00	BTV	Burlington, VT	Continental Airlines	Passenger Property Loss	Checked Baggage	60.0	Tools & Machines	Settled	30.0	Settle
93987	2006110715255	2006-11-01 00:00:00	2006-09-19 00:00:00	BTV	Burlington, VT	Jet Blue	Passenger Property Loss	Checked Baggage	46.55	Cosmetics	Settled	23.27	Settle
94329	2006111515681	2006-11-08 00:00:00	2006-10-06 00:00:00	BTV	Burlington, VT	Delta Air Lines	Passenger Property Loss	Checked Baggage	976.95	Electronics,Other	Denied	0.0	Deny
94439	2006111715745	2006-11-13 00:00:00	2006-11-02 00:00:00	BTV	Burlington, VT	Delta Air Lines	Passenger Property Loss	Checked Baggage	12.67	Tools & Machines	Approved	12.67	Approve in Full
94511	2006111715808	2006-11-13 00:00:00	2006-11-08 00:00:00	BTV	Burlington, VT	Jet Blue	Passenger Property Loss	Checked Baggage	99.0	Other	Denied	0.0	Deny
94928	2006112416171	2006-11-20 00:00:00	2006-10-12 00:00:00	BTV	Burlington, VT	Delta Air Lines	Passenger Property Loss	Checked Baggage	90.0	Clothing & Accessories	Insufficient, one of the following items required: sum certain, statement of fact, signature, location of incident, and date.		
96180	2006122017459	2006-12-13 00:00:00	2006-06-09 00:00:00	BTV	Burlington, VT	Northwest Airlines	Passenger Property Loss	Checked Baggage	3876.0	Watches & Jewelry	Denied	0.0	Deny
97806	2007011618842	2007-01-09 00:00:00	2006-11-28 00:00:00	BTV	Burlington, VT	Jet Blue	Passenger Property Loss	Checked Baggage	150.0	Watches & Jewelry	Settled	75.0	Settle
97876	2007011818970	2007-01-10 00:00:00	2006-11-08 00:00:00	BTV	Burlington, VT	UAL	Passenger Property Loss	Checked Baggage	355.0	Clothing & Accessories	Denied	0.0	Deny
98626	2007012919720	2007-01-23 00:00:00	2006-12-19 00:00:00	BTV	Burlington, VT	UAL	Passenger Property Loss	Checked Baggage	53.94	Other	Denied	0.0	Deny
98689	2007012919646	2007-01-24 00:00:00	2006-12-16 00:00:00	BTV	Burlington, VT	US Express	Passenger Property Loss	Checked Baggage	6.29	Tools & Machines	Approved	6.29	Approve in Full
98723	2007012919704	2007-01-24 00:00:00	2007-01-16 00:00:00	BTV	Burlington, VT	UAL	Passenger Property Loss	Checked Baggage	489.0	Other	Denied	0.0	Deny
99164	2007020820493	2007-01-31 00:00:00	2007-01-14 00:00:00	BTV	Burlington, VT	Jet Blue	Passenger Property Loss	Checked Baggage	1646.0	Watches & Jewelry	Denied	0.0	Deny
101365	2007031922512	2007-03-15 00:00:00	2007-02-24 00:00:00	BTV	Burlington, VT	Jet Blue	Passenger Property Loss	Checked Baggage	212.45	Clothing & Accessories	Settled	95.87	Settle
101831	2007032823117	2007-03-26 00:00:00	2007-02-01 00:00:00	BTV	Burlington, VT	Jet Blue	Passenger Property Loss	Checked Baggage	1162.43	Watches & Jewelry,Watches & Jewelry	Canceled	0.0	
102064	2007033023259	2007-03-29 00:00:00	2007-03-25 00:00:00	BTV	Burlington, VT	Delta Air Lines	Passenger Property Loss	Checked Baggage	1500.0	Watches & Jewelry	Denied	0.0	Deny
103643	2007050224860	2007-05-01 00:00:00	2007-03-28 00:00:00	BTV	Burlington, VT	Continental Airlines	Passenger Property Loss	Checked Baggage	80.25	Cosmetics	Denied	0.0	Deny
105012	2007060526295	2007-05-30 00:00:00	2007-05-10 00:00:00	BTV	Burlington, VT		Passenger Property Loss	Checked Baggage	120.0	Electronics	Settled	60.0	Settle
105429	2007061126685	2007-06-06 00:00:00	2007-05-18 00:00:00	BTV	Burlington, VT	Continental Airlines	Passenger Property Loss	Checked Baggage	40.0	Clothing & Accessories,Cosmetics,Other	Denied	0.0	Deny
105532	2007061326854	2007-06-08 00:00:00	2007-05-29 00:00:00	BTV	Burlington, VT	UAL	Passenger Property Loss	Checkpoint	286.0	Watches & Jewelry	Canceled	0.0	
105836	2007061927128	2007-06-14 00:00:00	2007-06-12 00:00:00	BTV	Burlington, VT	Delta Air Lines	Passenger Property Loss	Checked Baggage	20.0	Tools & Machines	Denied	0.0	Deny
106799	2007071028051	2007-07-05 00:00:00	2007-07-01 00:00:00	BTV	Burlington, VT	USAir	Passenger Property Loss	Checked Baggage	320.98	Electronics	Denied	0.0	Deny
107490	2007072328861	2007-07-18 00:00:00	2007-07-13 00:00:00	BTV	Burlington, VT	Jet Blue	Passenger Property Loss	Checked Baggage	10.0	Tools & Machines	Approved	10.0	Approve in Full
107552	2007072028807	2007-07-19 00:00:00	2007-07-13 00:00:00	BTV	Burlington, VT	UAL	Passenger Property Loss	Checked Baggage	21.0	Tools & Machines,Other	Denied	0.0	Deny
107923	2007073029285	2007-07-25 00:00:00	2006-12-29 00:00:00	BTV	Burlington, VT	Northwest Airlines	Passenger Property Loss	Checked Baggage	148.9	Cosmetics	Settled	74.45	Settle
108563	2007080829866	2007-08-06 00:00:00	2007-05-26 00:00:00	BTV	Burlington, VT	Jet Blue	Passenger Property Loss	Checked Baggage	200.0	Electronics,Electronics	Denied	0.0	Deny
109730	2007082830981	2007-08-27 00:00:00	2007-08-13 00:00:00	BTV	Burlington, VT	Jet Blue	Passenger Property Loss	Checked Baggage	722.99	Watches & Jewelry,Watches & Jewelry	Denied	0.0	Deny
110007	2007090531336	2007-08-31 00:00:00	2007-08-23 00:00:00	BTV	Burlington, VT	Jet Blue	Passenger Property Loss	Checked Baggage	300.0	Electronics	Denied	0.0	Deny
110377	2007091331783	2007-09-10 00:00:00	2007-08-26 00:00:00	BTV	Burlington, VT		Passenger Property Loss	Checked Baggage	10.0	Tools & Machines	Approved	10.0	Approve in Full
111433	2007100132799	2007-09-28 00:00:00	2007-09-11 00:00:00	BTV	Burlington, VT	Jet Blue	Passenger Property Loss	Checked Baggage	582.0	Electronics,Other	Denied	0.0	Deny
111878	2007101133290	2007-10-09 00:00:00	2007-09-11 00:00:00	BTV	Burlington, VT	Jet Blue	Passenger Property Loss	Checked Baggage	120.0	Clothing & Accessories	Denied	0.0	Deny
112091	2007101733533	2007-10-12 00:00:00	2007-08-11 00:00:00	BTV	Burlington, VT	UAL	Passenger Property Loss	Checked Baggage	500.0	Other,Other	Denied	0.0	Deny
112442	2007102533891	2007-10-19 00:00:00	2007-09-26 00:00:00	BTV	Burlington, VT	UAL	Passenger Property Loss	Checked Baggage	250.0	Clothing & Accessories	Denied	0.0	Deny
112577	2007102533874	2007-10-22 00:00:00	2007-09-19 00:00:00	BTV	Burlington, VT	Jet Blue	Passenger Property Loss	Checked Baggage	900.0	Electronics	Insufficient, one of the following items required: sum certain, statement of fact, signature, location of incident, and date.		
113046	2007111334808	2007-10-31 00:00:00	2007-10-19 00:00:00	BTV	Burlington, VT	Continental Airlines	Passenger Property Loss	Checkpoint	38.0	Tools & Machines,Other	Settled	25.21	Settle
113080	2007110534500	2007-11-01 00:00:00	2007-10-23 00:00:00	BTV	Burlington, VT	Jet Blue	Passenger Property Loss	Checked Baggage	398.83	Electronics	Denied	0.0	Deny
113142	2007110634599	2007-11-02 00:00:00	2007-10-15 00:00:00	BTV	Burlington, VT	USAir	Passenger Property Loss	Checked Baggage	68.95	Clothing & Accessories	Denied	0.0	Deny
113191	2007110834674	2007-11-05 00:00:00	2007-09-30 00:00:00	BTV	Burlington, VT	Delta Air Lines	Passenger Property Loss	Checked Baggage	5.0	Tools & Machines	Approved	5.0	Approve in Full
114638	2007120636099	2007-12-03 00:00:00	2007-11-24 00:00:00	BTV	Burlington, VT	UAL	Passenger Property Loss	Checked Baggage	29.97	Other	Denied	0.0	Deny
115536	2007122737015	2007-12-21 00:00:00	2007-11-06 00:00:00	BTV	Burlington, VT	Northwest Airlines	Passenger Property Loss	Checked Baggage	166.95	Clothing & Accessories	Denied	0.0	Deny
115678	2008010337253	2007-12-26 00:00:00	2007-12-13 00:00:00	BTV	Burlington, VT	UAL	Passenger Property Loss	Checked Baggage	99.0	Electronics	Denied	0.0	Deny
115974	2008010837569	2008-01-02 00:00:00	2007-10-02 00:00:00	BTV	Burlington, VT	Jet Blue	Passenger Property Loss	Checked Baggage	950.0	Watches & Jewelry,Watches & Jewelry	Denied	0.0	Deny
116544	2008011738119	2008-01-10 00:00:00	2007-12-31 00:00:00	BTV	Burlington, VT	Delta Air Lines	Passenger Property Loss	Checked Baggage	160.0	Watches & Jewelry	Denied	0.0	Deny
118011	2008022239995	2008-02-08 00:00:00	2008-01-12 00:00:00	BTV	Burlington, VT	UAL	Passenger Property Loss	Checked Baggage	7.22	Tools & Machines	Approved	7.22	Approve in Full
118263	2008022139937	2008-02-13 00:00:00	2008-01-11 00:00:00	BTV	Burlington, VT	Delta Air Lines	Passenger Property Loss	Checkpoint	12.95	Tools & Machines	Approved	12.95	Approve in Full
118506	2008022640172	2008-02-19 00:00:00	2008-02-11 00:00:00	BTV	Burlington, VT	UAL	Passenger Property Loss	Checked Baggage	25.8	Tools & Machines	Denied	0.0	Deny
118548	2008022640170	2008-02-20 00:00:00	2008-02-11 00:00:00	BTV	Burlington, VT	Continental Airlines	Passenger Property Loss	Checked Baggage	40.72	Cosmetics,Cosmetics	Approved	40.72	Approve in Full
119310	2008031240905	2008-03-06 00:00:00	2008-02-24 00:00:00	BTV	Burlington, VT	Delta Air Lines	Passenger Property Loss	Checked Baggage	80.0	Clothing & Accessories	Denied	0.0	Deny
119901	2008032641461	2008-03-19 00:00:00	2008-02-24 00:00:00	BTV	Burlington, VT		Passenger Property Loss	Checked Baggage	523.0	Cosmetics,Clothing & Accessories,Tools & Machines,Tools & Machines,Other,Watches & Jewelry	Denied	0.0	Deny
120886	2008041142480	2008-04-07 00:00:00	2008-03-30 00:00:00	BTV	Burlington, VT	USAir	Passenger Property Loss	Checked Baggage	489.99	Electronics,Other	Denied	0.0	Deny
120891	2008041142493	2008-04-07 00:00:00	2008-04-03 00:00:00	BTV	Burlington, VT		Passenger Property Loss	Checked Baggage	1300.0	Electronics	Denied	0.0	Deny
121203	2008041842908	2008-04-11 00:00:00	2008-01-05 00:00:00	BTV	Burlington, VT	Jet Blue	Passenger Property Loss	Checked Baggage	13.99	Tools & Machines	Denied	0.0	Deny
121268	2008041842862	2008-04-14 00:00:00	2008-03-12 00:00:00	BTV	Burlington, VT	Delta Air Lines	Passenger Property Loss	Checked Baggage	85.0	Other	Denied	0.0	Deny
121742	2008042443319	2008-04-22 00:00:00	2008-04-02 00:00:00	BTV	Burlington, VT	Jet Blue	Passenger Property Loss	Checked Baggage	250.0	Watches & Jewelry	Denied	0.0	Deny
122477	2008051244134	2008-05-07 00:00:00	2008-04-18 00:00:00	BTV	Burlington, VT	Continental Airlines	Passenger Property Loss	Checked Baggage	420.42	Electronics,Other	Settled	210.21	Settle
123166	2008052744836	2008-05-22 00:00:00	2008-05-19 00:00:00	BTV	Burlington, VT	Delta Air Lines	Passenger Property Loss	Checked Baggage	4575.67	Watches & Jewelry	Denied	0.0	Deny
123468	2008060345169	2008-05-29 00:00:00	2008-05-21 00:00:00	BTV	Burlington, VT	Delta Air Lines	Passenger Property Loss	Checked Baggage	8.0	Household Items,Other	Denied	0.0	Deny
123490	2008060945413	2008-05-29 00:00:00	2008-04-01 00:00:00	BTV	Burlington, VT	Delta Air Lines	Passenger Property Loss	Checked Baggage	200.0	Electronics	Denied	0.0	Deny
123658	2008060545329	2008-06-03 00:00:00	2008-05-07 00:00:00	BTV	Burlington, VT	Delta Air Lines	Passenger Property Loss	Checked Baggage	17.0	Tools & Machines	Approved	17.0	Approve in Full
125804	2008072847510	2008-07-22 00:00:00	2008-07-08 00:00:00	BTV	Burlington, VT	Delta Air Lines	Passenger Property Loss	Checked Baggage	199.99	Electronics	Denied	0.0	Deny
126139	2008073147809	2008-07-29 00:00:00	2007-11-30 00:00:00	BTV	Burlington, VT	Delta Air Lines	Passenger Property Loss	Checked Baggage	500.0	Tools & Machines,Electronics	Denied	0.0	Deny
126325	2008080648103	2008-07-31 00:00:00	2008-07-16 00:00:00	BTV	Burlington, VT	Jet Blue	Passenger Property Loss	Checked Baggage	275.0	Electronics,Electronics	Insufficient, one of the following items required: sum certain, statement of fact, signature, location of incident, and date.		
126918	2008081848694	2008-08-14 00:00:00	2008-07-17 00:00:00	BTV	Burlington, VT	Delta Air Lines	Passenger Property Loss	Checked Baggage	300.0	Electronics	Denied	0.0	Deny
126944	2008081848768	2008-08-14 00:00:00	2008-07-08 00:00:00	BTV	Burlington, VT	Delta Air Lines	Passenger Property Loss	Checked Baggage	16.99	Other	Denied	0.0	Deny
127187	2008082549005	2008-08-20 00:00:00	2008-07-29 00:00:00	BTV	Burlington, VT	Delta Air Lines	Passenger Property Loss	Checked Baggage	255.95	Outdoors Supplies	Denied	0.0	Deny
127548	2008090849640	2008-08-27 00:00:00	2008-07-31 00:00:00	BTV	Burlington, VT	Delta Air Lines	Passenger Property Loss	Checked Baggage	84.0	Watches & Jewelry	Denied	0.0	Deny
128153	2008091549944	2008-09-11 00:00:00	2008-08-25 00:00:00	BTV	Burlington, VT	Northwest Airlines	Passenger Property Loss	Checked Baggage	423.86	Electronics,Electronics	Denied	0.0	Deny
128243	2008091850101	2008-09-15 00:00:00	2008-08-07 00:00:00	BTV	Burlington, VT		Passenger Property Loss	Checkpoint	293.96	Clothing & Accessories	Approved	293.96	Approve in Full
129155	2008100850930	2008-10-07 00:00:00	2008-08-03 00:00:00	BTV	Burlington, VT	Delta Air Lines	Passenger Property Loss	Checked Baggage	1085.75	Electronics,Electronics	Denied	0.0	Deny
129282	2008101451113	2008-10-09 00:00:00	2008-09-28 00:00:00	BTV	Burlington, VT	Air Tran Airlines(do not use)	Passenger Property Loss	Checked Baggage	8.0	Tools & Machines	Denied	0.0	Deny
129565	2008102351468	2008-10-17 00:00:00	2008-10-13 00:00:00	BTV	Burlington, VT	Jet Blue	Passenger Property Loss	Checked Baggage	111.81	Electronics	Denied	0.0	Deny
129748	2008092950562	2008-10-22 00:00:00	2008-07-24 00:00:00	BTV	Burlington, VT	Jet Blue	Passenger Property Loss	Checked Baggage	462.16	Clothing & Accessories,Cosmetics,Other	Denied	0.0	Deny
130153	2008110651984	2008-10-31 00:00:00	2008-10-17 00:00:00	BTV	Burlington, VT	Delta Air Lines	Passenger Property Loss	Checked Baggage		Clothing & Accessories	Insufficient, one of the following items required: sum certain, statement of fact, signature, location of incident, and date.		
133782	2009022055675	2009-02-06 00:00:00	2009-02-02 00:00:00	BTV	Burlington, VT	Jet Blue	Passenger Property Loss	Checked Baggage	3000.0	Watches & Jewelry	Denied	0.0	Deny
134256	2009031056003	2009-02-20 00:00:00	2009-02-09 00:00:00	BTV	Burlington, VT	Jet Blue	Passenger Property Loss	Checked Baggage	24.0	Outdoors Supplies	Denied	0.0	Deny
135377	2009032056702	2009-03-23 00:00:00	2009-02-26 00:00:00	BTV	Burlington, VT	UAL	Passenger Property Loss	Checkpoint	99.99	Clothing & Accessories	Denied	0.0	Deny
136825	2009051958927	2009-04-30 00:00:00	2009-04-21 00:00:00	BTV	Burlington, VT	USAir	Passenger Property Loss	Checked Baggage	55.0	Outdoors Supplies	Denied	0.0	Deny
137936	2009060959962	2009-06-03 00:00:00	2009-04-25 00:00:00	BTV	Burlington, VT	Jet Blue	Passenger Property Loss	Checkpoint	955.5	Clothing & Accessories	Settled	486.0	Settle
139317	2009071661332	2009-07-10 00:00:00	2009-07-15 00:00:00	BTV	Burlington, VT	Delta Air Lines	Passenger Property Loss	Checked Baggage	474.0	Watches & Jewelry,Watches & Jewelry	Denied	0.0	Deny
139815	2009072861834	2009-07-22 00:00:00	2009-06-16 00:00:00	BTV	Burlington, VT	UAL	Passenger Property Loss	Checked Baggage	7.89	Electronics,Tools & Machines	Denied	0.0	Deny
140064	2009073062000	2009-07-29 00:00:00	2009-07-27 00:00:00	BTV	Burlington, VT	Delta Air Lines	Passenger Property Loss	Checked Baggage	69.99	Outdoors Supplies	Denied	0.0	Deny
140572	2009081462634	2009-08-11 00:00:00	2009-08-01 00:00:00	BTV	Burlington, VT	UAL	Passenger Property Loss	Checked Baggage	194.9	Outdoors Supplies	Denied	0.0	Deny
140689	2009081762673	2009-08-14 00:00:00	2009-07-22 00:00:00	BTV	Burlington, VT	Delta Air Lines	Passenger Property Loss	Checked Baggage	555.0	Clothing & Accessories,Cosmetics	Denied	0.0	Deny
141154	2009083163146	2009-08-28 00:00:00	2009-08-11 00:00:00	BTV	Burlington, VT	Lufthansa	Passenger Property Loss	Checked Baggage	55.5	Clothing & Accessories	Denied	0.0	Deny
142792	2009102764783	2009-10-20 00:00:00	2009-09-05 06:00:00	BTV	Burlington, VT	Delta Air Lines	Passenger Property Loss	Checked Baggage	2500.0	Watches & Jewelry	Denied	0.0	Deny
144626	2009122266703	2009-12-14 00:00:00	2009-10-20 00:00:00	BTV	Burlington, VT	USAir	Passenger Property Loss	Checked Baggage	456.0	Other	Denied	0.0	Deny
144990	2010010467084	2009-12-28 00:00:00	2009-10-30 16:45:00	BTV	Burlington, VT	UAL	Passenger Property Loss	Checked Baggage	122.0	Clothing & Accessories,Other	Denied	0.0	Deny
145784	2010030168869	2010-02-13 00:00:00	2010-01-21 00:00:00	BTV	Burlington, VT	Continental Airlines	Passenger Property Loss	Checked Baggage		Other		0.0	Deny
146009	2010030168878	2010-02-22 00:00:00	2010-02-15 12:00:00	BTV	Burlington, VT	Jet Blue	Passenger Property Loss	Checkpoint		Electronics		42.28	Approve in Full
147290	2010040670476	2010-04-01 00:00:00	2010-03-21 00:00:00	BTV	Burlington, VT	Delta Air Lines	Passenger Property Loss	Checked Baggage		Electronics			
147694	2010041970951	2010-04-13 00:00:00	2010-03-25 05:45:00	BTV	Burlington, VT	Continental Airlines	Passenger Property Loss	Checked Baggage		Cosmetics		0.0	Deny
150921	2010073174271	2010-07-22 00:00:00	2010-07-05 00:00:00	BTV	Burlington, VT	UAL	Passenger Property Loss	Checked Baggage		Other			
152180	2010090175564	2010-08-26 00:00:00	2010-05-22 00:00:00	BTV	Burlington, VT	Continental Airlines	Passenger Property Loss	Checked Baggage		Other		0.0	Deny
152221	2010090275623	2010-08-27 00:00:00	2010-08-18 00:00:00	BTV	Burlington, VT	USAir	Passenger Property Loss	Checked Baggage		Clothing & Accessories,Food & Drink		0.0	Deny
152525	2010091375917	2010-09-07 00:00:00	2010-07-31 09:54:00	BTV	Burlington, VT	UAL	Passenger Property Loss	Checked Baggage		Other		0.0	Deny
153264	2010100476660	2010-09-28 00:00:00	2010-09-04 11:30:00	BTV	Burlington, VT	Jet Blue	Passenger Property Loss	Checkpoint		Clothing & Accessories		0.0	Deny
153391	2010091576025	2010-10-04 00:00:00	2010-09-06 00:00:00	BTV	Burlington, VT	UAL	Passenger Property Loss	Checked Baggage		Household Decor		0.0	Deny
153874	2010102377290	2010-10-18 00:00:00	2010-07-04 13:00:00	BTV	Burlington, VT	Jet Blue	Passenger Property Loss	Checked Baggage		Cosmetics		0.0	Deny
153998	2010102777428	2010-10-20 00:00:00	2010-10-10 00:00:00	BTV	Burlington, VT	USAir	Passenger Property Loss	Checked Baggage		Containers		0.0	Deny
154737	2010112678202	2010-11-15 00:00:00	2010-11-02 12:14:00	BTV	Burlington, VT	Delta Air Lines	Passenger Property Loss	Checked Baggage		Clothing & Accessories		19.99	Approve in Full
156425	2012012690471	2011-01-11 00:00:00	2011-01-09 00:00:00	BTV	Burlington, VT	Continental Airlines	Passenger Property Loss	Checkpoint		Clothing & Accessories		151.9	Approve in Full
160274	2011052683792	2011-05-17 00:00:00	2011-05-02 00:00:00	BTV	Burlington, VT	Delta Air Lines	Passenger Property Loss	Checked Baggage		Electronics		0.0	Deny
161474	2011070184904	2011-06-27 00:00:00	2011-05-24 11:04:00	BTV	Burlington, VT	UAL	Passenger Property Loss	Checked Baggage		Household Items,Outdoors Supplies			
162433	2011081185999	2011-07-26 00:00:00	2011-07-17 10:45:00	BTV	Burlington, VT	Jet Blue	Passenger Property Loss	Checked Baggage		Clothing & Accessories			
162852	2011082686428	2011-08-08 00:00:00	2011-06-18 00:00:00	BTV	Burlington, VT	UAL	Passenger Property Loss	Checked Baggage		Other		0.0	Deny
164841	2011102488334	2011-10-14 00:00:00	2011-09-17 13:50:00	BTV	Burlington, VT	Jet Blue	Passenger Property Loss	Checked Baggage		Electronics,Other		0.0	Deny
165044	2011103188558	2011-10-21 00:00:00	2011-09-27 13:50:00	BTV	Burlington, VT	Jet Blue	Passenger Property Loss	Checked Baggage		Outdoors Supplies		0.0	Deny
165081	2011103188589	2011-10-24 00:00:00	2011-10-08 17:15:00	BTV	Burlington, VT		Passenger Property Loss	Checked Baggage		Food & Drink		0.0	Deny
165173	2011102788467	2011-10-26 00:00:00	2011-10-10 00:00:00	BTV	Burlington, VT	UAL	Passenger Property Loss	Checkpoint		Watches & Jewelry		0.0	Deny
165984	2011121689724	2011-11-22 00:00:00	2011-11-18 14:00:00	BTV	Burlington, VT	Continental Airlines	Passenger Property Loss	Checked Baggage		Electronics		0.0	Deny
166225	2011122289818	2011-12-02 00:00:00	2011-10-28 00:00:00	BTV	Burlington, VT	Delta Air Lines	Passenger Property Loss	Checked Baggage		Watches & Jewelry		69.95	Approve in Full
166810	2012011290170	2011-12-27 00:00:00	2011-11-10 00:00:00	BTV	Burlington, VT	Jet Blue	Passenger Property Loss	Checked Baggage		Electronics		0.0	Deny
166949	2012013090509	2011-12-30 00:00:00	2011-11-26 15:00:00	BTV	Burlington, VT	UAL	Passenger Property Loss	Checked Baggage		Other,Cosmetics		55.0	Approve in Full
169616	2012042593194	2012-03-29 00:00:00	2012-03-01 00:00:00	BTV	Burlington, VT	Delta Air Lines	Passenger Property Loss	Checked Baggage		Containers		0.0	Deny
172051	2012072795771	2012-06-25 00:00:00	2012-05-31 00:00:00	BTV	Burlington, VT	USAir	Passenger Property Loss	Checked Baggage		Clothing & Accessories		0.0	Deny
173289	2012091196719	2012-08-08 00:00:00	2012-07-21 00:00:00	BTV	Burlington, VT	USAir	Passenger Property Loss	Checked Baggage		Other		0.0	Deny
173365	2012092197038	2012-08-13 00:00:00	2012-08-08 00:00:00	BTV	Burlington, VT	UAL	Passenger Property Loss	Checked Baggage		Clothing & Accessories		0.0	Deny
174223	2012102397938	2012-09-11 00:00:00	2012-07-21 00:00:00	BTV	Burlington, VT	UAL	Passenger Property Loss	Checked Baggage		Cosmetics			
175143	2012112198825	2012-10-16 00:00:00	2012-10-06 14:25:00	BTV	Burlington, VT	UAL	Passenger Property Loss	Checkpoint		Watches & Jewelry		35.0	Approve in Full
177780	2013022001663	2013-01-25 00:00:00	2013-01-10 00:00:00	BTV	Burlington, VT	Delta Air Lines	Passenger Property Loss	Checked Baggage		Food & Drink		0.0	Deny
179073	2013032502719	2013-03-13 00:00:00	2013-02-15 04:30:00	BTV	Burlington, VT	USAir	Passenger Property Loss	Checked Baggage		Cosmetics,Food & Drink		0.0	Deny
181516	2013080205594	2013-06-14 00:00:00	2013-05-10 06:00:00	BTV	Burlington, VT	Jet Blue	Passenger Property Loss	Checked Baggage		Containers		136.0	Approve in Full
183948	2013102708019	2013-09-05 00:00:00	2013-08-27 05:10:00	BTV	Burlington, VT	USAir	Passenger Property Loss	Checked Baggage		Other			
187029	2014011310769	2014-01-09 00:00:00	2013-12-19 00:00:00	BTV	Burlington, VT	UAL	Passenger Property Loss	Checked Baggage		Scientific Intruments		0.0	Deny
187200	2014011710951	2014-01-09 00:00:00	2013-08-11 00:00:00	BTV	Burlington, VT	Delta Air Lines	Passenger Property Loss	Checked Baggage		Food & Drink		15.0	Approve in Full
190723	2014061114546	2014-06-06 00:00:00	2014-05-13 00:00:00	BTV	Burlington, VT	Jet Blue	Passenger Property Loss	Checked Baggage		Clothing & Accessories		23.76	Approve in Full
192434	2014082816298	2014-08-12 00:00:00	2014-08-01 00:00:00	BTV	Burlington, VT	Delta Air Lines	Passenger Property Loss	Checked Baggage		Clothing & Accessories			
193838	2014101617729	2014-10-09 00:00:00	2014-09-22 00:00:00	BTV	Burlington, VT	USAir	Passenger Property Loss	Checkpoint		Other,Other			
194228	2014103118125	2014-10-28 00:00:00	2014-10-07 00:00:00	BTV	Burlington, VT	Jet Blue	Passenger Property Loss	Checked Baggage		Containers,Clothing & Accessories		0.0	Deny
194563	2014112018469	2014-11-11 00:00:00	2014-10-23 00:00:00	BTV	Burlington, VT	UAL	Passenger Property Loss	Checked Baggage		Other			
196482	2015050122242	2015-04-27 00:00:00	2015-04-11 00:00:00	BTV	Burlington, VT	USAir	Passenger Property Loss	Checked Baggage		Cosmetics		0.0	Deny
196484	2015110626661	2015-10-20 00:00:00	2015-10-06 00:00:00	BTV	Burlington, VT	UAL	Passenger Property Loss	Checked Baggage		Electronics		0.0	Deny
196485	2015120427304	2015-11-16 00:00:00	2015-11-04 00:00:00	BTV	Burlington, VT	Jet Blue	Passenger Property Loss	Checked Baggage		Cosmetics		15.0	Approve in Full
196486	2015120427308	2015-11-16 00:00:00	2015-10-26 00:00:00	BTV	Burlington, VT	American Airlines	Passenger Property Loss	Checked Baggage		Cosmetics		15.0	Approve in Full
196487	2015120427311	2015-11-16 00:00:00	2015-10-18 00:00:00	BTV	Burlington, VT	American Airlines	Passenger Property Loss	Checked Baggage		Cosmetics		15.0	Approve in Full
205115	2016100634496	2016-08-10 00:00:00	2016-07-22 10:00:00	BTV	Burlington, VT Burlington, VT	American Airlines	Passenger Property Loss	Checked Baggage		Cosmetics		19.42	Approve in Full
205116	2016053131866	2016-05-16 00:00:00	2016-05-09 14:00:00	BTV	Burlington, VT Burlington, VT	Jet Blue	Passenger Property Loss	Checked Baggage		Watches & Jewelry		0.0	Deny
205117	2016110835639	2016-10-13 00:00:00	2016-07-22 10:00:00	BTV	Burlington, VT Burlington, VT	American Airlines	Passenger Property Loss	Checked Baggage		Cosmetics			In Review
205119	2016022929220	2016-02-01 00:00:00	2016-01-04 00:00:00	BTV	Burlington, VT Burlington, VT	Westjet Airlines Ltd	Passenger Property Loss	Checked Baggage		Cosmetics		84.42	Settle
213348	2017050439221	2017-04-08 00:00:00	2017-03-13 00:00:00	BTV	Burlington, VT Burlington, VT	Delta Air Lines	Passenger Property Loss	Checked Baggage		Outdoors Supplies		33.9	Approve in Full