id	claim_number	date_received	incident_date	airport_code	airport_name	airline	claim_type	claim_site	claim_amount	items	status	close_amount	disposition
465	21519	2002-12-03 00:00:00	2002-11-15 00:00:00	BUF	Buffalo Niagara International	Delta Air Lines	Passenger Property Loss	Checkpoint	66.5	Watches & Jewelry	Approved	67.0	Approve in Full
1097	0616543L	2003-01-02 00:00:00	2002-12-21 00:00:00	BUF	Buffalo Niagara International		Passenger Property Loss	Checked Baggage	30.0	Containers	Settled	15.0	Settle
1787	0123017L	2003-01-23 00:00:00	2003-01-05 00:00:00	BUF	Buffalo Niagara International		Passenger Property Loss	Checked Baggage	200.0	Other	Approved	200.0	Approve in Full
2199	0204007L	2003-02-04 00:00:00	2003-01-03 00:00:00	BUF	Buffalo Niagara International	Southwest Airlines	Passenger Property Loss	Checked Baggage	45.0	Clothing & Accessories	Approved	45.0	Approve in Full
2271	0205047L	2003-02-05 00:00:00	2003-01-12 00:00:00	BUF	Buffalo Niagara International	USAir	Passenger Property Loss	Checked Baggage	43.15	Other	Approved	43.15	Approve in Full
2632	0220014L	2003-02-20 00:00:00	2003-01-06 00:00:00	BUF	Buffalo Niagara International	USAir	Passenger Property Loss	Checked Baggage	200.0	Clothing & Accessories	Approved	200.0	Approve in Full
3250	0305069L	2003-03-05 00:00:00	2003-01-06 00:00:00	BUF	Buffalo Niagara International	USAir	Passenger Property Loss	Checked Baggage	149.0	Clothing & Accessories,Tools & Machines	Approved	149.0	Approve in Full
3502	0311179L	2003-03-11 00:00:00	2003-01-18 00:00:00	BUF	Buffalo Niagara International	Northwest Airlines	Passenger Property Loss	Checked Baggage	153.0	Other	Denied	0.0	Deny
3559	0311166L	2003-03-11 00:00:00	2003-01-06 00:00:00	BUF	Buffalo Niagara International	Continental Airlines	Passenger Property Loss	Checked Baggage	459.99	Electronics	Settled	148.73	Settle
3617	0313025L	2003-03-13 00:00:00	2003-01-13 00:00:00	BUF	Buffalo Niagara International	Southwest Airlines	Passenger Property Loss	Checked Baggage	1195.0	Watches & Jewelry	Denied	0.0	Deny
3873	0318016L	2003-03-18 00:00:00	2003-02-22 00:00:00	BUF	Buffalo Niagara International	Jet Blue	Passenger Property Loss	Checked Baggage	240.0	Other	Settled	140.0	Settle
3923	0319015L	2003-03-19 00:00:00	2003-02-28 00:00:00	BUF	Buffalo Niagara International	Southwest Airlines	Passenger Property Loss	Checked Baggage	25.0	Clothing & Accessories	Approved	25.0	Approve in Full
4308	0328022L	2003-03-28 00:00:00	2003-02-28 00:00:00	BUF	Buffalo Niagara International		Passenger Property Loss	Checkpoint	7.02	Other	Approved	7.0	Approve in Full
5778	0428082L	2003-04-28 00:00:00	2003-04-16 00:00:00	BUF	Buffalo Niagara International	Northwest Airlines	Passenger Property Loss	Checked Baggage	2056.76	Electronics	Settled	1039.99	Settle
5896	0430014L	2003-04-30 00:00:00	2003-12-30 00:00:00	BUF	Buffalo Niagara International		Passenger Property Loss	Checked Baggage	240.0	Clothing & Accessories	Settled	120.0	Settle
6161	0506075L	2003-05-06 00:00:00	2003-03-25 00:00:00	BUF	Buffalo Niagara International	Jet Blue	Passenger Property Loss	Checked Baggage		Other	Insufficient, one of the following items required: sum certain, statement of fact, signature, location of incident, and date.		
6307	0513014L	2003-05-13 00:00:00	2003-04-12 00:00:00	BUF	Buffalo Niagara International	American Airlines	Passenger Property Loss	Checked Baggage	17.22	Other	Approved	17.22	Approve in Full
6429	0514141L	2003-05-14 00:00:00	2003-03-28 00:00:00	BUF	Buffalo Niagara International	Jet Blue	Passenger Property Loss	Checked Baggage	500.0	Electronics	Approved	500.0	Approve in Full
6657	0520086L	2003-05-20 00:00:00	2003-05-01 00:00:00	BUF	Buffalo Niagara International	AirTran Airlines	Passenger Property Loss	Checked Baggage	244.26	Clothing & Accessories	Approved	244.26	Approve in Full
6697	0520237L	2003-05-20 00:00:00	2003-04-13 00:00:00	BUF	Buffalo Niagara International		Passenger Property Loss	Checked Baggage	649.5	Cosmetics	Approved	649.5	Approve in Full
6842	0520117L	2003-05-20 00:00:00	2003-04-14 00:00:00	BUF	Buffalo Niagara International		Passenger Property Loss	Checked Baggage	86.0	Clothing & Accessories	Settled	43.0	Settle
7235	0529105L	2003-05-29 00:00:00	2003-05-03 00:00:00	BUF	Buffalo Niagara International		Passenger Property Loss	Checked Baggage	120.0	Electronics	Denied	0.0	Deny
7265	0529050L	2003-05-29 00:00:00	2003-04-15 00:00:00	BUF	Buffalo Niagara International		Passenger Property Loss	Checked Baggage	70.19	Other	Settled	32.5	Settle
8938	0619042L	2003-06-19 00:00:00	2003-06-11 00:00:00	BUF	Buffalo Niagara International	AirTran Airlines	Passenger Property Loss	Checked Baggage	8.72	Other	Approved	8.72	Approve in Full
8946	0619065L	2003-06-19 00:00:00	2003-05-26 00:00:00	BUF	Buffalo Niagara International	Southwest Airlines	Passenger Property Loss	Checked Baggage	231.0	Other	Approved	231.0	Approve in Full
9037	0620005M	2003-06-20 00:00:00	2003-05-30 00:00:00	BUF	Buffalo Niagara International	American Airlines	Passenger Property Loss	Checked Baggage	706.0	Other	Settled	353.0	Settle
9738	0701064M	2003-07-01 00:00:00	2003-02-04 00:00:00	BUF	Buffalo Niagara International	USAir	Passenger Property Loss	Checked Baggage	1500.0	Electronics	Denied	0.0	Deny
10075	0707077M	2003-07-07 00:00:00	2003-06-20 00:00:00	BUF	Buffalo Niagara International		Passenger Property Loss	Checkpoint	40.0	Other	Approved	40.0	Approve in Full
10207	0708080M	2003-07-08 00:00:00	2003-06-16 00:00:00	BUF	Buffalo Niagara International	USAir	Passenger Property Loss	Checked Baggage	60.9	Clothing & Accessories	Approved	60.9	Approve in Full
10557	0711040M	2003-07-11 00:00:00	2003-06-07 00:00:00	BUF	Buffalo Niagara International	Southwest Airlines	Passenger Property Loss	Checked Baggage	148.57	Clothing & Accessories	Approved	148.57	Approve in Full
10560	0711058M	2003-07-11 00:00:00	2003-06-18 00:00:00	BUF	Buffalo Niagara International	Southwest Airlines	Passenger Property Loss	Checked Baggage	10.92	Other	Approved	10.92	Approve in Full
10682	0714132M	2003-07-14 00:00:00	2003-06-25 00:00:00	BUF	Buffalo Niagara International	USAir	Passenger Property Loss	Checked Baggage	325.0	Other	Canceled		
10783	0714153M	2003-07-14 00:00:00	2003-06-25 00:00:00	BUF	Buffalo Niagara International		Passenger Property Loss	Checked Baggage	7.0	Other	Settled	3.5	Settle
10835	0715195M	2003-07-15 00:00:00	2003-06-19 00:00:00	BUF	Buffalo Niagara International		Passenger Property Loss	Checkpoint	237.0	Other	Approved	237.0	Approve in Full
11610	0723128M	2003-07-23 00:00:00	2003-07-02 00:00:00	BUF	Buffalo Niagara International	USAir	Passenger Property Loss	Checked Baggage	42.32	Tools & Machines	Denied	0.0	Deny
12136	0731006M	2003-07-31 00:00:00	2003-06-30 00:00:00	BUF	Buffalo Niagara International	Southwest Airlines	Passenger Property Loss	Checked Baggage	50.0	Clothing & Accessories	Approved	50.0	Approve in Full
12323	0801067M	2003-08-01 00:00:00	2003-04-12 00:00:00	BUF	Buffalo Niagara International	UAL	Passenger Property Loss	Checked Baggage	170.0	Other	Approved	170.0	Approve in Full
12467	0804058M	2003-08-04 00:00:00	2003-04-06 00:00:00	BUF	Buffalo Niagara International	Delta Air Lines	Passenger Property Loss	Checked Baggage	1790.34	Other	Settled	895.17	Settle
12484	0805003M	2003-08-05 00:00:00	2003-05-27 00:00:00	BUF	Buffalo Niagara International	Jet Blue	Passenger Property Loss	Checkpoint	38.0	Clothing & Accessories	Approved	38.0	Approve in Full
12946	0812046M	2003-08-12 00:00:00	2003-06-10 00:00:00	BUF	Buffalo Niagara International		Passenger Property Loss	Checked Baggage	57.49	Other	Approved	57.49	Approve in Full
13927	0821195M	2003-08-21 00:00:00	2003-07-20 00:00:00	BUF	Buffalo Niagara International	UAL	Passenger Property Loss	Checked Baggage	21.55	Other	Canceled		
14597	0828040M	2003-08-28 00:00:00	2003-07-14 00:00:00	BUF	Buffalo Niagara International	Delta Air Lines	Passenger Property Loss	Checked Baggage	500.0	Other	Denied	0.0	Deny
15078	0905063M	2003-09-05 00:00:00	2003-06-10 00:00:00	BUF	Buffalo Niagara International	Northwest Airlines	Passenger Property Loss	Checked Baggage	2.5	Other	Approved	2.5	Approve in Full
16797	0925410M	2003-09-25 00:00:00	2003-08-05 00:00:00	BUF	Buffalo Niagara International		Passenger Property Loss	Checked Baggage	30.0	Other	Settled	15.0	Settle
17250	1003001M	2003-10-03 00:00:00	2003-09-12 00:00:00	BUF	Buffalo Niagara International		Passenger Property Loss	Checked Baggage	32.0	Other	Settled	16.0	Settle
17981	1016049M	2003-10-16 00:00:00	2003-10-01 00:00:00	BUF	Buffalo Niagara International	Delta Air Lines	Passenger Property Loss	Checked Baggage		Watches & Jewelry	Canceled		
18349	1021197M	2003-10-21 00:00:00	2003-05-30 00:00:00	BUF	Buffalo Niagara International	American Airlines	Passenger Property Loss	Checked Baggage	706.0	Other	Denied	0.0	Deny
18988	1022425M	2003-10-22 00:00:00	2003-06-27 00:00:00	BUF	Buffalo Niagara International		Passenger Property Loss	Checked Baggage	45.0	Other	Settled	22.5	Settle
19324	1105114M	2003-11-05 00:00:00	2003-10-14 00:00:00	BUF	Buffalo Niagara International		Passenger Property Loss	Checked Baggage	30.0	Other	Approved	30.0	Approve in Full
19488	1106029M	2003-11-06 00:00:00	2003-10-21 00:00:00	BUF	Buffalo Niagara International		Passenger Property Loss	Checked Baggage	1500.0	Watches & Jewelry	Denied	0.0	Deny
20489	1117113M	2003-11-17 00:00:00	2001-10-31 00:00:00	BUF	Buffalo Niagara International	Northwest Airlines	Passenger Property Loss	Checked Baggage	33.55	Other	Settled	16.78	Settle
23431	1222049M	2003-12-22 00:00:00	2003-10-07 00:00:00	BUF	Buffalo Niagara International	USAir	Passenger Property Loss	Checked Baggage	113.52	Other	Settled	60.0	Settle
23496	1222281M	2003-12-22 00:00:00	2003-10-25 00:00:00	BUF	Buffalo Niagara International	Southwest Airlines	Passenger Property Loss	Checkpoint	100.0	Other	Settled	54.07	Settle
24241	0107611M	2004-01-07 00:00:00	2003-12-18 00:00:00	BUF	Buffalo Niagara International	American Airlines	Passenger Property Loss	Checked Baggage	267.35	Electronics	Approved	267.35	Approve in Full
25663	0129036M	2004-01-29 00:00:00	2004-01-05 00:00:00	BUF	Buffalo Niagara International	Southwest Airlines	Passenger Property Loss	Checked Baggage	22.8	Other	Approved	22.8	Approve in Full
26288	0202375M	2004-02-02 00:00:00	2003-12-27 00:00:00	BUF	Buffalo Niagara International	USAir	Passenger Property Loss	Checked Baggage	50.0	Other	Approved	50.0	Approve in Full
29928	2004050550561	2004-03-11 00:00:00	2003-12-23 00:00:00	BUF	Buffalo Niagara International	Delta Air Lines	Passenger Property Loss	Checked Baggage	120.0	Other	Approved	120.0	Approve in Full
30474	2004051150991	2004-03-15 00:00:00	2004-01-26 00:00:00	BUF	Buffalo Niagara International	Northwest Airlines	Passenger Property Loss	Checked Baggage	50.0	Other	Denied	0.0	Deny
30674	2004072660028	2004-03-18 00:00:00	2004-02-19 00:00:00	BUF	Buffalo Niagara International		Passenger Property Loss	Checkpoint	120.0	Other	Canceled		
31212	2004053053894	2004-03-24 00:00:00	2004-02-03 00:00:00	BUF	Buffalo Niagara International	USAir	Passenger Property Loss	Checked Baggage	60.0	Clothing & Accessories	Approved	60.0	Approve in Full
31304	2004051552299	2004-03-24 00:00:00	2004-03-09 00:00:00	BUF	Buffalo Niagara International	Northwest Airlines	Passenger Property Loss	Checked Baggage	522.54	Clothing & Accessories	Denied	0.0	Deny
32836	2004052853764	2004-04-21 00:00:00	2004-03-14 00:00:00	BUF	Buffalo Niagara International	American Airlines	Passenger Property Loss	Checked Baggage	50.0	Other	Approved	50.0	Approve in Full
33112	2004060153925	2004-04-21 00:00:00	2004-03-21 00:00:00	BUF	Buffalo Niagara International	Continental Airlines	Passenger Property Loss	Checked Baggage	782.0	Watches & Jewelry	Denied	0.0	Deny
33400	2004060354526	2004-04-21 00:00:00	2003-02-17 00:00:00	BUF	Buffalo Niagara International	USAir	Passenger Property Loss	Checked Baggage	264.0	Clothing & Accessories	Settled	158.4	Settle
34030	2004060354420	2004-05-03 00:00:00	2004-04-09 00:00:00	BUF	Buffalo Niagara International	Continental Airlines	Passenger Property Loss	Checked Baggage	2709.98	Watches & Jewelry	Settled	2159.98	Settle
35412	2004051752582	2004-05-14 00:00:00	2004-02-20 00:00:00	BUF	Buffalo Niagara International		Passenger Property Loss	Checked Baggage	249.99	Electronics	Settled	125.0	Settle
37311	2004062857622	2004-06-08 00:00:00	2004-06-01 00:00:00	BUF	Buffalo Niagara International	Jet Blue	Passenger Property Loss	Checked Baggage	130.52	Clothing & Accessories	Approved	130.52	Approve in Full
38708	2004071259017	2004-06-28 00:00:00	2004-05-27 00:00:00	BUF	Buffalo Niagara International		Passenger Property Loss	Checked Baggage	5.31	Other	Approved	5.31	Approve in Full
39445	2004072059827	2004-07-07 00:00:00	2004-06-25 00:00:00	BUF	Buffalo Niagara International		Passenger Property Loss	Checked Baggage	955.0	Electronics	Settled	550.18	Settle
39856	2004070758672	2004-07-10 00:00:00	2004-06-04 00:00:00	BUF	Buffalo Niagara International	Delta Air Lines	Passenger Property Loss	Checked Baggage	49.0	Other	Approved	49.0	Approve in Full
40632	2004090161868	2004-07-20 00:00:00	2004-06-20 00:00:00	BUF	Buffalo Niagara International	Continental Airlines	Passenger Property Loss	Checked Baggage	1174.0	Watches & Jewelry	Denied	0.0	Deny
40809	2004082661409	2004-07-23 00:00:00	2004-06-14 00:00:00	BUF	Buffalo Niagara International	USAir	Passenger Property Loss	Checked Baggage	106.63	Watches & Jewelry	Approved	106.63	Approve in Full
41006	2004080360384	2004-07-27 00:00:00	2004-06-16 00:00:00	BUF	Buffalo Niagara International	UAL	Passenger Property Loss	Checked Baggage	50.0	Clothing & Accessories	Approved	50.0	Approve in Full
42062	2004090862353	2004-08-09 00:00:00	2004-08-02 00:00:00	BUF	Buffalo Niagara International	USAir	Passenger Property Loss	Checked Baggage	95.0	Other	Denied	0.0	Deny
42339	2004092763870	2004-08-10 00:00:00	2004-04-20 00:00:00	BUF	Buffalo Niagara International	Continental Airlines	Passenger Property Loss	Checkpoint	842.44	Other	Denied	359.2	Deny
42503	2004100564596	2004-08-11 00:00:00	2004-07-12 00:00:00	BUF	Buffalo Niagara International	Jet Blue	Passenger Property Loss	Checked Baggage	238.99	Clothing & Accessories	Settled	203.14	Settle
42511	2004091362793	2004-08-12 00:00:00	2004-06-25 00:00:00	BUF	Buffalo Niagara International	Southwest Airlines	Passenger Property Loss	Checked Baggage	25.0	Clothing & Accessories	Approved	25.0	Approve in Full
42652	2004092363680	2004-08-13 00:00:00	2004-01-24 00:00:00	BUF	Buffalo Niagara International	Southwest Airlines	Passenger Theft	Checked Baggage	770.0	Other	Settled	385.0	Settle
42674	2004092463858	2004-08-16 00:00:00	2004-07-06 00:00:00	BUF	Buffalo Niagara International		Passenger Property Loss	Checked Baggage	35.0	Other	Approved	35.0	Approve in Full
42937	2004092964237	2004-08-19 00:00:00	2004-05-17 00:00:00	BUF	Buffalo Niagara International	Delta Air Lines	Passenger Property Loss	Checked Baggage	75.0	Other	Settled	50.0	Settle
45181	2004102165411	2004-09-17 00:00:00	2004-08-26 00:00:00	BUF	Buffalo Niagara International		Passenger Property Loss	Checked Baggage	180.0	Clothing & Accessories	Approved	180.0	Approve in Full
45499	2004103065925	2004-09-20 00:00:00	2004-08-30 00:00:00	BUF	Buffalo Niagara International	UAL	Passenger Property Loss	Checked Baggage	300.0	Electronics	Settled	180.19	Settle
46337	2004110566460	2004-09-29 00:00:00	2004-07-21 00:00:00	BUF	Buffalo Niagara International	AirTran Airlines	Passenger Property Loss	Checked Baggage	236.19	Other	Settled	118.09	Settle
46565	2004111567015	2004-10-05 00:00:00	2004-09-16 00:00:00	BUF	Buffalo Niagara International	UAL	Passenger Property Loss	Checked Baggage	80.0	Other	Approved	80.0	Approve in Full
47648	2004120368374	2004-10-18 00:00:00	2004-09-07 00:00:00	BUF	Buffalo Niagara International	USAir	Passenger Property Loss	Checked Baggage	49.5	Other	Denied		Deny
48610	2004122169821	2004-10-28 00:00:00	2004-10-11 00:00:00	BUF	Buffalo Niagara International		Passenger Property Loss	Checked Baggage	110.0	Watches & Jewelry	Approved	110.0	Approve in Full
50099	2004122270568	2004-11-16 00:00:00	2004-11-05 00:00:00	BUF	Buffalo Niagara International	Delta Air Lines	Passenger Property Loss	Checked Baggage	300.0	Other	Denied		Deny
50457	2004122770975	2004-11-22 00:00:00	2004-10-26 00:00:00	BUF	Buffalo Niagara International	USAir	Passenger Property Loss	Checkpoint	500.0	Watches & Jewelry	Denied	500.0	Deny
52110	2005010472562	2004-12-14 00:00:00	2004-11-29 00:00:00	BUF	Buffalo Niagara International	Northwest Airlines	Passenger Property Loss	Checked Baggage	2084.98	Electronics	Denied	0.0	Deny
52289	2005010572787	2004-12-17 00:00:00	2004-10-08 00:00:00	BUF	Buffalo Niagara International	USAir	Passenger Property Loss	Checked Baggage	133.0	Other	Approved	133.0	Approve in Full
52772	2005011173460	2004-12-21 00:00:00	2004-11-13 00:00:00	BUF	Buffalo Niagara International	Northwest Airlines	Passenger Property Loss	Checked Baggage	540.0	Other	Settled	270.0	Settle
52781	2005011173455	2004-12-22 00:00:00	2004-11-28 00:00:00	BUF	Buffalo Niagara International	Air Tran Airlines(do not use)	Passenger Property Loss	Checked Baggage	44.96	Other	Approved	44.96	Approve in Full
52985	2005011473701	2004-12-28 00:00:00	2004-12-21 00:00:00	BUF	Buffalo Niagara International		Passenger Property Loss	Checked Baggage	100.0	Other	Approved	100.0	Approve in Full
52994	2005011973752	2004-12-28 00:00:00	2004-10-27 00:00:00	BUF	Buffalo Niagara International		Passenger Property Loss	Checked Baggage	104.88	Other	Approved	104.88	Approve in Full
53113	2005012173849	2004-12-28 00:00:00	2004-12-10 00:00:00	BUF	Buffalo Niagara International	Jet Blue	Passenger Property Loss	Checked Baggage	385.0	Clothing & Accessories	Denied	0.0	Deny
53879	2005022376698	2005-01-08 00:00:00	2004-12-22 00:00:00	BUF	Buffalo Niagara International	Air Tran Airlines(do not use)	Passenger Property Loss	Checkpoint	10.57	Other	Approved	10.57	Approve in Full
55779	2005022276613	2005-01-27 00:00:00	2005-01-12 00:00:00	BUF	Buffalo Niagara International	AirTran Airlines	Passenger Property Loss	Checked Baggage	415.0	Electronics	Denied	0.0	Deny
56394	2005031177717	2005-02-03 00:00:00	2004-12-20 00:00:00	BUF	Buffalo Niagara International		Passenger Property Loss	Checked Baggage	225.0	Supplies	Denied	0.0	Deny
57049	2005021175946	2005-02-11 00:00:00	2004-11-08 00:00:00	BUF	Buffalo Niagara International	USAir	Passenger Property Loss	Checked Baggage	49.0	Clothing & Accessories	Approved	49.0	Approve in Full
57477	2005031678512	2005-02-16 00:00:00	2005-01-19 00:00:00	BUF	Buffalo Niagara International	USAir	Passenger Property Loss	Checked Baggage	1042.02	Clothing & Accessories	Denied	0.0	Deny
57583	2005032379491	2005-02-18 00:00:00	2004-12-29 00:00:00	BUF	Buffalo Niagara International	Delta Air Lines	Passenger Property Loss	Checked Baggage		Other	Insufficient, one of the following items required: sum certain, statement of fact, signature, location of incident, and date.		
58247	2005032279084	2005-03-03 00:00:00	2005-01-08 00:00:00	BUF	Buffalo Niagara International	Delta Air Lines	Passenger Property Loss	Checked Baggage	208.91	Supplies	Denied		Deny
59130	2005032879997	2005-03-09 00:00:00	2004-12-20 00:00:00	BUF	Buffalo Niagara International	Northwest Airlines	Passenger Property Loss	Checked Baggage	823.99	Watches & Jewelry	Settled	412.0	Settle
59542	2005032980239	2005-03-16 00:00:00	2005-02-24 00:00:00	BUF	Buffalo Niagara International		Passenger Property Loss	Checked Baggage	720.0	Watches & Jewelry	Settled	75.0	Settle
60349	2005040481287	2005-03-29 00:00:00	2005-02-19 00:00:00	BUF	Buffalo Niagara International	UAL	Passenger Property Loss	Checked Baggage	5800.0	Watches & Jewelry	Denied	0.0	Deny
60575	2005040581640	2005-03-30 00:00:00	2005-02-24 00:00:00	BUF	Buffalo Niagara International	Air Tran Airlines(do not use)	Passenger Property Loss	Checked Baggage	366.0	Clothing & Accessories	Denied	0.0	Deny
60837	2005040781871	2005-04-05 00:00:00	2005-03-21 00:00:00	BUF	Buffalo Niagara International	Southwest Airlines	Passenger Property Loss	Checked Baggage	258.14	Watches & Jewelry	Canceled	0.0	
62532	2005042783498	2005-04-26 00:00:00	2005-04-12 00:00:00	BUF	Buffalo Niagara International	Continental Airlines	Passenger Property Loss	Checked Baggage	20.99	Tools & Machines	Approved	20.99	Approve in Full
62999	2005050383935	2005-05-02 00:00:00		BUF	Buffalo Niagara International		Passenger Property Loss	Checked Baggage	6.48	Other	Denied	0.0	Deny
63238	2005050684216	2005-05-04 00:00:00	2005-04-10 00:00:00	BUF	Buffalo Niagara International	UAL	Passenger Property Loss	Checked Baggage	1015.0	Musical Intruments	Denied	0.0	Deny
63240	2005050684220	2005-05-04 00:00:00	2005-02-08 00:00:00	BUF	Buffalo Niagara International	Independence Air	Passenger Property Loss	Checkpoint	1256.94	Watches & Jewelry	Denied	0.0	Deny
63792	2005051384623	2005-05-12 00:00:00	2005-03-13 00:00:00	BUF	Buffalo Niagara International		Passenger Property Loss	Checked Baggage		Other	Insufficient, one of the following items required: sum certain, statement of fact, signature, location of incident, and date.		
64241	2005051985126	2005-05-18 00:00:00	2005-02-01 00:00:00	BUF	Buffalo Niagara International	Southwest Airlines	Passenger Property Loss	Checkpoint	82.67	Clothing & Accessories	Approved	82.67	Approve in Full
64492	2005052485427	2005-05-23 00:00:00	2005-03-29 00:00:00	BUF	Buffalo Niagara International	UAL	Passenger Property Loss	Checked Baggage	42.69	Other	Approved	42.69	Approve in Full
64613	2005060285664	2005-05-24 00:00:00	2005-05-10 00:00:00	BUF	Buffalo Niagara International	Independence Air	Passenger Property Loss	Checked Baggage	15.0	Watches & Jewelry	Approved	15.0	Approve in Full
65135	2005061086136	2005-06-01 00:00:00	2005-05-16 00:00:00	BUF	Buffalo Niagara International		Passenger Property Loss	Checked Baggage	6.0	Tools & Machines	Approved	6.0	Approve in Full
65171	2005060885980	2005-06-01 00:00:00	2005-02-02 00:00:00	BUF	Buffalo Niagara International		Passenger Property Loss	Checked Baggage	149.95	Clothing & Accessories	Denied	0.0	Deny
65376	2005062086610	2005-06-03 00:00:00	2005-05-23 00:00:00	BUF	Buffalo Niagara International	Delta Air Lines	Passenger Property Loss	Checked Baggage	723.02	Electronics	Approved	723.02	Approve in Full
66452	2005062887449	2005-06-20 00:00:00	2005-05-24 00:00:00	BUF	Buffalo Niagara International	Southwest Airlines	Passenger Property Loss	Checked Baggage	47.87	Clothing & Accessories	Approved	47.87	Approve in Full
66641	2005062887522	2005-06-21 00:00:00	2005-05-16 00:00:00	BUF	Buffalo Niagara International	Delta Air Lines	Passenger Property Loss	Checkpoint	1000.0	Watches & Jewelry	Denied	0.0	Deny
67121	2005070788405	2005-06-28 00:00:00	2005-05-11 00:00:00	BUF	Buffalo Niagara International	Jet Blue	Passenger Property Loss	Checked Baggage	1341.48	Other	Denied	0.0	Deny
67372	2005071188552	2005-07-05 00:00:00	2005-06-21 00:00:00	BUF	Buffalo Niagara International	Southwest Airlines	Passenger Property Loss	Checked Baggage	14.03	Tools & Machines	Approved	14.03	Approve in Full
67651	2005071288663	2005-07-08 00:00:00	2005-06-14 00:00:00	BUF	Buffalo Niagara International	USAir	Passenger Property Loss	Checked Baggage	9.69	Tools & Machines	Approved	9.69	Approve in Full
67664	2005071388827	2005-07-08 00:00:00	2005-04-07 00:00:00	BUF	Buffalo Niagara International	American Eagle	Passenger Property Loss	Checkpoint	319.99	Electronics	Approved	319.99	Approve in Full
69172	2005080890134	2005-08-01 00:00:00	2005-04-23 00:00:00	BUF	Buffalo Niagara International	Continental Airlines	Passenger Property Loss	Checked Baggage	396.39	Containers	Denied	0.0	Deny
69876	2005080890198	2005-08-09 00:00:00	2005-07-26 00:00:00	BUF	Buffalo Niagara International	UAL	Passenger Property Loss	Checked Baggage	414.95	Clothing & Accessories	Settled	99.29	Settle
70159	2005082391178	2005-08-16 00:00:00	2005-07-05 00:00:00	BUF	Buffalo Niagara International	Continental Airlines	Passenger Property Loss	Checked Baggage	346.11	Clothing & Accessories	Canceled	0.0	
70936	2005090192031	2005-08-29 00:00:00	2005-03-28 00:00:00	BUF	Buffalo Niagara International		Passenger Property Loss	Checked Baggage	8.4	Tools & Machines	Approved	8.4	Approve in Full
72206	2005092993417	2005-09-19 00:00:00	2005-08-31 00:00:00	BUF	Buffalo Niagara International	Continental Airlines	Passenger Property Loss	Checked Baggage	364.92	Electronics	Approved	364.92	Approve in Full
73074	2005100694232	2005-10-03 00:00:00	2005-09-21 00:00:00	BUF	Buffalo Niagara International	Southwest Airlines	Passenger Property Loss	Checked Baggage	44.7	Other	Approved	44.7	Approve in Full
74015	2005102495107	2005-10-18 00:00:00	2005-09-23 00:00:00	BUF	Buffalo Niagara International	Southwest Airlines	Passenger Property Loss	Checked Baggage	368.03	Electronics	Denied	0.0	Deny
74913	2005111496021	2005-11-02 00:00:00	2005-10-11 00:00:00	BUF	Buffalo Niagara International	Southwest Airlines	Passenger Property Loss	Checked Baggage	100.0	Other	Denied	0.0	Deny
75443	2005113096724	2005-11-15 00:00:00	2005-10-26 00:00:00	BUF	Buffalo Niagara International	USAir	Passenger Property Loss	Checked Baggage	139.87	Other	Approved	139.87	Approve in Full
75604	2005113096717	2005-11-15 00:00:00	2005-09-25 00:00:00	BUF	Buffalo Niagara International	American Airlines	Passenger Property Loss	Checked Baggage	210.0	Other	Settled	90.12	Settle
75661	2005120196759	2005-11-18 00:00:00	2005-09-28 00:00:00	BUF	Buffalo Niagara International	Southwest Airlines	Passenger Property Loss	Checked Baggage	101.65	Clothing & Accessories	Approved	101.65	Approve in Full
76096	2005120797101	2005-11-28 00:00:00	2005-09-10 00:00:00	BUF	Buffalo Niagara International	Northwest Airlines	Passenger Property Loss	Checked Baggage	45.88	Containers	Denied	0.0	Deny
76515	2005121397577	2005-12-05 00:00:00	2005-10-27 00:00:00	BUF	Buffalo Niagara International	USAir	Passenger Property Loss	Checked Baggage	77.0	Electronics	Denied	0.0	Deny
76746	2005121497754	2005-12-07 00:00:00	2005-11-23 00:00:00	BUF	Buffalo Niagara International	UAL	Passenger Property Loss	Checkpoint	153.6	Supplies	Denied	0.0	Deny
76929	2005121697903	2005-12-12 00:00:00	2005-10-17 00:00:00	BUF	Buffalo Niagara International	Southwest Airlines	Passenger Property Loss	Checkpoint	25000.0	Watches & Jewelry	Denied	0.0	Deny
76999	2005122198220	2005-12-13 00:00:00	2005-10-11 00:00:00	BUF	Buffalo Niagara International	Southwest Airlines	Passenger Property Loss	Checked Baggage	325.0	Clothing & Accessories	Approved	325.0	Approve in Full
77527	2006010598846	2005-12-22 00:00:00	2005-09-29 00:00:00	BUF	Buffalo Niagara International	Jet Blue	Passenger Property Loss	Checked Baggage		Watches & Jewelry	Insufficient, one of the following items required: sum certain, statement of fact, signature, location of incident, and date.		
77589	2006010598825	2005-12-23 00:00:00	2005-12-18 00:00:00	BUF	Buffalo Niagara International	Delta Air Lines	Passenger Property Loss	Checkpoint	661.0	Watches & Jewelry	Denied	0.0	Deny
77801	2006010598914	2005-12-28 00:00:00	2005-12-17 00:00:00	BUF	Buffalo Niagara International	Jet Blue	Passenger Property Loss	Checkpoint	450.0	Other	Settled	389.32	Settle
80307	2006021301455	2006-02-07 00:00:00	2006-06-02 00:00:00	BUF	Buffalo Niagara International	Northwest Airlines	Passenger Property Loss	Checked Baggage	491.37	Clothing & Accessories,Cosmetics	Denied	0.0	Deny
80616	2006022101844	2006-02-13 00:00:00	2006-02-09 00:00:00	BUF	Buffalo Niagara International	USAir	Passenger Property Loss	Checked Baggage	2500.0	Electronics	Denied	0.0	Deny
81184	2006030202358	2006-02-24 00:00:00	2006-01-17 00:00:00	BUF	Buffalo Niagara International	Southwest Airlines	Passenger Property Loss	Checked Baggage	200.0	Watches & Jewelry	Approved	200.0	Approve in Full
81482	2006030702657	2006-03-01 00:00:00	2006-02-09 00:00:00	BUF	Buffalo Niagara International		Passenger Property Loss	Checked Baggage	208.0	Electronics	Denied	0.0	Deny
82739	2006040403951	2006-03-23 00:00:00	2006-03-14 00:00:00	BUF	Buffalo Niagara International	Delta Air Lines	Passenger Property Loss	Checked Baggage	41.94	Other	Denied	0.0	Deny
83312	2006041404618	2006-04-04 00:00:00	2006-01-27 00:00:00	BUF	Buffalo Niagara International		Passenger Property Loss	Checked Baggage	7.44	Tools & Machines	Approved	7.44	Approve in Full
83830	2006042405150	2006-04-14 00:00:00	2006-04-09 00:00:00	BUF	Buffalo Niagara International	Southwest Airlines	Passenger Property Loss	Checked Baggage	4.76	Other	Approved	4.76	Approve in Full
86733	2006081110802	2006-06-13 00:00:00	2006-04-26 00:00:00	BUF	Buffalo Niagara International	Southwest Airlines	Passenger Property Loss	Checked Baggage	130.0	Clothing & Accessories,Other,Outdoors Supplies	Denied	0.0	Deny
86769	2006061508044	2006-06-14 00:00:00	2006-05-24 00:00:00	BUF	Buffalo Niagara International	Continental Airlines	Passenger Property Loss	Checkpoint	5.35	Clothing & Accessories	Approved	5.35	Approve in Full
86829	2006061508054	2006-06-14 00:00:00	2006-06-05 00:00:00	BUF	Buffalo Niagara International	Southwest Airlines	Passenger Property Loss	Checkpoint	1305.82	Watches & Jewelry	Settled	804.75	Settle
87184	2006062208445	2006-06-22 00:00:00	2006-05-30 00:00:00	BUF	Buffalo Niagara International	USAir	Passenger Property Loss	Checked Baggage	30.0	Office Supplies,Other	Approved	30.0	Approve in Full
87226	2006062308510	2006-06-22 00:00:00	2006-06-09 00:00:00	BUF	Buffalo Niagara International	American Airlines	Passenger Property Loss	Checked Baggage	1000.0	Containers,Watches & Jewelry	Denied	0.0	Deny
87686	2006070508933	2006-07-03 00:00:00	2006-06-01 00:00:00	BUF	Buffalo Niagara International	UAL	Passenger Property Loss	Checked Baggage	55.98	Outdoors Supplies	Approved	55.98	Approve in Full
87991	2006072510030	2006-07-07 00:00:00	2006-05-26 00:00:00	BUF	Buffalo Niagara International	USAir	Passenger Property Loss	Checked Baggage	1382.67	Watches & Jewelry	Denied	0.0	Deny
87999	2006071009179	2006-07-07 00:00:00	2006-06-10 00:00:00	BUF	Buffalo Niagara International	Southwest Airlines	Passenger Property Loss	Checked Baggage	90.0	Electronics,Outdoors Supplies	Settled	45.0	Settle
88461	2006071909799	2006-07-17 00:00:00	2006-07-10 00:00:00	BUF	Buffalo Niagara International	UAL	Passenger Property Loss	Checked Baggage	100.75	Clothing & Accessories	Canceled	0.0	
89920	2006081511051	2006-08-14 00:00:00	2006-07-28 00:00:00	BUF	Buffalo Niagara International	AirTran Airlines	Passenger Property Loss	Checked Baggage	500.0	Clothing & Accessories,Electronics,Watches & Jewelry,Cosmetics	Settled	250.0	Settle
90034	2006082111338	2006-08-16 00:00:00	2006-08-08 00:00:00	BUF	Buffalo Niagara International	Southwest Airlines	Passenger Property Loss	Checked Baggage	425.0	Electronics	Settled	150.0	Settle
90326	2006082311465	2006-08-22 00:00:00	2006-07-20 00:00:00	BUF	Buffalo Niagara International	Jet Blue	Passenger Property Loss	Checked Baggage	332.06	Electronics	Denied	0.0	Deny
90640	2006090111904	2006-08-28 00:00:00	2006-07-17 00:00:00	BUF	Buffalo Niagara International	UAL	Passenger Property Loss	Checked Baggage	92.0	Clothing & Accessories	Denied	0.0	Deny
91275	2006091512602	2006-09-08 00:00:00	2006-08-31 00:00:00	BUF	Buffalo Niagara International	UAL	Passenger Property Loss	Checked Baggage	38.49	Electronics	Approved	38.49	Approve in Full
92389	2006101013757	2006-09-29 00:00:00	2006-09-16 00:00:00	BUF	Buffalo Niagara International	Air Tran Airlines(do not use)	Passenger Property Loss	Checkpoint	98.0	Cosmetics,Containers	Settled	30.0	Settle
92398	2006100613743	2006-10-02 00:00:00	2006-09-04 00:00:00	BUF	Buffalo Niagara International	Jet Blue	Passenger Property Loss	Checked Baggage	89.5	Clothing & Accessories	Approved	89.5	Approve in Full
92577	2006101113841	2006-10-04 00:00:00	2006-09-09 00:00:00	BUF	Buffalo Niagara International	Jet Blue	Passenger Property Loss	Checked Baggage	1289.0	Electronics	Denied	0.0	Deny
92592	2006101013766	2006-10-04 00:00:00	2006-08-30 00:00:00	BUF	Buffalo Niagara International	AirTran Airlines	Passenger Property Loss	Checked Baggage	208.96	Clothing & Accessories,Clothing & Accessories,Containers,Other	Settled	212.42	Settle
92813	2006101714093	2006-10-10 00:00:00	2006-08-21 00:00:00	BUF	Buffalo Niagara International	Delta Air Lines	Passenger Property Loss	Checked Baggage	800.0	Electronics	Settled	286.19	Settle
93726	2006110615169	2006-10-26 00:00:00	2006-10-10 00:00:00	BUF	Buffalo Niagara International	Southwest Airlines	Passenger Property Loss	Checked Baggage	559.96	Electronics,Electronics	Settled	276.75	Settle
93980	2006110815335	2006-11-01 00:00:00	2006-10-21 00:00:00	BUF	Buffalo Niagara International	Jet Blue	Passenger Property Loss	Checked Baggage	1446.14	Electronics	Denied	0.0	Deny
94423	2006111515656	2006-11-09 00:00:00	2006-11-05 00:00:00	BUF	Buffalo Niagara International	Continental Airlines	Passenger Property Loss	Checked Baggage	300.0	Electronics	Settled	221.86	Settle
94500	2006111715779	2006-11-13 00:00:00	2006-10-12 00:00:00	BUF	Buffalo Niagara International	Jet Blue	Passenger Property Loss	Checkpoint	800.0	Watches & Jewelry	Denied	0.0	Deny
94699	2006112416183	2006-11-15 00:00:00	2006-11-08 00:00:00	BUF	Buffalo Niagara International	Jet Blue	Passenger Property Loss	Checked Baggage	260.98	Games & Toys	Denied	0.0	Deny
95047	2006112816302	2006-11-22 00:00:00	2006-10-21 00:00:00	BUF	Buffalo Niagara International	Jet Blue	Passenger Property Loss	Checked Baggage	1535.0	Watches & Jewelry,Watches & Jewelry,Supplies	Denied	0.0	Deny
95975	2006121817338	2006-12-11 00:00:00	2005-12-10 00:00:00	BUF	Buffalo Niagara International	Jet Blue	Passenger Property Loss	Checked Baggage	6942.11	Clothing & Accessories,Cosmetics,Containers,Containers	Denied	0.0	Deny
96538	2006122617933	2006-12-21 00:00:00	2006-12-06 00:00:00	BUF	Buffalo Niagara International	Delta Air Lines	Passenger Property Loss	Checked Baggage	135.0	Clothing & Accessories	Approved	135.0	Approve in Full
97410	2007011018589	2007-01-05 00:00:00	2006-12-30 00:00:00	BUF	Buffalo Niagara International	Delta Air Lines	Passenger Property Loss	Checked Baggage	158.14	Clothing & Accessories,Other	Approved	158.14	Approve in Full
98860	2007020520154	2007-01-26 00:00:00	2006-07-06 00:00:00	BUF	Buffalo Niagara International	Continental Airlines	Passenger Property Loss	Checkpoint	380.96	Containers,Electronics,Electronics,Clothing & Accessories,Watches & Jewelry,Other,Electronics	Canceled	0.0	
99168	2007020520152	2007-01-31 00:00:00	2007-01-04 00:00:00	BUF	Buffalo Niagara International	Southeast Airlines	Passenger Property Loss	Checked Baggage	40.0	Other	Settled	20.0	Settle
99544	2007020920619	2007-02-07 00:00:00	2006-12-28 00:00:00	BUF	Buffalo Niagara International	Southwest Airlines	Passenger Property Loss	Checked Baggage	1517.93	Watches & Jewelry,Watches & Jewelry	Denied	0.0	Deny
99969	2007021621165	2007-02-14 00:00:00	2006-12-18 00:00:00	BUF	Buffalo Niagara International	Jet Blue	Passenger Property Loss	Checked Baggage	514.0	Watches & Jewelry	Denied	0.0	Deny
100812	2007030922029	2007-03-05 00:00:00	2000-12-30 00:00:00	BUF	Buffalo Niagara International	USAir	Passenger Property Loss	Checked Baggage	25.0	Tools & Machines	Settled	12.5	Settle
101334	2007032022590	2007-03-15 00:00:00	2007-03-05 00:00:00	BUF	Buffalo Niagara International	Jet Blue	Passenger Property Loss	Checked Baggage	220.0	Cosmetics	Denied	0.0	Deny
101734	2007032622983	2007-03-22 00:00:00	2007-02-26 00:00:00	BUF	Buffalo Niagara International		Passenger Property Loss	Checked Baggage	749.0	Electronics,Electronics,Other	Denied	0.0	Deny
102930	2007041924236	2007-04-16 00:00:00	2007-04-04 00:00:00	BUF	Buffalo Niagara International	USAir	Passenger Property Loss	Checked Baggage	250.0	Electronics,Electronics	Denied	0.0	Deny
103820	2007050725065	2007-05-04 00:00:00	2007-04-17 00:00:00	BUF	Buffalo Niagara International	UAL	Passenger Property Loss	Checked Baggage	105.81	Containers,Other	Denied	0.0	Deny
105105	2007060426212	2007-06-01 00:00:00	2007-05-15 00:00:00	BUF	Buffalo Niagara International	Delta Air Lines	Passenger Property Loss	Checked Baggage	1347.0	Electronics,Electronics	Denied	0.0	Deny
105209	2007060526276	2007-06-04 00:00:00	2007-05-27 00:00:00	BUF	Buffalo Niagara International	UAL	Passenger Property Loss	Checked Baggage	225.0	Containers,Electronics	Denied	0.0	Deny
105249	2007060726537	2007-06-04 00:00:00	2007-05-23 00:00:00	BUF	Buffalo Niagara International	Delta Air Lines	Passenger Property Loss	Checked Baggage	1119.9	Electronics,Other	Denied	0.0	Deny
105386	2007061126662	2007-06-06 00:00:00	2007-05-07 00:00:00	BUF	Buffalo Niagara International	Jet Blue	Passenger Property Loss	Checked Baggage	19.99	Electronics	Approved	19.99	Approve in Full
106839	2007071128105	2007-07-05 00:00:00	2007-07-01 00:00:00	BUF	Buffalo Niagara International	Delta Air Lines	Passenger Property Loss	Checked Baggage	221.0	Watches & Jewelry	Settled	110.5	Settle
107478	2007072028817	2007-07-17 00:00:00	2007-07-05 00:00:00	BUF	Buffalo Niagara International	Jet Blue	Passenger Property Loss	Checked Baggage	448.98	Electronics,Other	Denied	0.0	Deny
107498	2007072028771	2007-07-18 00:00:00	2007-07-15 00:00:00	BUF	Buffalo Niagara International	Jet Blue	Passenger Property Loss	Checkpoint	49.0	Electronics	Denied	0.0	Deny
108114	2007073029341	2007-07-30 00:00:00	2007-06-29 00:00:00	BUF	Buffalo Niagara International	Northwest Airlines	Passenger Property Loss	Checked Baggage	275.0	Scientific Intruments	Denied	0.0	Deny
108771	2007081030092	2007-08-09 00:00:00	2007-08-07 00:00:00	BUF	Buffalo Niagara International	Southwest Airlines	Passenger Property Loss	Checked Baggage	1400.0	Electronics	Denied	0.0	Deny
108783	2007081330132	2007-08-09 00:00:00	2007-07-13 00:00:00	BUF	Buffalo Niagara International	Continental Airlines	Passenger Property Loss	Checked Baggage	200.0	Other	Denied	0.0	Deny
109024	2007081530307	2007-08-14 00:00:00	2007-07-04 00:00:00	BUF	Buffalo Niagara International	USAir	Passenger Property Loss	Checked Baggage	138.16	Clothing & Accessories	Denied	0.0	Deny
109312	2007082130623	2007-08-21 00:00:00	2007-07-07 00:00:00	BUF	Buffalo Niagara International	Delta Air Lines	Passenger Property Loss	Checked Baggage	24.24	Tools & Machines	Approved	24.24	Approve in Full
109630	2007082830980	2007-08-24 00:00:00	2007-08-12 00:00:00	BUF	Buffalo Niagara International	Southwest Airlines	Passenger Property Loss	Checked Baggage	269.45	Automobile & Mechanical	Denied	0.0	Deny
110789	2007091932270	2007-09-17 00:00:00	2007-09-06 00:00:00	BUF	Buffalo Niagara International	USAir	Passenger Property Loss	Checked Baggage	300.0	Watches & Jewelry	Canceled	0.0	
111258	2007092632591	2007-09-25 00:00:00	2007-08-03 00:00:00	BUF	Buffalo Niagara International	Northwest Airlines	Passenger Property Loss	Checked Baggage	180.0	Electronics	Denied	0.0	Deny
111363	2007092832741	2007-09-27 00:00:00	2007-09-24 00:00:00	BUF	Buffalo Niagara International	Southwest Airlines	Passenger Property Loss	Checked Baggage	4.95	Outdoors Supplies	Denied	0.0	Deny
111494	2007100332909	2007-10-01 00:00:00	2007-09-21 00:00:00	BUF	Buffalo Niagara International	Southwest Airlines	Passenger Property Loss	Checked Baggage	1060.95	Watches & Jewelry	Denied	0.0	Deny
111641	2007100433029	2007-10-03 00:00:00	2007-10-01 00:00:00	BUF	Buffalo Niagara International	Delta Air Lines	Passenger Property Loss	Checked Baggage	5.41	Other	Denied	0.0	Deny
111877	2007101133283	2007-10-09 00:00:00	2007-09-18 00:00:00	BUF	Buffalo Niagara International	Jet Blue	Passenger Property Loss	Checked Baggage	124.53	Cosmetics,Other	Denied	0.0	Deny
112064	2007101733565	2007-10-12 00:00:00	2007-09-14 00:00:00	BUF	Buffalo Niagara International	USAir	Passenger Property Loss	Checkpoint	2198.99	Electronics	Canceled	0.0	
112119	2007102233758	2007-10-12 00:00:00	2007-09-20 00:00:00	BUF	Buffalo Niagara International	Delta Air Lines	Passenger Property Loss	Checked Baggage	150.0	Watches & Jewelry	Denied	0.0	Deny
112151	2007101633459	2007-10-15 00:00:00	2007-09-30 00:00:00	BUF	Buffalo Niagara International	USAir	Passenger Property Loss	Checked Baggage	107.5	Containers	Denied	0.0	Deny
113689	2007111535009	2007-11-14 00:00:00	2007-11-12 00:00:00	BUF	Buffalo Niagara International	Air Tran Airlines(do not use)	Passenger Property Loss	Checked Baggage	1445.0	Watches & Jewelry	Denied	0.0	Deny
113785	2007112035262	2007-11-15 00:00:00	2007-10-31 00:00:00	BUF	Buffalo Niagara International	Jet Blue	Passenger Property Loss	Checked Baggage	434.0	Other	Denied	0.0	Deny
114510	2007120435996	2007-11-30 00:00:00	2007-11-02 00:00:00	BUF	Buffalo Niagara International	Air Tran Airlines(do not use)	Passenger Property Loss	Checked Baggage	10.0	Tools & Machines	Denied	0.0	Deny
115533	2007122737005	2007-12-21 00:00:00	2007-12-11 00:00:00	BUF	Buffalo Niagara International	Delta Air Lines	Passenger Property Loss	Checked Baggage	70.0	Containers	Denied	0.0	Deny
116342	2008010837474	2008-01-08 00:00:00	2008-01-01 00:00:00	BUF	Buffalo Niagara International	Jet Blue	Passenger Property Loss	Checked Baggage	220.0	Other	Denied	0.0	Deny
116915	2008012438484	2008-01-16 00:00:00	2008-01-01 00:00:00	BUF	Buffalo Niagara International	Delta Air Lines	Passenger Property Loss	Checked Baggage	6.0	Tools & Machines	Denied	0.0	Deny
117376	2008020439043	2008-01-25 00:00:00	2007-11-17 00:00:00	BUF	Buffalo Niagara International	Continental Airlines	Passenger Property Loss	Checked Baggage	133.52	Other	Denied	0.0	Deny
117413	2008022740236	2008-01-25 00:00:00	2007-11-11 00:00:00	BUF	Buffalo Niagara International	Southwest Airlines	Passenger Property Loss	Checked Baggage	365.0	Watches & Jewelry	Settled	182.5	Settle
117469	2008020539116	2008-01-28 00:00:00	2008-01-22 00:00:00	BUF	Buffalo Niagara International	Jet Blue	Passenger Property Loss	Checked Baggage	120.0	Other	Denied	0.0	Deny
117964	2008012538661	2008-02-06 00:00:00	2008-01-09 00:00:00	BUF	Buffalo Niagara International	Southwest Airlines	Passenger Property Loss	Checked Baggage	1080.0	Other	Settled	540.0	Settle
117996	2008021439622	2008-02-07 00:00:00	2007-12-17 00:00:00	BUF	Buffalo Niagara International	Jet Blue	Passenger Property Loss	Checked Baggage	726.0	Games & Toys	Denied	0.0	Deny
118151	2008021939732	2008-02-11 00:00:00	2008-01-22 00:00:00	BUF	Buffalo Niagara International	USAir	Passenger Property Loss	Checked Baggage	199.99	Electronics,Electronics	Denied	0.0	Deny
118231	2008022039885	2008-02-12 00:00:00	2008-01-01 00:00:00	BUF	Buffalo Niagara International	Northwest Airlines	Passenger Property Loss	Checked Baggage	106.95	Other	Denied	0.0	Deny
118662	2008022840309	2008-02-21 00:00:00	2008-02-10 00:00:00	BUF	Buffalo Niagara International	Jet Blue	Passenger Property Loss	Checked Baggage	200.0	Clothing & Accessories	Denied	0.0	Deny
118969	2008030740619	2008-02-27 00:00:00	2008-02-20 00:00:00	BUF	Buffalo Niagara International	Jet Blue	Passenger Property Loss	Checked Baggage	460.0	Other	Denied	0.0	Deny
119287	2008031240922	2008-03-05 00:00:00	2007-12-19 00:00:00	BUF	Buffalo Niagara International	Jet Blue	Passenger Property Loss	Checked Baggage	1524.0	Electronics,Electronics,Cosmetics,Watches & Jewelry	Settled	550.7	Settle
119575	2008022239977	2008-03-12 00:00:00	2008-01-12 00:00:00	BUF	Buffalo Niagara International	American Airlines	Passenger Property Loss	Checked Baggage	333.96	Electronics,Electronics,Electronics,Outdoors Supplies	Denied	0.0	Deny
120015	2008040441893	2008-03-20 00:00:00	2008-03-07 00:00:00	BUF	Buffalo Niagara International	Delta Air Lines	Passenger Property Loss	Checked Baggage	66.0	Food & Drink	Denied	0.0	Deny
120067	2008040141669	2008-03-21 00:00:00	2008-03-03 00:00:00	BUF	Buffalo Niagara International	Southwest Airlines	Passenger Property Loss	Checked Baggage	40.0	Other	Denied	0.0	Deny
120566	2008040842052	2008-03-31 00:00:00	2008-03-26 00:00:00	BUF	Buffalo Niagara International	USAir	Passenger Property Loss	Checked Baggage	950.0	Electronics,Other	Settled	399.97	Settle
121956	2008043043580	2008-04-28 00:00:00	2008-04-12 00:00:00	BUF	Buffalo Niagara International	Jet Blue	Passenger Property Loss	Checked Baggage	72.35	Electronics	Denied	0.0	Deny
123188	2008052244677	2008-05-23 00:00:00	2008-05-19 00:00:00	BUF	Buffalo Niagara International	Jet Blue	Passenger Property Loss	Checked Baggage	350.0	Electronics,Other	Denied	0.0	Deny
123198	2008052844861	2008-05-23 00:00:00	2008-04-28 00:00:00	BUF	Buffalo Niagara International	Southwest Airlines	Passenger Property Loss	Checked Baggage	193.23	Food & Drink	Denied	0.0	Deny
123359	2008060245104	2008-05-27 00:00:00	2008-05-17 00:00:00	BUF	Buffalo Niagara International	Northwest Airlines	Passenger Property Loss	Checked Baggage	45.68	Other	Denied	0.0	Deny
124398	2008062446101	2008-06-19 00:00:00	2007-11-21 00:00:00	BUF	Buffalo Niagara International	Jet Blue	Passenger Property Loss	Checked Baggage	400.0	Watches & Jewelry	Denied	0.0	Deny
124558	2008070346562	2008-06-23 00:00:00	2008-06-17 00:00:00	BUF	Buffalo Niagara International		Passenger Property Loss	Checked Baggage	87.5	Clothing & Accessories	Settled	43.75	Settle
124826	2008070246524	2008-06-30 00:00:00	2008-04-17 00:00:00	BUF	Buffalo Niagara International	Southwest Airlines	Passenger Property Loss	Checked Baggage	355.0	Clothing & Accessories,Containers,Other	Denied	0.0	Deny
126211	2008080547983	2008-07-30 00:00:00	2008-07-08 00:00:00	BUF	Buffalo Niagara International	Southwest Airlines	Passenger Property Loss	Checked Baggage	40.0	Other	Denied	0.0	Deny
126221	2008080548005	2008-07-30 00:00:00	2008-07-22 00:00:00	BUF	Buffalo Niagara International	Jet Blue	Passenger Property Loss	Checked Baggage	2700.0	Watches & Jewelry	Denied	0.0	Deny
126642	2008081248431	2008-08-07 00:00:00	2008-07-09 00:00:00	BUF	Buffalo Niagara International	Delta Air Lines	Passenger Property Loss	Checkpoint	700.0	Electronics	Denied	0.0	Deny
128035	2008091049709	2008-09-09 00:00:00	2008-09-08 00:00:00	BUF	Buffalo Niagara International	Delta Air Lines	Passenger Property Loss	Checked Baggage	316.0	Electronics	Denied	0.0	Deny
128355	2008092250215	2008-09-16 00:00:00	2008-09-05 00:00:00	BUF	Buffalo Niagara International	UAL	Passenger Property Loss	Checked Baggage	18.0	Tools & Machines	Denied	0.0	Deny
128386	2008091249844	2008-09-17 00:00:00	2008-08-21 00:00:00	BUF	Buffalo Niagara International	Delta Air Lines	Passenger Property Loss	Checked Baggage	15.0	Tools & Machines	Denied	0.0	Deny
128911	2008100650801	2008-09-30 00:00:00	2008-09-28 00:00:00	BUF	Buffalo Niagara International	USAir	Passenger Property Loss	Checked Baggage	27.5	Cosmetics	Denied	0.0	Deny
129442	2008102051315	2008-10-15 00:00:00	2008-09-05 00:00:00	BUF	Buffalo Niagara International	Southwest Airlines	Passenger Property Loss	Checked Baggage	68.0	Clothing & Accessories	Approved	68.0	Approve in Full
130019	2008110451786	2008-10-28 00:00:00	2008-10-23 00:00:00	BUF	Buffalo Niagara International	Delta Air Lines	Passenger Property Loss	Checked Baggage	1900.0	Electronics	Insufficient, one of the following items required: sum certain, statement of fact, signature, location of incident, and date.		
130583	2008111952461	2008-11-13 00:00:00	2008-10-16 00:00:00	BUF	Buffalo Niagara International	Southwest Airlines	Passenger Property Loss	Checked Baggage	10.95	Tools & Machines	Denied	0.0	Deny
130979	2008112852852	2008-11-24 00:00:00	2008-09-13 00:00:00	BUF	Buffalo Niagara International	Delta Air Lines	Passenger Property Loss	Checked Baggage	600.79	Electronics,Electronics	Denied	0.0	Deny
131004	2008120152944	2008-11-24 00:00:00	2008-11-07 00:00:00	BUF	Buffalo Niagara International	Southwest Airlines	Passenger Property Loss	Checked Baggage	971.98	Electronics,Electronics	Denied	0.0	Deny
131100	2008112852912	2008-11-26 00:00:00	2008-10-12 00:00:00	BUF	Buffalo Niagara International	Jet Blue	Passenger Property Loss	Checked Baggage	70.0	Electronics	Denied	0.0	Deny
131550	2008121753462	2008-12-09 00:00:00	2008-10-25 00:00:00	BUF	Buffalo Niagara International	Jet Blue	Passenger Property Loss	Checked Baggage	32.95	Cosmetics	Denied	0.0	Deny
131677	2008121953557	2008-12-12 00:00:00	2008-12-01 00:00:00	BUF	Buffalo Niagara International	Jet Blue	Passenger Property Loss	Checked Baggage	1973.0	Watches & Jewelry	Denied	0.0	Deny
131970	2008123053879	2008-12-22 00:00:00	2008-11-30 00:00:00	BUF	Buffalo Niagara International	Air Tran Airlines(do not use)	Passenger Property Loss	Checked Baggage	44.0	Cosmetics	Approved	44.0	Approve in Full
132227	2009010654112	2008-12-29 00:00:00	2008-05-06 00:00:00	BUF	Buffalo Niagara International	USAir	Passenger Property Loss	Checked Baggage	10.0	Tools & Machines	Denied	0.0	Deny
132228	2009010654113	2008-12-29 00:00:00	2008-11-11 00:00:00	BUF	Buffalo Niagara International	USAir	Passenger Property Loss	Checked Baggage	10.0	Tools & Machines	Denied	0.0	Deny
132267	2008123053830	2008-12-30 00:00:00	2008-12-15 00:00:00	BUF	Buffalo Niagara International	Delta Air Lines	Passenger Property Loss	Checked Baggage	398.0	Tools & Machines,Electronics	Denied	0.0	Deny
133013	2009012654935	2009-01-15 00:00:00	2008-12-16 00:00:00	BUF	Buffalo Niagara International	Southwest Airlines	Passenger Property Loss	Checked Baggage	9.0	Tools & Machines	Denied	0.0	Deny
133745	2009022355763	2009-02-05 00:00:00	2008-12-18 00:00:00	BUF	Buffalo Niagara International	Southwest Airlines	Passenger Property Loss	Checked Baggage	617.1	Electronics,Other,Games & Toys	Denied	0.0	Deny
133837	2009022055680	2009-02-06 00:00:00	2009-01-01 00:00:00	BUF	Buffalo Niagara International	Jet Blue	Passenger Property Loss	Checked Baggage		Electronics	Insufficient, one of the following items required: sum certain, statement of fact, signature, location of incident, and date.		
134679	2009032056610	2009-03-05 00:00:00	2008-04-26 00:00:00	BUF	Buffalo Niagara International	Southwest Airlines	Passenger Property Loss	Checked Baggage	10.0	Tools & Machines	Approved	10.0	Approve in Full
134919	2008092250185	2009-03-11 00:00:00	2008-08-25 00:00:00	BUF	Buffalo Niagara International	AirTran Airlines	Passenger Property Loss	Checked Baggage	11.98	Other	Approved	11.98	Approve in Full
135760	2009032356770	2009-04-01 00:00:00	2009-02-04 00:00:00	BUF	Buffalo Niagara International	AirTran Airlines	Passenger Property Loss	Checked Baggage	135.0	Clothing & Accessories	Approved	135.0	Approve in Full
136119	2009042457983	2009-04-09 00:00:00	2009-03-03 00:00:00	BUF	Buffalo Niagara International	Northwest Airlines	Passenger Property Loss	Checked Baggage	215.5	Containers	Settled	174.56	Settle
136423	2009031956470	2009-04-21 00:00:00	2008-12-26 00:00:00	BUF	Buffalo Niagara International	Delta Air Lines	Passenger Property Loss	Checked Baggage	120.36	Watches & Jewelry,Other	Denied	0.0	Deny
137163	2009052059138	2009-05-11 00:00:00	2009-02-26 00:00:00	BUF	Buffalo Niagara International	Jet Blue	Passenger Property Loss	Checked Baggage	4315.0	Watches & Jewelry	Denied	0.0	Deny
137231	2009052159215	2009-05-13 00:00:00	2009-03-23 00:00:00	BUF	Buffalo Niagara International	Southwest Airlines	Passenger Property Loss	Checked Baggage	150.0	Clothing & Accessories	Denied	0.0	Deny
137933	2009061160051	2009-06-03 00:00:00	2009-05-25 00:00:00	BUF	Buffalo Niagara International	Jet Blue	Passenger Property Loss	Checked Baggage	177.69	Food & Drink	Denied	0.0	Deny
138912	2009070760901	2009-06-30 00:00:00	2009-06-23 00:00:00	BUF	Buffalo Niagara International	USAir	Passenger Property Loss	Checked Baggage	20.7	Clothing & Accessories	Approved	20.7	Approve in Full
139332	2009071761358	2009-07-10 00:00:00	2009-06-30 00:00:00	BUF	Buffalo Niagara International	Continental Airlines	Passenger Property Loss	Checked Baggage	597.0	Cosmetics,Containers	Denied	0.0	Deny
140305	2009080562314	2009-08-04 00:00:00	2009-07-24 00:00:00	BUF	Buffalo Niagara International	USAir	Passenger Property Loss	Checked Baggage	107.34	Outdoors Supplies	Denied	0.0	Deny
140706	2009081762640	2009-08-14 00:00:00	2009-08-11 00:00:00	BUF	Buffalo Niagara International	American Airlines	Passenger Property Loss	Checkpoint	173.99	Electronics	Settled	164.53	Settle
141124	2009082863090	2009-08-27 00:00:00	2009-08-10 00:00:00	BUF	Buffalo Niagara International	USAir	Passenger Property Loss	Checked Baggage	1229.0	Office Supplies,Electronics,Cosmetics,Supplies	Denied	0.0	Deny
141414	2009090163218	2009-09-08 00:00:00	2009-08-19 00:00:00	BUF	Buffalo Niagara International	Southwest Airlines	Passenger Property Loss	Checked Baggage	40.0	Containers	Approved	40.0	Approve in Full
142420	2009100764414	2009-10-06 00:00:00	2009-09-14 00:00:00	BUF	Buffalo Niagara International	Jet Blue	Passenger Property Loss	Checked Baggage	13.5	Tools & Machines	Denied	0.0	Deny
142693	2009102664734	2009-10-16 00:00:00	2009-10-03 12:15:00	BUF	Buffalo Niagara International	Southwest Airlines	Passenger Property Loss	Checked Baggage	25.0	Other,Other,Outdoors Supplies	Canceled		
142982	2009110265017	2009-10-26 00:00:00	2009-09-26 00:00:00	BUF	Buffalo Niagara International	Jet Blue	Passenger Property Loss	Checked Baggage	957.0	Watches & Jewelry	Denied	0.0	Deny
143036	2009110465130	2009-10-27 00:00:00	2009-10-18 00:00:00	BUF	Buffalo Niagara International	Southwest Airlines	Passenger Property Loss	Checked Baggage	15.0	Tools & Machines	Denied	0.0	Deny
144124	2009120866212	2009-12-01 00:00:00	2009-11-30 08:10:00	BUF	Buffalo Niagara International	American Airlines	Passenger Property Loss	Checked Baggage	13.22	Tools & Machines	Approved	13.22	Approve in Full
144459	2009121466510	2009-12-09 00:00:00	2009-11-22 06:00:00	BUF	Buffalo Niagara International	Jet Blue	Passenger Property Loss	Checkpoint	180.0	Other	Denied	0.0	Deny
144499	2009121466473	2009-12-10 00:00:00	2009-11-11 00:00:00	BUF	Buffalo Niagara International	Delta Air Lines	Passenger Property Loss	Checkpoint	19155.0	Watches & Jewelry	Denied	0.0	Deny
144923	2009123066992	2009-12-24 00:00:00	2009-11-20 19:20:00	BUF	Buffalo Niagara International	Jet Blue	Passenger Property Loss	Checked Baggage	52.0	Clothing & Accessories,Cosmetics	Denied	0.0	Deny
146217	2010030869229	2010-03-01 00:00:00	2010-02-17 14:40:00	BUF	Buffalo Niagara International	Southwest Airlines	Passenger Property Loss	Checked Baggage		Electronics		60.0	Approve in Full
146437	2010030369011	2010-03-08 00:00:00	2010-02-14 11:00:00	BUF	Buffalo Niagara International	Jet Blue	Passenger Property Loss	Checked Baggage		Scientific Intruments		0.0	Deny
146655	2010031969741	2010-03-15 00:00:00	2010-03-09 13:30:00	BUF	Buffalo Niagara International	Delta Air Lines	Passenger Property Loss	Checked Baggage		Cosmetics		0.0	Deny
147219	2010040670455	2010-03-30 00:00:00	2010-02-13 00:00:00	BUF	Buffalo Niagara International	Jet Blue	Passenger Property Loss	Checked Baggage		Scientific Intruments		0.0	Deny
147418	2010040670440	2010-04-06 00:00:00	2010-04-06 00:00:00	BUF	Buffalo Niagara International	Continental Airlines	Passenger Property Loss	Checked Baggage		Electronics			
147869	2010042671161	2010-04-19 00:00:00	2010-01-06 00:00:00	BUF	Buffalo Niagara International	Southwest Airlines	Passenger Property Loss	Checked Baggage		Clothing & Accessories,Other		94.75	Approve in Full
148896	2010060272263	2010-05-20 00:00:00	2010-04-29 12:30:00	BUF	Buffalo Niagara International	Continental Airlines	Passenger Property Loss	Checked Baggage		Clothing & Accessories,Cosmetics		0.0	Deny
148967	2010052872219	2010-05-24 00:00:00	2010-05-12 09:30:00	BUF	Buffalo Niagara International	Southwest Airlines	Passenger Property Loss	Checked Baggage		Other		0.0	Deny
148986	2010060272282	2010-05-24 00:00:00	2010-05-10 11:30:00	BUF	Buffalo Niagara International	Southwest Airlines	Passenger Property Loss	Checked Baggage		Clothing & Accessories,Cosmetics,Cosmetics		0.0	Deny
149461	2010062873123	2010-06-08 00:00:00	2010-05-05 00:00:00	BUF	Buffalo Niagara International		Passenger Property Loss	Checkpoint		Other		450.0	Approve in Full
150952	2010080374340	2010-07-23 00:00:00	2010-06-21 17:00:00	BUF	Buffalo Niagara International	Southwest Airlines	Passenger Property Loss	Checked Baggage		Watches & Jewelry		0.0	Deny
151044	2010071673760	2010-07-27 00:00:00	2010-07-04 00:00:00	BUF	Buffalo Niagara International	Jet Blue	Passenger Property Loss	Checked Baggage		Containers,Electronics,Other		0.0	Deny
151658	2010081774994	2010-08-12 00:00:00	2010-08-11 06:30:00	BUF	Buffalo Niagara International	Southwest Airlines	Passenger Property Loss	Checked Baggage		Electronics			
151892	2010082475292	2010-08-18 00:00:00	2010-07-26 00:00:00	BUF	Buffalo Niagara International	Jet Blue	Passenger Property Loss	Checked Baggage		Clothing & Accessories		0.0	Deny
152270	2010090575674	2010-08-30 00:00:00	2010-07-21 00:00:00	BUF	Buffalo Niagara International	Jet Blue	Passenger Property Loss	Checked Baggage		Electronics		0.0	Deny
152378	2010090975839	2010-08-31 00:00:00	2010-08-25 08:30:00	BUF	Buffalo Niagara International	USAir	Passenger Property Loss	Checked Baggage		Food & Drink		0.0	Deny
152472	2010091475943	2010-09-03 00:00:00	2010-06-21 05:19:00	BUF	Buffalo Niagara International	Southwest Airlines	Passenger Property Loss	Checked Baggage		Office Supplies,Electronics,Clothing & Accessories		0.0	Deny
152763	2010091776156	2010-09-13 00:00:00	2010-04-08 00:00:00	BUF	Buffalo Niagara International	Delta Air Lines	Passenger Property Loss	Checked Baggage		Cosmetics		19.4	Approve in Full
153691	2010102277172	2010-10-12 00:00:00	2010-09-27 00:00:00	BUF	Buffalo Niagara International	Southwest Airlines	Passenger Property Loss	Checked Baggage		Clothing & Accessories		0.0	Deny
153904	2010110677620	2010-10-18 00:00:00	2010-10-03 00:00:00	BUF	Buffalo Niagara International	Delta Air Lines	Passenger Property Loss	Checked Baggage		Clothing & Accessories		25.0	Approve in Full
154435	2010111577835	2010-11-05 00:00:00	2010-08-22 00:00:00	BUF	Buffalo Niagara International	Continental Airlines	Passenger Property Loss	Checked Baggage		Watches & Jewelry		0.0	Deny
154442	2010111677864	2010-11-05 00:00:00	2010-10-16 00:00:00	BUF	Buffalo Niagara International	Southwest Airlines	Passenger Property Loss	Checked Baggage		Cosmetics		20.0	Approve in Full
154770	2010112978328	2010-11-15 00:00:00	2010-10-26 13:41:00	BUF	Buffalo Niagara International	USAir	Passenger Property Loss	Checked Baggage		Electronics		0.0	Deny
155879	2011010779243	2010-12-27 00:00:00	2010-12-22 00:00:00	BUF	Buffalo Niagara International	Delta Air Lines	Passenger Property Loss	Checked Baggage		Electronics		0.0	Deny
156446	2011020479929	2011-01-12 00:00:00	2011-01-04 10:00:00	BUF	Buffalo Niagara International	Jet Blue	Passenger Property Loss	Checkpoint		Other		196.53	Settle
156792	2011021780274	2011-01-22 00:00:00	2010-12-22 00:00:00	BUF	Buffalo Niagara International	Southwest Airlines	Passenger Property Loss	Checked Baggage		Cosmetics		40.0	Approve in Full
156910	2011022380434	2011-01-25 00:00:00	2010-12-22 00:00:00	BUF	Buffalo Niagara International	USAir	Passenger Property Loss	Checked Baggage		Outdoors Supplies		0.0	Deny
157306	2011030280775	2011-02-07 00:00:00	2010-11-11 08:44:00	BUF	Buffalo Niagara International	USAir	Passenger Property Loss	Checkpoint		Electronics		0.0	Deny
158171	2011032981443	2011-03-09 00:00:00	2011-03-03 13:45:00	BUF	Buffalo Niagara International	Delta Air Lines	Passenger Property Loss	Checked Baggage		Electronics			
158315	2011040281792	2011-03-14 00:00:00	2011-02-24 06:20:00	BUF	Buffalo Niagara International	USAir	Passenger Property Loss	Checked Baggage		Electronics		0.0	Deny
158560	2011040681912	2011-03-22 00:00:00	2011-02-27 15:00:00	BUF	Buffalo Niagara International	Southwest Airlines	Passenger Property Loss	Checked Baggage		Electronics		0.0	Deny
159675	2011050383154	2011-04-27 00:00:00	2011-03-29 09:00:00	BUF	Buffalo Niagara International	Southwest Airlines	Passenger Property Loss	Checked Baggage		Other		0.0	Deny
159875	2011051383408	2011-05-03 00:00:00	2010-11-26 08:00:00	BUF	Buffalo Niagara International	UAL	Passenger Property Loss	Checked Baggage		Clothing & Accessories		68.23	Settle
160368	2011060183886	2011-05-19 00:00:00	2011-05-10 00:00:00	BUF	Buffalo Niagara International	Jet Blue	Passenger Property Loss	Checked Baggage		Clothing & Accessories		0.0	Deny
160559	2011060684077	2011-05-25 00:00:00	2011-04-06 00:00:00	BUF	Buffalo Niagara International	Southwest Airlines	Passenger Property Loss	Checked Baggage		Clothing & Accessories			
161084	2011062484603	2011-06-13 00:00:00	2011-01-29 00:00:00	BUF	Buffalo Niagara International	Delta Air Lines	Passenger Property Loss	Checked Baggage		Electronics		0.0	Deny
161529	2011070785050	2011-06-27 00:00:00	2011-06-19 00:00:00	BUF	Buffalo Niagara International	AirTran Airlines	Passenger Property Loss	Checked Baggage		Scientific Intruments			
162272	2011080985867	2011-07-20 00:00:00	2011-06-21 16:33:00	BUF	Buffalo Niagara International	Southwest Airlines	Passenger Property Loss	Checked Baggage		Clothing & Accessories		0.0	Deny
163527	2011092287094	2011-08-30 00:00:00	2011-08-19 00:00:00	BUF	Buffalo Niagara International	Continental Airlines	Passenger Property Loss	Checked Baggage		Cosmetics		14.69	Approve in Full
163558	2011092787166	2011-08-30 00:00:00	2011-08-02 10:15:00	BUF	Buffalo Niagara International	AirTran Airlines	Passenger Property Loss	Checked Baggage		Clothing & Accessories		50.0	Approve in Full
163626	2011093087262	2011-09-01 00:00:00	2011-08-30 09:32:00	BUF	Buffalo Niagara International	Southwest Airlines	Passenger Property Loss	Checked Baggage		Other		16.8	Approve in Full
163879	2011100487397	2011-09-12 00:00:00	2011-08-23 05:00:00	BUF	Buffalo Niagara International	Delta Air Lines	Passenger Property Loss	Checked Baggage		Cosmetics,Other		0.0	Deny
164077	2011101187712	2011-09-19 00:00:00	2011-08-03 00:00:00	BUF	Buffalo Niagara International	Jet Blue	Passenger Property Loss	Checked Baggage		Watches & Jewelry		0.0	Deny
164822	2011102488323	2011-10-13 00:00:00	2011-10-07 00:00:00	BUF	Buffalo Niagara International	Southwest Airlines	Passenger Property Loss	Checked Baggage		Watches & Jewelry		0.0	Deny
165756	2011120189273	2011-11-15 00:00:00	2011-10-08 07:30:00	BUF	Buffalo Niagara International	Continental Airlines	Passenger Property Loss	Checked Baggage		Other		0.0	Deny
165848	2011120689384	2011-11-17 00:00:00	2011-10-22 00:00:00	BUF	Buffalo Niagara International	Delta Air Lines	Passenger Property Loss	Checked Baggage		Cosmetics		9.0	Approve in Full
166048	2011121389589	2011-11-28 00:00:00	2011-11-18 22:00:00	BUF	Buffalo Niagara International	USAir	Passenger Property Loss	Checked Baggage		Cosmetics		0.0	Deny
166214	2011122289797	2011-12-02 00:00:00	2011-11-04 15:50:00	BUF	Buffalo Niagara International	AirTran Airlines	Passenger Property Loss	Checkpoint		Watches & Jewelry		0.0	Deny
166859	2012012490381	2011-12-28 00:00:00	2011-12-13 00:00:00	BUF	Buffalo Niagara International	Southwest Airlines	Passenger Property Loss	Checked Baggage		Cosmetics		10.1	Approve in Full
167289	2012021390954	2012-01-10 00:00:00	2011-12-03 00:00:00	BUF	Buffalo Niagara International	Southwest Airlines	Passenger Property Loss	Checked Baggage		Food & Drink,Watches & Jewelry		20.0	Settle
167549	2012011890225	2012-01-18 00:00:00	2011-11-10 00:00:00	BUF	Buffalo Niagara International	Delta Air Lines	Passenger Property Loss	Checked Baggage		Cosmetics		13.72	Approve in Full
168076	2012031691750	2012-02-02 00:00:00	2012-01-04 14:08:00	BUF	Buffalo Niagara International	Southwest Airlines	Passenger Property Loss	Checked Baggage		Clothing & Accessories,Cosmetics		130.0	Approve in Full
168352	2012032392004	2012-02-13 00:00:00	2012-01-09 14:30:00	BUF	Buffalo Niagara International	Southwest Airlines	Passenger Property Loss	Checked Baggage		Clothing & Accessories		0.0	Deny
168438	2012032692100	2012-02-15 00:00:00	2011-12-31 11:00:00	BUF	Buffalo Niagara International	Southwest Airlines	Passenger Property Loss	Checked Baggage		Other			
168718	2012040292341	2012-02-27 00:00:00	2012-01-08 00:00:00	BUF	Buffalo Niagara International	Southwest Airlines	Passenger Property Loss	Checked Baggage		Cosmetics		0.0	Deny
169452	2012041692945	2012-03-23 00:00:00	2012-03-18 00:00:00	BUF	Buffalo Niagara International	UAL	Passenger Property Loss	Checked Baggage		Other		53.23	Approve in Full
169874	2012050293498	2012-04-09 00:00:00	2012-03-23 07:35:00	BUF	Buffalo Niagara International	Delta Air Lines	Passenger Property Loss	Checkpoint		Other		0.0	Deny
170300	2012050993728	2012-04-24 00:00:00	2012-03-21 00:00:00	BUF	Buffalo Niagara International	USAir	Passenger Property Loss	Checked Baggage		Watches & Jewelry		0.0	Deny
170315	2012051594005	2012-04-24 00:00:00	2012-03-17 00:00:00	BUF	Buffalo Niagara International	Delta Air Lines	Passenger Property Loss	Checked Baggage		Cosmetics		20.0	Approve in Full
170339	2012051694035	2012-04-25 00:00:00	2012-04-13 00:00:00	BUF	Buffalo Niagara International	USAir	Passenger Property Loss	Checked Baggage		Food & Drink		0.0	Deny
170581	2012060794616	2012-05-02 00:00:00	2012-01-08 14:10:00	BUF	Buffalo Niagara International	Southwest Airlines	Passenger Property Loss	Checked Baggage		Cosmetics		7.89	Approve in Full
171485	2012062895029	2012-06-05 00:00:00	2012-05-26 16:00:00	BUF	Buffalo Niagara International	Delta Air Lines	Passenger Property Loss	Checked Baggage		Electronics		0.0	Deny
171717	2012071895486	2012-06-12 00:00:00	2012-05-30 00:00:00	BUF	Buffalo Niagara International	Southwest Airlines	Passenger Property Loss	Checked Baggage		Clothing & Accessories		0.0	Deny
171838	2012071995516	2012-06-18 00:00:00	2012-05-25 17:25:00	BUF	Buffalo Niagara International	Southwest Airlines	Passenger Property Loss	Checked Baggage		Food & Drink		9.44	Approve in Full
172121	2012070995120	2012-06-27 00:00:00	2012-05-30 14:30:00	BUF	Buffalo Niagara International	UAL	Passenger Property Loss	Checked Baggage		Watches & Jewelry		0.0	Deny
172621	2012082996371	2012-07-16 00:00:00	2012-06-27 00:00:00	BUF	Buffalo Niagara International	Southwest Airlines	Passenger Property Loss	Checked Baggage		Cosmetics		10.67	Approve in Full
172712	2012082996399	2012-07-18 00:00:00	2012-07-14 19:15:00	BUF	Buffalo Niagara International	Southwest Airlines	Passenger Property Loss	Checked Baggage		Containers		53.49	Approve in Full
172809	2012090596537	2012-07-23 00:00:00	2012-06-29 14:45:00	BUF	Buffalo Niagara International	UAL	Passenger Property Loss	Checkpoint		Clothing & Accessories		75.0	Approve in Full
173232	2012091896960	2012-08-07 00:00:00	2012-06-03 12:00:00	BUF	Buffalo Niagara International	Southwest Airlines	Passenger Property Loss	Checkpoint		Other		36.1	Approve in Full
173787	2012100997464	2012-08-27 00:00:00	2012-08-04 00:00:00	BUF	Buffalo Niagara International	Southwest Airlines	Passenger Property Loss	Checkpoint		Clothing & Accessories		0.0	Deny
173986	2012101797663	2012-09-04 00:00:00	2012-08-09 00:00:00	BUF	Buffalo Niagara International	Delta Air Lines	Passenger Property Loss	Checked Baggage		Cosmetics		10.0	Approve in Full
175717	2013010499511	2012-11-05 00:00:00	2012-08-24 11:00:00	BUF	Buffalo Niagara International		Passenger Property Loss	Checked Baggage		Other		276.37	Approve in Full
176254	2013010799563	2012-11-27 00:00:00	2012-08-14 00:00:00	BUF	Buffalo Niagara International	Delta Air Lines	Passenger Property Loss	Checkpoint		Watches & Jewelry		88.0	Approve in Full
176375	2013011499991	2012-12-03 00:00:00	2012-11-25 00:00:00	BUF	Buffalo Niagara International	Southwest Airlines	Passenger Property Loss	Checked Baggage		Cosmetics		0.0	Deny
177243	2013020501007	2013-01-08 00:00:00	2013-01-05 00:00:00	BUF	Buffalo Niagara International		Passenger Property Loss	Checked Baggage		Electronics,Electronics,Cosmetics		0.0	Deny
177541	2013020701195	2013-01-17 00:00:00	2013-01-07 00:00:00	BUF	Buffalo Niagara International	Southwest Airlines	Passenger Property Loss	Checked Baggage		Other,Outdoors Supplies		0.0	Deny
177684	2013021201339	2013-01-23 00:00:00	2013-01-21 17:00:00	BUF	Buffalo Niagara International	Jet Blue	Passenger Property Loss	Checked Baggage		Cosmetics,Other		308.63	Settle
177749	2013021901600	2013-01-24 00:00:00	2012-12-20 00:00:00	BUF	Buffalo Niagara International	AirTran Airlines	Passenger Property Loss	Checked Baggage		Clothing & Accessories		0.0	Deny
178778	2013030402378	2013-03-04 00:00:00	2012-12-29 00:00:00	BUF	Buffalo Niagara International	Southwest Airlines	Passenger Property Loss	Checked Baggage		Watches & Jewelry		482.18	Settle
178955	2013031802616	2013-03-11 00:00:00	2013-02-14 00:00:00	BUF	Buffalo Niagara International	Delta Air Lines	Passenger Property Loss	Checked Baggage		Cosmetics		13.72	Approve in Full
179195	2013032902868	2013-03-19 00:00:00	2013-02-19 00:00:00	BUF	Buffalo Niagara International	Southwest Airlines	Passenger Property Loss	Checked Baggage		Other		45.18	Approve in Full
179404	2013041003089	2013-03-26 00:00:00	2013-03-18 00:00:00	BUF	Buffalo Niagara International	Southwest Airlines	Passenger Property Loss	Checked Baggage		Watches & Jewelry		275.0	Approve in Full
179786	2013050703526	2013-04-09 00:00:00	2013-01-19 00:00:00	BUF	Buffalo Niagara International	Allegiant Air	Passenger Property Loss	Checked Baggage		Clothing & Accessories,Cosmetics		0.0	Deny
180496	2013061804478	2013-05-07 00:00:00	2013-04-25 00:00:00	BUF	Buffalo Niagara International	Southwest Airlines	Passenger Property Loss	Checked Baggage		Electronics		0.0	Deny
180623	2013061304345	2013-05-13 00:00:00	2013-05-07 00:00:00	BUF	Buffalo Niagara International	Southwest Airlines	Passenger Property Loss	Checkpoint		Watches & Jewelry		0.0	Deny
180711	2013061804463	2013-05-16 00:00:00	2012-10-27 00:00:00	BUF	Buffalo Niagara International	Southwest Airlines	Passenger Property Loss	Checked Baggage		Clothing & Accessories		226.1	Settle
180940	2013061304369	2013-05-24 00:00:00	2013-05-01 10:30:00	BUF	Buffalo Niagara International		Passenger Property Loss	Checked Baggage		Electronics,Clothing & Accessories,Cosmetics,Other		0.0	Deny
181029	2013071305151	2013-05-29 00:00:00	2013-05-20 06:05:00	BUF	Buffalo Niagara International	Southwest Airlines	Passenger Property Loss	Checked Baggage		Cosmetics		7.52	Approve in Full
184316	2013102707970	2013-09-18 00:00:00	2013-09-09 00:00:00	BUF	Buffalo Niagara International	USAir	Passenger Property Loss	Checked Baggage		Cosmetics		13.83	Approve in Full
184379	2013103108475	2013-09-19 00:00:00	2013-08-19 06:30:00	BUF	Buffalo Niagara International	Southwest Airlines	Passenger Property Loss	Checked Baggage		Outdoors Supplies		24.99	Approve in Full
184381	2013103108479	2013-09-19 00:00:00	2013-08-16 06:40:00	BUF	Buffalo Niagara International	Southwest Airlines	Passenger Property Loss	Checked Baggage		Watches & Jewelry		0.0	Deny
184744	2013103108469	2013-10-08 00:00:00	2013-07-30 00:00:00	BUF	Buffalo Niagara International	AirTran Airlines	Passenger Property Loss	Checked Baggage		Watches & Jewelry		0.0	Deny
185635	2013111409337	2013-11-14 00:00:00	2013-11-06 07:04:00	BUF	Buffalo Niagara International	UAL	Passenger Property Loss	Checked Baggage		Watches & Jewelry			
185927	2013120309792	2013-11-26 00:00:00	2013-11-11 23:00:00	BUF	Buffalo Niagara International	USAir	Passenger Property Loss	Checked Baggage		Containers			
185939	2013120509905	2013-11-26 00:00:00	2013-11-02 08:30:00	BUF	Buffalo Niagara International	Southwest Airlines	Passenger Property Loss	Checkpoint		Electronics		0.0	Deny
186910	2014010810645	2014-01-06 00:00:00	2013-12-17 00:00:00	BUF	Buffalo Niagara International	Southwest Airlines	Passenger Property Loss	Checked Baggage		Watches & Jewelry		0.0	Deny
187169	2014011710919	2014-01-14 00:00:00	2013-12-01 00:00:00	BUF	Buffalo Niagara International	Cathay Pacific - CX	Passenger Property Loss	Checkpoint		Watches & Jewelry			
187481	2014012911238	2014-01-23 00:00:00	2014-01-06 00:00:00	BUF	Buffalo Niagara International	Southwest Airlines	Passenger Property Loss	Checked Baggage		Other		50.85	Settle
187626	2014020311385	2014-01-30 00:00:00	2013-11-21 00:00:00	BUF	Buffalo Niagara International	UAL	Passenger Property Loss	Checked Baggage		Clothing & Accessories,Watches & Jewelry		0.0	Deny
187813	2014021011577	2014-02-06 00:00:00	2014-01-29 00:00:00	BUF	Buffalo Niagara International	Southwest Airlines	Passenger Property Loss	Checked Baggage		Other		0.0	Deny
188108	2014022111878	2014-02-19 00:00:00	2014-01-22 00:00:00	BUF	Buffalo Niagara International	Delta Air Lines	Passenger Property Loss	Checked Baggage		Electronics			
188480	2014030712255	2014-03-07 00:00:00	2013-08-16 00:00:00	BUF	Buffalo Niagara International	AirTran Airlines	Passenger Property Loss	Checked Baggage		Clothing & Accessories		0.0	Deny
188601	2014031212380	2014-03-10 00:00:00	2014-03-02 00:00:00	BUF	Buffalo Niagara International	Southwest Airlines	Passenger Property Loss	Checked Baggage		Food & Drink		0.0	Deny
189174	2014040412972	2014-04-01 00:00:00	2014-03-15 00:00:00	BUF	Buffalo Niagara International	UAL	Passenger Property Loss	Checked Baggage		Cosmetics		0.0	Deny
190305	2014052114122	2014-05-21 00:00:00	2014-04-30 00:00:00	BUF	Buffalo Niagara International	Southwest Airlines	Passenger Property Loss	Checked Baggage		Other		0.0	Deny
190562	2014060314382	2014-06-03 00:00:00	2014-05-16 00:00:00	BUF	Buffalo Niagara International	Southwest Airlines	Passenger Property Loss	Checkpoint		Watches & Jewelry		250.0	Approve in Full
190657	2014060614478	2014-06-03 00:00:00	2014-05-31 00:00:00	BUF	Buffalo Niagara International	Delta Air Lines	Passenger Property Loss	Checked Baggage		Electronics			
191512	2014072315354	2014-07-07 00:00:00	2014-06-27 00:00:00	BUF	Buffalo Niagara International	Southwest Airlines	Passenger Property Loss	Checkpoint		Scientific Intruments			
191715	2014080215560	2014-07-16 00:00:00	2014-07-03 00:00:00	BUF	Buffalo Niagara International	Southwest Airlines	Passenger Property Loss	Checked Baggage		Clothing & Accessories			
192891	2014091916766	2014-08-25 00:00:00	2014-07-26 00:00:00	BUF	Buffalo Niagara International	Southwest Airlines	Passenger Property Loss	Checked Baggage		Supplies			
194232	2014103118129	2014-10-28 00:00:00	2014-10-05 00:00:00	BUF	Buffalo Niagara International	Jet Blue	Passenger Property Loss	Checked Baggage		Cosmetics			
195160	2014121019089	2014-12-10 00:00:00	2014-10-14 00:00:00	BUF	Buffalo Niagara International	Delta Air Lines	Passenger Property Loss	Checked Baggage		Food & Drink			
196494	2015052822819	2015-05-21 00:00:00	2015-04-27 00:00:00	BUF	Buffalo Niagara International	Jet Blue	Passenger Property Loss	Checked Baggage		Other		24.73	Approve in Full
196498	2015072724255	2015-07-22 00:00:00	2015-06-18 00:00:00	BUF	Buffalo Niagara International	Southwest Airlines	Passenger Property Loss	Checked Baggage		Cosmetics		0.0	Deny
196499	2015081224823	2015-08-12 00:00:00	2015-07-26 00:00:00	BUF	Buffalo Niagara International	Republic Airways	Passenger Property Loss	Checked Baggage		Cosmetics		0.0	Deny
196500	2015081424883	2015-08-13 00:00:00	2015-06-14 00:00:00	BUF	Buffalo Niagara International	Delta Air Lines	Passenger Property Loss	Checked Baggage		Electronics		0.0	Deny
196501	2015081724909	2015-08-13 00:00:00	2015-07-27 00:00:00	BUF	Buffalo Niagara International	USAir	Passenger Property Loss	Checked Baggage		Watches & Jewelry		0.0	Deny
196502	2015082525067	2015-08-20 00:00:00	2015-07-23 00:00:00	BUF	Buffalo Niagara International	Southwest Airlines	Passenger Property Loss	Checked Baggage		Outdoors Supplies		51.95	Approve in Full
196504	2015100925973	2015-09-22 00:00:00	2015-09-01 00:00:00	BUF	Buffalo Niagara International	Southwest Airlines	Passenger Property Loss	Checked Baggage		Containers,Clothing & Accessories,Clothing & Accessories		0.0	Deny
196507	2015111326860	2015-10-26 00:00:00	2015-09-30 00:00:00	BUF	Buffalo Niagara International	Southwest Airlines	Passenger Property Loss	Checked Baggage		Outdoors Supplies		0.0	Deny
196511	2016011128239	2015-12-28 00:00:00	2015-11-09 00:00:00	BUF	Buffalo Niagara International	Southwest Airlines	Passenger Property Loss	Checked Baggage		Clothing & Accessories			
205123	2016022429086	2016-01-29 00:00:00	2016-01-03 05:30:00	BUF	Buffalo Niagara International Buffalo Niagara International	Southwest Airlines	Passenger Property Loss	Checked Baggage		Other		0.0	Deny
205127	2016100534404	2016-09-22 00:00:00	2016-07-29 00:00:00	BUF	Buffalo Niagara International Buffalo Niagara International	Southwest Airlines	Passenger Property Loss	Checked Baggage		Outdoors Supplies		0.0	Deny
205132	2016102435076	2016-09-17 00:00:00	2016-09-16 05:15:00	BUF	Buffalo Niagara International Buffalo Niagara International	Southwest Airlines	Passenger Property Loss	Checkpoint		Other			In Review
213350	2017080242045	2017-08-01 00:00:00	2017-07-25 08:45:00	BUF	 Buffalo Niagara International	Southwest Airlines	Passenger Property Loss	Checkpoint		Other			In Review
213353	2017082542492	2017-08-02 00:00:00	2017-07-16 00:00:00	BUF	 Buffalo Niagara International	Delta Air Lines	Passenger Property Loss	Checked Baggage		Clothing & Accessories			In Review
213356	2017102544671	2017-10-04 00:00:00	2017-09-12 00:00:00	BUF	 Buffalo Niagara International	Southwest Airlines	Passenger Property Loss	Checked Baggage		Cosmetics			In Review
213357	2018010546538	2017-12-06 00:00:00	2017-11-22 00:00:00	BUF	 Buffalo Niagara International	UAL	Passenger Property Loss	Checked Baggage		Cosmetics			In Review
213358	2017072441775	2017-06-06 00:00:00	2017-06-05 00:00:00	BUF	 Buffalo Niagara International	Southwest Airlines	Passenger Property Loss	Checked Baggage		Clothing & Accessories			In Review
213360	2017121646014	2017-11-08 00:00:00	2017-11-01 11:00:00	BUF	 Buffalo Niagara International	American Airlines	Passenger Property Loss	Checked Baggage		Other			In Review
213361	2017121746015	2017-11-08 00:00:00	2017-11-04 09:00:00	BUF	Buffalo Niagara International Buffalo Niagara International	Delta Air Lines	Passenger Property Loss	Checked Baggage		Other			In Review
213366	2017083142590	2017-07-17 00:00:00	2017-07-16 15:00:00	BUF	 Buffalo Niagara International	Southwest Airlines	Passenger Property Loss	Checked Baggage		Watches & Jewelry		0.0	Deny
213369	2017051639577	2017-03-21 00:00:00	2017-03-18 00:00:00	BUF	 Buffalo Niagara International	Delta Air Lines	Passenger Property Loss	Checkpoint		Electronics			Insufficient
213370	2017060940406	2017-04-24 00:00:00	2017-04-04 00:00:00	BUF	 Buffalo Niagara International	Southwest Airlines	Passenger Property Loss	Checked Baggage		Clothing & Accessories			In Review
213371	2017061440654	2017-04-24 00:00:00	2017-04-19 00:00:00	BUF	 Buffalo Niagara International	American Airlines	Passenger Property Loss	Checked Baggage		Containers			In Review
213372	2017120745789	2017-11-27 00:00:00	2017-11-24 15:45:00	BUF	Buffalo Niagara International Buffalo Niagara International	Southwest Airlines	Passenger Property Loss	Checked Baggage		Other			In Review