id	claim_number	date_received	incident_date	airport_code	airport_name	airline	claim_type	claim_site	claim_amount	items	status	close_amount	disposition
28397	2004050550514	2004-02-19 00:00:00	2004-01-04 00:00:00	CAE	Columbia Metropolitan	Continental Airlines	Passenger Property Loss	Checked Baggage	288.75	Other	Settled	144.38	Settle
42477	2004091062546	2004-08-11 00:00:00	2004-05-01 00:00:00	CAE	Columbia Metropolitan	Delta Air Lines	Passenger Property Loss	Checked Baggage	41.41	Other	Approved	41.41	Approve in Full
45093	2004103166013	2004-09-16 00:00:00	2004-08-14 00:00:00	CAE	Columbia Metropolitan		Passenger Property Loss	Checked Baggage	463.0	Electronics	Denied	0.0	Deny
48827	2004122069610	2004-11-02 00:00:00	2004-10-15 00:00:00	CAE	Columbia Metropolitan		Passenger Property Loss	Checkpoint	40.0	Watches & Jewelry	Approved	40.0	Approve in Full
51990	2005030176869	2004-12-14 00:00:00	2004-11-27 00:00:00	CAE	Columbia Metropolitan	Independence Air	Passenger Property Loss	Checked Baggage	50.0	Other	Approved	50.0	Approve in Full
52316	2005010572793	2004-12-17 00:00:00	2004-11-17 00:00:00	CAE	Columbia Metropolitan		Passenger Property Loss	Checkpoint	200.0	Other	Denied	0.0	Deny
52384	2005010673148	2004-12-18 00:00:00	2004-11-03 00:00:00	CAE	Columbia Metropolitan	Delta Air Lines	Passenger Property Loss	Checked Baggage	42.0	Watches & Jewelry	Approved	42.0	Approve in Full
52747	2005011073296	2004-12-21 00:00:00	2004-12-10 00:00:00	CAE	Columbia Metropolitan	USAir	Passenger Property Loss	Checked Baggage	309.45	Other	Settled	94.85	Settle
53415	2005012574280	2005-01-04 00:00:00	2004-11-20 00:00:00	CAE	Columbia Metropolitan		Passenger Property Loss	Checked Baggage	321.39	Electronics	Approved	321.39	Approve in Full
54202	2005020275399	2005-01-11 00:00:00	2004-12-28 00:00:00	CAE	Columbia Metropolitan		Passenger Property Loss	Checkpoint	180.0	Other	Denied	0.0	Deny
54760	2005020175232	2005-01-18 00:00:00	2004-12-10 00:00:00	CAE	Columbia Metropolitan	US Express	Passenger Property Loss	Checked Baggage	730.0	Clothing & Accessories	Denied		Deny
61398	2005041282321	2005-04-12 00:00:00	2005-03-13 00:00:00	CAE	Columbia Metropolitan	USAir	Passenger Property Loss	Checked Baggage	25.0	Clothing & Accessories	Approved	25.0	Approve in Full
61403	2005041282331	2005-04-12 00:00:00	2005-03-21 00:00:00	CAE	Columbia Metropolitan	Northwest Airlines	Passenger Property Loss	Checked Baggage	31.0	Other	Approved	31.0	Approve in Full
64798	2005060385764	2005-05-31 00:00:00	2005-05-15 00:00:00	CAE	Columbia Metropolitan	Delta Air Lines	Passenger Property Loss	Checked Baggage	88.65	Clothing & Accessories	Approved	88.65	Approve in Full
64872	2005060385782	2005-05-31 00:00:00	2005-04-11 00:00:00	CAE	Columbia Metropolitan	Independence Air	Passenger Property Loss	Checked Baggage	225.0	Watches & Jewelry	Canceled	0.0	
65096	2005061086189	2005-05-31 00:00:00	2005-05-14 00:00:00	CAE	Columbia Metropolitan	Delta Air Lines	Passenger Property Loss	Checked Baggage	60.0	Other	Settled	30.0	Settle
65996	2005062386969	2005-06-13 00:00:00	2005-05-25 00:00:00	CAE	Columbia Metropolitan	Delta Air Lines	Passenger Property Loss	Checked Baggage	25.0	Tools & Machines	Approved	25.0	Approve in Full
67582	2005071188619	2005-07-06 00:00:00	2005-06-12 00:00:00	CAE	Columbia Metropolitan	Delta Air Lines	Passenger Property Loss	Checked Baggage	526.82	Clothing & Accessories	Settled	344.19	Settle
68365	2005072189405	2005-07-20 00:00:00	2005-06-29 00:00:00	CAE	Columbia Metropolitan		Passenger Property Loss	Checked Baggage	20.0	Tools & Machines	Approved	20.0	Approve in Full
68577	2005072589639	2005-07-22 00:00:00	2005-07-12 00:00:00	CAE	Columbia Metropolitan	UAL	Passenger Property Loss	Checked Baggage	42.0	Clothing & Accessories	Approved	42.0	Approve in Full
69275	2005081290449	2005-08-02 00:00:00	2005-07-17 00:00:00	CAE	Columbia Metropolitan	Delta Air Lines	Passenger Property Loss	Checked Baggage	18.95	Tools & Machines	Approved	18.95	Approve in Full
71032	2005090692107	2005-08-30 00:00:00	2005-07-23 00:00:00	CAE	Columbia Metropolitan	USAir	Passenger Property Loss	Checked Baggage	10.0	Other	Approved	10.0	Approve in Full
71347	2005091492456	2005-09-06 00:00:00	2005-07-19 00:00:00	CAE	Columbia Metropolitan	Delta Air Lines	Passenger Property Loss	Checked Baggage	162.43	Other	Approved	162.43	Approve in Full
72088	2005092693220	2005-09-15 00:00:00	2005-08-22 00:00:00	CAE	Columbia Metropolitan	UAL	Passenger Property Loss	Checked Baggage	1737.94	Electronics	Settled	868.97	Settle
72635	2005100493817	2005-09-23 00:00:00	2005-09-15 00:00:00	CAE	Columbia Metropolitan	Delta Air Lines	Passenger Property Loss	Checked Baggage	5.27	Tools & Machines	Denied	0.0	Deny
73843	2005101794591	2005-10-17 00:00:00	2005-08-26 00:00:00	CAE	Columbia Metropolitan	Continental Airlines	Passenger Property Loss	Checked Baggage	129.98	Electronics	Denied	0.0	Deny
75782	2005120697005	2005-11-21 00:00:00	2005-11-02 00:00:00	CAE	Columbia Metropolitan	Delta Air Lines	Passenger Property Loss	Checked Baggage	25.66	Supplies	Approved	25.66	Approve in Full
76569	2005121697959	2005-12-05 00:00:00	2005-11-07 00:00:00	CAE	Columbia Metropolitan	UAL	Passenger Property Loss	Checked Baggage	102.0	Cosmetics	Denied	0.0	Deny
76814	2005121497851	2005-12-08 00:00:00	2005-11-26 00:00:00	CAE	Columbia Metropolitan	UAL	Passenger Property Loss	Checked Baggage	229.95	Other	Denied	0.0	Deny
77372	2005122898488	2005-12-21 00:00:00	2005-10-27 00:00:00	CAE	Columbia Metropolitan	Delta Air Lines	Passenger Property Loss	Checked Baggage	12.9	Tools & Machines	Approved	12.9	Approve in Full
77377	2005122898546	2005-12-21 00:00:00	2005-11-13 00:00:00	CAE	Columbia Metropolitan	USAir	Passenger Property Loss	Checked Baggage	10.95	Tools & Machines	Approved	10.95	Approve in Full
77740	2006010598886	2005-12-28 00:00:00	2005-12-19 00:00:00	CAE	Columbia Metropolitan	USAir	Passenger Property Loss	Checked Baggage	166.95	Electronics	Denied	0.0	Deny
78543	2006011899755	2006-01-10 00:00:00	2005-12-16 00:00:00	CAE	Columbia Metropolitan	UAL	Passenger Property Loss	Checked Baggage	804.99	Other	Denied	0.0	Deny
79588	2006020200789	2006-01-26 00:00:00	2005-12-08 00:00:00	CAE	Columbia Metropolitan		Passenger Property Loss	Checked Baggage	20.13	Clothing & Accessories	Approved	20.13	Approve in Full
81336	2006030302481	2006-02-27 00:00:00	2006-01-09 00:00:00	CAE	Columbia Metropolitan	Delta Air Lines	Passenger Property Loss	Checked Baggage	105.99	Other	Settled	52.99	Settle
82514	2006032703694	2006-03-21 00:00:00	2005-10-02 00:00:00	CAE	Columbia Metropolitan	USAir	Passenger Property Loss	Checked Baggage	8.95	Tools & Machines	Approved	8.95	Approve in Full
82515	2006032703695	2006-03-21 00:00:00	2005-12-26 00:00:00	CAE	Columbia Metropolitan		Passenger Property Loss	Checked Baggage	8.95	Tools & Machines	Approved	8.95	Approve in Full
82975	2006040604140	2006-03-28 00:00:00	2006-03-18 00:00:00	CAE	Columbia Metropolitan	Northwest Airlines	Passenger Property Loss	Checked Baggage	278.14	Watches & Jewelry	Denied	0.0	Deny
83868	2006042505194	2006-04-14 00:00:00	2006-04-03 00:00:00	CAE	Columbia Metropolitan	Northwest Airlines	Passenger Property Loss	Checked Baggage	21.19	Other	Denied	0.0	Deny
85270	2006051706498	2006-05-16 00:00:00	2006-05-02 00:00:00	CAE	Columbia Metropolitan		Passenger Property Loss	Checked Baggage	10.0	Tools & Machines	Approved	10.0	Approve in Full
86642	2006061407908	2006-06-12 00:00:00	2006-05-22 00:00:00	CAE	Columbia Metropolitan	UAL	Passenger Property Loss	Checked Baggage	68.0	Clothing & Accessories	Denied	0.0	Deny
86711	2006061407945	2006-06-13 00:00:00	2006-05-28 00:00:00	CAE	Columbia Metropolitan	UAL	Passenger Property Loss	Checked Baggage	1566.0	Watches & Jewelry,Other	Denied	0.0	Deny
89422	2006080910668	2006-08-04 00:00:00	2006-03-21 00:00:00	CAE	Columbia Metropolitan	Delta Air Lines	Passenger Property Loss	Checkpoint	450.0	Other	Approved	450.0	Approve in Full
90256	2006082511558	2006-08-21 00:00:00	2006-08-10 00:00:00	CAE	Columbia Metropolitan	USAir	Passenger Property Loss	Checked Baggage	123.0	Containers,Cosmetics	Denied	0.0	Deny
92361	2006100613725	2006-09-29 00:00:00	2006-09-13 00:00:00	CAE	Columbia Metropolitan		Passenger Property Loss	Checked Baggage	84.77	Electronics	Denied	0.0	Deny
96509	2006122217851	2006-12-20 00:00:00	2006-12-03 00:00:00	CAE	Columbia Metropolitan	UAL	Passenger Property Loss	Checked Baggage	10.49	Tools & Machines	Approved	10.49	Approve in Full
97305	2007010418319	2007-01-03 00:00:00	2006-12-19 00:00:00	CAE	Columbia Metropolitan	UAL	Passenger Property Loss	Checked Baggage	400.0	Scientific Intruments	Settled	360.0	Settle
98331	2007012419429	2007-01-18 00:00:00	2006-12-25 00:00:00	CAE	Columbia Metropolitan	Delta Air Lines	Passenger Property Loss	Checked Baggage	1765.0	Watches & Jewelry	Canceled	0.0	
98343	2007012419402	2007-01-18 00:00:00	2006-06-25 00:00:00	CAE	Columbia Metropolitan	USAir	Passenger Property Loss	Checkpoint	5900.0	Watches & Jewelry	Denied	0.0	Deny
98413	2007012519515	2007-01-19 00:00:00	2006-12-02 00:00:00	CAE	Columbia Metropolitan	Delta Air Lines	Passenger Property Loss	Checkpoint	22.26	Cosmetics	Denied	0.0	Deny
99007	2007020620339	2007-01-29 00:00:00	2007-01-16 00:00:00	CAE	Columbia Metropolitan	UAL	Passenger Property Loss	Checked Baggage	195.99	Cosmetics	Denied	0.0	Deny
100111	2007022121240	2007-02-20 00:00:00	2006-12-21 00:00:00	CAE	Columbia Metropolitan	USAir	Passenger Property Loss	Checked Baggage	471.0	Electronics	Canceled	0.0	
104353	2007051825638	2007-05-16 00:00:00	2007-04-11 00:00:00	CAE	Columbia Metropolitan	UAL	Passenger Property Loss	Checked Baggage	195.2	Automobile & Mechanical,Other	Canceled	0.0	
104512	2007052225776	2007-05-18 00:00:00	2007-05-07 00:00:00	CAE	Columbia Metropolitan	UAL	Passenger Property Loss	Checked Baggage	25.0	Household Items	Denied	0.0	Deny
105227	2007060626445	2007-06-04 00:00:00	2007-03-18 00:00:00	CAE	Columbia Metropolitan	Delta Air Lines	Passenger Property Loss	Checkpoint	345.0	Electronics	Denied	0.0	Deny
106758	2007071028015	2007-07-03 00:00:00	2007-06-26 00:00:00	CAE	Columbia Metropolitan	UAL	Passenger Property Loss	Checked Baggage	60.0	Cosmetics	Denied	0.0	Deny
108477	2007080829813	2007-08-03 00:00:00	2007-07-13 00:00:00	CAE	Columbia Metropolitan	Delta Air Lines	Passenger Property Loss	Checked Baggage	434.57	Electronics	Denied	0.0	Deny
109137	2007082030449	2007-08-16 00:00:00	2007-08-13 00:00:00	CAE	Columbia Metropolitan	American Airlines	Passenger Property Loss	Checked Baggage	179.99	Electronics	Denied	0.0	Deny
110669	2007091432000	2007-09-13 00:00:00	2007-09-07 00:00:00	CAE	Columbia Metropolitan	Delta Air Lines	Passenger Property Loss	Checked Baggage	975.57	Electronics	Denied	0.0	Deny
113684	2007111534989	2007-11-14 00:00:00	2007-10-21 00:00:00	CAE	Columbia Metropolitan	Continental Airlines	Passenger Property Loss	Checkpoint	325.0	Watches & Jewelry	Denied	0.0	Deny
115355	2007122136767	2007-12-18 00:00:00	2007-12-17 00:00:00	CAE	Columbia Metropolitan	UAL	Passenger Property Loss	Checkpoint	45.0	Clothing & Accessories	Denied	0.0	Deny
119456	2008031441070	2008-03-10 00:00:00	2008-02-27 00:00:00	CAE	Columbia Metropolitan	USAir	Passenger Property Loss	Checked Baggage	94.49	Other	Denied	0.0	Deny
120160	2008020639192	2008-03-25 00:00:00	2008-01-08 00:00:00	CAE	Columbia Metropolitan	Delta Air Lines	Passenger Property Loss	Checked Baggage	208.63	Electronics	Denied	0.0	Deny
128380	2008092250193	2008-09-17 00:00:00	2008-08-24 00:00:00	CAE	Columbia Metropolitan	USAir	Passenger Property Loss	Checkpoint	169.95	Clothing & Accessories	Approved	169.95	Approve in Full
136786	2009051858762	2009-04-30 00:00:00	2009-04-26 00:00:00	CAE	Columbia Metropolitan	USAir	Passenger Property Loss	Checked Baggage	378.97	Electronics	Denied	0.0	Deny
137123	2009051858848	2009-05-11 00:00:00	2009-04-25 00:00:00	CAE	Columbia Metropolitan	Delta Air Lines	Passenger Property Loss	Checked Baggage	50.0	Outdoors Supplies	Approved	50.0	Approve in Full
137130	2009050458298	2009-05-11 00:00:00	2009-04-14 00:00:00	CAE	Columbia Metropolitan	Continental Airlines	Passenger Property Loss	Checked Baggage	15070.0	Electronics,Electronics	Denied	0.0	Deny
138555	2009062960697	2009-06-18 00:00:00	2009-05-14 00:00:00	CAE	Columbia Metropolitan	Continental Airlines	Passenger Property Loss	Checkpoint	1200.0	Watches & Jewelry	Denied	0.0	Deny
140150	2009080462215	2009-07-30 00:00:00	2009-04-14 00:00:00	CAE	Columbia Metropolitan	Continental Airlines	Passenger Property Loss	Checked Baggage	14440.0	Scientific Intruments	Denied	0.0	Deny
141082	2009082763067	2009-08-26 00:00:00	2009-07-01 00:00:00	CAE	Columbia Metropolitan	Delta Air Lines	Passenger Property Loss	Checked Baggage	450.0	Games & Toys	Denied	0.0	Deny
144604	2009121666595	2009-12-14 00:00:00	2009-12-10 12:23:00	CAE	Columbia Metropolitan	USAir	Passenger Property Loss	Checked Baggage	444.69	Electronics,Games & Toys	Denied	0.0	Deny
144607	2009121666599	2009-12-14 00:00:00	2009-12-10 00:00:00	CAE	Columbia Metropolitan	UAL	Passenger Property Loss	Checkpoint	85.47	Other	Denied	0.0	Deny
153564	2010101977068	2010-10-06 00:00:00	2010-09-13 00:00:00	CAE	Columbia Metropolitan	American Airlines	Passenger Property Loss	Checked Baggage		Cosmetics		0.0	Deny
161786	2011072085347	2011-07-06 00:00:00	2011-06-23 00:00:00	CAE	Columbia Metropolitan	Delta Air Lines	Passenger Property Loss	Checked Baggage		Clothing & Accessories		0.0	Deny
169682	2012042693307	2012-04-02 00:00:00	2012-03-19 14:18:00	CAE	Columbia Metropolitan	Delta Air Lines	Passenger Property Loss	Checked Baggage		Clothing & Accessories		0.0	Deny
171422	2012070595071	2012-06-01 00:00:00	2012-03-11 08:30:00	CAE	Columbia Metropolitan	USAir	Passenger Property Loss	Checkpoint		Clothing & Accessories		0.0	Deny
172292	2012081695975	2012-07-05 00:00:00	2012-06-22 00:00:00	CAE	Columbia Metropolitan	Delta Air Lines	Passenger Property Loss	Checked Baggage		Watches & Jewelry,Clothing & Accessories		0.0	Deny
173324	2012092096986	2012-08-09 00:00:00	2012-07-13 00:00:00	CAE	Columbia Metropolitan	Delta Air Lines	Passenger Property Loss	Checked Baggage		Cosmetics		5.93	Approve in Full
175380	2012120599087	2012-10-23 00:00:00	2012-10-10 00:00:00	CAE	Columbia Metropolitan	Delta Air Lines	Passenger Property Loss	Checkpoint		Clothing & Accessories		448.2	Approve in Full
175879	2013010899600	2012-11-13 00:00:00	2012-11-04 00:00:00	CAE	Columbia Metropolitan	Vision Airlines	Passenger Property Loss	Checked Baggage		Cosmetics		0.0	Deny
176546	2013012200063	2012-12-10 00:00:00	2012-10-25 00:00:00	CAE	Columbia Metropolitan	Delta Air Lines	Passenger Property Loss	Checked Baggage		Clothing & Accessories		55.0	Approve in Full
178882	2013031302539	2013-03-07 00:00:00	2013-02-19 00:00:00	CAE	Columbia Metropolitan	Delta Air Lines	Passenger Property Loss	Checkpoint		Other		99.95	Approve in Full
179381	2013040402993	2013-03-26 00:00:00	2013-03-18 11:00:00	CAE	Columbia Metropolitan	Delta Air Lines	Passenger Property Loss	Checked Baggage		Clothing & Accessories,Other		0.0	Deny
184707	2013102908234	2013-10-07 00:00:00	2013-09-27 06:05:00	CAE	Columbia Metropolitan	USAir	Passenger Property Loss	Checked Baggage		Clothing & Accessories,Cosmetics		0.0	Deny
185028	2013110708852	2013-10-21 00:00:00	2013-09-22 07:30:00	CAE	Columbia Metropolitan	USAir	Passenger Property Loss	Checked Baggage		Other			
187957	2014021411723	2014-02-07 00:00:00	2013-12-30 00:00:00	CAE	Columbia Metropolitan	Delta Air Lines	Passenger Property Loss	Checked Baggage		Electronics			
190081	2014051313894	2014-05-09 00:00:00	2014-04-18 00:00:00	CAE	Columbia Metropolitan	UAL	Passenger Property Loss	Checkpoint		Scientific Intruments		0.0	Deny
196649	2015072023981	2015-07-08 00:00:00	2015-06-24 00:00:00	CAE	Columbia Metropolitan		Passenger Property Loss	Checkpoint		Watches & Jewelry,Watches & Jewelry,Watches & Jewelry,Watches & Jewelry		0.0	Deny
205285	2016042030680	2016-04-01 00:00:00	2016-03-07 05:00:00	CAE	Columbia Metropolitan Columbia Metropolitan	Delta Air Lines	Property Loss	Checkpoint		Cosmetics		65.0	Approve in Full
205286	2016042730901	2016-04-27 00:00:00	2016-04-11 00:00:00	CAE	Columbia Metropolitan Columbia Metropolitan		Passenger Property Loss	Checked Baggage		Electronics		0.0	Deny
205288	2016121635997	2016-10-25 00:00:00	2016-10-16 16:30:00	CAE	Columbia Metropolitan Columbia Metropolitan	UAL	Passenger Property Loss	Checked Baggage		Cosmetics			In Review
205290	2016052631797	2016-05-12 00:00:00	2016-05-01 00:00:00	CAE	Columbia Metropolitan Columbia Metropolitan	UAL	Passenger Property Loss	Checked Baggage		Containers		50.0	Settle
213519	2017081042148	2017-08-01 00:00:00	2017-03-21 00:00:00	CAE	Columbia Metropolitan Columbia Metropolitan	Delta Air Lines	Passenger Property Loss	Checked Baggage		Scientific Intruments			In Review