id	claim_number	date_received	incident_date	airport_code	airport_name	airline	claim_type	claim_site	claim_amount	items	status	close_amount	disposition
6	2005032479636	2002-02-18 00:00:00	2005-02-17 00:00:00	CAK	Akron-Canton Regional	Air Tran Airlines(do not use)	Passenger Property Loss	Checked Baggage	459.01	Other	Settled	227.0	Settle
5686	0428063L	2003-04-28 00:00:00	2003-04-12 00:00:00	CAK	Akron-Canton Regional		Passenger Property Loss	Checked Baggage	150.0	Watches & Jewelry	Approved	150.0	Approve in Full
6667	0520120L	2003-05-20 00:00:00	2003-05-09 00:00:00	CAK	Akron-Canton Regional		Passenger Property Loss	Checked Baggage	138.95	Clothing & Accessories	Approved	138.95	Approve in Full
8773	0617061L	2003-06-17 00:00:00	2003-06-04 00:00:00	CAK	Akron-Canton Regional		Passenger Property Loss	Checked Baggage	35.0	Clothing & Accessories	Settled	17.5	Settle
10897	0715057M	2003-07-15 00:00:00	2003-06-22 00:00:00	CAK	Akron-Canton Regional	UAL	Passenger Property Loss	Checked Baggage	366.02	Electronics	Denied	0.0	Deny
11774	0728026M	2003-07-28 00:00:00	2003-07-20 00:00:00	CAK	Akron-Canton Regional	Delta Air Lines	Passenger Property Loss	Checked Baggage	300.0	Watches & Jewelry	Denied	0.0	Deny
32281	2004051752602	2004-04-06 00:00:00	2004-03-03 00:00:00	CAK	Akron-Canton Regional	Delta Air Lines	Passenger Property Loss	Checked Baggage	542.0	Other	Settled	209.0	Settle
33382	2004060354465	2004-04-21 00:00:00	2004-04-05 00:00:00	CAK	Akron-Canton Regional		Passenger Property Loss	Checked Baggage	36.0	Other	Settled	18.0	Settle
35840	2004061956359	2004-05-26 00:00:00	2004-05-07 00:00:00	CAK	Akron-Canton Regional	AirTran Airlines	Passenger Property Loss	Checked Baggage	600.0	Other	Settled	125.0	Settle
37905	2004070658502	2004-06-16 00:00:00	2004-05-05 00:00:00	CAK	Akron-Canton Regional	USAir	Passenger Property Loss	Checked Baggage	80.0	Electronics	Approved	80.0	Approve in Full
38442	2004071559520	2004-06-22 00:00:00	2004-06-14 00:00:00	CAK	Akron-Canton Regional	UAL	Passenger Property Loss	Checked Baggage	10.0	Tools & Machines	Approved	10.0	Approve in Full
39815	2004080360492	2004-07-09 00:00:00	2004-05-29 00:00:00	CAK	Akron-Canton Regional	AirTran Airlines	Passenger Property Loss	Checked Baggage	225.88	Cosmetics	Settled	112.94	Settle
43576	2004092063199	2004-08-30 00:00:00	2004-08-06 00:00:00	CAK	Akron-Canton Regional	Delta Air Lines	Passenger Property Loss	Checked Baggage	1439.1	Cosmetics	Denied	0.0	Deny
43632	2004100564584	2004-08-31 00:00:00	2004-07-30 00:00:00	CAK	Akron-Canton Regional		Passenger Property Loss	Checked Baggage	11.44	Cosmetics	Approved	11.44	Approve in Full
45042	2004092263581	2004-09-16 00:00:00	2004-08-11 00:00:00	CAK	Akron-Canton Regional	Delta Air Lines	Passenger Property Loss	Checked Baggage	1404.99	Tools & Machines	Denied	0.0	Deny
45824	2004103065867	2004-09-23 00:00:00	2004-09-06 00:00:00	CAK	Akron-Canton Regional	AirTran Airlines	Passenger Property Loss	Checked Baggage	914.96	Electronics	Settled	674.97	Settle
48683	2005040481223	2004-10-28 00:00:00	2004-10-06 00:00:00	CAK	Akron-Canton Regional	UAL	Passenger Property Loss	Checked Baggage	198.0	Other	Settled	28.0	Settle
48821	2004122069421	2004-11-02 00:00:00	2004-10-24 00:00:00	CAK	Akron-Canton Regional	America Trans Air	Passenger Property Loss	Checked Baggage	62.99	Electronics	Approved	62.99	Approve in Full
50223	2004122871311	2004-11-18 00:00:00	2004-11-01 00:00:00	CAK	Akron-Canton Regional		Passenger Property Loss	Checked Baggage	140.0	Other	Denied	0.0	Deny
50446	2004122770848	2004-11-22 00:00:00	2004-02-29 00:00:00	CAK	Akron-Canton Regional	AirTran Airlines	Passenger Property Loss	Checked Baggage	575.95	Clothing & Accessories	Denied	0.0	Deny
50590	2004122871248	2004-11-23 00:00:00	2004-11-14 00:00:00	CAK	Akron-Canton Regional	Delta Air Lines	Passenger Property Loss	Checked Baggage	250.0	Electronics	Denied	0.0	Deny
50993	2004123071956	2004-12-01 00:00:00	2004-01-05 00:00:00	CAK	Akron-Canton Regional		Passenger Property Loss	Checked Baggage	50.0	Clothing & Accessories	Approved	50.0	Approve in Full
51776	2005010372086	2004-12-13 00:00:00	2004-11-08 00:00:00	CAK	Akron-Canton Regional	AirTran Airlines	Passenger Property Loss	Checked Baggage	31.92	Other	Approved	31.92	Approve in Full
52219	2005010472616	2004-12-16 00:00:00	2004-12-03 00:00:00	CAK	Akron-Canton Regional	USAir	Passenger Property Loss	Checked Baggage	25.0	Other	Approved	25.0	Approve in Full
52272	2005010472576	2004-12-16 00:00:00	2004-11-03 00:00:00	CAK	Akron-Canton Regional	Air Tran Airlines(do not use)	Passenger Property Loss	Checked Baggage	52.0	Other	Settled	26.0	Settle
53607	2005012474076	2005-01-04 00:00:00	2004-12-26 00:00:00	CAK	Akron-Canton Regional	AirTran Airlines	Passenger Property Loss	Checked Baggage	210.0	Watches & Jewelry	Settled	175.0	Settle
55822	2005022376624	2005-01-28 00:00:00	2004-12-04 00:00:00	CAK	Akron-Canton Regional		Passenger Property Loss	Checkpoint	35.0	Other	Approved	35.0	Approve in Full
56936	2005031077601	2005-02-09 00:00:00	2005-12-13 00:00:00	CAK	Akron-Canton Regional	Air Tran Airlines(do not use)	Passenger Property Loss	Checked Baggage	466.21	Electronics	Settled	299.68	Settle
57019	2005041982816	2005-02-10 00:00:00	2004-12-02 00:00:00	CAK	Akron-Canton Regional	AirTran Airlines	Passenger Property Loss	Checkpoint	800.0	Other	Denied	0.0	Deny
59557	2005032980329	2005-03-16 00:00:00	2005-03-03 00:00:00	CAK	Akron-Canton Regional	AirTran Airlines	Passenger Property Loss	Checked Baggage	125.43	Other	Settled	62.72	Settle
60689	2005040581618	2005-04-04 00:00:00	2005-02-07 00:00:00	CAK	Akron-Canton Regional		Passenger Property Loss	Checked Baggage	84.85	Clothing & Accessories	Approved	84.85	Approve in Full
61311	2005041182195	2005-04-08 00:00:00	2005-03-18 00:00:00	CAK	Akron-Canton Regional	Air Tran Airlines(do not use)	Passenger Property Loss	Checkpoint	700.0	Other	Denied	0.0	Deny
61787	2005041882709	2005-04-14 00:00:00	2005-04-01 00:00:00	CAK	Akron-Canton Regional	Northwest Airlines	Passenger Property Loss	Checked Baggage	100.0	Other	Denied	0.0	Deny
62167	2005042183006	2005-04-19 00:00:00	2005-03-21 00:00:00	CAK	Akron-Canton Regional	Delta Air Lines	Passenger Property Loss	Checked Baggage	1818.99	Other	Settled	1130.99	Settle
63732	2005051684712	2005-05-12 00:00:00	2005-03-12 00:00:00	CAK	Akron-Canton Regional	AirTran Airlines	Passenger Property Loss	Checked Baggage	70.0	Clothing & Accessories	Approved	70.0	Approve in Full
63810	2005051384674	2005-05-12 00:00:00	2005-03-20 00:00:00	CAK	Akron-Canton Regional	Air Tran Airlines(do not use)	Passenger Property Loss	Checked Baggage	199.0	Other	Settled	100.0	Settle
67405	2005070688374	2005-07-05 00:00:00	2005-02-18 00:00:00	CAK	Akron-Canton Regional	UAL	Passenger Property Loss	Checked Baggage	589.98	Electronics	Denied	0.0	Deny
67446	2005070788419	2005-07-06 00:00:00	2005-06-19 00:00:00	CAK	Akron-Canton Regional	AirTran Airlines	Passenger Property Loss	Checked Baggage	31.0	Other	Approved	31.0	Approve in Full
68670	2005072689714	2005-07-22 00:00:00	2005-07-11 00:00:00	CAK	Akron-Canton Regional	Delta Air Lines	Passenger Property Loss	Checked Baggage	345.0	Electronics	Denied	0.0	Deny
69487	2005081590550	2005-08-04 00:00:00	2005-07-10 00:00:00	CAK	Akron-Canton Regional	Northwest Airlines	Passenger Property Loss	Checked Baggage	3263.75	Watches & Jewelry	Denied	0.0	Deny
70220	2005082391267	2005-08-16 00:00:00	2005-08-05 00:00:00	CAK	Akron-Canton Regional		Passenger Property Loss	Checkpoint	50.0	Other	Denied	0.0	Deny
72437	2005100393633	2005-09-20 00:00:00	2005-08-18 00:00:00	CAK	Akron-Canton Regional	USAir	Passenger Property Loss	Checked Baggage	112.0	Supplies	Denied	0.0	Deny
73367	2005101394479	2005-10-05 00:00:00	2005-09-25 00:00:00	CAK	Akron-Canton Regional	AirTran Airlines	Passenger Property Loss	Checked Baggage	21.4	Other	Denied	0.0	Deny
73397	2005100794311	2005-10-05 00:00:00	2005-08-30 00:00:00	CAK	Akron-Canton Regional	Air Tran Airlines(do not use)	Passenger Property Loss	Checked Baggage	130.39	Cosmetics	Settled	65.2	Settle
73849	2005101994867	2005-10-17 00:00:00	2005-10-08 00:00:00	CAK	Akron-Canton Regional	Air Tran Airlines(do not use)	Passenger Property Loss	Checked Baggage	700.0	Clothing & Accessories	Denied	0.0	Deny
74590	2005110795721	2005-10-28 00:00:00	2005-10-11 00:00:00	CAK	Akron-Canton Regional	Northwest Airlines	Passenger Property Loss	Checked Baggage	30.0	Other	Approved	30.0	Approve in Full
75346	2005112596444	2005-11-14 00:00:00	2005-10-21 00:00:00	CAK	Akron-Canton Regional	Delta Air Lines	Passenger Property Loss	Checked Baggage	90.0	Other	Approved	90.0	Approve in Full
76010	2005120797219	2005-11-23 00:00:00	2005-11-07 00:00:00	CAK	Akron-Canton Regional	Air Tran Airlines(do not use)	Passenger Property Loss	Checked Baggage	100.0	Other	Approved	100.0	Approve in Full
76527	2005121397625	2005-12-05 00:00:00	2005-11-23 00:00:00	CAK	Akron-Canton Regional	Northwest Airlines	Passenger Property Loss	Checked Baggage	275.0	Clothing & Accessories	Denied	0.0	Deny
76636	2005121497755	2005-12-06 00:00:00	2005-11-16 00:00:00	CAK	Akron-Canton Regional		Passenger Property Loss	Checked Baggage	150.0	Clothing & Accessories	Denied	0.0	Deny
76752	2005121497805	2005-12-07 00:00:00	2005-10-31 00:00:00	CAK	Akron-Canton Regional	USAir	Passenger Property Loss	Checked Baggage	23.09	Supplies	Denied	0.0	Deny
78424	2006011799706	2006-01-10 00:00:00	2005-12-31 00:00:00	CAK	Akron-Canton Regional		Passenger Property Loss	Checked Baggage	72.0	Other	Approved	72.0	Approve in Full
81616	2006030802736	2006-03-03 00:00:00	2006-02-15 00:00:00	CAK	Akron-Canton Regional	Air Tran Airlines(do not use)	Passenger Property Loss	Checked Baggage	269.0	Electronics	Settled	102.84	Settle
81719	2006030802783	2006-03-06 00:00:00	2006-01-14 00:00:00	CAK	Akron-Canton Regional	UAL	Passenger Property Loss	Checkpoint	244.2	Electronics	Settled	204.29	Settle
82720	2006040403965	2006-03-23 00:00:00	2006-03-03 00:00:00	CAK	Akron-Canton Regional		Passenger Property Loss			Other	Canceled	0.0	
82932	2006040604173	2006-03-28 00:00:00	2006-03-01 00:00:00	CAK	Akron-Canton Regional	Northwest Airlines	Passenger Property Loss	Checked Baggage	21.5	Tools & Machines	Approved	21.5	Approve in Full
83062	2006040704234	2006-03-29 00:00:00	2006-03-23 00:00:00	CAK	Akron-Canton Regional	USAir	Passenger Property Loss	Checked Baggage	119.0	Clothing & Accessories	Approved	119.0	Approve in Full
84753	2006051206190	2006-05-02 00:00:00	2006-04-16 00:00:00	CAK	Akron-Canton Regional	Air Tran Airlines(do not use)	Passenger Property Loss	Checked Baggage	134.08	Watches & Jewelry	Settled	0.0	Settle
87932	2006071009229	2006-07-07 00:00:00	2006-06-27 00:00:00	CAK	Akron-Canton Regional	Air Tran Airlines(do not use)	Passenger Property Loss	Checked Baggage	120.0	Watches & Jewelry	Approved	120.0	Approve in Full
89086	2006080110298	2006-07-28 00:00:00	2006-07-15 00:00:00	CAK	Akron-Canton Regional		Passenger Property Loss	Checked Baggage	2020.0	Other,Other	Denied	0.0	Deny
89415	2006080910622	2006-08-04 00:00:00	2006-07-13 00:00:00	CAK	Akron-Canton Regional	USAir	Passenger Property Loss	Checkpoint	132.0	Watches & Jewelry	Approved	132.0	Approve in Full
90855	2006090812166	2006-08-31 00:00:00	2006-08-15 00:00:00	CAK	Akron-Canton Regional	Delta Air Lines	Passenger Property Loss	Checked Baggage	2200.0	Electronics	Denied	0.0	Deny
91440	2006091812715	2006-09-11 00:00:00	2006-08-19 00:00:00	CAK	Akron-Canton Regional	Air Tran Airlines(do not use)	Passenger Property Loss	Checked Baggage	130.0	Electronics	Settled	65.0	Settle
91465	2006091512610	2006-09-12 00:00:00	2006-09-01 00:00:00	CAK	Akron-Canton Regional	AirTran Airlines	Passenger Property Loss	Checked Baggage	1812.88	Supplies	Canceled	0.0	
93217	2006102314419	2006-10-17 00:00:00	2006-10-04 00:00:00	CAK	Akron-Canton Regional	Delta Air Lines	Passenger Property Loss	Checkpoint	100.0	Other	Denied	0.0	Deny
96040	2006121517276	2006-12-12 00:00:00	2006-11-15 00:00:00	CAK	Akron-Canton Regional	AirTran Airlines	Passenger Property Loss	Checked Baggage	12.0	Tools & Machines	Approved	12.0	Approve in Full
97691	2007011218770	2007-01-08 00:00:00	2006-09-26 00:00:00	CAK	Akron-Canton Regional	AirTran Airlines	Passenger Property Loss	Checked Baggage	151.0	Clothing & Accessories	Settled	75.5	Settle
98527	2007020520205	2007-01-22 00:00:00	2006-06-08 00:00:00	CAK	Akron-Canton Regional	Air Tran Airlines(do not use)	Passenger Property Loss	Checked Baggage	600.0	Watches & Jewelry	Denied	0.0	Deny
98768	2007013019790	2007-01-24 00:00:00	2007-01-11 00:00:00	CAK	Akron-Canton Regional		Passenger Property Loss	Checked Baggage	75.0	Outdoors Supplies	Settled	37.5	Settle
99157	2007020620271	2007-01-31 00:00:00	2006-12-20 00:00:00	CAK	Akron-Canton Regional	USAir	Passenger Property Loss	Checked Baggage	250.0	Other	Denied	0.0	Deny
101581	2007032222753	2007-03-20 00:00:00	2007-02-27 00:00:00	CAK	Akron-Canton Regional	AirTran Airlines	Passenger Property Loss	Checked Baggage	48.46	Outdoors Supplies	Denied	0.0	Deny
103776	2007050725052	2007-05-03 00:00:00	2007-03-19 00:00:00	CAK	Akron-Canton Regional	Air Tran Airlines(do not use)	Passenger Property Loss	Checked Baggage	1735.0	Watches & Jewelry,Watches & Jewelry	Denied	0.0	Deny
105245	2007060726524	2007-06-04 00:00:00	2007-05-17 00:00:00	CAK	Akron-Canton Regional		Passenger Property Loss	Checked Baggage	50.0	Tools & Machines,Cosmetics,Other,Cosmetics	Denied	0.0	Deny
106381	2007062927658	2007-06-25 00:00:00	2007-06-09 00:00:00	CAK	Akron-Canton Regional	Air Tran Airlines(do not use)	Passenger Property Loss	Checked Baggage	289.98	Games & Toys	Settled	144.74	Settle
107659	2007072529020	2007-07-20 00:00:00	2007-05-10 00:00:00	CAK	Akron-Canton Regional	Northwest Airlines	Passenger Property Loss	Checked Baggage	16.0	Tools & Machines	Denied	0.0	Deny
107674	2007072428984	2007-07-20 00:00:00	2007-06-17 00:00:00	CAK	Akron-Canton Regional	Air Tran Airlines(do not use)	Passenger Property Loss	Checked Baggage	100.0	Other	Settled	50.0	Settle
108205	2007080229550	2007-07-30 00:00:00	2007-05-25 00:00:00	CAK	Akron-Canton Regional		Passenger Property Loss	Checked Baggage	151.25	Electronics	Settled	75.63	Settle
117826	2008021239436	2008-02-04 00:00:00	2008-01-23 00:00:00	CAK	Akron-Canton Regional	USAir	Passenger Property Loss	Checked Baggage	28.6	Household Items	Denied	0.0	Deny
120188	2008040141670	2008-03-25 00:00:00	2008-03-19 00:00:00	CAK	Akron-Canton Regional	Northwest Airlines	Passenger Property Loss	Checked Baggage	50.0	Office Supplies	Denied	0.0	Deny
120617	2008040842140	2008-04-01 00:00:00	2008-03-23 00:00:00	CAK	Akron-Canton Regional	UAL	Passenger Property Loss	Checked Baggage	700.0	Games & Toys	Denied	0.0	Deny
121841	2008042843479	2008-04-24 00:00:00	2008-04-22 00:00:00	CAK	Akron-Canton Regional	Frontier Airlines	Passenger Property Loss	Checkpoint	170.0	Clothing & Accessories	Denied	0.0	Deny
122392	2008050844027	2008-05-06 00:00:00	2008-04-16 00:00:00	CAK	Akron-Canton Regional	Air Tran Airlines(do not use)	Passenger Property Loss	Checked Baggage	140.0	Clothing & Accessories	Denied	0.0	Deny
122485	2008051444267	2008-05-08 00:00:00	2008-05-03 00:00:00	CAK	Akron-Canton Regional	Air Tran Airlines(do not use)	Passenger Property Loss	Checked Baggage	25.0	Electronics	Approved	25.0	Approve in Full
122817	2008051944454	2008-05-15 00:00:00	2008-05-11 00:00:00	CAK	Akron-Canton Regional	Frontier Airlines	Passenger Property Loss	Checked Baggage	130.0	Tools & Machines,Watches & Jewelry	Denied	0.0	Deny
124381	2008062346046	2008-06-19 00:00:00	2008-05-12 00:00:00	CAK	Akron-Canton Regional	UAL	Passenger Property Loss	Checked Baggage	29.95	Electronics	Denied	0.0	Deny
125025	2008070946688	2008-07-03 00:00:00	2008-06-29 00:00:00	CAK	Akron-Canton Regional	Delta Air Lines	Passenger Property Loss	Checked Baggage	3500.0	Other	Denied	0.0	Deny
125527	2008072147176	2008-07-15 00:00:00	2008-07-08 00:00:00	CAK	Akron-Canton Regional	USAir	Passenger Property Loss	Checked Baggage	80.0	Clothing & Accessories	Denied	0.0	Deny
127319	2008082749155	2008-08-25 00:00:00	2008-08-14 00:00:00	CAK	Akron-Canton Regional	Air Tran Airlines(do not use)	Passenger Property Loss	Checkpoint	23.9	Electronics	Approved	23.9	Approve in Full
127827	2008090849628	2008-09-04 00:00:00	2008-08-17 00:00:00	CAK	Akron-Canton Regional	UAL	Passenger Property Loss	Checked Baggage	165.0	Clothing & Accessories,Other	Denied	0.0	Deny
127992	2008091549881	2008-09-08 00:00:00	2008-08-25 00:00:00	CAK	Akron-Canton Regional	UAL	Passenger Property Loss	Checked Baggage	374.99	Clothing & Accessories,Containers,Other,Watches & Jewelry	Denied	0.0	Deny
131084	2008120253020	2008-11-25 00:00:00	2008-11-15 00:00:00	CAK	Akron-Canton Regional	Delta Air Lines	Passenger Property Loss	Checked Baggage	7.76	Tools & Machines	Denied	0.0	Deny
131651	2008121853498	2008-12-11 00:00:00	2008-11-30 00:00:00	CAK	Akron-Canton Regional	Delta Air Lines	Passenger Property Loss	Checked Baggage	25.0	Tools & Machines	Denied	0.0	Deny
132095	2008123153969	2008-12-23 00:00:00	2008-11-28 00:00:00	CAK	Akron-Canton Regional	UAL	Passenger Property Loss	Checked Baggage	223.68	Other	Approved	223.68	Approve in Full
132698	2009011554579	2009-01-09 00:00:00	2008-12-28 00:00:00	CAK	Akron-Canton Regional	AirTran Airlines	Passenger Property Loss	Checked Baggage	339.18	Electronics,Electronics,Electronics	Denied	0.0	Deny
132895	2009012354844	2009-01-13 00:00:00	2008-12-04 00:00:00	CAK	Akron-Canton Regional	Northwest Airlines	Passenger Property Loss	Checked Baggage	629.59	Electronics,Electronics	Denied	0.0	Deny
133079	2009013055058	2009-01-21 00:00:00	2008-12-31 00:00:00	CAK	Akron-Canton Regional	AirTran Airlines	Passenger Property Loss	Checkpoint	60.0	Cosmetics	Approved	60.0	Approve in Full
139915	2009073061993	2009-07-24 00:00:00	2009-07-14 00:00:00	CAK	Akron-Canton Regional	Northwest Airlines	Passenger Property Loss	Checkpoint	1410.0	Watches & Jewelry	Denied	0.0	Deny
142570	2009102164560	2009-10-13 00:00:00	2009-09-13 11:00:00	CAK	Akron-Canton Regional	AirTran Airlines	Passenger Property Loss	Checked Baggage	528.6	Other	Denied	0.0	Deny
142840	2009102864872	2009-10-21 00:00:00	2009-09-27 10:48:00	CAK	Akron-Canton Regional	UAL	Passenger Property Loss	Checked Baggage	180.0	Games & Toys	Denied	0.0	Deny
145968	2010030268945	2010-02-19 00:00:00	2010-01-26 10:30:00	CAK	Akron-Canton Regional	UAL	Passenger Property Loss	Checked Baggage		Watches & Jewelry		0.0	Deny
147858	2010042371137	2010-04-19 00:00:00	2010-04-08 06:00:00	CAK	Akron-Canton Regional	AirTran Airlines	Passenger Property Loss	Checked Baggage		Clothing & Accessories		0.0	Deny
147959	2010042271092	2010-04-22 00:00:00	2010-03-28 00:00:00	CAK	Akron-Canton Regional	Frontier Airlines	Passenger Property Loss	Checked Baggage		Containers		0.0	Deny
149018	2010060272273	2010-05-25 00:00:00	2010-05-12 00:00:00	CAK	Akron-Canton Regional	AirTran Airlines	Passenger Property Loss	Checked Baggage		Watches & Jewelry		0.0	Deny
150992	2010080474373	2010-07-26 00:00:00	2010-07-12 12:00:00	CAK	Akron-Canton Regional	Delta Air Lines	Passenger Property Loss	Checked Baggage		Cosmetics		0.0	Deny
152062	2010082675377	2010-08-24 00:00:00	2010-07-30 00:00:00	CAK	Akron-Canton Regional	AirTran Airlines	Passenger Property Loss	Checked Baggage		Food & Drink		44.0	Approve in Full
152418	2010090875798	2010-09-01 00:00:00	2010-08-29 10:40:00	CAK	Akron-Canton Regional		Passenger Property Loss	Checkpoint		Other		105.93	Approve in Full
153034	2010092876484	2010-09-21 00:00:00	2010-07-27 09:30:00	CAK	Akron-Canton Regional	UAL	Passenger Property Loss	Checkpoint		Watches & Jewelry		500.0	Settle
153747	2010102277204	2010-10-13 00:00:00	2010-09-19 15:25:00	CAK	Akron-Canton Regional	Delta Air Lines	Passenger Property Loss	Checked Baggage		Watches & Jewelry			
159240	2011041582684	2011-04-12 00:00:00	2011-03-10 00:00:00	CAK	Akron-Canton Regional	Delta Air Lines	Passenger Property Loss	Checkpoint		Cosmetics		139.99	Approve in Full
159862	2011051183379	2011-05-03 00:00:00	2011-04-25 13:00:00	CAK	Akron-Canton Regional		Passenger Property Loss	Checked Baggage		Cosmetics,Cosmetics		0.0	Deny
160386	2011060183888	2011-05-20 00:00:00	2011-03-23 00:00:00	CAK	Akron-Canton Regional	AirTran Airlines	Passenger Property Loss	Checked Baggage		Electronics,Other		0.0	Deny
160587	2011060784114	2011-05-26 00:00:00	2011-03-23 00:00:00	CAK	Akron-Canton Regional	AirTran Airlines	Passenger Property Loss	Checked Baggage		Electronics			
161514	2011070685032	2011-06-27 00:00:00	2011-06-02 06:30:00	CAK	Akron-Canton Regional	USAir	Passenger Property Loss	Checkpoint		Other		32.0	Approve in Full
164418	2011101888042	2011-10-03 00:00:00	2011-09-20 15:00:00	CAK	Akron-Canton Regional	Frontier Airlines	Passenger Property Loss	Checked Baggage		Clothing & Accessories,Watches & Jewelry			
164721	2011102788411	2011-10-11 00:00:00	2011-09-19 15:25:00	CAK	Akron-Canton Regional	Frontier Airlines	Passenger Property Loss	Checked Baggage		Watches & Jewelry		5780.0	Approve in Full
165325	2011110888759	2011-10-31 00:00:00	2011-10-14 18:00:00	CAK	Akron-Canton Regional	Frontier Airlines	Passenger Property Loss	Checked Baggage		Electronics		0.0	Deny
167224	2012021591058	2012-01-09 00:00:00	2011-12-19 13:30:00	CAK	Akron-Canton Regional	AirTran Airlines	Passenger Property Loss	Checkpoint		Household Decor		30.0	Approve in Full
167237	2012021791129	2012-01-09 00:00:00	2012-01-03 14:30:00	CAK	Akron-Canton Regional	Frontier Airlines	Passenger Property Loss	Checked Baggage		Other		0.0	Deny
170573	2012060694547	2012-05-02 00:00:00	2012-04-11 10:42:00	CAK	Akron-Canton Regional	USAir	Passenger Property Loss	Checkpoint		Other		25.5	Approve in Full
170696	2012052794319	2012-05-07 00:00:00	2012-03-12 00:00:00	CAK	Akron-Canton Regional	UAL	Passenger Property Loss			Outdoors Supplies		0.0	Deny
171426	2012070595073	2012-06-04 00:00:00	2011-11-04 19:54:00	CAK	Akron-Canton Regional	AirTran Airlines	Passenger Property Loss	Checked Baggage		Cosmetics,Cosmetics,Cosmetics,Cosmetics,Cosmetics,Cosmetics,Household Decor		230.5	Approve in Full
172166	2012062995037	2012-06-29 00:00:00	2012-05-22 14:00:00	CAK	Akron-Canton Regional	AirTran Airlines	Passenger Property Loss	Checked Baggage		Containers			
172213	2012081395913	2012-07-02 00:00:00	2012-06-20 00:00:00	CAK	Akron-Canton Regional	Delta Air Lines	Passenger Property Loss	Checkpoint		Cosmetics		0.0	Deny
172639	2012082996392	2012-07-16 00:00:00	2012-06-20 00:00:00	CAK	Akron-Canton Regional	AirTran Airlines	Passenger Property Loss	Checkpoint		Electronics			
173379	2012092297063	2012-08-13 00:00:00	2012-08-05 06:00:00	CAK	Akron-Canton Regional		Passenger Property Loss	Checkpoint		Watches & Jewelry		0.0	Deny
173637	2012100397406	2012-08-21 00:00:00	2012-06-24 00:00:00	CAK	Akron-Canton Regional	AirTran Airlines	Passenger Property Loss	Checked Baggage		Other		20.0	Approve in Full
174850	2012101997790	2012-10-03 00:00:00	2012-09-18 00:00:00	CAK	Akron-Canton Regional	AirTran Airlines	Passenger Property Loss	Checked Baggage		Cosmetics		0.0	Deny
175433	2012102598134	2012-10-25 00:00:00	2012-06-28 05:00:00	CAK	Akron-Canton Regional		Passenger Property Loss	Checkpoint		Electronics			
175539	2012112998971	2012-10-31 00:00:00	2012-09-25 07:00:00	CAK	Akron-Canton Regional	Delta Air Lines	Passenger Property Loss	Checked Baggage		Outdoors Supplies			
176172	2012112698866	2012-11-26 00:00:00	2012-08-23 00:00:00	CAK	Akron-Canton Regional	AirTran Airlines	Passenger Property Loss	Checked Baggage		Electronics			
176694	2012112898924	2012-12-14 00:00:00	2012-06-28 05:00:00	CAK	Akron-Canton Regional	USAir	Passenger Property Loss	Checkpoint		Electronics		979.52	Settle
182527	2013082806354	2013-07-19 00:00:00	2013-06-14 13:15:00	CAK	Akron-Canton Regional	Southwest Airlines	Passenger Property Loss	Checkpoint		Cosmetics		80.85	Approve in Full
182786	2013081405896	2013-07-30 00:00:00	2012-06-15 13:00:00	CAK	Akron-Canton Regional	Delta Air Lines	Passenger Property Loss	Checked Baggage		Other		0.0	Deny
183864	2013092507327	2013-09-02 00:00:00	2013-09-01 00:00:00	CAK	Akron-Canton Regional	AirTran Airlines	Passenger Property Loss	Checked Baggage		Scientific Intruments			
187158	2014011710908	2014-01-14 00:00:00	2013-12-25 00:00:00	CAK	Akron-Canton Regional	AirTran Airlines	Passenger Property Loss	Checked Baggage		Other		0.0	Deny
189111	2014040212907	2014-03-28 00:00:00	2014-01-30 00:00:00	CAK	Akron-Canton Regional	USAir	Passenger Property Loss	Checkpoint		Watches & Jewelry			
190870	2014061714697	2014-06-12 00:00:00	2014-05-23 00:00:00	CAK	Akron-Canton Regional		Passenger Property Loss	Checkpoint		Other			
191377	2014071715214	2014-07-01 00:00:00	2014-06-07 00:00:00	CAK	Akron-Canton Regional		Passenger Property Loss	Checkpoint		Other			
193258	2014092917138	2014-09-09 00:00:00	2014-08-29 00:00:00	CAK	Akron-Canton Regional	Southwest Airlines	Passenger Property Loss	Checked Baggage		Containers			
194161	2014102918056	2014-10-22 00:00:00	2014-10-10 00:00:00	CAK	Akron-Canton Regional	Delta Air Lines	Passenger Property Loss	Checked Baggage		Clothing & Accessories		0.0	Deny
196655	2015062423386	2015-06-08 00:00:00	2015-05-25 00:00:00	CAK	Akron-Canton Regional	Southwest Airlines	Passenger Property Loss	Checked Baggage		Watches & Jewelry,Other		0.0	Deny
196656	2015072023957	2015-07-20 00:00:00	2015-07-09 00:00:00	CAK	Akron-Canton Regional		Passenger Property Loss	Checked Baggage		Food & Drink		13.0	Approve in Full
196657	2015080324438	2015-07-24 00:00:00	2015-07-09 00:00:00	CAK	Akron-Canton Regional	Southeast Airlines	Passenger Property Loss	Checked Baggage		Food & Drink			
196659	2015110326491	2015-10-14 00:00:00	2015-02-03 00:00:00	CAK	Akron-Canton Regional		Passenger Property Loss	Checked Baggage		Clothing & Accessories		80.0	Settle
205291	2016040530360	2016-03-17 00:00:00	2016-02-28 00:00:00	CAK	Akron-Canton Regional Akron-Canton Regional	UAL	Passenger Property Loss	Checked Baggage		Containers,Food & Drink		0.0	Deny
205292	2017010336234	2016-11-14 00:00:00	2016-11-02 00:00:00	CAK	Akron-Canton Regional Akron-Canton Regional	Southwest Airlines	Passenger Property Loss	Checked Baggage		Containers,Other,Clothing & Accessories			In Review
205294	2017011736593	2016-11-25 00:00:00	2016-11-19 00:00:00	CAK	Akron-Canton Regional Akron-Canton Regional	Spirit Airlines	Passenger Property Loss	Checked Baggage		Electronics			In Review
213523	2017042638960	2017-03-03 00:00:00	2017-02-26 00:00:00	CAK	Akron-Canton Regional Akron-Canton Regional	Southwest Airlines	Passenger Property Loss	Checked Baggage		Clothing & Accessories			In Review
213524	2017041938717	2017-02-16 00:00:00	2017-01-04 06:30:00	CAK	Akron-Canton Regional Akron-Canton Regional	Southwest Airlines	Passenger Property Loss	Checkpoint		Watches & Jewelry			In Review
213525	2017101744462	2017-09-18 00:00:00	2017-09-12 00:00:00	CAK	Akron-Canton Regional Akron-Canton Regional	Delta Air Lines	Passenger Property Loss	Checked Baggage		Outdoors Supplies			In Review
213526	2017030337824	2017-01-20 00:00:00	2017-01-03 10:30:00	CAK	Akron-Canton Regional Akron-Canton Regional		Passenger Property Loss	Checked Baggage		Household Items			In Review