id	claim_number	date_received	incident_date	airport_code	airport_name	airline	claim_type	claim_site	claim_amount	items	status	close_amount	disposition
52867	2005011173402	2004-12-23 00:00:00	2004-11-03 00:00:00	FAR	Hector International	Northwest Airlines	Passenger Property Loss	Checked Baggage	77.43	Clothing & Accessories	Approved	77.43	Approve in Full
56998	2005031177816	2005-02-10 00:00:00	2005-01-02 00:00:00	FAR	Hector International	Northwest Airlines	Passenger Property Loss	Checked Baggage	1039.27	Electronics	Denied	0.0	Deny
58336	2005032279193	2005-03-04 00:00:00	2005-02-10 00:00:00	FAR	Hector International	Northwest Airlines	Passenger Property Loss	Checked Baggage	106.0	Electronics	Denied	0.0	Deny
58759	2005030877274	2005-03-08 00:00:00	2005-01-25 00:00:00	FAR	Hector International	UAL	Passenger Property Loss	Checked Baggage	28.13	Clothing & Accessories	Approved	28.13	Approve in Full
59240	2005032880091	2005-03-15 00:00:00	2005-02-26 00:00:00	FAR	Hector International	Northwest Airlines	Passenger Property Loss	Checked Baggage	69.9	Other	Approved	69.9	Approve in Full
61364	2005041182235	2005-04-08 00:00:00	2005-02-05 00:00:00	FAR	Hector International	UAL	Passenger Property Loss	Checked Baggage	449.6	Clothing & Accessories	Settled	339.62	Settle
65630	2005061786528	2005-06-07 00:00:00	2005-05-04 00:00:00	FAR	Hector International	Northwest Airlines	Passenger Property Loss	Checked Baggage	100.0	Clothing & Accessories	Canceled	0.0	
70762	2005083091885	2005-08-24 00:00:00	2005-08-07 00:00:00	FAR	Hector International	Northwest Airlines	Passenger Property Loss	Checked Baggage	20.0	Tools & Machines	Approved	20.0	Approve in Full
71667	2005091992830	2005-09-09 00:00:00	2005-08-29 00:00:00	FAR	Hector International	Northwest Airlines	Passenger Property Loss	Checked Baggage	10.64	Tools & Machines	Approved	10.64	Approve in Full
71863	2005092193095	2005-09-14 00:00:00	2005-08-14 00:00:00	FAR	Hector International	Northwest Airlines	Passenger Property Loss	Checked Baggage	14.0	Other	Approved	14.0	Approve in Full
76011	2005120797221	2005-11-23 00:00:00	2005-10-26 00:00:00	FAR	Hector International	Northwest Airlines	Passenger Property Loss	Checked Baggage	21.8	Tools & Machines	Approved	21.8	Approve in Full
77659	2006010598885	2005-12-27 00:00:00	2005-12-07 00:00:00	FAR	Hector International		Passenger Property Loss	Checked Baggage	169.0	Clothing & Accessories	Denied	0.0	Deny
83700	2006042404991	2006-04-11 00:00:00	2006-03-27 00:00:00	FAR	Hector International	Allegiant Air	Passenger Property Loss	Checked Baggage	395.0	Other	Denied	0.0	Deny
85470	2006052306792	2006-05-18 00:00:00	2006-05-09 00:00:00	FAR	Hector International	Northwest Airlines	Passenger Property Loss	Checked Baggage	106.0	Clothing & Accessories	Approved	106.0	Approve in Full
86287	2006060707521	2006-06-05 00:00:00	2006-06-02 00:00:00	FAR	Hector International	Northwest Airlines	Passenger Property Loss	Checked Baggage	6859.0	Cosmetics,Containers,Watches & Jewelry,Supplies	Denied	0.0	Deny
90040	2006082311407	2006-08-17 00:00:00	2006-08-08 00:00:00	FAR	Hector International		Passenger Property Loss	Checked Baggage	68.0	Clothing & Accessories	Approved	68.0	Approve in Full
93940	2006111315442	2006-10-31 00:00:00	2006-10-25 00:00:00	FAR	Hector International	Northwest Airlines	Passenger Property Loss	Checked Baggage	350.0	Clothing & Accessories	Settled	264.71	Settle
96359	2006122217749	2006-12-18 00:00:00	2006-11-25 00:00:00	FAR	Hector International	Northwest Airlines	Passenger Property Loss	Checked Baggage	565.21	Electronics,Electronics,Electronics	Denied	0.0	Deny
99089	2007020620314	2007-01-30 00:00:00	2007-01-19 00:00:00	FAR	Hector International	UAL	Passenger Property Loss	Checkpoint	1395.0	Watches & Jewelry	Denied	0.0	Deny
100393	2007022721621	2007-02-26 00:00:00	2007-02-12 00:00:00	FAR	Hector International	Northwest Airlines	Passenger Property Loss	Checked Baggage	148.0	Clothing & Accessories	Denied	0.0	Deny
103102	2007042424368	2007-04-19 00:00:00	2007-04-06 00:00:00	FAR	Hector International	UAL	Passenger Property Loss	Checked Baggage	453.0	Electronics,Clothing & Accessories,Cosmetics,Containers	Denied	0.0	Deny
106951	2007071228197	2007-07-09 00:00:00	2007-05-31 00:00:00	FAR	Hector International	Northwest Airlines	Passenger Property Loss	Checked Baggage	58.0	Cosmetics	Canceled	0.0	
109459	2007082330699	2007-08-22 00:00:00	2007-06-17 00:00:00	FAR	Hector International	Delta Air Lines	Passenger Property Loss	Checked Baggage	900.0	Clothing & Accessories,Cosmetics,Watches & Jewelry	Denied	0.0	Deny
118341	2008022139920	2008-02-14 00:00:00	2008-01-30 00:00:00	FAR	Hector International	UAL	Passenger Property Loss	Checked Baggage	211.99	Electronics	Denied	0.0	Deny
119262	2008031240870	2008-03-05 00:00:00	2008-02-27 00:00:00	FAR	Hector International	Northwest Airlines	Passenger Property Loss	Checked Baggage	4900.45	Watches & Jewelry,Watches & Jewelry	Denied	0.0	Deny
119284	2008031240845	2008-03-05 00:00:00	2008-02-29 00:00:00	FAR	Hector International	Northwest Airlines	Passenger Property Loss	Checkpoint	75.15	Electronics	Insufficient, one of the following items required: sum certain, statement of fact, signature, location of incident, and date.		
133746	2009022355765	2009-02-05 00:00:00	2009-01-20 00:00:00	FAR	Hector International	Allegiant Air	Passenger Property Loss	Checkpoint	263.0	Other	Denied	0.0	Deny
138153	2009061560161	2009-06-09 00:00:00	2007-08-17 00:00:00	FAR	Hector International	UAL	Passenger Property Loss	Checked Baggage	19.11	Other	Denied	0.0	Deny
141579	2009091063482	2009-09-11 00:00:00	2009-09-01 00:00:00	FAR	Hector International	Northwest Airlines	Passenger Property Loss	Checked Baggage	500.0	Other	Canceled		
155558	2010122379049	2010-12-13 00:00:00	2010-07-22 04:50:00	FAR	Hector International	UAL	Passenger Property Loss	Checked Baggage		Cosmetics		5.81	Approve in Full
157787	2011031581217	2011-02-24 00:00:00	2011-01-31 00:00:00	FAR	Hector International	Delta Air Lines	Passenger Property Loss	Checked Baggage		Cosmetics		0.0	Deny
158549	2011040782034	2011-03-21 00:00:00	2011-03-04 08:00:00	FAR	Hector International	Delta Air Lines	Passenger Property Loss	Checked Baggage		Clothing & Accessories		32.09	Settle
172407	2012082396134	2012-07-10 00:00:00	2012-05-06 14:45:00	FAR	Hector International		Passenger Property Loss	Checkpoint		Watches & Jewelry		0.0	Deny
173644	2012100197300	2012-08-21 00:00:00	2012-08-13 19:30:00	FAR	Hector International	Allegiant Air	Passenger Property Loss	Checked Baggage		Clothing & Accessories,Electronics		0.0	Deny
174109	2012102197840	2012-09-06 00:00:00	2012-07-31 12:30:00	FAR	Hector International	UAL	Passenger Property Loss	Checked Baggage		Other		38.48	Approve in Full
179831	2013051403662	2013-04-12 00:00:00	2013-03-17 00:00:00	FAR	Hector International	Delta Air Lines	Passenger Property Loss	Checked Baggage		Outdoors Supplies		85.0	Approve in Full
185248	2013111209155	2013-10-29 00:00:00	2013-06-27 16:00:00	FAR	Hector International	UAL	Passenger Property Loss	Checked Baggage		Other			
186204	2013121109991	2013-12-09 00:00:00	2013-06-18 04:00:00	FAR	Hector International	UAL	Passenger Property Loss			Containers,Other			
186389	2013122710295	2013-12-16 00:00:00	2013-12-13 17:30:00	FAR	Hector International		Passenger Property Loss	Checked Baggage		Other			
198073	2015052622760	2015-05-26 00:00:00	2014-12-30 00:00:00	FAR	Hector International	UAL	Passenger Property Loss	Checked Baggage		Cosmetics		0.0	Deny
206699	2016082933391	2016-07-18 00:00:00	2016-07-09 00:00:00	FAR	Hector International Hector International	Delta Air Lines	Passenger Property Loss	Checked Baggage		Food & Drink		0.0	Deny
206701	2016110935662	2016-10-13 00:00:00	2016-10-03 00:00:00	FAR	Hector International Hector International	Delta Air Lines	Passenger Property Loss	Checked Baggage		Watches & Jewelry,Watches & Jewelry,Watches & Jewelry			In Review
206702	2017011136449	2016-11-30 00:00:00	2016-11-06 15:56:00	FAR	Hector International Hector International	American Airlines	Passenger Property Loss	Checked Baggage		Outdoors Supplies			In Review
214918	2017052339900	2017-04-18 00:00:00	2017-02-08 00:00:00	FAR	Hector International Hector International	Allegiant Air	Passenger Property Loss	Checked Baggage		Containers		28.0	Approve in Full