id	claim_number	date_received	incident_date	airport_code	airport_name	airline	claim_type	claim_site	claim_amount	items	status	close_amount	disposition
9036	0620027M	2003-06-20 00:00:00	2003-05-22 00:00:00	FAT	Fresno Yosemite International	Delta Air Lines	Passenger Property Loss	Checkpoint	100.0	Electronics	Insufficient, one of the following items required: sum certain, statement of fact, signature, location of incident, and date.		
17743	1009254M	2003-10-09 00:00:00	2003-08-25 00:00:00	FAT	Fresno Yosemite International		Passenger Property Loss	Checkpoint	100.0	Electronics	Denied	0.0	Deny
20102	1117088M	2003-11-17 00:00:00	2003-10-07 00:00:00	FAT	Fresno Yosemite International	UAL	Passenger Property Loss	Checked Baggage	84.18	Other	Approved	84.18	Approve in Full
22352	1208257M	2003-12-08 00:00:00	2003-10-14 00:00:00	FAT	Fresno Yosemite International	America West	Passenger Property Loss	Checkpoint		Watches & Jewelry	Insufficient, one of the following items required: sum certain, statement of fact, signature, location of incident, and date.		
30101	2004060254313	2004-03-11 00:00:00	2004-02-20 00:00:00	FAT	Fresno Yosemite International	American Airlines	Passenger Property Loss	Checked Baggage	93.68	Cosmetics	Denied	0.0	Deny
32362	2004072760140	2004-04-14 00:00:00	2004-03-23 00:00:00	FAT	Fresno Yosemite International	Alaska Airlines	Passenger Property Loss	Checked Baggage	75.0	Other	Approved	75.0	Approve in Full
32451	2004052853732	2004-04-15 00:00:00	2004-02-25 00:00:00	FAT	Fresno Yosemite International		Passenger Property Loss	Checked Baggage	120.0	Other	Approved	120.0	Approve in Full
35908	2004061856248	2004-05-27 00:00:00	2004-05-02 00:00:00	FAT	Fresno Yosemite International	UAL	Passenger Property Loss	Checked Baggage	195.0	Other	Approved	195.0	Approve in Full
41694	2004090362170	2004-08-05 00:00:00	2004-06-09 00:00:00	FAT	Fresno Yosemite International	Alaska Airlines	Passenger Property Loss	Checked Baggage	53.83	Tools & Machines	Approved	53.83	Approve in Full
42235	2004112367709	2004-08-10 00:00:00	2004-04-28 00:00:00	FAT	Fresno Yosemite International		Passenger Property Loss	Checked Baggage	50.0	Other	Approved	50.0	Approve in Full
44909	2004103165977	2004-09-15 00:00:00	2004-08-03 00:00:00	FAT	Fresno Yosemite International		Passenger Property Loss	Checkpoint	407.0	Clothing & Accessories	Denied	0.0	Deny
45385	2004110666539	2004-09-20 00:00:00	2004-07-29 00:00:00	FAT	Fresno Yosemite International	UAL	Passenger Property Loss	Checked Baggage	668.81	Electronics	Approved	668.81	Approve in Full
47001	2004112267624	2004-10-08 00:00:00	2004-08-15 00:00:00	FAT	Fresno Yosemite International	America West	Passenger Property Loss	Checked Baggage	440.0	Clothing & Accessories	Denied		Deny
47083	2004112367687	2004-10-12 00:00:00	2004-09-17 00:00:00	FAT	Fresno Yosemite International		Passenger Property Loss	Checked Baggage	10.0	Tools & Machines	Approved	10.0	Approve in Full
48867	2004122069598	2004-11-02 00:00:00	2004-10-21 00:00:00	FAT	Fresno Yosemite International		Passenger Property Loss	Checked Baggage	227.0	Cosmetics	Denied		Deny
49380	2004122270487	2004-11-05 00:00:00	2004-10-07 00:00:00	FAT	Fresno Yosemite International	Delta Air Lines	Passenger Property Loss	Checked Baggage	300.0	Other	Settled	149.0	Settle
50554	2004122771091	2004-11-23 00:00:00	2004-11-13 00:00:00	FAT	Fresno Yosemite International	America West	Passenger Property Loss	Checkpoint	3264.0	Other	Canceled		
52450	2005010673071	2004-12-20 00:00:00	2004-10-24 00:00:00	FAT	Fresno Yosemite International		Passenger Property Loss	Checkpoint	22.51	Other	Approved	22.51	Approve in Full
52544	2005010773200	2004-12-20 00:00:00	2004-11-14 00:00:00	FAT	Fresno Yosemite International	Delta Air Lines	Passenger Property Loss	Checked Baggage	274.0	Clothing & Accessories	Settled	137.0	Settle
53160	2005011973784	2004-12-28 00:00:00	2004-11-15 00:00:00	FAT	Fresno Yosemite International	Horizon Air	Passenger Property Loss	Checked Baggage	45.0	Electronics	Settled	15.0	Settle
53565	2005020275310	2005-01-04 00:00:00	2004-12-22 00:00:00	FAT	Fresno Yosemite International	American Airlines	Passenger Property Loss	Checked Baggage	165.0	Clothing & Accessories	Denied	0.0	Deny
56238	2005060986113	2005-02-01 00:00:00	2005-01-04 00:00:00	FAT	Fresno Yosemite International	UAL	Passenger Property Loss	Checked Baggage	399.97	Electronics	Denied	0.0	Deny
58074	2005032279323	2005-03-01 00:00:00	2005-02-05 00:00:00	FAT	Fresno Yosemite International	Alaska Airlines	Passenger Property Loss	Checked Baggage	385.0	Clothing & Accessories	Canceled		
59305	2005032880103	2005-03-15 00:00:00	2005-02-19 00:00:00	FAT	Fresno Yosemite International	American Airlines	Passenger Property Loss	Checked Baggage	21.5	Tools & Machines	Settled	10.0	Settle
59466	2005032980335	2005-03-16 00:00:00	2005-02-25 00:00:00	FAT	Fresno Yosemite International	UAL	Passenger Property Loss	Checked Baggage	20.0	Cosmetics	Denied	0.0	Deny
60380	2005040181073	2005-03-29 00:00:00	2005-02-16 00:00:00	FAT	Fresno Yosemite International	UAL	Passenger Property Loss	Checked Baggage	570.0	Electronics	Settled	175.0	Settle
61003	2005041182178	2005-04-06 00:00:00	2005-03-22 00:00:00	FAT	Fresno Yosemite International	American Airlines	Passenger Property Loss	Checked Baggage	83.0	Other	Approved	83.0	Approve in Full
61287	2005041182233	2005-04-08 00:00:00	2005-03-25 00:00:00	FAT	Fresno Yosemite International	Allegiant Air	Passenger Property Loss	Checked Baggage	149.95	Watches & Jewelry	Approved	149.95	Approve in Full
61421	2005041382378	2005-04-12 00:00:00	2005-03-26 00:00:00	FAT	Fresno Yosemite International	American Airlines	Passenger Property Loss	Checked Baggage	100.82	Clothing & Accessories	Approved	100.82	Approve in Full
61685	2005041582609	2005-04-12 00:00:00	2005-03-19 00:00:00	FAT	Fresno Yosemite International	American West	Passenger Property Loss	Checked Baggage	53.87	Clothing & Accessories	Settled	26.94	Settle
61988	2005042183023	2005-04-19 00:00:00	2005-04-01 00:00:00	FAT	Fresno Yosemite International		Passenger Property Loss	Checked Baggage	35.56	Other	Approved	35.56	Approve in Full
63353	2005050984301	2005-05-06 00:00:00	2005-04-17 00:00:00	FAT	Fresno Yosemite International	American Airlines	Passenger Property Loss	Checked Baggage	715.4	Clothing & Accessories	Settled	608.75	Settle
63808	2005051384663	2005-05-12 00:00:00	2005-05-07 00:00:00	FAT	Fresno Yosemite International		Passenger Property Loss	Checked Baggage	200.0	Clothing & Accessories	Settled	150.0	Settle
64628	2005060285723	2005-05-24 00:00:00	2005-03-16 00:00:00	FAT	Fresno Yosemite International	UAL	Passenger Property Loss	Checked Baggage	43.25	Electronics	Approved	43.25	Approve in Full
64677	2005060185595	2005-05-24 00:00:00	2005-05-12 00:00:00	FAT	Fresno Yosemite International	UAL	Passenger Property Loss	Checked Baggage	69.28	Other	Denied	0.0	Deny
64755	2005060185617	2005-05-24 00:00:00	2005-05-07 00:00:00	FAT	Fresno Yosemite International	UAL	Passenger Property Loss	Checked Baggage	373.16	Electronics	Settled	214.98	Settle
65683	2005062086676	2005-06-07 00:00:00	2005-05-13 00:00:00	FAT	Fresno Yosemite International		Passenger Property Loss	Checked Baggage	1200.0	Watches & Jewelry	Denied	0.0	Deny
65983	2005062387004	2005-06-10 00:00:00	2004-12-19 00:00:00	FAT	Fresno Yosemite International	Skywest Airlines Inc USA	Passenger Property Loss	Checked Baggage	175.0	Clothing & Accessories	Settled	87.5	Settle
67175	2005070187990	2005-06-29 00:00:00	2005-06-11 00:00:00	FAT	Fresno Yosemite International	UAL	Passenger Property Loss	Checked Baggage	1245.99	Watches & Jewelry	Denied	0.0	Deny
67550	2005071188630	2005-07-06 00:00:00	2005-06-25 00:00:00	FAT	Fresno Yosemite International	American Airlines	Passenger Property Loss	Checked Baggage	175.23	Other	Denied	0.0	Deny
68648	2005072589672	2005-07-22 00:00:00	2005-06-10 00:00:00	FAT	Fresno Yosemite International	America West	Passenger Property Loss	Checked Baggage	566.96	Electronics	Denied	0.0	Deny
69016	2005080490092	2005-07-28 00:00:00	2005-07-21 00:00:00	FAT	Fresno Yosemite International		Passenger Property Loss	Checked Baggage	189.36	Clothing & Accessories	Approved	189.36	Approve in Full
69448	2005081590544	2005-08-04 00:00:00	2005-07-20 00:00:00	FAT	Fresno Yosemite International	UAL	Passenger Property Loss	Checked Baggage	40.0	Clothing & Accessories	Approved	40.0	Approve in Full
69567	2005081790731	2005-08-05 00:00:00	2005-07-27 00:00:00	FAT	Fresno Yosemite International	Horizon Air	Passenger Property Loss	Checked Baggage	21.76	Tools & Machines	Approved	21.76	Approve in Full
70114	2005082291106	2005-08-15 00:00:00	2005-07-26 00:00:00	FAT	Fresno Yosemite International		Passenger Property Loss	Checked Baggage	250.0	Watches & Jewelry	Settled	125.0	Settle
71355	2005091492492	2005-09-06 00:00:00	2005-08-17 00:00:00	FAT	Fresno Yosemite International	American Airlines	Passenger Property Loss	Checked Baggage	15.89	Tools & Machines	Approved	15.89	Approve in Full
71883	2005092092929	2005-09-14 00:00:00	2005-08-01 00:00:00	FAT	Fresno Yosemite International	America West	Passenger Property Loss	Checked Baggage	87.83	Other	Canceled	0.0	
74263	2005102895353	2005-10-21 00:00:00	2005-08-14 00:00:00	FAT	Fresno Yosemite International	UAL	Passenger Property Loss	Checked Baggage	323.61	Electronics	Settled	197.03	Settle
74583	2005110795689	2005-10-27 00:00:00	2005-10-15 00:00:00	FAT	Fresno Yosemite International	UAL	Passenger Property Loss	Checked Baggage	118.25	Other	Settled	59.13	Settle
74831	2005111095942	2005-11-01 00:00:00	2005-09-13 00:00:00	FAT	Fresno Yosemite International	America West	Passenger Property Loss	Checked Baggage	539.47	Supplies	Denied	0.0	Deny
75572	2005112896541	2005-11-15 00:00:00	2005-10-30 00:00:00	FAT	Fresno Yosemite International	Delta Air Lines	Passenger Property Loss	Checked Baggage	299.0	Electronics	Settled	56.74	Settle
76972	2005121998044	2005-12-12 00:00:00	2005-10-17 00:00:00	FAT	Fresno Yosemite International	American Airlines	Passenger Property Loss	Checked Baggage	300.0	Electronics	Settled	189.0	Settle
76983	2005121998036	2005-12-13 00:00:00	2005-11-30 00:00:00	FAT	Fresno Yosemite International	UAL	Passenger Property Loss	Checked Baggage	119.74	Other	Approved	119.74	Approve in Full
78153	2006011199322	2006-01-05 00:00:00	2005-12-17 00:00:00	FAT	Fresno Yosemite International	UAL	Passenger Property Loss	Checked Baggage	50.0	Other	Canceled	0.0	
78869	2006012300145	2006-01-17 00:00:00	2006-01-07 00:00:00	FAT	Fresno Yosemite International	UAL	Passenger Property Loss	Checked Baggage	69.82	Other	Approved	69.82	Approve in Full
79523	2006013100651	2006-01-24 00:00:00	2005-12-27 00:00:00	FAT	Fresno Yosemite International		Passenger Property Loss	Checked Baggage	63.0	Clothing & Accessories	Settled	31.5	Settle
79738	2006020200819	2006-01-27 00:00:00	2005-12-18 00:00:00	FAT	Fresno Yosemite International	Delta Air Lines	Passenger Property Loss	Checked Baggage	145.49	Electronics	Settled	72.75	Settle
81329	2006030302473	2006-02-27 00:00:00	2006-02-24 00:00:00	FAT	Fresno Yosemite International	UAL	Passenger Property Loss	Checkpoint	9000.0	Other	Insufficient, one of the following items required: sum certain, statement of fact, signature, location of incident, and date.		
81625	2006031302916	2006-03-03 00:00:00	2006-02-24 00:00:00	FAT	Fresno Yosemite International	UAL	Passenger Property Loss	Checked Baggage	247.0	Clothing & Accessories	Settled	176.14	Settle
82199	2006032003355	2006-03-14 00:00:00	2006-01-23 00:00:00	FAT	Fresno Yosemite International	America West	Passenger Property Loss	Checked Baggage	24.95	Other	Denied	0.0	Deny
82539	2006033003840	2006-03-21 00:00:00	2006-03-10 00:00:00	FAT	Fresno Yosemite International	American Airlines	Passenger Property Loss	Checked Baggage	6.41	Tools & Machines	Approved	6.41	Approve in Full
83550	2006041804688	2006-04-07 00:00:00	2006-03-27 00:00:00	FAT	Fresno Yosemite International	US Express	Passenger Property Loss	Checked Baggage	312.0	Electronics	Settled	247.86	Settle
83839	2006042104960	2006-04-14 00:00:00	2006-04-03 00:00:00	FAT	Fresno Yosemite International	UAL	Passenger Property Loss	Checked Baggage	290.27	Electronics	Denied	0.0	Deny
84353	2006042805437	2006-04-25 00:00:00	2005-06-15 00:00:00	FAT	Fresno Yosemite International	America West	Passenger Property Loss	Checked Baggage	300.0	Electronics	Denied	0.0	Deny
86832	2006061508073	2006-06-14 00:00:00	2006-04-29 00:00:00	FAT	Fresno Yosemite International	America West	Passenger Property Loss	Checked Baggage	200.0	Watches & Jewelry	Settled	100.0	Settle
88242	2006071409502	2006-07-11 00:00:00	2006-04-14 00:00:00	FAT	Fresno Yosemite International	UAL	Passenger Property Loss	Checked Baggage	125.0	Clothing & Accessories	Settled	62.5	Settle
88445	2006071909742	2006-07-17 00:00:00	2006-03-27 00:00:00	FAT	Fresno Yosemite International	American Airlines	Passenger Property Loss	Checked Baggage	218.57	Electronics,Electronics,Tools & Machines	Approved	218.57	Approve in Full
90091	2006081811274	2006-08-17 00:00:00	2006-07-27 00:00:00	FAT	Fresno Yosemite International	American Airlines	Passenger Property Loss	Checked Baggage	330.0	Clothing & Accessories,Watches & Jewelry	Settled	165.0	Settle
90572	2006083011786	2006-08-25 00:00:00	2006-08-16 00:00:00	FAT	Fresno Yosemite International	UAL	Passenger Property Loss	Checked Baggage	742.49	Containers,Tools & Machines,Clothing & Accessories,Cosmetics,Scientific Intruments,Other,Cosmetics,Tools & Machines	Settled	156.53	Settle
92155	2006092813465	2006-09-25 00:00:00	2006-09-11 00:00:00	FAT	Fresno Yosemite International	Horizon Air	Passenger Property Loss	Checked Baggage	450.0	Electronics	Settled	52.15	Settle
92459	2006101113839	2006-10-02 00:00:00	2006-09-21 00:00:00	FAT	Fresno Yosemite International		Passenger Property Loss	Checked Baggage	73.0	Automobile & Mechanical	Denied	0.0	Deny
92669	2006101213892	2006-10-06 00:00:00	2006-09-15 00:00:00	FAT	Fresno Yosemite International	American Airlines	Passenger Property Loss	Checked Baggage	478.55	Containers,Watches & Jewelry	Denied	0.0	Deny
94001	2006110815338	2006-11-02 00:00:00	2006-10-12 00:00:00	FAT	Fresno Yosemite International	America West	Passenger Property Loss	Checked Baggage	23.6	Tools & Machines	Approved	23.6	Approve in Full
94925	2006112916381	2006-11-20 00:00:00	2006-10-31 00:00:00	FAT	Fresno Yosemite International	Horizon Air	Passenger Property Loss	Checked Baggage	29.95	Other	Denied	0.0	Deny
95983	2006121817358	2006-12-11 00:00:00	2006-11-14 00:00:00	FAT	Fresno Yosemite International	American Airlines	Passenger Property Loss	Checkpoint	700.0	Watches & Jewelry	Denied	0.0	Deny
96444	2006122217759	2006-12-19 00:00:00	2006-11-21 00:00:00	FAT	Fresno Yosemite International	Mexicana	Passenger Property Loss	Checked Baggage	118.0	Cosmetics	Denied	0.0	Deny
100554	2007030221804	2007-02-28 00:00:00	2007-02-22 00:00:00	FAT	Fresno Yosemite International	Allegiant Air	Passenger Property Loss	Checked Baggage	4070.0	Watches & Jewelry	Canceled	0.0	
100767	2007030822011	2007-03-05 00:00:00	2007-02-21 00:00:00	FAT	Fresno Yosemite International	UAL	Passenger Property Loss	Checked Baggage	968.43	Electronics	Denied	0.0	Deny
102950	2007041724102	2007-04-16 00:00:00	2007-02-15 00:00:00	FAT	Fresno Yosemite International	Northwest Airlines	Passenger Property Loss	Checkpoint	100.0	Electronics	Settled	25.0	Settle
103224	2007042624535	2007-04-23 00:00:00	2006-10-16 00:00:00	FAT	Fresno Yosemite International	UAL	Passenger Property Loss	Checked Baggage	18.0	Tools & Machines	Approved	18.0	Approve in Full
103268	2007042624511	2007-04-23 00:00:00	2007-01-24 00:00:00	FAT	Fresno Yosemite International	American West	Passenger Property Loss	Checked Baggage	610.0	Containers,Other	Denied	0.0	Deny
104422	2007051825611	2007-05-17 00:00:00	2007-04-22 00:00:00	FAT	Fresno Yosemite International	UAL	Passenger Property Loss	Checked Baggage	1350.0	Electronics	Denied	0.0	Deny
105358	2007061126686	2007-06-05 00:00:00	2007-05-21 00:00:00	FAT	Fresno Yosemite International	American Airlines	Passenger Property Loss	Checked Baggage	500.0	Clothing & Accessories	Denied	0.0	Deny
105906	2007062027200	2007-06-15 00:00:00	2007-05-23 00:00:00	FAT	Fresno Yosemite International	American Airlines	Passenger Property Loss	Checked Baggage	206.0	Containers,Clothing & Accessories,Other	Denied	0.0	Deny
106721	2007070527869	2007-07-02 00:00:00	2007-06-22 00:00:00	FAT	Fresno Yosemite International		Passenger Property Loss	Checked Baggage	237.95	Electronics	Settled	179.99	Settle
107287	2007071928623	2007-07-16 00:00:00	2007-06-20 00:00:00	FAT	Fresno Yosemite International	Delta Air Lines	Passenger Property Loss	Checked Baggage	18.37	Tools & Machines	Approved	18.37	Approve in Full
107361	2007071928646	2007-07-16 00:00:00	2007-06-24 00:00:00	FAT	Fresno Yosemite International	UAL	Passenger Property Loss	Checked Baggage	1000.0	Clothing & Accessories,Office Supplies	Denied	0.0	Deny
108401	2007080829844	2007-08-02 00:00:00	2007-07-04 00:00:00	FAT	Fresno Yosemite International	Alaska Airlines	Passenger Property Loss	Checked Baggage	50.0	Watches & Jewelry	Denied	0.0	Deny
108876	2007081030108	2007-08-10 00:00:00	2007-08-05 00:00:00	FAT	Fresno Yosemite International	Continental Airlines	Passenger Property Loss	Checked Baggage	230.0	Tools & Machines,Other	Settled	70.0	Settle
108981	2007081530299	2007-08-14 00:00:00	2007-07-12 00:00:00	FAT	Fresno Yosemite International	UAL	Passenger Property Loss	Checked Baggage	72.8	Other	Approved	72.8	Approve in Full
110182	2007090631404	2007-09-05 00:00:00	2007-09-02 00:00:00	FAT	Fresno Yosemite International	American Airlines	Passenger Property Loss	Checked Baggage	169.99	Tools & Machines	Denied	0.0	Deny
111064	2007092532518	2007-09-20 00:00:00	2007-09-13 00:00:00	FAT	Fresno Yosemite International	Allegiant Air	Passenger Property Loss	Checked Baggage	12.0	Tools & Machines	Denied	0.0	Deny
111734	2007101133267	2007-10-04 00:00:00	2007-08-30 00:00:00	FAT	Fresno Yosemite International	UAL	Passenger Property Loss	Checked Baggage	857.43	Outdoors Supplies	Denied	0.0	Deny
115147	2007121936664	2007-12-13 00:00:00	2007-12-07 00:00:00	FAT	Fresno Yosemite International	American Eagle	Passenger Property Loss	Checked Baggage	287.77	Electronics	Canceled	0.0	
116579	2008011638058	2008-01-10 00:00:00	2007-12-27 00:00:00	FAT	Fresno Yosemite International	Delta Air Lines	Passenger Property Loss	Checked Baggage	175.0	Clothing & Accessories	Settled	89.77	Settle
123320	2008052944994	2008-05-27 00:00:00	2008-05-14 00:00:00	FAT	Fresno Yosemite International	USAir	Passenger Property Loss	Checked Baggage	550.0	Watches & Jewelry	Denied	0.0	Deny
123738	2008060545348	2008-06-04 00:00:00	2008-05-20 00:00:00	FAT	Fresno Yosemite International	UAL	Passenger Property Loss	Checked Baggage	27.5	Tools & Machines	Denied	0.0	Deny
124632	2008061145495	2008-06-25 00:00:00	2008-05-31 00:00:00	FAT	Fresno Yosemite International	USAir	Passenger Property Loss	Checked Baggage	257.69	Electronics	Denied	0.0	Deny
125891	2008072947612	2008-07-23 00:00:00	2008-06-26 00:00:00	FAT	Fresno Yosemite International	UAL	Passenger Property Loss	Checked Baggage	40.0	Tools & Machines	Denied	0.0	Deny
127188	2008082549006	2008-08-20 00:00:00	2008-07-22 00:00:00	FAT	Fresno Yosemite International	USAir	Passenger Property Loss	Checked Baggage	20.0	Tools & Machines	Denied	0.0	Deny
131088	2008112652824	2008-11-25 00:00:00	2008-11-17 00:00:00	FAT	Fresno Yosemite International	UAL	Passenger Property Loss	Checked Baggage	1240.71	Outdoors Supplies	Settled	620.35	Settle
135865	2009042157774	2009-04-02 00:00:00	2009-01-22 00:00:00	FAT	Fresno Yosemite International	Delta Air Lines	Passenger Property Loss	Checked Baggage	280.51	Clothing & Accessories,Other	Settled	168.31	Settle
139127	2009071461230	2009-07-06 00:00:00	2009-07-03 00:00:00	FAT	Fresno Yosemite International	Delta Air Lines	Passenger Property Loss	Checked Baggage	573.89	Electronics,Games & Toys	Denied	0.0	Deny
140073	2009073062024	2009-07-29 00:00:00	2009-02-27 00:00:00	FAT	Fresno Yosemite International	UAL	Passenger Property Loss	Checked Baggage	600.0	Containers,Scientific Intruments,Clothing & Accessories,Supplies,Other	Denied	0.0	Deny
140481	2009081162494	2009-08-10 00:00:00	2009-07-09 00:00:00	FAT	Fresno Yosemite International	USAir	Passenger Property Loss	Checked Baggage	11418.5	Watches & Jewelry	Denied	0.0	Deny
141499	2009091063477	2009-09-09 00:00:00	2009-08-23 00:00:00	FAT	Fresno Yosemite International	American Airlines	Passenger Property Loss	Checked Baggage	288.19	Electronics	Denied	0.0	Deny
144883	2010010467051	2009-12-23 00:00:00	2009-12-11 14:00:00	FAT	Fresno Yosemite International	UAL	Passenger Property Loss	Checked Baggage	200.0	Electronics	Approved	200.0	Approve in Full
147553	2010041470804	2010-04-09 00:00:00	2010-01-18 16:04:00	FAT	Fresno Yosemite International	American Airlines	Passenger Property Loss	Checked Baggage		Cosmetics		15.0	Approve in Full
149742	2010062372974	2010-06-17 00:00:00	2010-06-15 05:00:00	FAT	Fresno Yosemite International	USAir	Passenger Property Loss	Checked Baggage		Outdoors Supplies,Outdoors Supplies,Outdoors Supplies,Outdoors Supplies,Outdoors Supplies		0.0	Deny
152115	2010090875774	2010-08-24 00:00:00	2010-08-10 05:15:00	FAT	Fresno Yosemite International	UAL	Passenger Property Loss	Checked Baggage		Household Items		0.0	Deny
153359	2010101877015	2010-09-30 00:00:00	2010-09-13 00:00:00	FAT	Fresno Yosemite International	USAir	Passenger Property Loss	Checked Baggage		Electronics		0.0	Deny
153682	2010102077131	2010-10-12 00:00:00	2010-09-24 05:15:00	FAT	Fresno Yosemite International	UAL	Passenger Property Loss	Checkpoint		Other		0.0	Deny
154139	2010110677632	2010-10-25 00:00:00	2010-10-11 06:25:00	FAT	Fresno Yosemite International	Delta Air Lines	Passenger Property Loss	Checked Baggage		Cosmetics		0.0	Deny
154415	2010111677862	2010-11-04 00:00:00	2010-10-11 05:30:00	FAT	Fresno Yosemite International	USAir	Passenger Property Loss	Checked Baggage		Other		0.0	Deny
154468	2010111077731	2010-11-08 00:00:00	2010-08-29 20:00:00	FAT	Fresno Yosemite International	American Airlines	Passenger Property Loss	Checked Baggage		Watches & Jewelry		0.0	Deny
154520	2010111877980	2010-11-08 00:00:00	2010-11-01 06:50:00	FAT	Fresno Yosemite International	Alaska Airlines	Passenger Property Loss	Checked Baggage		Watches & Jewelry,Watches & Jewelry		0.0	Deny
157374	2011030280777	2011-02-09 00:00:00	2010-12-16 05:20:00	FAT	Fresno Yosemite International	Alaska Airlines	Passenger Property Loss	Checked Baggage		Cosmetics		0.0	Deny
159115	2011041482547	2011-04-08 00:00:00	2011-03-21 00:00:00	FAT	Fresno Yosemite International	Delta Air Lines	Passenger Property Loss	Checkpoint		Other		0.0	Deny
160830	2011061584354	2011-06-06 00:00:00	2011-05-14 12:35:00	FAT	Fresno Yosemite International	Delta Air Lines	Passenger Property Loss	Checked Baggage		Electronics		0.0	Deny
161389	2011063084892	2011-06-22 00:00:00	2011-05-29 00:00:00	FAT	Fresno Yosemite International	UAL	Passenger Property Loss	Checked Baggage		Scientific Intruments		0.0	Deny
161475	2011070184905	2011-06-27 00:00:00	2011-06-22 06:30:00	FAT	Fresno Yosemite International	American Airlines	Passenger Property Loss	Checked Baggage		Other			
162669	2011081886262	2011-08-02 00:00:00	2011-07-18 07:30:00	FAT	Fresno Yosemite International	USAir	Passenger Property Loss	Checkpoint		Cosmetics		80.71	Settle
163054	2011090186635	2011-08-15 00:00:00	2011-06-19 14:30:00	FAT	Fresno Yosemite International	USAir	Passenger Property Loss	Checkpoint		Other		0.0	Deny
165574	2011111588999	2011-11-09 00:00:00	2011-10-10 00:00:00	FAT	Fresno Yosemite International	American Airlines	Passenger Property Loss	Checked Baggage		Other		0.0	Deny
167027	2012020390668	2012-01-03 00:00:00	2011-12-27 11:45:00	FAT	Fresno Yosemite International	American Airlines	Passenger Property Loss	Checked Baggage		Cosmetics		0.0	Deny
168274	2012032291982	2012-02-09 00:00:00	2011-11-01 00:00:00	FAT	Fresno Yosemite International	Delta Air Lines	Passenger Property Loss	Checked Baggage		Electronics			
168649	2012033092303	2012-02-22 00:00:00	2012-02-17 00:00:00	FAT	Fresno Yosemite International	UAL	Passenger Property Loss	Checked Baggage		Watches & Jewelry		0.0	Deny
169817	2012050193445	2012-04-06 00:00:00	2012-03-18 00:00:00	FAT	Fresno Yosemite International	UAL	Passenger Property Loss	Checked Baggage		Cosmetics		0.0	Deny
172346	2012081796015	2012-07-09 00:00:00	2012-06-23 00:00:00	FAT	Fresno Yosemite International	UAL	Passenger Property Loss	Checked Baggage		Electronics		0.0	Deny
173046	2012091496821	2012-07-31 00:00:00	2012-06-08 00:00:00	FAT	Fresno Yosemite International		Passenger Property Loss	Checkpoint		Cosmetics		0.0	Deny
173617	2012100297323	2012-08-20 00:00:00	2012-06-23 00:00:00	FAT	Fresno Yosemite International	USAir	Passenger Property Loss	Checked Baggage		Clothing & Accessories		0.0	Deny
174563	2012100197285	2012-09-24 00:00:00	2012-09-07 00:00:00	FAT	Fresno Yosemite International	UAL	Passenger Property Loss	Checked Baggage		Electronics,Electronics,Watches & Jewelry		0.0	Deny
174796	2012111498672	2012-10-01 00:00:00	2012-09-07 09:30:00	FAT	Fresno Yosemite International	UAL	Passenger Property Loss	Checked Baggage		Electronics,Watches & Jewelry,Watches & Jewelry,Watches & Jewelry			
180808	2013062404649	2013-05-20 00:00:00	2013-01-26 01:00:00	FAT	Fresno Yosemite International	Volaris Airlines	Passenger Property Loss	Checkpoint		Watches & Jewelry		0.0	Deny
183309	2013091807072	2013-08-15 00:00:00	2013-07-09 06:00:00	FAT	Fresno Yosemite International	UAL	Passenger Property Loss	Checked Baggage		Other		0.0	Deny
186658	2014010610492	2013-12-28 00:00:00	2013-11-06 11:00:00	FAT	Fresno Yosemite International		Passenger Property Loss	Checked Baggage		Clothing & Accessories			
193230	2014092817110	2014-09-15 00:00:00	2014-08-21 00:00:00	FAT	Fresno Yosemite International	American Airlines	Passenger Property Loss	Checkpoint		Clothing & Accessories		0.0	Deny
198076	2015061723199	2015-06-08 00:00:00	2015-05-15 00:00:00	FAT	Fresno Yosemite International	American Airlines	Passenger Property Loss	Checked Baggage		Electronics,Electronics,Electronics,Electronics		259.08	Settle
198077	2015071623859	2015-07-02 00:00:00	2014-05-30 00:00:00	FAT	Fresno Yosemite International	American Airlines	Passenger Property Loss	Checked Baggage		Containers			
198078	2015071723950	2015-07-06 00:00:00	2015-05-25 00:00:00	FAT	Fresno Yosemite International	USAir	Passenger Property Loss	Checked Baggage		Cosmetics		0.0	Deny
198084	2015102226193	2015-10-01 00:00:00	2015-07-16 00:00:00	FAT	Fresno Yosemite International	USAir	Passenger Property Loss	Checked Baggage		Scientific Intruments			
198085	2015120827372	2015-11-17 00:00:00	2014-08-21 00:00:00	FAT	Fresno Yosemite International		Passenger Property Loss	Checkpoint		Clothing & Accessories		0.0	Deny
214920	2017121245936	2017-11-14 00:00:00	2017-10-19 00:00:00	FAT	Fresno Yosemite International Fresno Yosemite International	Alaska Airlines	Passenger Property Loss	Checked Baggage		Cosmetics			In Review
214921	2017092143410	2017-09-21 00:00:00	2017-08-13 21:30:00	FAT	Fresno Yosemite International Fresno Yosemite International	Aero Mexico	Passenger Property Loss	Checked Baggage		Watches & Jewelry			In Review