id	claim_number	date_received	incident_date	airport_code	airport_name	airline	claim_type	claim_site	claim_amount	items	status	close_amount	disposition
3482	0311101L	2003-03-11 00:00:00	2003-02-26 00:00:00	FWA	Ft. Wayne Municipal- Baer Field	UAL	Passenger Property Loss	Checked Baggage	170.0	Tools & Machines	Denied	0.0	Deny
35493	2004061455586	2004-05-19 00:00:00	2004-03-18 00:00:00	FWA	Ft. Wayne Municipal- Baer Field	British Midland Airways Ltd	Passenger Property Loss	Checked Baggage	40.0	Other	Approved	40.0	Approve in Full
35732	2004061756084	2004-05-19 00:00:00	2004-04-15 00:00:00	FWA	Ft. Wayne Municipal- Baer Field	Northwest Airlines	Passenger Property Loss	Checked Baggage	3299.34	Watches & Jewelry	Settled	242.25	Settle
38943	2004071459330	2004-06-29 00:00:00	2004-06-10 00:00:00	FWA	Ft. Wayne Municipal- Baer Field	Delta Air Lines	Passenger Property Loss	Checked Baggage	65.0	Other	Denied	0.0	Deny
42579	2004092263455	2004-08-13 00:00:00	2004-08-07 00:00:00	FWA	Ft. Wayne Municipal- Baer Field	UAL	Passenger Property Loss	Checked Baggage	36.43	Tools & Machines	Approved	36.43	Approve in Full
42628	2004092163292	2004-08-13 00:00:00	2004-06-02 00:00:00	FWA	Ft. Wayne Municipal- Baer Field	American Eagle	Passenger Property Loss	Checked Baggage	150.1	Other	Settled	75.05	Settle
43843	2004110466346	2004-08-31 00:00:00	2004-07-09 00:00:00	FWA	Ft. Wayne Municipal- Baer Field	US Express	Passenger Property Loss	Checkpoint	550.0	Other	Settled	475.22	Settle
50236	2004122871389	2004-11-18 00:00:00	2004-09-20 00:00:00	FWA	Ft. Wayne Municipal- Baer Field	AirTran Airlines	Passenger Property Loss	Checked Baggage	2100.0	Watches & Jewelry	Denied	0.0	Deny
52337	2005010572924	2004-12-17 00:00:00	2004-12-05 00:00:00	FWA	Ft. Wayne Municipal- Baer Field		Passenger Property Loss	Checked Baggage	264.0	Other	Denied		Deny
62531	2005042783496	2005-04-26 00:00:00	2005-04-13 00:00:00	FWA	Ft. Wayne Municipal- Baer Field	Northwest Airlines	Passenger Property Loss	Checked Baggage	20.83	Tools & Machines	Approved	20.83	Approve in Full
64026	2005051985050	2005-05-17 00:00:00	2005-04-22 00:00:00	FWA	Ft. Wayne Municipal- Baer Field		Passenger Property Loss	Checked Baggage	35.0	Electronics	Approved	35.0	Approve in Full
64668	2005053185562	2005-05-24 00:00:00	2005-03-04 00:00:00	FWA	Ft. Wayne Municipal- Baer Field	ATA Aerocondor	Passenger Property Loss	Checked Baggage	59.0	Other	Denied	0.0	Deny
72487	2005093093520	2005-09-21 00:00:00	2005-08-26 00:00:00	FWA	Ft. Wayne Municipal- Baer Field	Hooters Air (PACE)	Passenger Property Loss	Checked Baggage	165.0	Clothing & Accessories	Approved	165.0	Approve in Full
77140	2005122898538	2005-12-14 00:00:00	2005-11-21 00:00:00	FWA	Ft. Wayne Municipal- Baer Field	US Express	Passenger Property Loss	Checked Baggage	2969.97	Electronics	Settled	742.49	Settle
81054	2006022702200	2006-02-23 00:00:00	2006-01-27 00:00:00	FWA	Ft. Wayne Municipal- Baer Field	Continental Airlines	Passenger Property Loss	Checked Baggage	27.0	Clothing & Accessories	Approved	27.0	Approve in Full
84658	2006051106046	2006-05-02 00:00:00	2006-04-26 00:00:00	FWA	Ft. Wayne Municipal- Baer Field		Passenger Property Loss	Checked Baggage	79.0	Household Items	Approved	79.0	Approve in Full
92862	2006101213945	2006-10-11 00:00:00	2006-09-28 00:00:00	FWA	Ft. Wayne Municipal- Baer Field	Northwest Airlines	Passenger Property Loss	Checked Baggage	118.18	Clothing & Accessories	Denied	0.0	Deny
94589	2006111615739	2006-11-13 00:00:00	2006-08-21 00:00:00	FWA	Ft. Wayne Municipal- Baer Field	UAL	Passenger Property Loss	Checked Baggage	157.99	Clothing & Accessories	Settled	78.99	Settle
95627	2006121116890	2006-12-04 00:00:00	2006-11-26 00:00:00	FWA	Ft. Wayne Municipal- Baer Field		Passenger Property Loss	Checked Baggage	72.08	Clothing & Accessories	Settled	36.04	Settle
97934	2007012419371	2007-01-11 00:00:00	2006-11-21 00:00:00	FWA	Ft. Wayne Municipal- Baer Field	Northwest Airlines	Passenger Property Loss	Checked Baggage	10.6	Clothing & Accessories	Approved	10.6	Approve in Full
98691	2007012919670	2007-01-24 00:00:00	2006-10-21 00:00:00	FWA	Ft. Wayne Municipal- Baer Field	Delta Air Lines	Passenger Property Loss	Checked Baggage	5.99	Tools & Machines	Approved	5.99	Approve in Full
98778	2007013019825	2007-01-25 00:00:00	2006-12-08 00:00:00	FWA	Ft. Wayne Municipal- Baer Field	Delta Air Lines	Passenger Property Loss	Checked Baggage	318.0	Watches & Jewelry,Containers	Approved	318.0	Approve in Full
101726	2007032622972	2007-03-22 00:00:00	2007-03-16 00:00:00	FWA	Ft. Wayne Municipal- Baer Field	American Airlines	Passenger Property Loss	Checked Baggage	3180.0	Games & Toys,Other,Games & Toys	Denied	0.0	Deny
101803	2007032723064	2007-03-23 00:00:00	2007-02-01 00:00:00	FWA	Ft. Wayne Municipal- Baer Field	UAL	Passenger Property Loss	Checked Baggage	568.8	Other	Denied	0.0	Deny
101910	2007033023251	2007-03-27 00:00:00	2007-02-23 00:00:00	FWA	Ft. Wayne Municipal- Baer Field	American Airlines	Passenger Property Loss	Checked Baggage	25.99	Tools & Machines	Approved	25.99	Approve in Full
109817	2007082830955	2007-08-27 00:00:00	2007-08-02 00:00:00	FWA	Ft. Wayne Municipal- Baer Field	Northwest Airlines	Passenger Property Loss	Checked Baggage	459.98	Electronics	Settled	229.99	Settle
112450	2007102533921	2007-10-19 00:00:00	2007-08-31 00:00:00	FWA	Ft. Wayne Municipal- Baer Field	UAL	Passenger Property Loss	Checked Baggage	205.0	Electronics,Clothing & Accessories	Denied	0.0	Deny
114563	2007120536056	2007-11-30 00:00:00	2007-11-13 00:00:00	FWA	Ft. Wayne Municipal- Baer Field	Delta Air Lines	Passenger Property Loss	Checked Baggage	3850.0	Office Supplies,Clothing & Accessories,Tools & Machines	In litigation		Deny
114857	2007121036266	2007-12-07 00:00:00	2007-11-27 00:00:00	FWA	Ft. Wayne Municipal- Baer Field	Northwest Airlines	Passenger Property Loss	Checked Baggage	67.82	Clothing & Accessories	Denied	0.0	Deny
119371	2008031340992	2008-03-07 00:00:00	2007-07-16 00:00:00	FWA	Ft. Wayne Municipal- Baer Field	Allegiant Air	Passenger Property Loss	Checked Baggage	269.99	Electronics,Electronics	Denied	0.0	Deny
125969	2008073047682	2008-07-24 00:00:00	2008-06-25 00:00:00	FWA	Ft. Wayne Municipal- Baer Field	American Airlines	Passenger Property Loss	Checked Baggage	100.0	Household Items,Household Decor,Other	Denied	0.0	Deny
127208	2008082549032	2008-08-20 00:00:00	2008-08-14 00:00:00	FWA	Ft. Wayne Municipal- Baer Field	American Airlines	Passenger Property Loss	Checked Baggage	118.65	Containers	Insufficient, one of the following items required: sum certain, statement of fact, signature, location of incident, and date.		
129973	2008110451785	2008-10-28 00:00:00	2008-08-04 00:00:00	FWA	Ft. Wayne Municipal- Baer Field	Delta Air Lines	Passenger Property Loss	Checked Baggage	44.94	Clothing & Accessories	Denied	0.0	Deny
132266	2009010754174	2008-12-30 00:00:00	2008-12-26 00:00:00	FWA	Ft. Wayne Municipal- Baer Field	Delta Air Lines	Passenger Property Loss	Checked Baggage	239.0	Outdoors Supplies	Canceled	0.0	
138339	2009061860347	2009-06-15 00:00:00	2009-06-09 00:00:00	FWA	Ft. Wayne Municipal- Baer Field	Delta Air Lines	Passenger Property Loss	Checked Baggage	8.5	Tools & Machines	Approved	8.5	Approve in Full
148135	2010042971293	2010-04-27 00:00:00	2010-02-24 14:00:00	FWA	Ft. Wayne Municipal- Baer Field	American Airlines	Passenger Property Loss	Checkpoint		Scientific Intruments		43.0	Approve in Full
148630	2010051871923	2010-05-12 00:00:00	2010-04-29 00:00:00	FWA	Ft. Wayne Municipal- Baer Field	Delta Air Lines	Passenger Property Loss	Checked Baggage		Electronics		0.0	Deny
161431	2011042582933	2011-06-24 00:00:00	2011-04-07 00:00:00	FWA	Ft. Wayne Municipal- Baer Field	Delta Air Lines	Passenger Property Loss	Checked Baggage		Cosmetics		0.0	Deny
178558	2013040302981	2013-02-22 00:00:00	2013-02-17 10:53:00	FWA	Ft. Wayne Municipal- Baer Field	Allegiant Air	Passenger Property Loss	Checked Baggage		Clothing & Accessories		150.0	Approve in Full
190192	2014051614006	2014-05-13 00:00:00	2014-04-19 00:00:00	FWA	Ft. Wayne Municipal- Baer Field	American Airlines	Passenger Property Loss	Checked Baggage		Cosmetics		11.06	Approve in Full
193372	2014100117254	2014-09-16 00:00:00	2014-08-28 00:00:00	FWA	Ft. Wayne Municipal- Baer Field	Allegiant Air	Passenger Property Loss	Checkpoint		Electronics			
198261	2015021920705	2015-02-19 00:00:00	2014-12-12 00:00:00	FWA	Ft. Wayne Municipal- Baer Field	Allegiant Air	Passenger Property Loss	Checked Baggage		Clothing & Accessories		0.0	Deny
198263	2015072724238	2015-07-21 00:00:00	2015-07-12 00:00:00	FWA	Ft. Wayne Municipal- Baer Field	UAL	Passenger Property Loss	Checked Baggage		Cosmetics			
198264	2015081124808	2015-08-11 00:00:00	2015-01-15 00:00:00	FWA	Ft. Wayne Municipal- Baer Field	Delta Air Lines	Passenger Property Loss	Checked Baggage		Electronics			
215176	2017052339897	2017-04-18 00:00:00	2017-04-10 05:17:00	FWA	Ft. Wayne Municipal- Baer Field Ft. Wayne Municipal- Baer Field	Delta Air Lines	Passenger Property Loss	Checked Baggage		Outdoors Supplies			Closed: Canceled
215178	2017102444637	2017-10-24 00:00:00	2017-09-17 10:02:00	FWA	Ft. Wayne Municipal- Baer Field Ft. Wayne Municipal- Baer Field	American Airlines	Passenger Property Loss	Checked Baggage		Containers,Clothing & Accessories			In Review