id	claim_number	date_received	incident_date	airport_code	airport_name	airline	claim_type	claim_site	claim_amount	items	status	close_amount	disposition
20738	1119068M	2003-11-19 00:00:00	2003-10-30 00:00:00	GRB	Austin Straubel International	American Airlines	Passenger Property Loss	Checked Baggage	3360.0	Watches & Jewelry	Canceled		
26508	0202151M	2004-02-02 00:00:00	2004-01-17 00:00:00	GRB	Austin Straubel International		Passenger Property Loss	Other	500.0	Clothing & Accessories	Settled	250.0	Settle
29807	2004050650605	2004-03-10 00:00:00	2003-08-21 00:00:00	GRB	Austin Straubel International	Delta Air Lines	Passenger Property Loss	Checked Baggage	470.0	Other	Denied	0.0	Deny
32040	2004060454685	2004-04-04 00:00:00	2004-02-28 00:00:00	GRB	Austin Straubel International	Delta Air Lines	Passenger Property Loss	Checked Baggage	305.0	Electronics	Approved	305.0	Approve in Full
32657	2004051752559	2004-04-16 00:00:00	2004-04-05 00:00:00	GRB	Austin Straubel International	Delta Air Lines	Passenger Property Loss	Checked Baggage	40.0	Other	Approved	40.0	Approve in Full
40283	2004081060945	2004-07-15 00:00:00	2004-06-15 00:00:00	GRB	Austin Straubel International	Northwest Airlines	Passenger Property Loss	Checkpoint	29.0	Other	Denied	0.0	Deny
41426	2004091562951	2004-08-03 00:00:00	2004-07-23 00:00:00	GRB	Austin Straubel International		Passenger Property Loss	Checkpoint	300.0	Other	Approved	300.0	Approve in Full
41500	2004090161860	2004-08-03 00:00:00	2004-07-27 00:00:00	GRB	Austin Straubel International	Northwest Airlines	Passenger Property Loss	Checked Baggage	2124.91	Electronics	Denied	0.0	Deny
61297	2005041282273	2005-04-08 00:00:00	2005-03-27 00:00:00	GRB	Austin Straubel International	Northwest Airlines	Passenger Property Loss	Checked Baggage	440.0	Clothing & Accessories	Canceled	0.0	
67491	2005070788412	2005-07-06 00:00:00	2005-06-04 00:00:00	GRB	Austin Straubel International	American Airlines	Passenger Property Loss	Checked Baggage	1052.86	Electronics	Denied	0.0	Deny
79072	2006012500301	2006-01-18 00:00:00	2005-11-02 00:00:00	GRB	Austin Straubel International	Northwest Airlines	Passenger Property Loss	Checked Baggage	4808.0	Electronics	Denied	0.0	Deny
80092	2006020801201	2006-02-03 00:00:00	2005-08-31 00:00:00	GRB	Austin Straubel International	Northwest Airlines	Passenger Property Loss	Checked Baggage	1024.35	Watches & Jewelry	Denied	0.0	Deny
83549	2006041804687	2006-04-07 00:00:00	2006-03-03 00:00:00	GRB	Austin Straubel International		Passenger Property Loss	Checked Baggage	230.0	Other	Settled	187.0	Settle
84285	2006042505362	2006-04-24 00:00:00	2006-04-12 00:00:00	GRB	Austin Straubel International		Passenger Property Loss	Checked Baggage		Tools & Machines	Insufficient, one of the following items required: sum certain, statement of fact, signature, location of incident, and date.		
84453	2006050205569	2006-04-27 00:00:00	2006-03-09 00:00:00	GRB	Austin Straubel International	UAL	Passenger Property Loss	Checked Baggage	153.01	Clothing & Accessories	Denied	0.0	Deny
84510	2006050805723	2006-04-28 00:00:00	2006-04-05 00:00:00	GRB	Austin Straubel International	Midwest Express Airlines	Passenger Property Loss	Checked Baggage	288.39	Tools & Machines,Electronics	Canceled	0.0	
86387	2006060807627	2006-06-06 00:00:00	2006-04-19 00:00:00	GRB	Austin Straubel International	Delta Air Lines	Passenger Property Loss	Checked Baggage	9.69	Tools & Machines	Denied	0.0	Deny
87334	2006062708597	2006-06-26 00:00:00	2006-06-01 00:00:00	GRB	Austin Straubel International	Northwest Airlines	Passenger Property Loss	Checked Baggage	550.0	Other	Approved	550.0	Approve in Full
98360	2007012519435	2007-01-18 00:00:00	2006-12-31 00:00:00	GRB	Austin Straubel International	Northwest Airlines	Passenger Property Loss	Checked Baggage	1009.97	Electronics,Electronics	Denied	0.0	Deny
99692	2007021220738	2007-02-12 00:00:00	2007-02-08 00:00:00	GRB	Austin Straubel International	Southwest Airlines	Passenger Property Loss	Checkpoint	42.98	Supplies	Approved	42.98	Approve in Full
103773	2007050725047	2007-05-03 00:00:00	2006-09-27 00:00:00	GRB	Austin Straubel International	Northwest Airlines	Passenger Property Loss	Checked Baggage	220.0	Clothing & Accessories	Denied	0.0	Deny
106009	2007062027261	2007-06-19 00:00:00	2007-05-31 00:00:00	GRB	Austin Straubel International	Allegiant Air	Passenger Property Loss	Checked Baggage	136.16	Electronics	Denied	0.0	Deny
110556	2007091431940	2007-09-11 00:00:00	2007-08-11 00:00:00	GRB	Austin Straubel International	Northwest Airlines	Passenger Property Loss	Checked Baggage	700.0	Electronics	Denied	0.0	Deny
111981	2007101533406	2007-10-10 00:00:00	2007-07-07 00:00:00	GRB	Austin Straubel International	American Airlines	Passenger Property Loss	Checked Baggage	396.65	Electronics	Denied	0.0	Deny
112380	2007102333786	2007-10-18 00:00:00	2007-10-17 00:00:00	GRB	Austin Straubel International	Northwest Airlines	Passenger Property Loss	Checked Baggage	10.0	Tools & Machines	Denied	0.0	Deny
114189	2007112835596	2007-11-26 00:00:00	2007-11-10 00:00:00	GRB	Austin Straubel International	UAL	Passenger Property Loss	Checked Baggage	2715.0	Clothing & Accessories,Cosmetics	Denied	0.0	Deny
114990	2007121736565	2007-12-11 00:00:00	2007-11-17 00:00:00	GRB	Austin Straubel International	Northwest Airlines	Passenger Property Loss	Checked Baggage	15.0	Tools & Machines	Approved	15.0	Approve in Full
117568	2008020739219	2008-01-29 00:00:00	2008-01-08 00:00:00	GRB	Austin Straubel International	Northwest Airlines	Passenger Property Loss	Checked Baggage	25.0	Other	Denied	0.0	Deny
119185	2008031240890	2008-03-03 00:00:00	2007-12-14 00:00:00	GRB	Austin Straubel International	UAL	Passenger Property Loss	Checked Baggage	2895.02	Office Supplies,Clothing & Accessories,Electronics,Cosmetics,Watches & Jewelry,Containers	Denied	0.0	Deny
119651	2008031941274	2008-03-13 00:00:00	2008-02-03 00:00:00	GRB	Austin Straubel International	Allegiant Air	Passenger Property Loss	Checked Baggage	314.3	Electronics,Electronics	Denied	0.0	Deny
120246	2008040741976	2008-03-25 00:00:00	2008-03-08 00:00:00	GRB	Austin Straubel International	Delta Air Lines	Passenger Property Loss	Checked Baggage	125.0	Electronics	Denied	0.0	Deny
126744	2008072547487	2008-08-11 00:00:00	2008-04-30 00:00:00	GRB	Austin Straubel International	American Airlines	Passenger Property Loss	Checked Baggage	182.5	Outdoors Supplies	Denied	0.0	Deny
127354	2008082649133	2008-08-25 00:00:00	2008-07-27 00:00:00	GRB	Austin Straubel International	Allegiant Air	Passenger Property Loss	Checked Baggage	11.91	Clothing & Accessories	Denied	0.0	Deny
127922	2008090949661	2008-09-08 00:00:00	2008-09-07 00:00:00	GRB	Austin Straubel International	Northwest Airlines	Passenger Property Loss	Checked Baggage	6.3	Tools & Machines	Denied	0.0	Deny
128092	2008091549874	2008-09-10 00:00:00	2008-08-04 00:00:00	GRB	Austin Straubel International	Northwest Airlines	Passenger Property Loss	Checked Baggage	5.0	Household Items	Denied	0.0	Deny
130066	2008110551940	2008-10-30 00:00:00	2008-10-21 00:00:00	GRB	Austin Straubel International	Northwest Airlines	Passenger Property Loss	Checked Baggage	42.35	Watches & Jewelry	Denied	0.0	Deny
130827	2008112152672	2008-11-19 00:00:00	2008-11-10 00:00:00	GRB	Austin Straubel International		Passenger Property Loss	Checked Baggage	6.16	Tools & Machines	Denied	0.0	Deny
139895	2009072861888	2009-07-24 00:00:00	2009-07-14 00:00:00	GRB	Austin Straubel International	Northwest Airlines	Passenger Property Loss	Checked Baggage	14.77	Other	Denied	0.0	Deny
140184	2009080462218	2009-07-31 00:00:00	2009-07-25 00:00:00	GRB	Austin Straubel International	Northwest Airlines	Passenger Property Loss	Checked Baggage	429.0	Games & Toys	Denied	0.0	Deny
157313	2011030380854	2011-02-07 00:00:00	2011-01-06 14:35:00	GRB	Austin Straubel International	Delta Air Lines	Passenger Property Loss	Checked Baggage		Watches & Jewelry		0.0	Deny
159017	2011041382426	2011-04-05 00:00:00	2010-07-19 00:00:00	GRB	Austin Straubel International	Delta Air Lines	Passenger Property Loss	Checked Baggage		Cosmetics		6.36	Approve in Full
159400	2011042282902	2011-04-18 00:00:00	2010-12-19 00:00:00	GRB	Austin Straubel International	Delta Air Lines	Passenger Property Loss	Checked Baggage		Food & Drink		0.0	Deny
162068	2011072785593	2011-07-15 00:00:00	2011-07-01 06:30:00	GRB	Austin Straubel International	Delta Air Lines	Passenger Property Loss	Checked Baggage		Cosmetics		10.97	Approve in Full
166276	2011122889876	2011-12-05 00:00:00	2011-11-26 14:50:00	GRB	Austin Straubel International	Delta Air Lines	Passenger Property Loss	Checked Baggage		Cosmetics		0.0	Deny
167677	2012022791295	2012-01-23 00:00:00	2012-01-15 00:00:00	GRB	Austin Straubel International	UAL	Passenger Property Loss	Checked Baggage		Household Items		0.0	Deny
170072	2012050993746	2012-04-16 00:00:00	2012-03-13 04:30:00	GRB	Austin Straubel International	Delta Air Lines	Passenger Property Loss	Checked Baggage		Scientific Intruments		0.0	Deny
170395	2012042793352	2012-04-27 00:00:00	2012-01-30 09:00:00	GRB	Austin Straubel International	Delta Air Lines	Passenger Property Loss	Checked Baggage		Cosmetics		21.94	Approve in Full
171551	2012071295290	2012-06-06 00:00:00	2012-06-05 06:30:00	GRB	Austin Straubel International	Delta Air Lines	Passenger Property Loss	Checkpoint		Watches & Jewelry		0.0	Deny
173838	2012121999315	2012-08-27 00:00:00	2012-07-30 00:00:00	GRB	Austin Straubel International	Delta Air Lines	Passenger Property Loss	Checked Baggage		Cosmetics		16.95	Approve in Full
181685	2013080505652	2013-06-20 00:00:00	2013-06-18 09:10:00	GRB	Austin Straubel International	Delta Air Lines	Passenger Property Loss	Checkpoint		Other		0.0	Deny
184370	2013103108418	2013-09-19 00:00:00	2013-09-07 06:00:00	GRB	Austin Straubel International	Delta Air Lines	Passenger Property Loss	Checked Baggage		Cosmetics			
190101	2014051413914	2014-05-07 00:00:00	2014-04-25 00:00:00	GRB	Austin Straubel International	UAL	Passenger Property Loss	Checked Baggage		Electronics		0.0	Deny
191812	2014080415660	2014-07-22 00:00:00	2014-07-10 00:00:00	GRB	Austin Straubel International	American Airlines	Passenger Property Loss	Checked Baggage		Food & Drink			
193882	2014101717773	2014-10-09 00:00:00	2014-10-03 00:00:00	GRB	Austin Straubel International	Delta Air Lines	Passenger Property Loss	Checked Baggage		Outdoors Supplies			
215212	2017062140859	2017-05-08 00:00:00	2017-04-08 16:00:00	GRB	Austin Straubel International Austin Straubel International	Delta Air Lines	Passenger Property Loss	Checked Baggage		Clothing & Accessories,Cosmetics			In Review
215213	2017042438872	2017-02-27 00:00:00	2017-02-14 00:00:00	GRB	Austin Straubel International Austin Straubel International	American Airlines	Passenger Property Loss	Checked Baggage		Clothing & Accessories			Insufficient