id	claim_number	date_received	incident_date	airport_code	airport_name	airline	claim_type	claim_site	claim_amount	items	status	close_amount	disposition
15045	0904028M	2003-09-04 00:00:00	2003-07-21 00:00:00	GRR	Gerald R. Ford International Airport	Delta (Song)	Passenger Property Loss	Checked Baggage	135.0	Clothing & Accessories	Settled	67.5	Settle
18362	1021249M	2003-10-21 00:00:00	2003-09-24 00:00:00	GRR	Gerald R. Ford International Airport		Passenger Property Loss	Checked Baggage	800.0	Watches & Jewelry	Denied	0.0	Deny
25937	0130182M	2004-01-30 00:00:00	2004-01-01 00:00:00	GRR	Gerald R. Ford International Airport	Continental Airlines	Passenger Property Loss	Checked Baggage	90.65	Clothing & Accessories	Approved	90.65	Approve in Full
26392	0202237M	2004-02-02 00:00:00	2004-01-01 00:00:00	GRR	Gerald R. Ford International Airport	Delta Air Lines	Passenger Property Loss	Checkpoint	73.45	Other	Denied	0.0	Deny
29065	0226226M	2004-02-26 00:00:00	2004-01-23 00:00:00	GRR	Gerald R. Ford International Airport	American Eagle	Passenger Property Loss	Checked Baggage	375.0	Electronics	Settled	278.0	Settle
39481	2004072760036	2004-07-09 00:00:00	2004-07-05 00:00:00	GRR	Gerald R. Ford International Airport	Continental Airlines	Passenger Property Loss	Checked Baggage	50.0	Other	Approved	50.0	Approve in Full
40328	2004081060986	2004-07-15 00:00:00	2004-06-05 00:00:00	GRR	Gerald R. Ford International Airport	USAir	Passenger Property Loss	Checked Baggage	1000.0	Other	Settled	500.0	Settle
42214	2004102965801	2004-08-10 00:00:00	2004-07-25 00:00:00	GRR	Gerald R. Ford International Airport		Passenger Property Loss	Checked Baggage	152.0	Clothing & Accessories	Approved	152.0	Approve in Full
44640	2004112667828	2004-09-12 00:00:00	2004-08-11 00:00:00	GRR	Gerald R. Ford International Airport	Northwest Airlines	Passenger Property Loss	Checked Baggage	270.0	Electronics	Denied	0.0	Deny
44839	2004103065844	2004-09-15 00:00:00	2004-08-18 00:00:00	GRR	Gerald R. Ford International Airport	Northwest Airlines	Passenger Property Loss	Checked Baggage	10.58	Other	Approved	10.58	Approve in Full
45356	2004101965245	2004-09-20 00:00:00	2004-08-18 00:00:00	GRR	Gerald R. Ford International Airport	American Airlines	Passenger Property Loss	Checked Baggage	40.12	Other	Approved	40.12	Approve in Full
51980	2005010472688	2004-12-14 00:00:00	2004-11-16 00:00:00	GRR	Gerald R. Ford International Airport	Northwest Airlines	Passenger Property Loss	Checkpoint	10.0	Other	Approved	10.0	Approve in Full
53390	2005012474141	2005-01-04 00:00:00	2004-11-22 00:00:00	GRR	Gerald R. Ford International Airport	USAir	Passenger Property Loss	Checked Baggage	54.0	Supplies	Approved	54.0	Approve in Full
54650	2005013175110	2005-01-14 00:00:00	2004-12-01 00:00:00	GRR	Gerald R. Ford International Airport	USAir	Passenger Property Loss	Checked Baggage	436.5	Other	Settled	426.62	Settle
54955	2005020375453	2005-01-19 00:00:00	2005-01-07 00:00:00	GRR	Gerald R. Ford International Airport	UAL	Passenger Property Loss	Checked Baggage	1500.0	Electronics	Denied	0.0	Deny
55048	2005020375475	2005-01-19 00:00:00	2005-01-01 00:00:00	GRR	Gerald R. Ford International Airport		Passenger Property Loss	Checked Baggage	100.0	Other	Settled	50.0	Settle
55631	2005022276545	2005-01-26 00:00:00	2005-01-03 00:00:00	GRR	Gerald R. Ford International Airport	Northwest Airlines	Passenger Property Loss	Checkpoint	55.0	Other	Denied	0.0	Deny
55691	2005022276529	2005-01-26 00:00:00	2005-01-04 00:00:00	GRR	Gerald R. Ford International Airport	Northwest Airlines	Passenger Property Loss	Checked Baggage	112.0	Other	Settled	65.12	Settle
56333	2005030877157	2005-02-03 00:00:00	2005-11-15 00:00:00	GRR	Gerald R. Ford International Airport		Passenger Property Loss	Checked Baggage	78.75	Other	Approved	78.75	Approve in Full
56509	2005031077580	2005-02-04 00:00:00	2004-06-19 00:00:00	GRR	Gerald R. Ford International Airport	Northwest Airlines	Passenger Property Loss	Checked Baggage	10.0	Containers	Denied	0.0	Deny
56903	2005031077547	2005-02-09 00:00:00	2005-01-17 00:00:00	GRR	Gerald R. Ford International Airport	UAL	Passenger Property Loss	Checked Baggage	220.0	Electronics	Denied	0.0	Deny
58484	2005032379615	2005-03-07 00:00:00	2005-01-21 00:00:00	GRR	Gerald R. Ford International Airport	Northwest Airlines	Passenger Property Loss	Checked Baggage	26.25	Other	Approved	26.25	Approve in Full
59445	2005032980276	2005-03-16 00:00:00	2005-03-07 00:00:00	GRR	Gerald R. Ford International Airport	Northwest Airlines	Passenger Property Loss	Checked Baggage	2400.85	Electronics	Denied	0.0	Deny
59743	2005033080550	2005-03-22 00:00:00	2005-02-15 00:00:00	GRR	Gerald R. Ford International Airport	Midwest Express Airlines	Passenger Property Loss	Checked Baggage	487.75	Watches & Jewelry	Denied		Deny
61709	2005041482592	2005-04-14 00:00:00	2005-03-12 00:00:00	GRR	Gerald R. Ford International Airport		Passenger Property Loss	Checked Baggage	21.2	Tools & Machines	Approved	21.2	Approve in Full
63158	2005050484048	2005-05-04 00:00:00	2005-03-05 00:00:00	GRR	Gerald R. Ford International Airport	Northwest Airlines	Passenger Property Loss	Checked Baggage	300.0	Watches & Jewelry	Approved	300.0	Approve in Full
63236	2005050684213	2005-05-04 00:00:00	2005-04-06 00:00:00	GRR	Gerald R. Ford International Airport	UAL	Passenger Property Loss	Checked Baggage	3000.0	Watches & Jewelry	Denied	0.0	Deny
64260	2005051985044	2005-05-18 00:00:00	2005-03-11 00:00:00	GRR	Gerald R. Ford International Airport	Northwest Airlines	Passenger Property Loss	Checked Baggage	164.0	Electronics	Denied	0.0	Deny
64433	2005052485381	2005-05-20 00:00:00	2005-03-17 00:00:00	GRR	Gerald R. Ford International Airport	UAL	Passenger Property Loss	Checked Baggage	350.0	Electronics	Denied	0.0	Deny
66068	2005062386971	2005-06-13 00:00:00	2005-04-17 00:00:00	GRR	Gerald R. Ford International Airport	Northwest Airlines	Passenger Property Loss	Checked Baggage	1277.3	Electronics	Settled	607.09	Settle
67142	2005070188035	2005-06-28 00:00:00	2005-05-12 00:00:00	GRR	Gerald R. Ford International Airport	Northwest Airlines	Passenger Property Loss	Checked Baggage	243.8	Other	Settled	121.9	Settle
67835	2005071288736	2005-07-11 00:00:00	2005-06-09 00:00:00	GRR	Gerald R. Ford International Airport	USAir	Passenger Property Loss	Checked Baggage	201.25	Electronics	Settled	100.62	Settle
69990	2005081991030	2005-08-11 00:00:00	2005-07-10 00:00:00	GRR	Gerald R. Ford International Airport	Continental Airlines	Passenger Property Loss	Checked Baggage	150.0	Other	Settled	75.0	Settle
70279	2005082391202	2005-08-16 00:00:00	2005-07-18 00:00:00	GRR	Gerald R. Ford International Airport	Continental Express Inc	Passenger Property Loss	Checked Baggage	683.41	Electronics	Settled	361.22	Settle
70565	2005082991764	2005-08-23 00:00:00	2005-08-09 00:00:00	GRR	Gerald R. Ford International Airport	UAL	Passenger Property Loss	Checked Baggage	93.28	Clothing & Accessories	Canceled	0.0	
71262	2005091492412	2005-09-01 00:00:00	2005-08-17 00:00:00	GRR	Gerald R. Ford International Airport	UAL	Passenger Property Loss	Checked Baggage	12.99	Tools & Machines	Approved	12.99	Approve in Full
71966	2005092193098	2005-09-14 00:00:00	2005-06-29 00:00:00	GRR	Gerald R. Ford International Airport		Passenger Property Loss	Checkpoint	500.0	Other	Denied	0.0	Deny
74313	2005110195498	2005-10-24 00:00:00	2005-08-27 00:00:00	GRR	Gerald R. Ford International Airport	UAL	Passenger Property Loss	Checked Baggage	752.05	Electronics	Denied	0.0	Deny
75163	2005112596427	2005-11-09 00:00:00	2005-10-23 00:00:00	GRR	Gerald R. Ford International Airport		Passenger Property Loss	Checked Baggage	21.18	Tools & Machines	Approved	21.18	Approve in Full
75817	2005120697025	2005-11-21 00:00:00	2005-11-08 00:00:00	GRR	Gerald R. Ford International Airport	UAL	Passenger Property Loss	Checked Baggage	5.0	Tools & Machines	Denied	0.0	Deny
76448	2005121297519	2005-12-02 00:00:00	2005-10-26 00:00:00	GRR	Gerald R. Ford International Airport	Delta Air Lines	Passenger Property Loss	Checked Baggage	209.0	Clothing & Accessories	Denied	0.0	Deny
77354	2006010999060	2005-12-20 00:00:00	2005-12-09 00:00:00	GRR	Gerald R. Ford International Airport	Continental Airlines	Passenger Property Loss	Checked Baggage	30.67	Other	Denied	0.0	Deny
80237	2006021501603	2006-02-07 00:00:00	2006-01-30 00:00:00	GRR	Gerald R. Ford International Airport	UAL	Passenger Property Loss	Checked Baggage	32.95	Electronics	Approved	32.95	Approve in Full
81501	2006030702639	2006-03-01 00:00:00	2005-12-10 00:00:00	GRR	Gerald R. Ford International Airport	Continental Express Inc	Passenger Property Loss	Checkpoint	7112.6	Watches & Jewelry	Settled	5270.0	Settle
82631	2006032703715	2006-03-21 00:00:00	2006-02-21 00:00:00	GRR	Gerald R. Ford International Airport	Continental Airlines	Passenger Property Loss	Checked Baggage	254.97	Electronics	Settled	106.65	Settle
84659	2006051106052	2006-05-02 00:00:00	2006-03-17 00:00:00	GRR	Gerald R. Ford International Airport	Delta Air Lines	Passenger Property Loss	Checked Baggage	7.94	Tools & Machines	Approved	7.94	Approve in Full
84986	2006051506313	2006-05-09 00:00:00	2006-03-01 00:00:00	GRR	Gerald R. Ford International Airport	Delta Air Lines	Passenger Property Loss	Checked Baggage	42.4	Scientific Intruments	Approved	42.4	Approve in Full
85610	2006052306835	2006-05-22 00:00:00	2006-05-12 00:00:00	GRR	Gerald R. Ford International Airport	Delta Air Lines	Passenger Property Loss	Checked Baggage	11.61	Other	Denied	0.0	Deny
86523	2006061207768	2006-06-08 00:00:00	2006-04-12 00:00:00	GRR	Gerald R. Ford International Airport	Northwest Airlines	Passenger Property Loss	Checked Baggage	10.55	Tools & Machines,Containers	Denied	0.0	Deny
87400	2006062908743	2006-06-27 00:00:00	2006-05-20 00:00:00	GRR	Gerald R. Ford International Airport	American Airlines	Passenger Property Loss	Checked Baggage	451.91	Electronics	Denied	0.0	Deny
87535	2006063008804	2006-06-29 00:00:00	2006-06-18 00:00:00	GRR	Gerald R. Ford International Airport		Passenger Property Loss	Checked Baggage	10.0	Tools & Machines	Approved	10.0	Approve in Full
87642	2006070508889	2006-06-30 00:00:00	2006-05-28 00:00:00	GRR	Gerald R. Ford International Airport	Northwest Airlines	Passenger Property Loss	Checkpoint	80.0	Electronics	Denied	0.0	Deny
88287	2006071409509	2006-07-13 00:00:00	2006-06-21 00:00:00	GRR	Gerald R. Ford International Airport	American Eagle	Passenger Property Loss	Checked Baggage	25.0	Tools & Machines	Approved	25.0	Approve in Full
88511	2006072009834	2006-07-17 00:00:00	2006-07-05 00:00:00	GRR	Gerald R. Ford International Airport	American Airlines	Passenger Property Loss	Checked Baggage	650.0	Electronics	Denied	0.0	Deny
90250	2006082411545	2006-08-21 00:00:00	2006-08-17 00:00:00	GRR	Gerald R. Ford International Airport	Continental Airlines	Passenger Property Loss	Checked Baggage	87.51	Containers,Cosmetics	Denied	0.0	Deny
90394	2006082511594	2006-08-23 00:00:00	2006-08-10 00:00:00	GRR	Gerald R. Ford International Airport	Northwest Airlines	Passenger Property Loss	Checkpoint	49.0	Tools & Machines	Denied	0.0	Deny
90807	2006090712105	2006-08-30 00:00:00	2006-08-10 00:00:00	GRR	Gerald R. Ford International Airport	Northwest Airlines	Passenger Property Loss	Checkpoint		Other	Insufficient, one of the following items required: sum certain, statement of fact, signature, location of incident, and date.		
92028	2006092613315	2006-09-22 00:00:00	2006-08-20 00:00:00	GRR	Gerald R. Ford International Airport	American Airlines	Passenger Property Loss	Checked Baggage	700.0	Cosmetics,Other,Watches & Jewelry,Household Decor	Denied	0.0	Deny
93678	2006110315130	2006-10-26 00:00:00	2006-10-08 00:00:00	GRR	Gerald R. Ford International Airport	American Airlines	Passenger Property Loss	Checked Baggage	20.0	Tools & Machines	Approved	20.0	Approve in Full
95104	2006112916339	2006-11-24 00:00:00	2006-11-09 00:00:00	GRR	Gerald R. Ford International Airport	UAL	Passenger Property Loss	Other	1580.0	Watches & Jewelry,Watches & Jewelry	Denied	0.0	Deny
95120	2006112916443	2006-11-24 00:00:00	2006-11-09 00:00:00	GRR	Gerald R. Ford International Airport		Passenger Property Loss	Checked Baggage	75.0	Watches & Jewelry,Other	Denied	0.0	Deny
97287	2007010518412	2007-01-03 00:00:00	2006-09-30 00:00:00	GRR	Gerald R. Ford International Airport	Delta Air Lines	Passenger Property Loss	Checkpoint	899.0	Watches & Jewelry	Denied	0.0	Deny
98113	2007012319142	2007-01-16 00:00:00	2006-12-21 00:00:00	GRR	Gerald R. Ford International Airport	Continental Airlines	Passenger Property Loss	Checked Baggage	1880.0	Watches & Jewelry	Denied	0.0	Deny
99909	2007022621541	2007-02-13 00:00:00	2007-01-10 00:00:00	GRR	Gerald R. Ford International Airport	Skywest Airlines Inc USA	Passenger Property Loss	Checked Baggage	40.0	Tools & Machines,Other	Denied	0.0	Deny
104763	2007060126062	2007-05-24 00:00:00	2007-04-27 00:00:00	GRR	Gerald R. Ford International Airport	Continental Airlines	Passenger Property Loss	Checked Baggage	346.13	Cosmetics	Denied	0.0	Deny
108253	2007080829790	2007-07-31 00:00:00	2007-07-16 00:00:00	GRR	Gerald R. Ford International Airport	American Airlines	Passenger Property Loss	Checked Baggage	13.73	Tools & Machines	Denied	0.0	Deny
111109	2007092532550	2007-09-21 00:00:00	2007-09-08 00:00:00	GRR	Gerald R. Ford International Airport	UAL	Passenger Property Loss	Checked Baggage	109.95	Clothing & Accessories	Denied	0.0	Deny
112008	2007101233346	2007-10-11 00:00:00	2007-10-07 00:00:00	GRR	Gerald R. Ford International Airport	USAir	Passenger Property Loss	Checked Baggage	271.0	Containers,Office Supplies,Clothing & Accessories,Cosmetics,Electronics,Other	Denied	0.0	Deny
112977	2007110234322	2007-10-31 00:00:00	2007-07-09 00:00:00	GRR	Gerald R. Ford International Airport	UAL	Passenger Property Loss	Checked Baggage	599.02	Clothing & Accessories	Denied	0.0	Deny
113621	2007111935161	2007-11-13 00:00:00	2007-10-16 00:00:00	GRR	Gerald R. Ford International Airport	Skywest Airlines Inc USA	Passenger Property Loss	Checked Baggage	105.49	Supplies	Denied	0.0	Deny
114144	2007113035725	2007-11-26 00:00:00	2007-10-14 00:00:00	GRR	Gerald R. Ford International Airport	UAL	Passenger Property Loss	Checked Baggage	279.18	Clothing & Accessories	Canceled	0.0	
114642	2007120636114	2007-12-03 00:00:00	2007-08-20 00:00:00	GRR	Gerald R. Ford International Airport	Midwest Express Airlines	Passenger Property Loss	Checkpoint	129.09	Cosmetics	Denied	0.0	Deny
114712	2007120736182	2007-12-04 00:00:00	2007-11-18 00:00:00	GRR	Gerald R. Ford International Airport	Delta Air Lines	Passenger Property Loss	Checked Baggage	1350.83	Electronics	Denied	0.0	Deny
114941	2007121136409	2007-12-10 00:00:00	2007-11-08 00:00:00	GRR	Gerald R. Ford International Airport	Continental Airlines	Passenger Property Loss	Checked Baggage	739.0	Electronics,Other	Denied	0.0	Deny
115143	2007121836637	2007-12-13 00:00:00	2007-10-30 00:00:00	GRR	Gerald R. Ford International Airport	Northwest Airlines	Passenger Property Loss	Checkpoint	99.99	Electronics	Approved	99.99	Approve in Full
116346	2008011037740	2008-01-08 00:00:00	2008-01-03 00:00:00	GRR	Gerald R. Ford International Airport	Northwest Airlines	Passenger Property Loss	Checkpoint	2500.0	Watches & Jewelry	Denied	0.0	Deny
117289	2008013038847	2008-01-24 00:00:00	2008-01-05 00:00:00	GRR	Gerald R. Ford International Airport	UAL	Passenger Property Loss	Checkpoint	369.1	Electronics	Settled	342.95	Settle
118507	2008022640173	2008-02-19 00:00:00	2007-04-21 00:00:00	GRR	Gerald R. Ford International Airport	Delta Air Lines	Passenger Property Loss	Checked Baggage	184.34	Clothing & Accessories,Other	Denied	0.0	Deny
120176	2008040141636	2008-03-25 00:00:00	2008-03-09 00:00:00	GRR	Gerald R. Ford International Airport	UAL	Passenger Property Loss	Checked Baggage	250.0	Household Decor,Clothing & Accessories,Watches & Jewelry	Denied	0.0	Deny
123805	2008061645695	2008-06-05 00:00:00	2008-04-30 00:00:00	GRR	Gerald R. Ford International Airport	Delta Air Lines	Passenger Property Loss	Checked Baggage	131.78	Cosmetics,Containers,Other	Denied	0.0	Deny
123833	2008061045457	2008-06-06 00:00:00	2008-05-04 00:00:00	GRR	Gerald R. Ford International Airport	Alaska Airlines	Passenger Property Loss	Checked Baggage	32.0	Cosmetics	Denied	0.0	Deny
128905	2008100250688	2008-09-30 00:00:00	2008-09-15 00:00:00	GRR	Gerald R. Ford International Airport	Midwest Express Airlines	Passenger Property Loss	Checked Baggage	267.95	Electronics	Denied	0.0	Deny
130050	2008092350278	2008-10-30 00:00:00	2008-08-31 00:00:00	GRR	Gerald R. Ford International Airport	Northwest Airlines	Passenger Property Loss	Checked Baggage	1959.75	Electronics	Denied	0.0	Deny
130489	2008102251418	2008-11-12 00:00:00	2008-10-05 00:00:00	GRR	Gerald R. Ford International Airport	Northwest Airlines	Passenger Property Loss	Checked Baggage	58.5	Cosmetics,Scientific Intruments,Tools & Machines	Denied	0.0	Deny
133343	2009020755295	2009-01-28 00:00:00	2009-01-04 00:00:00	GRR	Gerald R. Ford International Airport	American Airlines	Passenger Property Loss	Checked Baggage	20.0	Cosmetics	Canceled	0.0	
133758	2009022155716	2009-02-06 00:00:00	2009-01-05 00:00:00	GRR	Gerald R. Ford International Airport	Northwest Airlines	Passenger Property Loss	Checkpoint	86.19	Electronics	Approved	86.19	Approve in Full
133785	2009022055679	2009-02-06 00:00:00	2009-01-02 00:00:00	GRR	Gerald R. Ford International Airport	Midwest Express Airlines	Passenger Property Loss	Checked Baggage	775.0	Clothing & Accessories,Watches & Jewelry,Watches & Jewelry	Denied	0.0	Deny
134544	2009022055686	2009-03-03 00:00:00	2009-02-01 00:00:00	GRR	Gerald R. Ford International Airport	Northwest Airlines	Passenger Property Loss	Checked Baggage	345.0	Electronics,Electronics	Denied	0.0	Deny
135086	2009040257127	2009-03-13 00:00:00	2009-02-11 00:00:00	GRR	Gerald R. Ford International Airport	American Eagle	Passenger Property Loss	Checked Baggage	228.9	Watches & Jewelry,Containers	Denied	0.0	Deny
135521	2009041457486	2009-03-26 00:00:00	2009-02-22 00:00:00	GRR	Gerald R. Ford International Airport	Allegiant Air	Passenger Property Loss	Checkpoint	2700.32	Electronics	Denied	0.0	Deny
136419	2009050858474	2009-04-21 00:00:00	2009-03-16 00:00:00	GRR	Gerald R. Ford International Airport	Allegiant Air	Passenger Property Loss	Checked Baggage	149.0	Clothing & Accessories	Canceled	0.0	
138356	2009061760259	2009-06-15 00:00:00	2009-06-12 00:00:00	GRR	Gerald R. Ford International Airport	Northwest Airlines	Passenger Property Loss	Checked Baggage	15.95	Tools & Machines	Denied	0.0	Deny
138695	2009062960702	2009-06-23 00:00:00	2009-06-01 00:00:00	GRR	Gerald R. Ford International Airport	Northwest Airlines	Passenger Property Loss	Checked Baggage	240.0	Watches & Jewelry	Denied	0.0	Deny
139283	2009071661293	2009-07-09 00:00:00	2009-07-05 00:00:00	GRR	Gerald R. Ford International Airport	American Airlines	Passenger Property Loss	Checked Baggage	300.0	Watches & Jewelry	Denied	0.0	Deny
141959	2009052959583	2009-09-22 00:00:00	2009-04-20 00:00:00	GRR	Gerald R. Ford International Airport	Northwest Airlines	Passenger Property Loss	Checked Baggage	85.85	Other	Denied	0.0	Deny
145673	2010021768474	2010-02-05 00:00:00	2010-01-14 00:00:00	GRR	Gerald R. Ford International Airport	UAL	Passenger Property Loss	Checked Baggage		Clothing & Accessories		0.0	Deny
145823	2010030168858	2010-02-16 00:00:00	2010-01-26 11:00:00	GRR	Gerald R. Ford International Airport	Northwest Airlines	Passenger Property Loss	Checkpoint		Other		30.0	Approve in Full
146297	2010031069348	2010-03-03 00:00:00	2010-02-26 05:30:00	GRR	Gerald R. Ford International Airport	Delta Air Lines	Passenger Property Loss	Checked Baggage		Food & Drink		0.0	Deny
146302	2010031069357	2010-03-03 00:00:00	2010-01-17 12:30:00	GRR	Gerald R. Ford International Airport	Delta Air Lines	Passenger Property Loss	Checked Baggage		Clothing & Accessories		0.0	Deny
146863	2010032269885	2010-03-19 00:00:00	2010-02-27 13:00:00	GRR	Gerald R. Ford International Airport	Delta Air Lines	Passenger Property Loss	Checked Baggage		Food & Drink		0.0	Deny
147088	2010033070216	2010-03-29 00:00:00	2010-02-12 15:00:00	GRR	Gerald R. Ford International Airport	Delta Air Lines	Passenger Property Loss	Checked Baggage		Household Items		44.9	Approve in Full
147097	2010033070234	2010-03-29 00:00:00	2010-03-09 10:00:00	GRR	Gerald R. Ford International Airport	Delta Air Lines	Passenger Property Loss	Checked Baggage		Food & Drink		0.0	Deny
148059	2010042971313	2010-04-26 00:00:00	2010-04-16 00:00:00	GRR	Gerald R. Ford International Airport	American Airlines	Passenger Property Loss	Checked Baggage		Electronics		0.0	Deny
149615	2010062272876	2010-06-14 00:00:00	2010-06-02 11:48:00	GRR	Gerald R. Ford International Airport	UAL	Passenger Property Loss	Checked Baggage		Containers,Cosmetics		0.0	Deny
151128	2010080574512	2010-07-28 00:00:00	2010-07-23 00:00:00	GRR	Gerald R. Ford International Airport	Delta Air Lines	Passenger Property Loss	Checked Baggage		Watches & Jewelry		0.0	Deny
151914	2010082475267	2010-08-19 00:00:00	2010-08-09 19:20:00	GRR	Gerald R. Ford International Airport	Continental Airlines	Passenger Property Loss	Checkpoint		Clothing & Accessories			
152052	2010100176558	2010-08-23 00:00:00	2010-09-02 00:00:00	GRR	Gerald R. Ford International Airport	Frontier Airlines	Passenger Property Loss	Checked Baggage		Cosmetics		0.0	Deny
152612	2010091576020	2010-09-08 00:00:00	2010-08-18 00:00:00	GRR	Gerald R. Ford International Airport	Allegiant Air	Passenger Property Loss	Checked Baggage		Clothing & Accessories		0.0	Deny
152700	2010091776134	2010-09-10 00:00:00	2010-09-02 00:00:00	GRR	Gerald R. Ford International Airport	Allegiant Air	Passenger Property Loss	Checkpoint		Other		349.0	Approve in Full
152714	2010092776449	2010-09-10 00:00:00	2010-08-18 00:00:00	GRR	Gerald R. Ford International Airport	Continental Airlines	Passenger Property Loss	Checked Baggage		Cosmetics		15.0	Approve in Full
154643	2010112278076	2010-11-11 00:00:00	2010-10-31 00:00:00	GRR	Gerald R. Ford International Airport	Delta Air Lines	Passenger Property Loss	Checked Baggage		Watches & Jewelry		0.0	Deny
155442	2010122078873	2010-12-08 00:00:00	2010-10-08 15:30:00	GRR	Gerald R. Ford International Airport	UAL	Passenger Property Loss	Checked Baggage		Food & Drink		0.0	Deny
155654	2011011979610	2010-12-15 00:00:00	2010-09-23 00:00:00	GRR	Gerald R. Ford International Airport	Delta Air Lines	Passenger Property Loss	Checked Baggage		Cosmetics		0.0	Deny
156323	2011012879790	2011-01-10 00:00:00	2010-12-30 18:00:00	GRR	Gerald R. Ford International Airport	AirTran Airlines	Passenger Property Loss	Checked Baggage		Food & Drink		0.0	Deny
158849	2011041382234	2011-04-01 00:00:00	2010-09-06 00:00:00	GRR	Gerald R. Ford International Airport	Delta Air Lines	Passenger Property Loss	Checked Baggage		Clothing & Accessories		0.0	Deny
159004	2011041382309	2011-04-05 00:00:00	2011-03-26 00:00:00	GRR	Gerald R. Ford International Airport		Passenger Property Loss	Checked Baggage		Electronics,Electronics,Other,Clothing & Accessories		0.0	Deny
159315	2011042182825	2011-04-15 00:00:00	2011-03-15 11:00:00	GRR	Gerald R. Ford International Airport	Delta Air Lines	Passenger Property Loss	Checked Baggage		Other		0.0	Deny
160430	2011060183926	2011-05-23 00:00:00	2011-05-07 00:00:00	GRR	Gerald R. Ford International Airport	Delta Air Lines	Passenger Property Loss	Checked Baggage		Watches & Jewelry,Watches & Jewelry		0.0	Deny
160811	2011062084450	2011-06-03 00:00:00	2011-05-26 14:59:00	GRR	Gerald R. Ford International Airport		Passenger Property Loss	Checked Baggage		Cosmetics		9.0	Approve in Full
161710	2011071485214	2011-07-05 00:00:00	2011-05-21 05:45:00	GRR	Gerald R. Ford International Airport		Passenger Property Loss	Checkpoint		Other		0.0	Deny
162141	2011080485740	2011-07-18 00:00:00	2011-06-10 06:00:00	GRR	Gerald R. Ford International Airport		Passenger Property Loss	Checkpoint		Other		350.0	Approve in Full
162806	2011082686480	2011-08-05 00:00:00	2011-07-25 06:50:00	GRR	Gerald R. Ford International Airport		Passenger Property Loss	Checkpoint		Clothing & Accessories		148.93	Settle
163924	2011100487416	2011-09-13 00:00:00	2011-07-22 17:00:00	GRR	Gerald R. Ford International Airport	Delta Air Lines	Passenger Property Loss	Checkpoint		Other		0.0	Deny
166093	2011121489669	2011-11-28 00:00:00	2011-10-04 06:30:00	GRR	Gerald R. Ford International Airport	Delta Air Lines	Passenger Property Loss	Checked Baggage		Other			
171623	2012071295303	2012-06-08 00:00:00	2012-05-18 05:00:00	GRR	Gerald R. Ford International Airport	Delta Air Lines	Passenger Property Loss	Checked Baggage		Automobile & Mechanical		0.0	Deny
173303	2012092197035	2012-08-08 00:00:00	2012-05-20 00:00:00	GRR	Gerald R. Ford International Airport	UAL	Passenger Property Loss	Checked Baggage		Cosmetics		13.0	Approve in Full
175486	2012111398642	2012-10-29 00:00:00	2012-10-04 00:00:00	GRR	Gerald R. Ford International Airport	UAL	Passenger Property Loss	Checked Baggage		Electronics		230.0	Approve in Full
176234	2013011099884	2012-11-26 00:00:00	2012-08-21 00:00:00	GRR	Gerald R. Ford International Airport	AirTran Airlines	Passenger Property Loss	Checked Baggage		Electronics		240.0	Approve in Full
179349	2013040903069	2013-03-25 00:00:00	2013-01-10 00:00:00	GRR	Gerald R. Ford International Airport	Allegiant Air	Passenger Property Loss	Checked Baggage		Watches & Jewelry			
190363	2014052314180	2014-05-20 00:00:00	2014-05-04 00:00:00	GRR	Gerald R. Ford International Airport	UAL	Passenger Property Loss	Checked Baggage		Cosmetics		0.0	Deny
191459	2014072115298	2014-07-02 00:00:00	2014-06-26 00:00:00	GRR	Gerald R. Ford International Airport	American Airlines	Passenger Property Loss	Checked Baggage		Clothing & Accessories,Cosmetics,Food & Drink,Household Decor			
194135	2014102818030	2014-10-20 00:00:00	2014-07-21 00:00:00	GRR	Gerald R. Ford International Airport	Delta Air Lines	Passenger Property Loss	Checked Baggage		Watches & Jewelry			
198320	2015061123035	2015-06-01 00:00:00	2015-05-19 00:00:00	GRR	Gerald R. Ford International Airport	Delta Air Lines	Passenger Property Loss	Checked Baggage		Other		28.0	Settle
198323	2015081124782	2015-08-10 00:00:00	2015-08-03 00:00:00	GRR	Gerald R. Ford International Airport	Delta Air Lines	Passenger Property Loss	Checkpoint		Other		0.0	Deny
198324	2015111826955	2015-11-03 00:00:00	2015-04-27 00:00:00	GRR	Gerald R. Ford International Airport	American Airlines	Passenger Property Loss	Checked Baggage		Watches & Jewelry			
198325	2015112527140	2015-11-10 00:00:00	2015-10-20 00:00:00	GRR	Gerald R. Ford International Airport	UAL	Passenger Property Loss	Checked Baggage		Food & Drink		17.95	Approve in Full
198327	2015123027991	2015-12-15 00:00:00	2015-12-11 00:00:00	GRR	Gerald R. Ford International Airport	Southwest Airlines	Passenger Property Loss	Checked Baggage		Watches & Jewelry		0.0	Deny
206963	2016102735265	2016-09-28 00:00:00	2016-06-26 00:00:00	GRR	Gerald R. Ford International Airport	American Airlines	Passenger Property Loss	Checked Baggage		Cosmetics		8.48	Approve in Full
206964	2016092133664	2016-07-29 00:00:00	2016-07-28 00:00:00	GRR	Gerald R. Ford International Airport	Delta Air Lines	Passenger Property Loss	Checked Baggage		Cosmetics		16.95	Approve in Full
206965	2016012028436	2016-01-07 00:00:00	2016-01-01 00:00:00	GRR	Gerald R. Ford International Airport	Delta Air Lines	Passenger Property Loss	Checked Baggage		Clothing & Accessories		0.0	Deny
206966	2016101634710	2016-09-08 00:00:00	2016-02-22 11:51:00	GRR	Gerald R. Ford International Airport	Allegiant Air	Passenger Property Loss	Checked Baggage		Outdoors Supplies		0.0	Deny
206973	2017013137123	2016-12-09 00:00:00	2016-10-21 05:08:00	GRR	Gerald R. Ford International Airport	UAL	Passenger Property Loss	Checked Baggage		Clothing & Accessories			In Review
206975	2017021537564	2017-01-06 00:00:00	2016-11-28 00:00:00	GRR	Gerald R. Ford International Airport	Delta Air Lines	Passenger Property Loss	Checked Baggage		Clothing & Accessories			In Review
206976	2016102135019	2016-09-06 00:00:00	2016-09-05 15:00:00	GRR	Gerald R. Ford International Airport	UAL	Passenger Property Loss	Checked Baggage		Cosmetics		94.3	Settle
215218	2017072541816	2017-06-16 00:00:00	2017-04-15 00:00:00	GRR	 Gerald R. Ford International Airport	Southwest Airlines	Passenger Property Loss	Checked Baggage		Cosmetics		22.63	Approve in Full
215221	2017091142885	2017-07-26 00:00:00	2017-07-22 00:00:00	GRR	 Gerald R. Ford International Airport	American Airlines	Passenger Property Loss	Checked Baggage		Food & Drink			In Review