id	claim_number	date_received	incident_date	airport_code	airport_name	airline	claim_type	claim_site	claim_amount	items	status	close_amount	disposition
51486	2005012274011	2004-12-07 00:00:00	2004-10-20 00:00:00	HRL	Rio Grande Valley International	Southwest Airlines	Passenger Property Loss	Checked Baggage	272.41	Watches & Jewelry	Denied	0.0	Deny
58922	2005032579886	2005-03-09 00:00:00	2005-02-08 00:00:00	HRL	Rio Grande Valley International	Southwest Airlines	Passenger Property Loss	Checked Baggage	50.0	Clothing & Accessories	Approved	50.0	Approve in Full
59921	2005033180714	2005-03-23 00:00:00	2005-02-27 00:00:00	HRL	Rio Grande Valley International	Southwest Airlines	Passenger Property Loss	Checkpoint	159.99	Other	Denied	0.0	Deny
60422	2005040481306	2005-03-30 00:00:00	2005-03-06 00:00:00	HRL	Rio Grande Valley International	Continental Airlines	Passenger Property Loss	Checked Baggage	42.07	Other	Approved	42.07	Approve in Full
62004	2005042183100	2005-04-19 00:00:00	2005-03-23 00:00:00	HRL	Rio Grande Valley International	Continental Airlines	Passenger Property Loss	Checked Baggage	130.0	Other	Approved	130.0	Approve in Full
74255	2005102795307	2005-10-21 00:00:00	2005-10-05 00:00:00	HRL	Rio Grande Valley International	Southwest Airlines	Passenger Property Loss	Checked Baggage	66.0	Other	Settled	33.0	Settle
74511	2005110795642	2005-10-27 00:00:00	2005-10-11 00:00:00	HRL	Rio Grande Valley International	Southwest Airlines	Passenger Property Loss	Checked Baggage	32.45	Clothing & Accessories	Approved	32.45	Approve in Full
78637	2006011899771	2006-01-11 00:00:00	2005-11-23 00:00:00	HRL	Rio Grande Valley International	Continental Express Inc	Passenger Property Loss	Other	160.0	Electronics	Denied	0.0	Deny
80848	2006022402094	2006-02-16 00:00:00	2006-01-20 00:00:00	HRL	Rio Grande Valley International	Southwest Airlines	Passenger Property Loss	Checked Baggage	530.0	Other	Denied	0.0	Deny
81998	2006031603203	2006-03-10 00:00:00	2006-02-07 00:00:00	HRL	Rio Grande Valley International	Sun Country Airlines Inc	Passenger Property Loss	Checked Baggage	20.0	Other	Approved	20.0	Approve in Full
83048	2006040704253	2006-03-28 00:00:00	2006-03-05 00:00:00	HRL	Rio Grande Valley International	Southwest Airlines	Passenger Property Loss	Checked Baggage	79.93	Other	Settled	39.99	Settle
86950	2006061908210	2006-06-16 00:00:00	2006-06-14 00:00:00	HRL	Rio Grande Valley International	Southwest Airlines	Passenger Property Loss	Checked Baggage	550.0	Clothing & Accessories,Supplies	Denied	0.0	Deny
89165	2006080310431	2006-07-31 00:00:00	2006-07-15 00:00:00	HRL	Rio Grande Valley International	Southwest Airlines	Passenger Property Loss	Checked Baggage	469.0	Electronics	Denied	0.0	Deny
92521	2006101013753	2006-10-03 00:00:00	2006-09-07 00:00:00	HRL	Rio Grande Valley International	Southwest Airlines	Passenger Property Loss	Checked Baggage	1200.0	Watches & Jewelry	Denied	0.0	Deny
93640	2006110114956	2006-10-25 00:00:00	2006-10-10 00:00:00	HRL	Rio Grande Valley International	Southwest Airlines	Passenger Property Loss	Checked Baggage	3365.0	Watches & Jewelry,Watches & Jewelry,Watches & Jewelry	Denied	0.0	Deny
93870	2006110615228	2006-10-30 00:00:00	2006-10-24 00:00:00	HRL	Rio Grande Valley International	Southwest Airlines	Passenger Property Loss	Checked Baggage	2000.0	Electronics	Denied	0.0	Deny
99514	2007020820531	2007-02-07 00:00:00	2007-01-12 00:00:00	HRL	Rio Grande Valley International	Southwest Airlines	Passenger Property Loss	Checkpoint	54.0	Other	Approved	54.0	Approve in Full
101057	2007031422296	2007-03-12 00:00:00	2006-12-09 00:00:00	HRL	Rio Grande Valley International	Continental Airlines	Passenger Property Loss	Checked Baggage	18.97	Clothing & Accessories	Approved	18.97	Approve in Full
103715	2007050424999	2007-05-02 00:00:00	2007-04-13 00:00:00	HRL	Rio Grande Valley International	Southwest Airlines	Passenger Property Loss	Checked Baggage	295.0	Other,Electronics	Denied	0.0	Deny
106612	2007071128133	2007-06-29 00:00:00	2007-06-09 00:00:00	HRL	Rio Grande Valley International	Southwest Airlines	Passenger Property Loss	Checked Baggage	300.0	Watches & Jewelry	Denied	0.0	Deny
113321	2007110834756	2007-11-06 00:00:00	2007-09-19 00:00:00	HRL	Rio Grande Valley International	Southwest Airlines	Passenger Property Loss	Checked Baggage	553.0	Clothing & Accessories	Denied	0.0	Deny
113490	2007111434919	2007-11-09 00:00:00	2007-10-14 00:00:00	HRL	Rio Grande Valley International	Southwest Airlines	Passenger Property Loss	Checked Baggage	360.0	Electronics	Denied	0.0	Deny
116263	2008011437837	2008-01-07 00:00:00	2008-01-01 00:00:00	HRL	Rio Grande Valley International	Southwest Airlines	Passenger Property Loss	Checked Baggage	3000.0	Watches & Jewelry	Denied	0.0	Deny
118495	2008022640144	2008-02-19 00:00:00	2007-11-22 00:00:00	HRL	Rio Grande Valley International		Passenger Property Loss	Checkpoint	279.99	Electronics	Denied	0.0	Deny
119798	2008032641462	2008-03-17 00:00:00	2008-02-26 00:00:00	HRL	Rio Grande Valley International	Southwest Airlines	Passenger Property Loss	Checked Baggage	23.65	Electronics	Denied	0.0	Deny
120125	2008040341776	2008-03-24 00:00:00	2008-02-12 00:00:00	HRL	Rio Grande Valley International	Sun Country Airlines Inc	Passenger Property Loss	Checked Baggage	201.13	Electronics,Electronics	Denied	0.0	Deny
127593	2008072947639	2008-08-29 00:00:00	2008-06-25 00:00:00	HRL	Rio Grande Valley International	Southwest Airlines	Passenger Property Loss	Checked Baggage	199.99	Electronics	Denied	0.0	Deny
135876	2009042157794	2009-04-03 00:00:00	2009-03-21 00:00:00	HRL	Rio Grande Valley International	Southwest Airlines	Passenger Property Loss	Checked Baggage	500.0	Electronics	Denied	0.0	Deny
135910	2009042257834	2009-04-06 00:00:00	2009-04-04 00:00:00	HRL	Rio Grande Valley International	Southwest Airlines	Passenger Property Loss	Checked Baggage	21.64	Other,Outdoors Supplies	Denied	0.0	Deny
136562	2009051358555	2009-04-23 00:00:00	2009-04-05 00:00:00	HRL	Rio Grande Valley International	Southwest Airlines	Passenger Property Loss	Checked Baggage	302.55	Electronics	Denied	0.0	Deny
139205	2009072061446	2009-07-07 00:00:00	2009-06-24 00:00:00	HRL	Rio Grande Valley International	Continental Airlines	Passenger Property Loss	Checked Baggage	40.0	Other	Denied	0.0	Deny
139341	2009072261614	2009-07-10 00:00:00	2009-07-05 00:00:00	HRL	Rio Grande Valley International	Continental Airlines	Passenger Property Loss	Checked Baggage	296.94	Electronics	Denied	0.0	Deny
139665	2009072361691	2009-07-18 00:00:00	2007-07-22 00:00:00	HRL	Rio Grande Valley International	Southwest Airlines	Passenger Property Loss	Checkpoint	5200.0	Watches & Jewelry	Settled	4200.0	Settle
139675	2009072461699	2009-07-20 00:00:00	2009-07-10 00:00:00	HRL	Rio Grande Valley International	Southwest Airlines	Passenger Property Loss	Checkpoint	89.71	Electronics	Canceled	0.0	
141685	2009091763742	2009-09-14 00:00:00	2009-08-19 00:00:00	HRL	Rio Grande Valley International	Southwest Airlines	Passenger Property Loss	Checked Baggage	199.99	Games & Toys	Denied	0.0	Deny
148087	2010043071370	2010-04-26 00:00:00	2010-04-09 11:50:00	HRL	Rio Grande Valley International	Sun Country Airlines Inc	Passenger Property Loss	Checked Baggage		Household Items		0.0	Deny
149296	2010061572676	2010-06-02 00:00:00	2010-04-27 10:00:00	HRL	Rio Grande Valley International	Sun Country Airlines Inc	Passenger Property Loss	Checkpoint		Watches & Jewelry			
149401	2010061772749	2010-06-07 00:00:00	2010-04-11 13:27:00	HRL	Rio Grande Valley International	Southwest Airlines	Passenger Property Loss	Checked Baggage		Watches & Jewelry		0.0	Deny
157934	2011032981450	2011-03-01 00:00:00	2011-02-23 14:00:00	HRL	Rio Grande Valley International		Passenger Property Loss	Checkpoint		Watches & Jewelry			
164002	2011100587566	2011-09-15 00:00:00	2011-09-11 21:00:00	HRL	Rio Grande Valley International	Southwest Airlines	Passenger Property Loss	Checked Baggage		Watches & Jewelry		0.0	Deny
165922	2011121489662	2011-11-21 00:00:00	2011-11-14 05:36:00	HRL	Rio Grande Valley International	Southwest Airlines	Passenger Property Loss	Checked Baggage		Watches & Jewelry		0.0	Deny
174895	2012111598690	2012-10-04 00:00:00	2012-09-17 08:30:00	HRL	Rio Grande Valley International	Southwest Airlines	Passenger Property Loss	Checked Baggage		Other		0.0	Deny
177739	2013021901553	2013-01-24 00:00:00	2012-10-09 00:00:00	HRL	Rio Grande Valley International	Southwest Airlines	Passenger Property Loss	Checked Baggage		Electronics		0.0	Deny
180328	2013061104183	2013-05-01 00:00:00	2013-04-09 06:00:00	HRL	Rio Grande Valley International		Passenger Property Loss	Checked Baggage		Cosmetics		0.0	Deny
181105	2013062604798	2013-05-31 00:00:00	2013-05-22 00:00:00	HRL	Rio Grande Valley International	Southwest Airlines	Passenger Property Loss	Checked Baggage		Electronics		0.0	Deny
183933	2013102507890	2013-09-04 00:00:00	2013-08-28 14:00:00	HRL	Rio Grande Valley International	Southwest Airlines	Passenger Property Loss	Checked Baggage		Outdoors Supplies		0.0	Deny
184374	2013103108427	2013-09-19 00:00:00	2013-08-31 15:45:00	HRL	Rio Grande Valley International	Southwest Airlines	Passenger Property Loss	Checked Baggage		Watches & Jewelry		0.0	Deny
184460	2013102808052	2013-09-24 00:00:00	2013-09-14 08:30:00	HRL	Rio Grande Valley International	Southwest Airlines	Passenger Property Loss	Checked Baggage		Outdoors Supplies			
188129	2014022111899	2014-02-19 00:00:00	2014-02-13 00:00:00	HRL	Rio Grande Valley International	Sun Country Airlines Inc	Passenger Property Loss	Checkpoint		Watches & Jewelry		0.0	Deny
188619	2014031212400	2014-03-10 00:00:00	2014-02-07 00:00:00	HRL	Rio Grande Valley International	UAL	Passenger Property Loss	Checked Baggage		Watches & Jewelry,Watches & Jewelry		0.0	Deny
192792	2014091716666	2014-08-26 00:00:00	2014-03-26 00:00:00	HRL	Rio Grande Valley International	Southwest Airlines	Passenger Property Loss	Checked Baggage		Electronics			
192838	2014091816713	2014-08-26 00:00:00	2014-08-21 00:00:00	HRL	Rio Grande Valley International	Southwest Airlines	Passenger Property Loss	Checked Baggage		Outdoors Supplies			
193304	2014093017185	2014-09-12 00:00:00	2014-08-14 00:00:00	HRL	Rio Grande Valley International	Southwest Airlines	Passenger Property Loss	Checked Baggage		Watches & Jewelry			
198562	2015070123613	2015-06-19 00:00:00	2015-06-18 00:00:00	HRL	Rio Grande Valley International	Southwest Airlines	Passenger Property Loss	Checkpoint		Other			
198563	2015102026122	2015-09-30 00:00:00	2015-07-21 00:00:00	HRL	Rio Grande Valley International	Southwest Airlines	Passenger Property Loss	Checked Baggage		Watches & Jewelry		0.0	Deny
207225	2016022229015	2016-01-21 00:00:00	2016-01-06 00:00:00	HRL	Rio Grande Valley International	Southwest Airlines	Passenger Property Loss	Checked Baggage		Watches & Jewelry		0.0	Closed:Contractor Claim
207226	2016040530341	2016-03-16 00:00:00	2016-03-14 06:30:00	HRL	Rio Grande Valley International	Southwest Airlines	Passenger Property Loss	Checked Baggage		Watches & Jewelry		0.0	Deny
207227	2016041830590	2016-03-29 00:00:00	2016-03-28 00:00:00	HRL	Rio Grande Valley International	Southwest Airlines	Passenger Property Loss	Checked Baggage		Watches & Jewelry		0.0	Deny
207228	2016100534353	2016-08-25 00:00:00	2016-08-05 10:29:00	HRL	Rio Grande Valley International	Southwest Airlines	Passenger Property Loss	Checked Baggage		Other			In Review
207229	2016102435064	2016-09-19 00:00:00	2016-08-20 00:00:00	HRL	Rio Grande Valley International	Southwest Airlines	Passenger Property Loss	Checked Baggage		Other,Household Decor			In Review
207230	2016110835614	2016-10-13 00:00:00	2016-10-05 11:00:00	HRL	Rio Grande Valley International	Southwest Airlines	Passenger Property Loss	Checked Baggage		Electronics			In Review
215421	2017042839090	2017-03-01 00:00:00	2017-02-15 09:25:00	HRL	Rio Grande Valley International Rio Grande Valley International	Southwest Airlines	Passenger Property Loss	Checked Baggage		Watches & Jewelry		0.0	Deny
215424	2017122946371	2017-12-06 00:00:00	2017-12-01 00:00:00	HRL	Rio Grande Valley International Rio Grande Valley International	Southwest Airlines	Passenger Property Loss	Checked Baggage		Scientific Intruments			In Review
215425	2017052239843	2017-04-11 00:00:00	2017-03-15 10:00:00	HRL	Rio Grande Valley International Rio Grande Valley International	UAL	Passenger Property Loss	Checked Baggage		Cosmetics		0.0	Deny
215426	2017030837893	2017-01-17 00:00:00	2017-01-01 05:30:00	HRL	Rio Grande Valley International Rio Grande Valley International	Southwest Airlines	Passenger Property Loss	Checked Baggage		Watches & Jewelry		0.0	Deny
215427	2017062040796	2017-04-18 00:00:00	2017-02-16 00:00:00	HRL	Rio Grande Valley International Rio Grande Valley International	Southwest Airlines	Passenger Property Loss	Checked Baggage		Outdoors Supplies			In Review
215428	2017080142002	2017-06-19 00:00:00	2017-06-09 00:00:00	HRL	Rio Grande Valley International Rio Grande Valley International	Southwest Airlines	Passenger Property Loss	Checked Baggage		Watches & Jewelry		0.0	Deny
215429	2017060240150	2017-05-19 00:00:00	2017-04-25 05:13:00	HRL	Rio Grande Valley International Rio Grande Valley International	Southwest Airlines	Passenger Property Loss	Checked Baggage		Other		0.0	Deny
215431	2017072741877	2017-07-27 00:00:00	2017-07-05 12:05:00	HRL	Rio Grande Valley International Rio Grande Valley International	Southwest Airlines	Passenger Property Loss	Checked Baggage		Other		0.0	Deny