id	claim_number	date_received	incident_date	airport_code	airport_name	airline	claim_type	claim_site	claim_amount	items	status	close_amount	disposition
1124	0105170M	2003-01-05 00:00:00	2003-12-12 00:00:00	ILM	Wilmington International	USAir	Passenger Property Loss	Checkpoint	250.0	Watches & Jewelry	Denied	0.0	Deny
33984	2004051752385	2004-05-03 00:00:00	2004-04-07 00:00:00	ILM	Wilmington International	USAir	Passenger Property Loss	Checked Baggage	1000.0	Other	Settled	200.0	Settle
47519	2004110166111	2004-10-18 00:00:00	2004-09-05 00:00:00	ILM	Wilmington International	UAL	Passenger Property Loss	Checked Baggage	45.58	Cosmetics	Approved	45.58	Approve in Full
50036	2004122270606	2004-11-15 00:00:00	2004-07-26 00:00:00	ILM	Wilmington International		Passenger Property Loss	Checked Baggage	75.0	Other	Settled	37.5	Settle
53091	2005011973763	2004-12-28 00:00:00	2004-11-22 00:00:00	ILM	Wilmington International	Delta Air Lines	Passenger Property Loss	Checked Baggage	200.0	Clothing & Accessories	Denied	0.0	Deny
53809	2005012674404	2005-01-07 00:00:00	2004-11-15 00:00:00	ILM	Wilmington International		Passenger Property Loss	Checked Baggage	100.0	Clothing & Accessories	Denied	0.0	Deny
62322	2005042583339	2005-04-22 00:00:00	2005-04-15 00:00:00	ILM	Wilmington International	USAir	Passenger Property Loss	Checked Baggage	127.0	Other	Canceled	0.0	
63543	2005051184489	2005-05-10 00:00:00	2005-04-25 00:00:00	ILM	Wilmington International	USAir	Passenger Property Loss	Checked Baggage	4879.05	Watches & Jewelry	Denied	0.0	Deny
63826	2005051684716	2005-05-13 00:00:00	2005-04-20 00:00:00	ILM	Wilmington International	USAir	Passenger Property Loss	Checked Baggage	22.5	Other	Approved	22.5	Approve in Full
68940	2005080289987	2005-07-26 00:00:00	2005-07-21 00:00:00	ILM	Wilmington International	USAir	Passenger Property Loss	Checked Baggage	269.99	Electronics	Settled	81.34	Settle
71994	2005092092946	2005-09-14 00:00:00	2005-08-09 00:00:00	ILM	Wilmington International	USAir	Passenger Property Loss	Checked Baggage		Other	Insufficient, one of the following items required: sum certain, statement of fact, signature, location of incident, and date.		
72178	2005092693272	2005-09-19 00:00:00	2005-08-25 00:00:00	ILM	Wilmington International		Passenger Property Loss	Checked Baggage	50.0	Clothing & Accessories	Approved	50.0	Approve in Full
72700	2005100393738	2005-09-26 00:00:00	2005-09-19 00:00:00	ILM	Wilmington International		Passenger Property Loss	Checked Baggage	200.0	Other	Denied	0.0	Deny
76545	2005121397670	2005-12-05 00:00:00	2005-10-19 00:00:00	ILM	Wilmington International	USAir	Passenger Property Loss	Checked Baggage	1899.0	Other	Denied	0.0	Deny
78683	2006012099929	2006-01-12 00:00:00	2005-12-24 00:00:00	ILM	Wilmington International	USAir	Passenger Property Loss	Checked Baggage	20.0	Other	Approved	20.0	Approve in Full
78857	2006012300053	2006-01-17 00:00:00	2005-12-27 00:00:00	ILM	Wilmington International	USAir	Passenger Property Loss	Checked Baggage	29.7	Other	Approved	29.7	Approve in Full
79112	2006012400203	2006-01-18 00:00:00	2005-12-30 00:00:00	ILM	Wilmington International		Passenger Property Loss	Checked Baggage	728.0	Clothing & Accessories	Settled	128.0	Settle
79219	2006012500348	2006-01-20 00:00:00	2006-01-17 00:00:00	ILM	Wilmington International	Delta Air Lines	Passenger Property Loss	Checked Baggage	19.06	Other	Denied	0.0	Deny
82309	2006032203509	2006-03-16 00:00:00	2006-01-24 00:00:00	ILM	Wilmington International	USAir	Passenger Property Loss	Checked Baggage	189.99	Electronics	Approved	189.99	Approve in Full
82985	2006040604157	2006-03-28 00:00:00	2006-01-23 00:00:00	ILM	Wilmington International	Delta Air Lines	Passenger Property Loss	Checked Baggage	194.69	Electronics	Denied	0.0	Deny
84329	2006042805436	2006-04-25 00:00:00	2006-04-14 00:00:00	ILM	Wilmington International		Passenger Property Loss	Checked Baggage	20.0	Tools & Machines	Approved	20.0	Approve in Full
86051	2006060507310	2006-05-31 00:00:00	2006-04-29 00:00:00	ILM	Wilmington International	USAir	Passenger Property Loss	Other	1914.0	Electronics,Electronics,Cosmetics,Electronics,Watches & Jewelry,Supplies	Denied	0.0	Deny
88619	2006072109897	2006-07-19 00:00:00	2006-07-13 00:00:00	ILM	Wilmington International		Passenger Property Loss	Checked Baggage	7.41	Tools & Machines	Approved	7.41	Approve in Full
90521	2006083011781	2006-08-25 00:00:00	2006-08-07 00:00:00	ILM	Wilmington International	USAir	Passenger Property Loss	Checked Baggage	399.49	Electronics,Electronics	Canceled	0.0	
91186	2006091412559	2006-09-07 00:00:00	2006-08-06 00:00:00	ILM	Wilmington International	USAir	Passenger Property Loss	Checked Baggage	39.96	Containers	Approved	39.96	Approve in Full
91699	2006092113089	2006-09-15 00:00:00	2006-08-31 00:00:00	ILM	Wilmington International	USAir	Passenger Property Loss	Checked Baggage	171.2	Outdoors Supplies	Settled	85.75	Settle
93764	2006110215072	2006-10-27 00:00:00	2006-08-28 00:00:00	ILM	Wilmington International	Delta Air Lines	Passenger Property Loss	Checked Baggage	500.0	Watches & Jewelry,Watches & Jewelry	Denied	0.0	Deny
96371	2006122217819	2006-12-18 00:00:00	2006-10-21 00:00:00	ILM	Wilmington International	USAir	Passenger Property Loss	Checked Baggage	192.42	Other	Denied	0.0	Deny
97304	2007010418309	2007-01-03 00:00:00	2006-11-23 00:00:00	ILM	Wilmington International	Delta Air Lines	Passenger Property Loss	Checked Baggage	158.99	Electronics	Settled	125.48	Settle
98494	2007012519518	2007-01-22 00:00:00	2007-01-03 00:00:00	ILM	Wilmington International	USAir	Passenger Property Loss	Checked Baggage	199.95	Clothing & Accessories	Denied	0.0	Deny
98784	2007013119965	2007-01-25 00:00:00	2007-01-24 00:00:00	ILM	Wilmington International	USAir	Passenger Property Loss	Checked Baggage	10.0	Tools & Machines	Approved	10.0	Approve in Full
98948	2007020119997	2007-01-29 00:00:00	2007-01-27 00:00:00	ILM	Wilmington International		Passenger Property Loss	Checked Baggage	3500.0	Clothing & Accessories,Electronics,Games & Toys	Denied	0.0	Deny
99878	2007021521005	2007-02-13 00:00:00	2006-12-13 00:00:00	ILM	Wilmington International	Delta Air Lines	Passenger Property Loss	Checked Baggage	168.26	Scientific Intruments	Denied	0.0	Deny
102192	2007040423508	2007-04-02 00:00:00	2007-02-28 00:00:00	ILM	Wilmington International	USAir	Passenger Property Loss	Checkpoint	25.0	Other	Approved	25.0	Approve in Full
105999	2007062027247	2007-06-19 00:00:00	2007-05-25 00:00:00	ILM	Wilmington International	USAir	Passenger Property Loss	Checked Baggage	44.48	Tools & Machines,Other	Denied	0.0	Deny
106120	2007062527415	2007-06-20 00:00:00	2006-06-13 00:00:00	ILM	Wilmington International	USAir	Passenger Property Loss	Checked Baggage	200.0	Supplies,Other	Denied	0.0	Deny
106227	2007062627482	2007-06-22 00:00:00	2007-06-06 00:00:00	ILM	Wilmington International	USAir	Passenger Property Loss	Checked Baggage	1427.11	Clothing & Accessories,Cosmetics	Denied	0.0	Deny
106465	2007070327835	2007-06-27 00:00:00	2007-06-06 00:00:00	ILM	Wilmington International	USAir	Passenger Property Loss	Checked Baggage	782.41	Clothing & Accessories,Cosmetics	Denied	0.0	Deny
106519	2007070327828	2007-06-28 00:00:00	2007-06-13 00:00:00	ILM	Wilmington International	USAir	Passenger Property Loss	Checked Baggage	1750.0	Electronics	Denied	0.0	Deny
111330	2007092832771	2007-09-26 00:00:00	2007-07-03 00:00:00	ILM	Wilmington International	Delta Air Lines	Passenger Property Loss	Checked Baggage	349.95	Clothing & Accessories	Denied	0.0	Deny
111345	2007100132785	2007-09-27 00:00:00	2007-07-01 00:00:00	ILM	Wilmington International	USAir	Passenger Property Loss	Checked Baggage	27.81	Tools & Machines	Approved	27.81	Approve in Full
111372	2007100132786	2007-09-27 00:00:00	2007-09-18 00:00:00	ILM	Wilmington International	Delta Air Lines	Passenger Property Loss	Checked Baggage	79.5	Tools & Machines	Denied	0.0	Deny
111746	2007100933118	2007-10-04 00:00:00	2007-09-29 00:00:00	ILM	Wilmington International	USAir	Passenger Property Loss	Checked Baggage	54.95	Clothing & Accessories	Settled	27.48	Settle
112287	2007101933720	2007-10-16 00:00:00	2007-09-15 00:00:00	ILM	Wilmington International		Passenger Property Loss	Checked Baggage	783.15	Watches & Jewelry	Denied	0.0	Deny
113147	2007110734604	2007-11-02 00:00:00	2007-08-28 00:00:00	ILM	Wilmington International	USAir	Passenger Property Loss	Checked Baggage	3332.31	Watches & Jewelry,Watches & Jewelry,Other	Denied	0.0	Deny
113179	2007120536079	2007-11-03 00:00:00	2007-11-14 00:00:00	ILM	Wilmington International	USAir	Passenger Property Loss	Checked Baggage	98.0	Clothing & Accessories	Denied	0.0	Deny
113567	2007111535028	2007-11-13 00:00:00	2007-10-15 00:00:00	ILM	Wilmington International	USAir	Passenger Property Loss	Checked Baggage	355.0	Electronics,Clothing & Accessories	Denied	0.0	Deny
116541	2008011738091	2008-01-10 00:00:00	2008-01-04 00:00:00	ILM	Wilmington International	USAir	Passenger Property Loss	Checked Baggage	26.99	Tools & Machines	Denied	0.0	Deny
119791	2008032641442	2008-03-17 00:00:00	2008-01-28 00:00:00	ILM	Wilmington International	USAir	Passenger Property Loss	Checked Baggage	20.0	Tools & Machines	Denied	0.0	Deny
120053	2008040341754	2008-03-21 00:00:00	2008-03-10 00:00:00	ILM	Wilmington International	USAir	Passenger Property Loss	Checkpoint	1568.0	Watches & Jewelry,Watches & Jewelry	Canceled	0.0	
121175	2008041742803	2008-04-11 00:00:00	2008-02-02 00:00:00	ILM	Wilmington International	USAir	Passenger Property Loss	Checked Baggage	910.0	Electronics	Denied	0.0	Deny
123259	2008052944982	2008-05-27 00:00:00	2008-05-19 00:00:00	ILM	Wilmington International	Delta Air Lines	Passenger Property Loss	Checked Baggage	64.48	Clothing & Accessories,Tools & Machines	Approved	64.48	Approve in Full
124387	2008062446057	2008-06-19 00:00:00	2008-06-07 00:00:00	ILM	Wilmington International	Delta Air Lines	Passenger Property Loss	Checkpoint	129.0	Cosmetics	Denied	0.0	Deny
128765	2008092650537	2008-09-26 00:00:00	2008-09-05 00:00:00	ILM	Wilmington International	USAir	Passenger Property Loss	Checked Baggage	200.0	Electronics,Electronics,Games & Toys,Games & Toys	Denied	0.0	Deny
129829	2008110351698	2008-10-23 00:00:00	2008-10-11 00:00:00	ILM	Wilmington International	USAir	Passenger Property Loss	Checked Baggage	5.5	Cosmetics	Settled	2.75	Settle
136093	2009042457947	2009-04-09 00:00:00	2009-03-25 00:00:00	ILM	Wilmington International	USAir	Passenger Property Loss	Checkpoint	279.0	Electronics	Denied	0.0	Deny
138219	2009061660209	2009-06-10 00:00:00	2009-06-06 00:00:00	ILM	Wilmington International	USAir	Passenger Property Loss	Checkpoint	100.0	Watches & Jewelry	Denied	0.0	Deny
148992	2010060472377	2010-05-24 00:00:00	2010-05-22 14:00:00	ILM	Wilmington International	USAir	Passenger Property Loss	Checked Baggage		Other			
154124	2010110377561	2010-10-25 00:00:00	2010-10-04 09:15:00	ILM	Wilmington International		Passenger Property Loss	Checkpoint		Other		0.0	Deny
158398	2011040882056	2011-03-15 00:00:00	2010-10-16 11:17:00	ILM	Wilmington International	Delta Air Lines	Passenger Property Loss	Checked Baggage		Watches & Jewelry		0.0	Deny
160176	2011052383667	2011-05-13 00:00:00	2011-05-04 08:30:00	ILM	Wilmington International	Delta Air Lines	Passenger Property Loss	Checked Baggage		Watches & Jewelry		0.0	Deny
161546	2011070885054	2011-06-28 00:00:00	2011-06-08 00:00:00	ILM	Wilmington International	Delta Air Lines	Passenger Property Loss	Checked Baggage		Watches & Jewelry		0.0	Deny
161654	2011071385172	2011-06-30 00:00:00	2011-06-24 00:00:00	ILM	Wilmington International	USAir	Passenger Property Loss	Checked Baggage		Outdoors Supplies		0.0	Deny
168223	2012032191889	2012-02-08 00:00:00	2012-01-23 00:00:00	ILM	Wilmington International	Delta Air Lines	Passenger Property Loss	Checked Baggage		Clothing & Accessories,Cosmetics		0.0	Deny
169145	2012041092756	2012-03-12 00:00:00	2012-02-09 00:00:00	ILM	Wilmington International	Delta Air Lines	Passenger Property Loss	Checkpoint		Clothing & Accessories		225.79	Settle
177099	2013020400904	2013-01-03 00:00:00	2012-12-18 00:00:00	ILM	Wilmington International	Delta Air Lines	Passenger Property Loss	Checked Baggage		Containers,Clothing & Accessories,Cosmetics			
177357	2013020601027	2013-01-14 00:00:00	2012-12-19 00:00:00	ILM	Wilmington International	USAir	Passenger Property Loss	Checked Baggage		Outdoors Supplies			
177415	2013022001682	2013-01-14 00:00:00	2012-12-19 00:00:00	ILM	Wilmington International	USAir	Passenger Property Loss	Checked Baggage		Outdoors Supplies		0.0	Deny
179284	2013040302965	2013-03-21 00:00:00	2013-03-15 00:00:00	ILM	Wilmington International	Delta Air Lines	Passenger Property Loss	Checked Baggage		Cosmetics			
179671	2013042403297	2013-04-08 00:00:00	2013-03-29 00:00:00	ILM	Wilmington International	Delta Air Lines	Passenger Property Loss	Checkpoint		Electronics		139.0	Approve in Full
179794	2013042403308	2013-04-10 00:00:00	2013-03-26 00:00:00	ILM	Wilmington International	Delta Air Lines	Passenger Property Loss	Checked Baggage		Household Items		139.95	Approve in Full
184547	2013102808126	2013-09-26 00:00:00	2013-08-26 16:00:00	ILM	Wilmington International	USAir	Passenger Property Loss	Checked Baggage		Household Decor,Clothing & Accessories			
186922	2014010810659	2014-01-06 00:00:00	2013-12-26 00:00:00	ILM	Wilmington International	Delta Air Lines	Passenger Property Loss	Checked Baggage		Clothing & Accessories		0.0	Deny
189221	2014040713019	2014-04-01 00:00:00	2014-03-23 00:00:00	ILM	Wilmington International	USAir	Passenger Property Loss	Checked Baggage		Watches & Jewelry		75.0	Approve in Full
198928	2015010819722	2015-01-08 00:00:00	2014-12-22 00:00:00	ILM	Wilmington International	USAir	Passenger Property Loss	Checkpoint		Other		0.0	Deny
198930	2015052722783	2015-05-14 00:00:00	2015-04-26 00:00:00	ILM	Wilmington International	USAir	Passenger Property Loss	Checked Baggage		Outdoors Supplies		14.48	Approve in Full
198931	2015072324128	2015-07-15 00:00:00	2015-06-24 00:00:00	ILM	Wilmington International	USAir	Passenger Property Loss	Checked Baggage		Other			
215774	2017072741937	2017-06-06 00:00:00	2017-05-17 00:00:00	ILM	Wilmington International Wilmington International		Passenger Property Loss	Checked Baggage		Clothing & Accessories			In Review
215775	2017050139141	2017-03-07 00:00:00	2017-02-25 17:30:00	ILM	Wilmington International Wilmington International	American Airlines	Passenger Property Loss	Checked Baggage		Outdoors Supplies		214.82	Approve in Full
215776	2017062841061	2017-06-26 00:00:00	2017-06-18 00:00:00	ILM	Wilmington International Wilmington International	American Airlines	Passenger Property Loss	Checked Baggage		Electronics			In Review