id	claim_number	date_received	incident_date	airport_code	airport_name	airline	claim_type	claim_site	claim_amount	items	status	close_amount	disposition
1042	0714565M	2002-12-31 00:00:00	2002-12-01 00:00:00	IND	Indianapolis International	Northwest Airlines	Passenger Property Loss	Checkpoint	21.19	Electronics	Approved	21.0	Approve in Full
1096	23152	2003-01-02 00:00:00	2002-12-14 00:00:00	IND	Indianapolis International	Southwest Airlines	Passenger Property Loss	Other	500.0	Clothing & Accessories	Denied	0.0	Deny
1481	0617530L	2003-01-21 00:00:00	2002-12-23 00:00:00	IND	Indianapolis International		Passenger Property Loss	Checkpoint	150.0	Other	Approved	150.0	Approve in Full
1900	0127028L	2003-01-27 00:00:00	2003-01-01 00:00:00	IND	Indianapolis International	Delta Air Lines	Passenger Property Loss	Checked Baggage	490.0	Other	Settled	245.0	Settle
2000	0129003L	2003-01-29 00:00:00	2003-01-15 00:00:00	IND	Indianapolis International		Passenger Property Loss	Checkpoint	70.0	Electronics	Denied	0.0	Deny
2118	0203027L	2003-02-03 00:00:00	2003-01-10 00:00:00	IND	Indianapolis International	America Trans Air	Passenger Property Loss	Checked Baggage	518.0	Clothing & Accessories	Approved	518.0	Approve in Full
2134	0203083L	2003-02-03 00:00:00	2003-01-18 00:00:00	IND	Indianapolis International	UAL	Passenger Property Loss	Checked Baggage	58.0	Clothing & Accessories	Approved	58.0	Approve in Full
2774	0224081L	2003-02-24 00:00:00	2003-02-13 00:00:00	IND	Indianapolis International	America Trans Air	Passenger Property Loss	Checked Baggage	6000.0	Watches & Jewelry	Canceled		
2945	0225058L	2003-02-25 00:00:00	2003-01-30 00:00:00	IND	Indianapolis International	American Airlines	Passenger Property Loss	Checked Baggage	300.0	Watches & Jewelry	Settled	150.0	Settle
2952	0225100L	2003-02-25 00:00:00	2003-01-25 00:00:00	IND	Indianapolis International	Frontier Airlines	Passenger Property Loss	Checked Baggage	150.0	Cosmetics	Settled	75.0	Settle
3137	0303025L	2003-03-03 00:00:00	2003-01-25 00:00:00	IND	Indianapolis International	Northwest Airlines	Passenger Property Loss	Checked Baggage	275.0	Clothing & Accessories	Settled	135.0	Settle
3469	0311062L	2003-03-11 00:00:00	2003-02-19 00:00:00	IND	Indianapolis International	Delta Air Lines	Passenger Property Loss	Checked Baggage	1017.5	Electronics	Denied	1017.5	Deny
3473	0311074L	2003-03-11 00:00:00	2003-02-20 00:00:00	IND	Indianapolis International		Passenger Property Loss	Checkpoint	1100.0	Watches & Jewelry	Denied		Deny
3505	0311195L	2003-03-11 00:00:00	2002-12-28 00:00:00	IND	Indianapolis International	UAL	Passenger Property Loss	Checked Baggage	418.98	Electronics	Denied	0.0	Deny
3653	0314021L	2003-03-14 00:00:00	2003-01-30 00:00:00	IND	Indianapolis International		Passenger Property Loss	Checkpoint	300.0	Other	Canceled		
4226	0326058L	2003-03-26 00:00:00	2003-03-10 00:00:00	IND	Indianapolis International	AirTran Airlines	Passenger Property Loss	Checked Baggage	50.0	Other	Approved	50.0	Approve in Full
4375	37119	2003-03-31 00:00:00	2003-02-08 00:00:00	IND	Indianapolis International	America Trans Air	Passenger Property Loss	Checked Baggage	485.0	Electronics	Denied	0.0	Deny
4418	0401108L	2003-04-01 00:00:00	2003-02-13 00:00:00	IND	Indianapolis International	American Airlines	Passenger Property Loss	Checked Baggage	30.0	Cosmetics	Approved	30.0	Approve in Full
4540	0402086L	2003-04-02 00:00:00	2002-09-18 00:00:00	IND	Indianapolis International		Passenger Property Loss	Checkpoint	30.0	Cosmetics	Approved	30.0	Approve in Full
5110	0416006L	2003-04-16 00:00:00	2003-02-20 00:00:00	IND	Indianapolis International	Delta Air Lines	Passenger Property Loss	Checked Baggage	95.35	Clothing & Accessories	Approved	95.35	Approve in Full
5243	0417055L	2003-04-17 00:00:00	2003-01-26 00:00:00	IND	Indianapolis International	Southwest Airlines	Passenger Property Loss	Checked Baggage	301.4	Clothing & Accessories	Approved	301.4	Approve in Full
5293	0417044L	2003-04-17 00:00:00	2003-01-04 00:00:00	IND	Indianapolis International	Delta Air Lines	Passenger Property Loss	Checked Baggage		Electronics	Insufficient, one of the following items required: sum certain, statement of fact, signature, location of incident, and date.		
5704	0428004L	2003-04-28 00:00:00	2003-04-10 00:00:00	IND	Indianapolis International	UAL	Passenger Property Loss	Checkpoint	106.0	Other	Canceled		
6259	0508000L	2003-05-08 00:00:00	2003-02-12 00:00:00	IND	Indianapolis International	Southwest Airlines	Passenger Property Loss	Checked Baggage	50.0	Cosmetics	Approved	50.0	Approve in Full
6649	0520060L	2003-05-20 00:00:00	2003-04-26 00:00:00	IND	Indianapolis International	Delta Air Lines	Passenger Property Loss	Checked Baggage	35.0	Other	Approved	35.0	Approve in Full
6954	0527048L	2003-05-27 00:00:00	2003-03-29 00:00:00	IND	Indianapolis International	Delta Air Lines	Passenger Property Loss	Checked Baggage	15.0	Other	Approved	15.0	Approve in Full
7752	0604003L	2003-06-04 00:00:00	2003-04-10 00:00:00	IND	Indianapolis International	American Airlines	Passenger Property Loss	Checked Baggage	30.0	Other	Approved	30.0	Approve in Full
7821	0605047L	2003-06-05 00:00:00	2003-05-22 00:00:00	IND	Indianapolis International	America Trans Air	Passenger Property Loss	Checked Baggage	10.0	Other	Approved	10.0	Approve in Full
8089	0610006L	2003-06-10 00:00:00	2003-05-26 00:00:00	IND	Indianapolis International		Passenger Property Loss	Checked Baggage	100.0	Electronics	Approved	100.0	Approve in Full
8528	0616767L	2003-06-16 00:00:00	2002-12-28 00:00:00	IND	Indianapolis International	Frontier Airlines	Passenger Property Loss	Checked Baggage	100.0	Clothing & Accessories	Approved	100.0	Approve in Full
8655	0617071L	2003-06-17 00:00:00	2003-05-01 00:00:00	IND	Indianapolis International	UAL	Passenger Property Loss	Checked Baggage	250.0	Clothing & Accessories	Approved	250.0	Approve in Full
9167	0624008M	2003-06-24 00:00:00	2003-01-05 00:00:00	IND	Indianapolis International	Continental Airlines	Passenger Property Loss	Checked Baggage	1600.0	Electronics	Denied	0.0	Deny
9250	0624126M	2003-06-24 00:00:00	2003-06-14 00:00:00	IND	Indianapolis International	Frontier Airlines	Passenger Property Loss	Checked Baggage	3046.0	Watches & Jewelry	Settled	1000.0	Settle
9847	0701130M	2003-07-01 00:00:00	2003-06-04 00:00:00	IND	Indianapolis International		Passenger Property Loss	Checked Baggage	105.95	Clothing & Accessories	Settled	53.0	Settle
9852	0701144M	2003-07-01 00:00:00	2003-06-14 00:00:00	IND	Indianapolis International		Passenger Property Loss	Checked Baggage	200.0	Watches & Jewelry	Settled	100.0	Settle
9896	0702038M	2003-07-02 00:00:00	2003-06-24 00:00:00	IND	Indianapolis International	America Trans Air	Passenger Property Loss	Checked Baggage	328.0	Watches & Jewelry	Approved	328.0	Approve in Full
10209	0708086M	2003-07-08 00:00:00	2003-06-27 00:00:00	IND	Indianapolis International	USAir	Passenger Property Loss	Checked Baggage	16.95	Other	Approved	16.95	Approve in Full
10455	0714526M	2003-07-09 00:00:00	2003-03-30 00:00:00	IND	Indianapolis International	UAL	Passenger Property Loss	Checked Baggage	2000.0	Watches & Jewelry	Denied	0.0	Deny
10655	0714072M	2003-07-14 00:00:00	2003-06-30 00:00:00	IND	Indianapolis International		Passenger Property Loss	Checked Baggage	60.0	Clothing & Accessories	Approved	60.0	Approve in Full
10828	0715152M	2003-07-15 00:00:00	2003-07-08 00:00:00	IND	Indianapolis International		Passenger Property Loss	Checked Baggage	70.0	Clothing & Accessories	Approved	70.0	Approve in Full
10946	0715226M	2003-07-15 00:00:00	2003-07-05 00:00:00	IND	Indianapolis International		Passenger Property Loss	Checked Baggage	550.0	Cosmetics	Denied	0.0	Deny
11224	0721005M	2003-07-21 00:00:00	2003-06-29 00:00:00	IND	Indianapolis International	Southwest Airlines	Passenger Property Loss	Checked Baggage	110.0	Clothing & Accessories	Approved	110.0	Approve in Full
11275	0721155M	2003-07-21 00:00:00	2003-05-03 00:00:00	IND	Indianapolis International	USAir	Passenger Property Loss	Checked Baggage	300.0	Other	Approved	300.0	Approve in Full
11510	0723003M	2003-07-23 00:00:00	2003-06-27 00:00:00	IND	Indianapolis International	Delta Air Lines	Passenger Property Loss	Checked Baggage	175.0	Containers	Approved	175.0	Approve in Full
11530	0723062M	2003-07-23 00:00:00	2003-07-06 00:00:00	IND	Indianapolis International	Northwest Airlines	Passenger Property Loss	Checked Baggage	30.0	Other	Approved	30.0	Approve in Full
11795	0728010M	2003-07-28 00:00:00	2003-07-14 00:00:00	IND	Indianapolis International	America Trans Air	Passenger Property Loss	Checked Baggage	609.97	Electronics	Settled	180.65	Settle
12041	0729154M	2003-07-29 00:00:00	2003-07-18 00:00:00	IND	Indianapolis International	American Airlines	Passenger Property Loss	Checked Baggage	180.0	Watches & Jewelry	Settled	30.0	Settle
12254	0731036M	2003-07-31 00:00:00	2003-06-08 00:00:00	IND	Indianapolis International		Passenger Property Loss	Checked Baggage	300.0	Watches & Jewelry	Settled	150.0	Settle
13015	0812003M	2003-08-12 00:00:00	2003-07-23 00:00:00	IND	Indianapolis International	Northwest Airlines	Passenger Property Loss	Checked Baggage	833.0	Other	Settled	416.5	Settle
13070	0813112M	2003-08-13 00:00:00	2003-07-23 00:00:00	IND	Indianapolis International	USAir	Passenger Property Loss	Checked Baggage	50.0	Clothing & Accessories	Approved	50.0	Approve in Full
13722	0819004M	2003-08-19 00:00:00	2002-12-26 00:00:00	IND	Indianapolis International	Delta Air Lines	Passenger Property Loss	Checked Baggage	4270.0	Watches & Jewelry	Denied	0.0	Deny
13908	0821143M	2003-08-21 00:00:00	2003-07-31 00:00:00	IND	Indianapolis International		Passenger Property Loss	Checked Baggage	220.0	Containers	Approved	220.0	Approve in Full
14909	0903056M	2003-09-03 00:00:00	2003-08-14 00:00:00	IND	Indianapolis International	America Trans Air	Passenger Property Loss	Checked Baggage	450.0	Other	Denied	0.0	Deny
16122	0922002M	2003-09-22 00:00:00	2003-09-07 00:00:00	IND	Indianapolis International	American Airlines	Passenger Property Loss	Checked Baggage	3247.53	Watches & Jewelry	Denied	0.0	Deny
16135	0922052M	2003-09-22 00:00:00	2003-08-22 00:00:00	IND	Indianapolis International		Passenger Property Loss	Checked Baggage	25.0	Other	Denied	0.0	Deny
16220	0923017M	2003-09-23 00:00:00	2003-09-15 00:00:00	IND	Indianapolis International		Passenger Property Loss	Checked Baggage		Other	Canceled	0.0	
16500	0925498M	2003-09-25 00:00:00	2003-08-22 00:00:00	IND	Indianapolis International	UAL	Passenger Property Loss	Checked Baggage	150.0	Other	Canceled	0.0	
16576	0925277M	2003-09-25 00:00:00	2003-07-05 00:00:00	IND	Indianapolis International		Passenger Property Loss	Checked Baggage	30.0	Tools & Machines	Denied	0.0	Deny
17547	1008005M	2003-10-08 00:00:00	2003-09-04 00:00:00	IND	Indianapolis International	Northwest Airlines	Passenger Property Loss	Checked Baggage	105.89	Other	Settled	52.95	Settle
18639	1022113M	2003-10-22 00:00:00	2003-10-13 00:00:00	IND	Indianapolis International	American Airlines	Passenger Property Loss	Checked Baggage	148.36	Other	Canceled		
19296	1030181M	2003-10-30 00:00:00	2003-10-06 00:00:00	IND	Indianapolis International		Passenger Property Loss	Checked Baggage	140.0	Electronics	Settled	70.0	Settle
19677	1107107M	2003-11-07 00:00:00	2003-08-24 00:00:00	IND	Indianapolis International	American Airlines	Passenger Property Loss	Checkpoint	250.0	Other	Approved		Approve in Full
19770	1107512M	2003-11-07 00:00:00	2003-10-06 00:00:00	IND	Indianapolis International	America Trans Air	Passenger Property Loss	Checked Baggage	30.0	Clothing & Accessories	Approved	30.0	Approve in Full
20978	1121046M	2003-11-21 00:00:00	2003-08-13 00:00:00	IND	Indianapolis International	UAL	Passenger Property Loss	Checked Baggage	200.0	Clothing & Accessories	Canceled	0.0	
22301	1208313M	2003-12-08 00:00:00	2003-11-12 00:00:00	IND	Indianapolis International		Passenger Property Loss	Other	100.0	Other	Denied	0.0	Deny
22440	1208237M	2003-12-08 00:00:00	2003-11-16 00:00:00	IND	Indianapolis International	Northwest Airlines	Passenger Property Loss	Checked Baggage	1990.0	Electronics	Settled	1901.0	Settle
22444	1208246M	2003-12-08 00:00:00	2003-10-16 00:00:00	IND	Indianapolis International		Passenger Property Loss	Checkpoint	155.0	Clothing & Accessories	Settled	108.5	Settle
22805	1217163M	2003-12-17 00:00:00	2003-12-06 00:00:00	IND	Indianapolis International	Southwest Airlines	Passenger Property Loss	Checked Baggage	1000.0	Other	Denied	0.0	Deny
23421	1222029M	2003-12-22 00:00:00	2003-11-21 00:00:00	IND	Indianapolis International	Delta Air Lines	Passenger Property Loss	Checked Baggage	23.0	Clothing & Accessories	Settled	11.5	Settle
23593	0105212M	2004-01-05 00:00:00		IND	Indianapolis International		Passenger Property Loss	Checked Baggage	25.0	Clothing & Accessories	Approved	25.0	Approve in Full
24236	0107601M	2004-01-07 00:00:00	2003-10-13 00:00:00	IND	Indianapolis International	Northwest Airlines	Passenger Property Loss	Checked Baggage	32.1	Clothing & Accessories	Approved	32.1	Approve in Full
26577	0202381M	2004-02-02 00:00:00	2003-11-29 00:00:00	IND	Indianapolis International	America Trans Air	Passenger Property Loss	Checked Baggage	160.74	Other	Settled	62.14	Settle
26655	0203232M	2004-02-03 00:00:00	2003-12-20 00:00:00	IND	Indianapolis International	America Trans Air	Passenger Property Loss	Checked Baggage	25.0	Other	Approved	25.0	Approve in Full
27045	2005031478121	2004-02-04 00:00:00	2004-12-26 00:00:00	IND	Indianapolis International	ATA Aerocondor	Passenger Property Loss	Checked Baggage	376.0	Clothing & Accessories	Denied	0.0	Deny
27065	0205050M	2004-02-05 00:00:00	2003-12-29 00:00:00	IND	Indianapolis International	American Airlines	Passenger Property Loss	Checked Baggage	87.99	Other	Approved	87.99	Approve in Full
27239	0205074M	2004-02-05 00:00:00	2004-01-03 00:00:00	IND	Indianapolis International	America Trans Air	Passenger Property Loss	Checkpoint	35.0	Clothing & Accessories	Settled	32.5	Settle
27818	0212135M	2004-02-12 00:00:00	2004-01-02 00:00:00	IND	Indianapolis International		Passenger Property Loss	Checked Baggage	1500.0	Watches & Jewelry	Denied	0.0	Deny
28328	0219461M	2004-02-19 00:00:00	2004-02-01 00:00:00	IND	Indianapolis International	USAir	Passenger Property Loss	Checked Baggage	1490.9	Other	Settled	281.47	Settle
29657	2004051150983	2004-03-05 00:00:00	2004-02-15 00:00:00	IND	Indianapolis International		Passenger Property Loss	Checkpoint	100.0	Cosmetics	Settled	50.0	Settle
29684	2004041950009	2004-03-10 00:00:00	2004-02-22 00:00:00	IND	Indianapolis International		Passenger Property Loss	Checked Baggage	10.0	Tools & Machines	Approved	10.0	Approve in Full
30009	2004060254288	2004-03-11 00:00:00	2004-03-01 00:00:00	IND	Indianapolis International		Passenger Property Loss	Checked Baggage	24.5	Clothing & Accessories	Approved	24.5	Approve in Full
30093	2004060254174	2004-03-11 00:00:00	2004-02-01 00:00:00	IND	Indianapolis International	Continental Airlines	Passenger Property Loss	Checked Baggage	308.93	Clothing & Accessories,Clothing & Accessories	Denied	0.0	Deny
30454	2004043050290	2004-03-15 00:00:00	2004-01-16 00:00:00	IND	Indianapolis International	Singapore Airlines	Passenger Property Loss	Checkpoint	61.0	Clothing & Accessories	Denied	0.0	Deny
30618	2004052453302	2004-03-18 00:00:00	2004-02-27 00:00:00	IND	Indianapolis International	Singapore Airlines	Passenger Property Loss	Checked Baggage	27.26	Other	Approved	27.26	Approve in Full
31079	2004051251258	2004-03-24 00:00:00	2004-03-14 00:00:00	IND	Indianapolis International	UAL	Passenger Property Loss	Checked Baggage	130.0	Other	Approved	130.0	Approve in Full
31676	2004051351752	2004-03-30 00:00:00	2004-03-08 00:00:00	IND	Indianapolis International	Delta Air Lines	Passenger Property Loss	Checked Baggage	145.0	Other	Settled	72.5	Settle
31744	2004051451955	2004-04-01 00:00:00	2003-06-02 00:00:00	IND	Indianapolis International	USAir	Passenger Property Loss	Checked Baggage	110.0	Electronics	Approved	110.0	Approve in Full
31798	2004051852782	2004-04-01 00:00:00	2004-03-09 00:00:00	IND	Indianapolis International	American Airlines	Passenger Property Loss	Checked Baggage	81.9	Other	Approved	81.9	Approve in Full
32180	2004081060938	2004-04-06 00:00:00	2004-02-23 00:00:00	IND	Indianapolis International	USAir	Passenger Property Loss	Checked Baggage	25.5	Supplies	Approved	25.5	Approve in Full
32243	2004052453172	2004-04-06 00:00:00	2004-02-03 00:00:00	IND	Indianapolis International	Delta Air Lines	Passenger Property Loss	Checked Baggage	1120.0	Watches & Jewelry	Denied	0.0	Deny
32776	2004052553387	2004-04-21 00:00:00	2004-04-01 00:00:00	IND	Indianapolis International	Northwest Airlines	Passenger Property Loss	Checked Baggage	130.0	Other	Approved	130.0	Approve in Full
32877	2004060153960	2004-04-21 00:00:00	2004-03-19 00:00:00	IND	Indianapolis International		Passenger Property Loss	Checked Baggage	15.0	Other	Approved	15.0	Approve in Full
32942	2004060354445	2004-04-21 00:00:00	2004-03-26 00:00:00	IND	Indianapolis International	AirTran Airlines	Passenger Property Loss	Checked Baggage	28.0	Clothing & Accessories	Approved	28.0	Approve in Full
32994	2004052753671	2004-04-21 00:00:00	2004-03-12 00:00:00	IND	Indianapolis International	AirTran Airlines	Passenger Property Loss	Checked Baggage	346.0	Other	Canceled		
33452	2004060254335	2004-04-23 00:00:00	2004-03-31 00:00:00	IND	Indianapolis International	Reno Air	Passenger Property Loss	Checked Baggage	22.0	Clothing & Accessories	Approved	22.0	Approve in Full
34324	2004051351805	2004-05-04 00:00:00	2004-04-12 00:00:00	IND	Indianapolis International		Passenger Property Loss	Checked Baggage	200.0	Electronics	Denied	0.0	Deny
35030	2004060955290	2004-05-10 00:00:00	2004-04-26 00:00:00	IND	Indianapolis International		Passenger Property Loss	Checked Baggage	230.0	Other	Settled	80.0	Settle
35158	2004061655953	2004-05-13 00:00:00	2004-04-18 00:00:00	IND	Indianapolis International	Northwest Airlines	Passenger Property Loss	Checkpoint	14.0	Supplies	Approved	14.0	Approve in Full
35419	2004061856269	2004-05-15 00:00:00	2004-04-07 00:00:00	IND	Indianapolis International	USAir	Passenger Property Loss	Checked Baggage	450.0	Watches & Jewelry	Approved	450.0	Approve in Full
35986	2004062156561	2004-05-27 00:00:00	2004-05-06 00:00:00	IND	Indianapolis International	Northwest Airlines	Passenger Property Loss	Checked Baggage	100.0	Other	Approved	100.0	Approve in Full
37573	2004062957796	2004-06-09 00:00:00	2004-06-03 00:00:00	IND	Indianapolis International	Delta Air Lines	Passenger Property Loss	Checkpoint	151.85	Other	Approved	151.85	Approve in Full
38486	2004070858941	2004-06-22 00:00:00	2004-03-05 00:00:00	IND	Indianapolis International	American Airlines	Passenger Property Loss	Checked Baggage	141.35	Other	Denied	0.0	Deny
38562	2004071359148	2004-06-22 00:00:00	2004-06-10 00:00:00	IND	Indianapolis International	Southwest Airlines	Passenger Property Loss	Checked Baggage	80.0	Watches & Jewelry	Settled	32.5	Settle
38593	2004071359206	2004-06-24 00:00:00	2004-05-26 00:00:00	IND	Indianapolis International	AirTran Airlines	Passenger Property Loss	Checked Baggage	82.17	Other	Approved	82.17	Approve in Full
39426	2004080260381	2004-07-07 00:00:00	2004-06-02 00:00:00	IND	Indianapolis International		Passenger Property Loss	Checked Baggage	75.0	Other	Denied	75.0	Deny
39483	2004072760042	2004-07-09 00:00:00	2004-05-13 00:00:00	IND	Indianapolis International		Passenger Property Loss	Checked Baggage	10.58	Cosmetics	Approved	10.58	Approve in Full
39772	2004072760039	2004-07-09 00:00:00	2004-06-29 00:00:00	IND	Indianapolis International		Passenger Property Loss	Checked Baggage	50.0	Other	Settled	25.0	Settle
39983	2004080360511	2004-07-13 00:00:00	2004-05-13 00:00:00	IND	Indianapolis International	AirTran Airlines	Passenger Property Loss	Checked Baggage	32.95	Other	Approved	32.95	Approve in Full
40400	2004090261917	2004-07-16 00:00:00	2004-07-05 00:00:00	IND	Indianapolis International	Delta Air Lines	Passenger Property Loss	Checkpoint	400.0	Electronics	Denied	0.0	Deny
40495	2004072860149	2004-07-20 00:00:00	2004-07-06 00:00:00	IND	Indianapolis International		Passenger Property Loss	Checked Baggage	0.0	Other	Approved	100.0	Approve in Full
41040	2004082761538	2004-07-27 00:00:00	2004-07-18 00:00:00	IND	Indianapolis International	American Airlines	Passenger Property Loss	Checked Baggage	108.49	Watches & Jewelry	Approved	108.49	Approve in Full
41161	2004083061626	2004-07-27 00:00:00	2004-07-18 00:00:00	IND	Indianapolis International	Southwest Airlines	Passenger Property Loss	Checked Baggage	1200.0	Clothing & Accessories	Denied	0.0	Deny
41436	2004091563029	2004-08-03 00:00:00	2004-07-03 00:00:00	IND	Indianapolis International		Passenger Property Loss	Checked Baggage	11.62	Other	Approved	11.62	Approve in Full
41688	2004090362138	2004-08-05 00:00:00	2004-06-24 00:00:00	IND	Indianapolis International		Passenger Property Loss	Checked Baggage	21.06	Watches & Jewelry	Approved	21.06	Approve in Full
42144	2004092163280	2004-08-09 00:00:00	2004-07-01 00:00:00	IND	Indianapolis International		Passenger Property Loss	Checked Baggage	115.0	Clothing & Accessories	Settled	57.5	Settle
42508	2004091362748	2004-08-12 00:00:00	2004-04-28 00:00:00	IND	Indianapolis International		Passenger Property Loss	Checked Baggage	245.0	Other	Approved	220.54	Approve in Full
42798	2004100564449	2004-08-19 00:00:00	2004-07-30 00:00:00	IND	Indianapolis International		Passenger Property Loss	Checked Baggage	300.0	Other	Approved	300.0	Approve in Full
43288	2004100564469	2004-08-24 00:00:00	2004-07-18 00:00:00	IND	Indianapolis International	American Airlines	Passenger Property Loss	Checked Baggage	116.73	Other	Settled	103.97	Settle
43530	2004091563017	2004-08-27 00:00:00	2004-07-07 00:00:00	IND	Indianapolis International	AirTran Airlines	Passenger Property Loss	Checked Baggage	185.0	Clothing & Accessories	Settled	87.9	Settle
44570	2004102865777	2004-09-10 00:00:00	2004-06-25 00:00:00	IND	Indianapolis International	AirTran Airlines	Passenger Property Loss	Checked Baggage	80.0	Other	Denied	0.0	Deny
45030	2004110466282	2004-09-16 00:00:00		IND	Indianapolis International		Passenger Property Loss	Checked Baggage	90.0	Other	Canceled		
45391	2004101865088	2004-09-20 00:00:00	2004-08-19 00:00:00	IND	Indianapolis International	AirTran Airlines	Passenger Property Loss	Checkpoint	233.65	Electronics	Canceled		
45884	0219631M	2004-09-27 00:00:00	2004-01-28 00:00:00	IND	Indianapolis International	Southwest Airlines	Passenger Property Loss	Checked Baggage	126.79	Other	Approved	126.79	Approve in Full
46063	2004101965163	2004-09-28 00:00:00	2004-08-19 00:00:00	IND	Indianapolis International		Passenger Property Loss	Checked Baggage	734.2	Watches & Jewelry	Settled	648.1	Settle
46130	2004110266165	2004-09-29 00:00:00	2004-07-18 00:00:00	IND	Indianapolis International	America Trans Air	Passenger Property Loss	Checked Baggage	107.14	Clothing & Accessories	Approved	107.14	Approve in Full
46367	2004111667114	2004-09-29 00:00:00	2004-08-11 00:00:00	IND	Indianapolis International	UAL	Passenger Property Loss	Checked Baggage	153.0	Other	Settled	100.0	Settle
48093	2004120768808	2004-10-25 00:00:00	2004-08-10 00:00:00	IND	Indianapolis International		Passenger Property Loss	Checked Baggage	5.0	Other	Approved	5.0	Approve in Full
48403	2004122170011	2004-10-27 00:00:00	2004-09-18 00:00:00	IND	Indianapolis International	Northwest Airlines	Passenger Property Loss	Checked Baggage	90.0	Clothing & Accessories	Approved	90.0	Approve in Full
48431	2004122069451	2004-10-27 00:00:00	2004-08-12 00:00:00	IND	Indianapolis International	America West	Passenger Property Loss	Checked Baggage	60.0	Clothing & Accessories	Canceled		
48576	2004122170038	2004-10-27 00:00:00	2004-09-15 00:00:00	IND	Indianapolis International	American Airlines	Passenger Property Loss	Checked Baggage	325.0	Watches & Jewelry	Settled	200.0	Settle
48868	2004122069601	2004-11-02 00:00:00	2004-09-17 00:00:00	IND	Indianapolis International	USAir	Passenger Property Loss	Checked Baggage	956.93	Watches & Jewelry	Denied		
48983	2004122069309	2004-11-04 00:00:00	2004-10-14 00:00:00	IND	Indianapolis International	America West	Passenger Property Loss	Checked Baggage	76.32	Clothing & Accessories	Approved	76.32	Approve in Full
49241	2004122069446	2004-11-04 00:00:00	2004-08-24 00:00:00	IND	Indianapolis International		Passenger Property Loss	Checked Baggage	80.53	Other	Settled	40.26	Settle
49682	2004122770827	2004-11-09 00:00:00	2004-10-19 00:00:00	IND	Indianapolis International	Northwest Airlines	Passenger Property Loss	Checked Baggage	824.77	Other	Settled	390.0	Settle
50214	2004122270462	2004-11-18 00:00:00	2004-09-26 00:00:00	IND	Indianapolis International	American Airlines	Passenger Property Loss	Checked Baggage	979.0	Clothing & Accessories	Denied	0.0	Deny
50298	2005010572903	2004-11-18 00:00:00	2004-08-16 00:00:00	IND	Indianapolis International	Southwest Airlines	Passenger Property Loss	Checked Baggage	225.0	Clothing & Accessories	Settled	112.5	Settle
50517	2004122871359	2004-11-23 00:00:00	2004-11-11 00:00:00	IND	Indianapolis International		Passenger Property Loss	Checkpoint	305.0	Clothing & Accessories	Approved	305.0	Approve in Full
50583	2004122871160	2004-11-23 00:00:00	2004-09-21 00:00:00	IND	Indianapolis International	AirTran Airlines	Passenger Property Loss	Checked Baggage	433.0	Watches & Jewelry	Denied	0.0	Deny
50693	2004123172023	2004-11-24 00:00:00	2004-11-18 00:00:00	IND	Indianapolis International		Passenger Property Loss	Checked Baggage	131.25	Other	Approved	131.25	Approve in Full
51024	2004123071935	2004-12-01 00:00:00	2004-09-12 00:00:00	IND	Indianapolis International		Passenger Property Loss	Checked Baggage	1000.0	Other	Denied	0.0	Deny
51360	2005010572812	2004-12-07 00:00:00	2004-11-22 00:00:00	IND	Indianapolis International		Passenger Property Loss	Checked Baggage	1070.0	Other	Canceled		
52596	2005011073317	2004-12-21 00:00:00	2004-11-18 00:00:00	IND	Indianapolis International	Northwest Airlines	Passenger Property Loss	Checked Baggage	131.25	Other	Approved	131.25	Approve in Full
53147	2005011273586	2004-12-28 00:00:00	2004-07-03 00:00:00	IND	Indianapolis International	ATA Aerocondor	Passenger Property Loss	Checked Baggage	423.9	Electronics	Settled	168.9	Settle
53625	2005012574236	2005-01-04 00:00:00	2004-12-19 00:00:00	IND	Indianapolis International		Passenger Property Loss	Checked Baggage	146.0	Other	Settled	36.5	Settle
53923	2005012774546	2005-01-10 00:00:00	2003-06-09 00:00:00	IND	Indianapolis International		Passenger Property Loss	Checked Baggage	110.0	Other	Canceled	0.0	
53981	2005012874703	2005-01-10 00:00:00	2005-01-01 00:00:00	IND	Indianapolis International	Southwest Airlines	Passenger Property Loss	Checked Baggage	50.0	Other	Denied	0.0	Deny
54067	2005020275402	2005-01-11 00:00:00	2004-12-19 00:00:00	IND	Indianapolis International	USAir	Passenger Property Loss	Checked Baggage	135.0	Cosmetics	Approved	135.0	Approve in Full
54245	2005020375599	2005-01-11 00:00:00	2004-12-30 00:00:00	IND	Indianapolis International	Delta Air Lines	Passenger Property Loss	Checked Baggage	84.5	Other	Denied	0.0	Deny
54553	2005013174959	2005-01-14 00:00:00	2004-10-25 00:00:00	IND	Indianapolis International	Frontier Airlines	Passenger Property Loss	Checkpoint	1499.99	Electronics	Denied	0.0	Deny
54581	2005013175040	2005-01-14 00:00:00	2005-01-03 00:00:00	IND	Indianapolis International		Passenger Property Loss	Checked Baggage	331.17	Supplies	Denied	0.0	Deny
54807	2005020175206	2005-01-19 00:00:00	2004-12-27 00:00:00	IND	Indianapolis International	Northwest Airlines	Passenger Property Loss	Checked Baggage	35.0	Other	Approved	35.0	Approve in Full
54863	2005020475706	2005-01-19 00:00:00	2004-12-22 00:00:00	IND	Indianapolis International		Passenger Property Loss	Checked Baggage	131.0	Clothing & Accessories	Approved	131.0	Approve in Full
55271	2005021776385	2005-01-24 00:00:00	2004-12-18 00:00:00	IND	Indianapolis International		Passenger Property Loss	Checked Baggage	93.39	Clothing & Accessories	Approved	93.39	Approve in Full
56161	2005030777062	2005-02-01 00:00:00	2004-12-16 00:00:00	IND	Indianapolis International	ATA Aerocondor	Passenger Property Loss	Checked Baggage	875.0	Watches & Jewelry	Denied	0.0	Deny
56229	2005031578322	2005-02-01 00:00:00	2004-12-21 00:00:00	IND	Indianapolis International	Independence Air	Passenger Property Loss	Checked Baggage	556.34	Electronics	Denied	0.0	Deny
56736	2005030977387	2005-02-08 00:00:00	2005-01-23 00:00:00	IND	Indianapolis International	American Airlines	Passenger Property Loss	Checked Baggage	150.0	Electronics	Denied	0.0	Deny
56994	2005031177805	2005-02-10 00:00:00	2004-10-14 00:00:00	IND	Indianapolis International		Passenger Property Loss	Checked Baggage	171.0	Other	Denied	171.0	Deny
57027	2005031177683	2005-02-10 00:00:00	2003-01-02 00:00:00	IND	Indianapolis International	Delta Air Lines	Passenger Property Loss	Checked Baggage	956.57	Electronics	Settled	421.18	Settle
57983	2005032179016	2005-02-24 00:00:00	2005-02-17 00:00:00	IND	Indianapolis International	USAir	Passenger Property Loss	Checked Baggage	100.63	Supplies	Settled	50.32	Settle
59572	2005032980415	2005-03-16 00:00:00	2005-03-08 00:00:00	IND	Indianapolis International	ATA Aerocondor	Passenger Property Loss	Checked Baggage	313.51	Electronics	Settled	73.28	Settle
59614	2005033180803	2005-03-18 00:00:00	2005-02-26 00:00:00	IND	Indianapolis International		Passenger Property Loss	Checked Baggage	72.76	Watches & Jewelry	Approved	72.76	Approve in Full
59877	2005033180976	2005-03-23 00:00:00	2005-02-21 00:00:00	IND	Indianapolis International	American Airlines	Passenger Property Loss	Checked Baggage	36.0	Clothing & Accessories	Approved	36.0	Approve in Full
59887	2005033180887	2005-03-23 00:00:00	2005-02-23 00:00:00	IND	Indianapolis International	American Airlines	Passenger Property Loss	Checked Baggage	240.21	Electronics	Canceled	0.0	
59899	2005033080598	2005-03-23 00:00:00	2005-02-12 00:00:00	IND	Indianapolis International	Air Tran Airlines(do not use)	Passenger Property Loss	Checked Baggage	365.0	Clothing & Accessories	Denied	0.0	Deny
60260	2005040481210	2005-03-29 00:00:00	2005-02-23 00:00:00	IND	Indianapolis International	ATA Aerocondor	Passenger Property Loss	Checked Baggage	318.99	Electronics	Canceled	0.0	
60285	2005040181052	2005-03-29 00:00:00	2005-01-05 00:00:00	IND	Indianapolis International	Delta Air Lines	Passenger Property Loss	Checked Baggage	2976.44	Other	Denied	0.0	Deny
60787	2005040681736	2005-04-05 00:00:00	2005-03-21 00:00:00	IND	Indianapolis International	Northwest Airlines	Passenger Property Loss	Checkpoint	200.0	Watches & Jewelry	Approved	200.0	Approve in Full
61378	2005041282264	2005-04-11 00:00:00	2005-03-28 00:00:00	IND	Indianapolis International	Delta Air Lines	Passenger Property Loss	Checked Baggage	74.0	Cosmetics	Settled	37.0	Settle
61596	2005041482524	2005-04-12 00:00:00	2005-04-05 00:00:00	IND	Indianapolis International	Continental Airlines	Passenger Property Loss	Checked Baggage	53.27	Other	Denied	0.0	Deny
61738	2005041882705	2005-04-14 00:00:00	2005-03-26 00:00:00	IND	Indianapolis International	USAir	Passenger Property Loss	Checkpoint	50.0	Watches & Jewelry	Canceled	0.0	
61784	2005041882704	2005-04-14 00:00:00	2005-03-26 00:00:00	IND	Indianapolis International	Continental Airlines	Passenger Property Loss	Checked Baggage	1870.0	Watches & Jewelry	Denied	0.0	Deny
62244	2005042283165	2005-04-21 00:00:00	2005-03-19 00:00:00	IND	Indianapolis International	American Airlines	Passenger Property Loss	Checked Baggage	200.0	Containers	Denied	0.0	Deny
62576	2005042783446	2005-04-26 00:00:00	2005-03-13 00:00:00	IND	Indianapolis International	Delta Air Lines	Passenger Property Loss	Checked Baggage	5800.0	Watches & Jewelry	Denied	0.0	Deny
62815	2005042983632	2005-04-28 00:00:00	2005-02-23 00:00:00	IND	Indianapolis International	ATA Aerocondor	Passenger Property Loss	Checked Baggage	105.95	Clothing & Accessories	Settled	52.98	Settle
63305	2005050984280	2005-05-06 00:00:00	2005-03-19 00:00:00	IND	Indianapolis International		Passenger Property Loss	Checked Baggage	750.0	Watches & Jewelry	Canceled	0.0	
63611	2005051684749	2005-05-11 00:00:00	2005-08-14 00:00:00	IND	Indianapolis International		Passenger Property Loss	Checked Baggage	50.0	Clothing & Accessories	Approved	50.0	Approve in Full
63915	2005051684746	2005-05-13 00:00:00	2005-03-30 00:00:00	IND	Indianapolis International	Northwest Airlines	Passenger Property Loss	Checked Baggage	531.77	Electronics	Settled	453.17	Settle
64098	2005051985005	2005-05-17 00:00:00	2004-10-14 00:00:00	IND	Indianapolis International	Southeast Airlines	Passenger Property Loss	Checked Baggage	106.0	Electronics	Denied	0.0	Deny
64571	2005052485465	2005-05-23 00:00:00	2005-05-05 00:00:00	IND	Indianapolis International		Passenger Property Loss	Checked Baggage	235.0	Watches & Jewelry	Settled	117.5	Settle
65191	2005061086126	2005-06-01 00:00:00	2005-04-24 00:00:00	IND	Indianapolis International	ATA Aerocondor	Passenger Property Loss	Checkpoint	200.0	Other	Denied	0.0	Deny
65431	2005061386303	2005-06-03 00:00:00	2005-05-22 00:00:00	IND	Indianapolis International	Delta Air Lines	Passenger Property Loss	Checked Baggage	270.0	Clothing & Accessories	Denied	0.0	Deny
65775	2005062086686	2005-06-08 00:00:00	2005-05-30 00:00:00	IND	Indianapolis International	Delta Air Lines	Passenger Property Loss	Checkpoint	349.0	Clothing & Accessories	Settled	314.1	Settle
66698	2005063087943	2005-06-21 00:00:00	2005-06-16 00:00:00	IND	Indianapolis International	Delta Air Lines	Passenger Property Loss	Checked Baggage	200.0	Other	Denied	0.0	Deny
67530	2005071188571	2005-07-06 00:00:00	2005-04-06 00:00:00	IND	Indianapolis International	Southwest Airlines	Passenger Property Loss	Checked Baggage	6900.0	Other	Denied	0.0	Deny
67557	2005070688390	2005-07-06 00:00:00	2005-06-10 00:00:00	IND	Indianapolis International		Passenger Property Loss	Checkpoint	204.59	Electronics	Settled	183.14	Settle
67615	2005070788441	2005-07-07 00:00:00	2005-06-22 00:00:00	IND	Indianapolis International	ATA Aerocondor	Passenger Property Loss	Checked Baggage	445.0	Watches & Jewelry	Denied	0.0	Deny
68046	2005071889091	2005-07-13 00:00:00	2005-07-04 00:00:00	IND	Indianapolis International	Northwest Airlines	Passenger Property Loss	Checked Baggage	60.0	Other	Settled	30.0	Settle
68573	2005072589623	2005-07-22 00:00:00	2005-07-07 00:00:00	IND	Indianapolis International	Delta Air Lines	Passenger Property Loss	Checked Baggage	190.0	Other	Approved	190.0	Approve in Full
68589	2005072589671	2005-07-22 00:00:00	2005-07-02 00:00:00	IND	Indianapolis International	Northwest Airlines	Passenger Property Loss	Checked Baggage	2016.0	Other	Approved	2016.0	Approve in Full
68992	2005080790132	2005-07-27 00:00:00	2004-11-28 00:00:00	IND	Indianapolis International		Passenger Property Loss	Checked Baggage	115.0	Cosmetics	Settled	57.5	Settle
69421	2005081290493	2005-08-02 00:00:00	2005-02-25 00:00:00	IND	Indianapolis International	American Airlines	Passenger Property Loss	Checked Baggage	429.94	Electronics	Settled	215.0	Settle
70065	2005082291096	2005-08-12 00:00:00	2005-07-13 00:00:00	IND	Indianapolis International	USAir	Passenger Property Loss	Checked Baggage	21.2	Tools & Machines	Settled	10.1	Settle
70346	2005082591433	2005-08-18 00:00:00	2005-08-03 00:00:00	IND	Indianapolis International	Continental Airlines	Passenger Property Loss	Checked Baggage	130.0	Other	Approved	130.0	Approve in Full
70885	2005090191992	2005-08-25 00:00:00	2005-08-23 00:00:00	IND	Indianapolis International	ATA Aerocondor	Passenger Property Loss	Checked Baggage	400.0	Electronics	Settled	318.58	Settle
70903	2005082991647	2005-08-26 00:00:00	2005-08-11 00:00:00	IND	Indianapolis International	Delta Air Lines	Passenger Property Loss	Checked Baggage	100.0	Clothing & Accessories,Clothing & Accessories	Denied	0.0	Deny
71789	2005092092954	2005-09-13 00:00:00	2005-09-05 00:00:00	IND	Indianapolis International	ATA Aerocondor	Passenger Property Loss	Checkpoint	270.3	Other	Approved	270.3	Approve in Full
72090	2005092693258	2005-09-15 00:00:00	2005-07-05 00:00:00	IND	Indianapolis International	Southwest Airlines	Passenger Property Loss	Checked Baggage	490.0	Watches & Jewelry	Settled	245.0	Settle
72384	2005100393667	2005-09-20 00:00:00	2005-08-09 00:00:00	IND	Indianapolis International	Southwest Airlines	Passenger Property Loss	Checked Baggage	19.08	Tools & Machines	Approved	19.08	Approve in Full
73778	2005102094973	2005-10-14 00:00:00	2005-09-22 00:00:00	IND	Indianapolis International	Northwest Airlines	Passenger Property Loss	Checkpoint	295.95	Watches & Jewelry	Denied	0.0	Deny
74496	2005110495629	2005-10-26 00:00:00	2005-10-10 00:00:00	IND	Indianapolis International	Northwest Airlines	Passenger Property Loss	Checked Baggage	12.0	Tools & Machines	Denied	0.0	Deny
75248	2005112196294	2005-11-09 00:00:00	2005-10-28 00:00:00	IND	Indianapolis International	Delta Air Lines	Passenger Property Loss	Checked Baggage	400.0	Watches & Jewelry	Settled	200.0	Settle
75411	2005112896542	2005-11-15 00:00:00	2005-10-17 00:00:00	IND	Indianapolis International	Northwest Airlines	Passenger Property Loss	Checked Baggage	27.65	Other	Approved	27.65	Approve in Full
75624	2005120196779	2005-11-16 00:00:00	2005-09-11 00:00:00	IND	Indianapolis International	American Airlines	Passenger Property Loss	Checked Baggage	1000.0	Electronics	Denied	0.0	Deny
75728	2005120296864	2005-11-18 00:00:00	2005-10-20 00:00:00	IND	Indianapolis International	ATA Aerocondor	Passenger Property Loss	Checked Baggage	62.0	Other	Denied	0.0	Deny
75833	2005120596968	2005-11-21 00:00:00	2005-10-09 00:00:00	IND	Indianapolis International	Northwest Airlines	Passenger Property Loss	Checked Baggage	285.81	Electronics	Settled	151.07	Settle
76295	2005120897281	2005-11-29 00:00:00	2005-11-03 00:00:00	IND	Indianapolis International	Delta Air Lines	Passenger Property Loss	Checked Baggage	135.0	Clothing & Accessories	Settled	121.5	Settle
76301	2005120897337	2005-11-29 00:00:00	2005-11-19 00:00:00	IND	Indianapolis International	Air Tran Airlines(do not use)	Passenger Property Loss	Checked Baggage	260.0	Electronics	Settled	200.0	Settle
76363	2005120997410	2005-12-01 00:00:00	2005-10-23 00:00:00	IND	Indianapolis International	Southwest Airlines	Passenger Property Loss	Checked Baggage	53.0	Other	Denied	0.0	Deny
77332	2005122898467	2005-12-19 00:00:00	2005-11-27 00:00:00	IND	Indianapolis International	America West	Passenger Property Loss	Checked Baggage	300.0	Clothing & Accessories	Settled	150.0	Settle
77510	2006010498690	2005-12-22 00:00:00	2005-12-01 00:00:00	IND	Indianapolis International	Southwest Airlines	Passenger Property Loss	Checked Baggage	295.0	Electronics	Denied	0.0	Deny
77592	2006012300063	2005-12-23 00:00:00	2005-12-22 00:00:00	IND	Indianapolis International	Delta Air Lines	Passenger Property Loss	Checked Baggage	2000.0	Other	Denied	0.0	Deny
77835	2006010698966	2005-12-30 00:00:00	2005-12-13 00:00:00	IND	Indianapolis International	ATA Aerocondor	Passenger Property Loss	Checked Baggage	180.0	Electronics	Denied	0.0	Deny
78283	2006011199376	2006-01-09 00:00:00	2005-12-08 00:00:00	IND	Indianapolis International	Continental Airlines	Passenger Property Loss	Checkpoint	559.2	Other	Approved	559.2	Approve in Full
78357	2006011299433	2006-01-09 00:00:00	2005-12-01 00:00:00	IND	Indianapolis International	Delta Air Lines	Passenger Property Loss	Checked Baggage	42.91	Other	Settled	21.46	Settle
78427	2006011899781	2006-01-10 00:00:00	2005-12-25 00:00:00	IND	Indianapolis International	America West	Passenger Property Loss	Checked Baggage	14.99	Other	Approved	14.99	Approve in Full
78561	2006011999841	2006-01-10 00:00:00	2006-01-04 00:00:00	IND	Indianapolis International	American Airlines	Passenger Property Loss	Checked Baggage	42.39	Other	Denied	0.0	Deny
79014	2006012300132	2006-01-18 00:00:00	2006-01-09 00:00:00	IND	Indianapolis International	Frontier Airlines	Passenger Property Loss	Checked Baggage	1250.0	Electronics	Denied	0.0	Deny
79337	2006013000567	2006-01-23 00:00:00	2006-01-09 00:00:00	IND	Indianapolis International	USAir	Passenger Property Loss	Checked Baggage	84.0	Other	Denied	0.0	Deny
79365	2006013000530	2006-01-23 00:00:00	2006-01-01 00:00:00	IND	Indianapolis International	Continental Airlines	Passenger Property Loss	Checked Baggage	1000.0	Electronics	Settled	500.0	Settle
79428	2006013000500	2006-01-24 00:00:00	2005-12-02 00:00:00	IND	Indianapolis International	Southwest Airlines	Passenger Property Loss	Checked Baggage	105.99	Clothing & Accessories	Denied	0.0	Deny
79585	2006020200774	2006-01-26 00:00:00	2006-01-01 00:00:00	IND	Indianapolis International	UAL	Passenger Property Loss	Checked Baggage	20.99	Other	Approved	20.99	Approve in Full
80747	2006022201918	2006-02-15 00:00:00	2006-01-16 00:00:00	IND	Indianapolis International	Continental Airlines	Passenger Property Loss	Checkpoint	116.59	Containers	Approved	116.59	Approve in Full
81277	2006030302424	2006-02-27 00:00:00	2005-12-22 00:00:00	IND	Indianapolis International		Passenger Property Loss	Checked Baggage	25.0	Other	Approved	25.0	Approve in Full
81464	2006030702661	2006-03-01 00:00:00	2006-02-04 00:00:00	IND	Indianapolis International	American Airlines	Passenger Property Loss	Checked Baggage	16.35	Tools & Machines	Approved	16.35	Approve in Full
82086	2006031603284	2006-03-13 00:00:00	2006-02-10 00:00:00	IND	Indianapolis International		Passenger Property Loss	Checkpoint	200.0	Clothing & Accessories	Denied	0.0	Deny
82788	2006040303918	2006-03-24 00:00:00	2006-02-04 00:00:00	IND	Indianapolis International	Northwest Airlines	Passenger Property Loss	Checked Baggage	1447.74	Other	Denied	0.0	Deny
82837	2006040404007	2006-03-24 00:00:00	2006-03-04 00:00:00	IND	Indianapolis International	Delta Air Lines	Passenger Property Loss	Checked Baggage	63.74	Supplies	Settled	31.87	Settle
84121	2006042004803	2006-04-20 00:00:00	2006-02-25 00:00:00	IND	Indianapolis International	Northwest Airlines	Passenger Property Loss	Checkpoint	200.0	Other	Denied	0.0	Deny
84293	2006042505263	2006-04-24 00:00:00	2006-03-03 00:00:00	IND	Indianapolis International	UAL	Passenger Property Loss	Checkpoint	260.76	Electronics	Settled	172.24	Settle
85015	2006051206083	2006-05-09 00:00:00	2006-04-15 00:00:00	IND	Indianapolis International	Delta Air Lines	Passenger Property Loss	Checked Baggage	2144.65	Musical Intruments	Denied	0.0	Deny
85902	2006060107185	2006-05-30 00:00:00	2006-05-21 00:00:00	IND	Indianapolis International	Northwest Airlines	Passenger Property Loss	Checkpoint	227.88	Electronics	Approved	227.88	Approve in Full
85908	2006060207213	2006-05-30 00:00:00	2006-05-15 00:00:00	IND	Indianapolis International	Southwest Airlines	Passenger Property Loss	Checked Baggage	10.0	Tools & Machines	Approved	10.0	Approve in Full
85984	2006060207214	2006-05-30 00:00:00	2006-05-24 00:00:00	IND	Indianapolis International	Frontier Airlines	Passenger Property Loss	Checked Baggage	26.0	Household Items	Settled	15.0	Settle
86381	2006060807607	2006-06-06 00:00:00	2006-05-01 00:00:00	IND	Indianapolis International	USAir	Passenger Property Loss	Checked Baggage	620.0	Cosmetics,Household Decor	Denied	0.0	Deny
86388	2006060807631	2006-06-06 00:00:00	2006-05-17 00:00:00	IND	Indianapolis International	USAir	Passenger Property Loss	Checked Baggage	34.98	Other	Denied	0.0	Deny
87432	2006062908756	2006-06-28 00:00:00	2006-05-12 00:00:00	IND	Indianapolis International	Northwest Airlines	Passenger Property Loss	Checked Baggage	76.18	Outdoors Supplies	Approved	76.18	Approve in Full
87708	2006070508925	2006-07-03 00:00:00	2006-05-27 00:00:00	IND	Indianapolis International	American Airlines	Passenger Property Loss	Checked Baggage	548.0	Electronics,Electronics	Denied	0.0	Deny
88803	2006072510018	2006-07-24 00:00:00	2006-07-15 00:00:00	IND	Indianapolis International	American Airlines	Passenger Property Loss	Checked Baggage	329.99	Electronics	Denied	0.0	Deny
88908	2006072710181	2006-07-25 00:00:00	2006-06-20 00:00:00	IND	Indianapolis International	UAL	Passenger Property Loss	Checked Baggage	742.0	Outdoors Supplies	Denied	0.0	Deny
89144	2006080210370	2006-07-31 00:00:00	2006-07-20 00:00:00	IND	Indianapolis International	Air Tran Airlines(do not use)	Passenger Property Loss	Checked Baggage	400.0	Outdoors Supplies	Denied	0.0	Deny
89269	2006080310457	2006-08-02 00:00:00	2006-07-04 00:00:00	IND	Indianapolis International	American Airlines	Passenger Property Loss	Checked Baggage	138.0	Electronics	Approved	138.0	Approve in Full
91353	2006091812657	2006-09-11 00:00:00	2006-08-04 00:00:00	IND	Indianapolis International	Air Tran Airlines(do not use)	Passenger Property Loss	Checked Baggage	644.15	Electronics,Other	Denied	0.0	Deny
92284	2006100313551	2006-09-28 00:00:00	2006-09-03 00:00:00	IND	Indianapolis International	Northwest Airlines	Passenger Property Loss	Checked Baggage	149.31	Cosmetics,Other	Denied	0.0	Deny
92543	2006101113860	2006-10-03 00:00:00	2006-08-18 00:00:00	IND	Indianapolis International	Southwest Airlines	Passenger Property Loss	Checked Baggage	1177.0	Watches & Jewelry	Denied	0.0	Deny
92703	2006101313957	2006-10-10 00:00:00	2006-09-13 00:00:00	IND	Indianapolis International	Northwest Airlines	Passenger Property Loss	Checkpoint	251.45	Watches & Jewelry	Approved	251.45	Approve in Full
93439	2006110114983	2006-10-20 00:00:00	2006-10-13 00:00:00	IND	Indianapolis International	Northwest Airlines	Passenger Property Loss	Checked Baggage	169.59	Other	Denied	0.0	Deny
93838	2006110215073	2006-10-30 00:00:00	2006-10-24 00:00:00	IND	Indianapolis International	American Airlines	Passenger Property Loss	Checked Baggage	49.99	Clothing & Accessories	Denied	0.0	Deny
94692	2006112215994	2006-11-15 00:00:00	2006-09-29 00:00:00	IND	Indianapolis International	Delta Air Lines	Passenger Property Loss	Checkpoint	23.82	Other	Denied	0.0	Deny
95331	2006121417101	2006-11-28 00:00:00	2006-11-25 00:00:00	IND	Indianapolis International	USAir	Passenger Property Loss	Checkpoint	230.99	Electronics	Denied	0.0	Deny
95803	2006121417059	2006-12-06 00:00:00	2006-09-16 00:00:00	IND	Indianapolis International	Northwest Airlines	Passenger Property Loss	Checked Baggage	227.9	Other	Settled	113.95	Settle
95847	2006121417158	2006-12-07 00:00:00	2006-11-30 00:00:00	IND	Indianapolis International	Southwest Airlines	Passenger Property Loss	Checked Baggage	425.0	Clothing & Accessories,Containers	Denied	0.0	Deny
96129	2006122818131	2006-12-12 00:00:00	2006-12-08 00:00:00	IND	Indianapolis International	Delta Air Lines	Passenger Property Loss	Checked Baggage	1874.0	Electronics,Other	Denied	0.0	Deny
96525	2006122217809	2006-12-20 00:00:00	2006-12-15 00:00:00	IND	Indianapolis International	American Airlines	Passenger Property Loss	Checked Baggage	3071.8	Electronics	Denied	0.0	Deny
97758	2007011618847	2007-01-09 00:00:00	2006-12-27 00:00:00	IND	Indianapolis International	American Airlines	Passenger Property Loss	Checked Baggage	478.84	Electronics,Electronics,Electronics,Electronics	Denied	0.0	Deny
98213	2007012319251	2007-01-16 00:00:00	2006-12-14 00:00:00	IND	Indianapolis International	Northwest Airlines	Passenger Property Loss	Checked Baggage	924.38	Electronics,Electronics,Electronics	Settled	470.03	Settle
98303	2007012319285	2007-01-17 00:00:00	2006-12-30 00:00:00	IND	Indianapolis International	Southwest Airlines	Passenger Property Loss	Checked Baggage	92.0	Tools & Machines	Settled	46.0	Settle
98989	2007020520128	2007-01-29 00:00:00	2007-01-26 00:00:00	IND	Indianapolis International	Delta Air Lines	Passenger Property Loss	Checked Baggage	1826.71	Electronics	Denied	0.0	Deny
99381	2007020820534	2007-02-05 00:00:00	2007-01-03 00:00:00	IND	Indianapolis International	Northwest Airlines	Passenger Property Loss	Checked Baggage	79.48	Electronics,Other	Settled	39.74	Settle
99485	2007021621008	2007-02-06 00:00:00	2007-01-29 00:00:00	IND	Indianapolis International	AirTran Airlines	Passenger Property Loss	Checkpoint	127.94	Electronics	Denied	0.0	Deny
100707	2007030521889	2007-03-02 00:00:00	2007-02-19 00:00:00	IND	Indianapolis International	Air Tran Airlines(do not use)	Passenger Property Loss	Checked Baggage	328.58	Electronics	Settled	164.29	Settle
100748	2007030621947	2007-03-05 00:00:00	2007-02-06 00:00:00	IND	Indianapolis International	Continental Airlines	Passenger Property Loss	Checked Baggage	208.59	Cosmetics,Supplies	Denied	0.0	Deny
101244	2007031622411	2007-03-14 00:00:00	2007-02-15 00:00:00	IND	Indianapolis International	Northwest Airlines	Passenger Property Loss	Checked Baggage	50.98	Other	Denied	0.0	Deny
101601	2007032322855	2007-03-20 00:00:00	2007-02-08 00:00:00	IND	Indianapolis International	American Airlines	Passenger Property Loss	Checkpoint	17574.1	Watches & Jewelry,Watches & Jewelry	Denied	0.0	Deny
101740	2007033023286	2007-03-22 00:00:00	2007-02-10 00:00:00	IND	Indianapolis International	Southwest Airlines	Passenger Property Loss	Checkpoint	40.0	Other	Denied	0.0	Deny
102188	2007040423450	2007-04-02 00:00:00	2007-02-26 00:00:00	IND	Indianapolis International	American Airlines	Passenger Property Loss	Checked Baggage	9.73	Tools & Machines	Approved	9.73	Approve in Full
102623	2007041123829	2007-04-10 00:00:00	2007-04-07 00:00:00	IND	Indianapolis International	UAL	Passenger Property Loss	Checked Baggage	776.0	Clothing & Accessories,Supplies	Canceled	0.0	
103203	2007042524462	2007-04-20 00:00:00	2007-04-12 00:00:00	IND	Indianapolis International	Frontier Airlines	Passenger Property Loss	Checked Baggage	47.37	Cosmetics	Settled	23.69	Settle
103408	2007092832776	2007-04-25 00:00:00	2006-12-14 00:00:00	IND	Indianapolis International	American Airlines	Passenger Property Loss	Checked Baggage	2000.0	Electronics	Denied	0.0	Deny
103576	2007050224836	2007-04-30 00:00:00	2007-04-21 00:00:00	IND	Indianapolis International	Southwest Airlines	Passenger Property Loss	Checked Baggage	280.0	Electronics	Denied	0.0	Deny
104692	2007052325898	2007-05-22 00:00:00	2007-05-13 00:00:00	IND	Indianapolis International	American Airlines	Passenger Property Loss	Checked Baggage	400.0	Electronics	Settled	200.0	Settle
105196	2007061126605	2007-06-04 00:00:00	2007-05-03 00:00:00	IND	Indianapolis International	American Airlines	Passenger Property Loss	Checkpoint	378.0	Scientific Intruments,Clothing & Accessories	Approved	378.0	Approve in Full
105377	2007060826598	2007-06-06 00:00:00	2007-05-10 00:00:00	IND	Indianapolis International	AirTran Airlines	Passenger Property Loss	Checked Baggage	85.0	Clothing & Accessories	Approved	85.0	Approve in Full
105454	2007061126684	2007-06-06 00:00:00	2007-03-22 00:00:00	IND	Indianapolis International	Northwest Airlines	Passenger Property Loss	Checked Baggage	129.95	Other	Settled	64.98	Settle
106699	2007071028050	2007-07-02 00:00:00	2007-05-24 00:00:00	IND	Indianapolis International	Northwest Airlines	Passenger Property Loss	Checked Baggage	1200.0	Other	Denied	0.0	Deny
106921	2007071228181	2007-07-06 00:00:00	2007-06-24 00:00:00	IND	Indianapolis International	Northwest Airlines	Passenger Property Loss	Checked Baggage	80.0	Other	Settled	40.0	Settle
107035	2007071628365	2007-07-09 00:00:00	2007-06-19 00:00:00	IND	Indianapolis International	USAir	Passenger Property Loss	Checked Baggage	1809.38	Watches & Jewelry,Watches & Jewelry	Denied	0.0	Deny
107157	2007071228189	2007-07-11 00:00:00	2007-06-30 00:00:00	IND	Indianapolis International	USAir	Passenger Property Loss	Checked Baggage	278.0	Scientific Intruments	Settled	247.5	Settle
107285	2007071828583	2007-07-16 00:00:00	2007-06-19 00:00:00	IND	Indianapolis International	Southwest Airlines	Passenger Property Loss	Checkpoint	75.15	Cosmetics	Approved	75.15	Approve in Full
107385	2007071928692	2007-07-16 00:00:00	2007-07-09 00:00:00	IND	Indianapolis International	American Airlines	Passenger Property Loss	Checked Baggage	350.0	Electronics,Electronics	Denied	0.0	Deny
107935	2007073029325	2007-07-26 00:00:00	2007-07-01 00:00:00	IND	Indianapolis International	American Airlines	Passenger Property Loss	Checked Baggage	65.0	Tools & Machines,Containers	Approved	65.0	Approve in Full
107988	2007073029313	2007-07-26 00:00:00	2007-07-10 00:00:00	IND	Indianapolis International	Southwest Airlines	Passenger Property Loss	Checked Baggage	67.86	Tools & Machines,Household Decor	Denied	0.0	Deny
108759	2007081030021	2007-08-09 00:00:00	2007-07-25 00:00:00	IND	Indianapolis International	Northwest Airlines	Passenger Property Loss	Checked Baggage	250.0	Electronics	Denied	0.0	Deny
108923	2007081430181	2007-08-13 00:00:00	2007-08-12 00:00:00	IND	Indianapolis International	Delta Air Lines	Passenger Property Loss	Checkpoint	350.0	Other	Denied	0.0	Deny
110077	2007090531389	2007-09-04 00:00:00	2007-08-09 00:00:00	IND	Indianapolis International		Passenger Property Loss	Checkpoint	301.5	Watches & Jewelry	Denied	0.0	Deny
110175	2007091031578	2007-09-05 00:00:00	2007-08-09 00:00:00	IND	Indianapolis International	Northwest Airlines	Passenger Property Loss	Checkpoint	301.5	Watches & Jewelry	Canceled	0.0	
110838	2007091932232	2007-09-17 00:00:00	2007-08-31 00:00:00	IND	Indianapolis International	American Airlines	Passenger Property Loss	Checked Baggage	169.0	Other	Denied	0.0	Deny
111614	2007100433019	2007-10-02 00:00:00	2007-09-19 00:00:00	IND	Indianapolis International	American Airlines	Passenger Property Loss	Checked Baggage	786.96	Electronics,Other	Settled	699.98	Settle
112009	2007101233354	2007-10-11 00:00:00	2007-09-27 00:00:00	IND	Indianapolis International	USAir	Passenger Property Loss	Checked Baggage	21.1	Tools & Machines	Denied	0.0	Deny
112224	2007101733514	2007-10-15 00:00:00	2007-10-09 00:00:00	IND	Indianapolis International	Northwest Airlines	Passenger Property Loss	Checked Baggage	140.38	Clothing & Accessories,Other	Settled	70.19	Settle
112678	2007102934103	2007-10-24 00:00:00	2007-09-03 00:00:00	IND	Indianapolis International	Delta Air Lines	Passenger Property Loss	Checked Baggage	72.84	Scientific Intruments	Denied	0.0	Deny
114107	2007112635444	2007-11-23 00:00:00	2007-11-05 00:00:00	IND	Indianapolis International	American Airlines	Passenger Property Loss	Checked Baggage	977.04	Watches & Jewelry	Denied	0.0	Deny
114478	2007121136336	2007-11-30 00:00:00	2006-04-30 00:00:00	IND	Indianapolis International	USAir	Passenger Property Loss	Checked Baggage	4910.0	Electronics	Approved	4910.0	Approve in Full
114509	2007120435995	2007-11-30 00:00:00	2007-11-17 00:00:00	IND	Indianapolis International	USAir	Passenger Property Loss	Checked Baggage	35.87	Clothing & Accessories,Supplies	Denied	0.0	Deny
114579	2007120536030	2007-11-30 00:00:00	2007-09-25 00:00:00	IND	Indianapolis International	Southwest Airlines	Passenger Property Loss	Checked Baggage	16.95	Clothing & Accessories	Settled	8.48	Settle
114777	2007120736221	2007-12-05 00:00:00	2007-11-23 00:00:00	IND	Indianapolis International	Continental Airlines	Passenger Property Loss	Checked Baggage	17.99	Tools & Machines	Denied	0.0	Deny
114863	2007121136331	2007-12-07 00:00:00	2007-11-30 00:00:00	IND	Indianapolis International	UAL	Passenger Property Loss	Checked Baggage	755.0	Electronics,Containers,Watches & Jewelry	Denied	0.0	Deny
115603	2007122837069	2007-12-26 00:00:00	2007-12-08 00:00:00	IND	Indianapolis International	Air Tran Airlines(do not use)	Passenger Property Loss	Checked Baggage	7.64	Tools & Machines	Denied	0.0	Deny
116157	2008011537928	2008-01-07 00:00:00	2007-12-17 00:00:00	IND	Indianapolis International	Southwest Airlines	Passenger Property Loss	Checkpoint	304.45	Clothing & Accessories	Approved	304.45	Approve in Full
117323	2008013038872	2008-01-25 00:00:00	2008-01-13 00:00:00	IND	Indianapolis International	Northwest Airlines	Passenger Property Loss	Checked Baggage	80.0	Clothing & Accessories	Denied	0.0	Deny
117423	2008020539127	2008-01-28 00:00:00	2007-12-30 00:00:00	IND	Indianapolis International	American Airlines	Passenger Property Loss	Checked Baggage	31.8	Other	Approved	31.8	Approve in Full
117509	2008020639170	2008-01-29 00:00:00	2008-01-11 00:00:00	IND	Indianapolis International	Northwest Airlines	Passenger Property Loss	Checked Baggage	33.29	Tools & Machines	Approved	33.29	Approve in Full
118080	2008021339567	2008-02-08 00:00:00	2008-02-02 00:00:00	IND	Indianapolis International	American Airlines	Passenger Property Loss	Checked Baggage	125.96	Clothing & Accessories	Insufficient, one of the following items required: sum certain, statement of fact, signature, location of incident, and date.		
118585	2008022640190	2008-02-20 00:00:00	2008-02-15 00:00:00	IND	Indianapolis International	USAir	Passenger Property Loss	Checked Baggage	900.0	Electronics	Denied	0.0	Deny
118612	2008030340349	2008-02-21 00:00:00	2008-01-10 00:00:00	IND	Indianapolis International	AirTran Airlines	Passenger Property Loss	Checkpoint	461.0	Other,Other	Approved	461.0	Approve in Full
118690	2008022840279	2008-02-21 00:00:00	2008-01-06 00:00:00	IND	Indianapolis International	Northwest Airlines	Passenger Property Loss	Checked Baggage	99.95	Clothing & Accessories	Settled	49.98	Settle
118959	2008030740597	2008-02-27 00:00:00	2007-12-29 00:00:00	IND	Indianapolis International	Frontier Airlines	Passenger Property Loss	Checked Baggage	151.51	Other	Denied	0.0	Deny
119266	2008031240904	2008-03-05 00:00:00	2007-12-26 00:00:00	IND	Indianapolis International	Northwest Airlines	Passenger Property Loss	Checked Baggage	2700.0	Containers,Electronics	Denied	0.0	Deny
119502	2008031841239	2008-03-10 00:00:00	2008-02-24 00:00:00	IND	Indianapolis International	Northwest Airlines	Passenger Property Loss	Checked Baggage	80.56	Cosmetics	Denied	0.0	Deny
120107	2008040341761	2008-03-23 00:00:00	2008-03-01 00:00:00	IND	Indianapolis International	Northwest Airlines	Passenger Property Loss	Checked Baggage	320.01	Electronics,Electronics	Denied	0.0	Deny
120168	2008032741484	2008-03-25 00:00:00	2008-03-21 00:00:00	IND	Indianapolis International	American Airlines	Passenger Property Loss	Checked Baggage	25.0	Containers	Denied	0.0	Deny
120728	2008041142429	2008-04-03 00:00:00	2008-03-02 00:00:00	IND	Indianapolis International	Delta Air Lines	Passenger Property Loss	Checked Baggage	323.25	Musical Intruments	Approved	323.25	Approve in Full
120878	2008040441880	2008-04-07 00:00:00	2008-03-09 00:00:00	IND	Indianapolis International	Southwest Airlines	Passenger Property Loss	Checked Baggage	47.07	Watches & Jewelry	Denied	0.0	Deny
122754	2008051544341	2008-05-13 00:00:00	2008-03-23 00:00:00	IND	Indianapolis International	USAir	Passenger Property Loss	Checkpoint	63.0	Food & Drink,Outdoors Supplies,Other	Insufficient, one of the following items required: sum certain, statement of fact, signature, location of incident, and date.		
122768	2008042843447	2008-05-14 00:00:00	2008-04-04 00:00:00	IND	Indianapolis International	Northwest Airlines	Passenger Property Loss	Checkpoint	219.0	Electronics	Denied	0.0	Deny
122920	2008042843462	2008-05-19 00:00:00	2008-04-21 00:00:00	IND	Indianapolis International	Northwest Airlines	Passenger Property Loss	Checked Baggage	1659.41	Electronics,Clothing & Accessories,Electronics,Containers	Denied	0.0	Deny
123704	2008061045444	2008-06-03 00:00:00	2008-05-03 00:00:00	IND	Indianapolis International	Northwest Airlines	Passenger Property Loss	Checkpoint	29.95	Outdoors Supplies	Denied	0.0	Deny
123719	2008060945427	2008-06-03 00:00:00	2008-04-03 00:00:00	IND	Indianapolis International	Southwest Airlines	Passenger Property Loss	Checked Baggage	74.19	Clothing & Accessories	Settled	51.93	Settle
124376	2008062346028	2008-06-19 00:00:00	2008-05-12 00:00:00	IND	Indianapolis International	USAir	Passenger Property Loss	Checked Baggage	230.0	Outdoors Supplies	Denied	0.0	Deny
124876	2008063046400	2008-07-01 00:00:00	2008-06-22 00:00:00	IND	Indianapolis International	Northwest Airlines	Passenger Property Loss	Checked Baggage	5.0	Tools & Machines	Denied	0.0	Deny
124903	2008070946668	2008-07-01 00:00:00	2008-05-25 00:00:00	IND	Indianapolis International	American Airlines	Passenger Property Loss	Checked Baggage	25.0	Tools & Machines	Denied	0.0	Deny
124914	2008071046765	2008-07-01 00:00:00	2008-06-04 00:00:00	IND	Indianapolis International	Delta Air Lines	Passenger Property Loss	Checkpoint	20.0	Watches & Jewelry	Denied	0.0	Deny
125035	2008071046706	2008-07-03 00:00:00	2008-05-09 00:00:00	IND	Indianapolis International	UAL	Passenger Property Loss	Checkpoint	105.0	Other	Denied	0.0	Deny
126006	2008073047717	2008-07-25 00:00:00	2008-07-11 00:00:00	IND	Indianapolis International	Delta Air Lines	Passenger Property Loss	Checked Baggage	385.17	Electronics	Denied	0.0	Deny
126051	2008073147847	2008-07-25 00:00:00	2008-06-26 00:00:00	IND	Indianapolis International	Delta Air Lines	Passenger Property Loss	Checked Baggage	6.97	Tools & Machines	Denied	0.0	Deny
126635	2008081248415	2008-08-07 00:00:00	2008-07-02 00:00:00	IND	Indianapolis International	UAL	Passenger Property Loss	Checked Baggage	110.0	Outdoors Supplies	Denied	0.0	Deny
126825	2008081348504	2008-08-12 00:00:00	2008-07-21 00:00:00	IND	Indianapolis International	UAL	Passenger Property Loss	Checked Baggage	350.0	Electronics	Denied	0.0	Deny
126956	2008081848687	2008-08-14 00:00:00	2008-08-11 00:00:00	IND	Indianapolis International	Northwest Airlines	Passenger Property Loss	Checkpoint	315.34	Electronics	Settled	252.27	Settle
127659	2008090349414	2008-09-02 00:00:00	2008-08-25 00:00:00	IND	Indianapolis International		Passenger Property Loss	Checked Baggage	15.0	Tools & Machines	Denied	0.0	Deny
127684	2008090449498	2008-09-02 00:00:00	2008-08-27 00:00:00	IND	Indianapolis International	Delta Air Lines	Passenger Property Loss	Checked Baggage	1087.13	Electronics,Other	Denied	0.0	Deny
129543	2008102151329	2008-10-17 00:00:00	2008-09-30 00:00:00	IND	Indianapolis International	UAL	Passenger Property Loss	Checked Baggage	366.0	Clothing & Accessories	Denied	0.0	Deny
129975	2008110451788	2008-10-28 00:00:00	2008-10-22 00:00:00	IND	Indianapolis International	Delta Air Lines	Passenger Property Loss	Checked Baggage	10.0	Tools & Machines	Denied	0.0	Deny
130181	2008110451813	2008-11-03 00:00:00	2008-10-25 00:00:00	IND	Indianapolis International	USAir	Passenger Property Loss	Checkpoint	300.0	Electronics	Denied	0.0	Deny
130777	2008082949270	2008-11-18 00:00:00	2008-07-01 00:00:00	IND	Indianapolis International	Delta Air Lines	Passenger Property Loss	Checked Baggage	1799.0	Electronics	Denied	0.0	Deny
131198	2008120253040	2008-12-01 00:00:00	2008-11-17 00:00:00	IND	Indianapolis International	USAir	Passenger Property Loss	Checked Baggage	460.0	Watches & Jewelry	Denied	0.0	Deny
131472	2008121153334	2008-12-08 00:00:00	2008-11-29 00:00:00	IND	Indianapolis International	AirTran Airlines	Passenger Property Loss	Checked Baggage	134.62	Other	Denied	0.0	Deny
131643	2008120453106	2008-12-11 00:00:00	2008-11-23 00:00:00	IND	Indianapolis International	Delta Air Lines	Passenger Property Loss	Checked Baggage	534.99	Electronics	Denied	0.0	Deny
131936	2008121853523	2008-12-19 00:00:00	2008-12-08 00:00:00	IND	Indianapolis International	Southwest Airlines	Passenger Property Loss	Checked Baggage	200.0	Other	Denied	0.0	Deny
132644	2009012154731	2009-01-08 00:00:00	2008-12-24 00:00:00	IND	Indianapolis International	Northwest Airlines	Passenger Property Loss	Checked Baggage	2900.0	Electronics	Denied	0.0	Deny
132763	2009011554619	2009-01-12 00:00:00	2008-12-22 00:00:00	IND	Indianapolis International	Northwest Airlines	Passenger Property Loss	Checked Baggage	10.0	Tools & Machines	Denied	0.0	Deny
133530	2009021255456	2009-01-29 00:00:00	2008-12-22 00:00:00	IND	Indianapolis International	Delta Air Lines	Passenger Property Loss	Checked Baggage	80.0	Scientific Intruments	Settled	40.0	Settle
133564	2009021255464	2009-02-02 00:00:00	2009-01-05 00:00:00	IND	Indianapolis International	AirTran Airlines	Passenger Property Loss	Checkpoint	64.34	Scientific Intruments	Denied	0.0	Deny
133571	2009021355483	2009-02-02 00:00:00	2009-01-27 00:00:00	IND	Indianapolis International	USAir	Passenger Property Loss	Checked Baggage	650.0	Electronics	Denied	0.0	Deny
133666	2009021755592	2009-02-03 00:00:00	2009-01-02 00:00:00	IND	Indianapolis International	Continental Airlines	Passenger Property Loss	Checked Baggage	6.5	Tools & Machines	Denied	0.0	Deny
134489	2009031856443	2009-02-27 00:00:00	2009-01-14 00:00:00	IND	Indianapolis International	Southwest Airlines	Passenger Property Loss	Checked Baggage	117.0	Other,Other	Denied	0.0	Deny
134661	2009032356748	2009-03-04 00:00:00	2009-02-12 00:00:00	IND	Indianapolis International	Southwest Airlines	Passenger Property Loss	Checked Baggage	8.17	Tools & Machines	Denied	0.0	Deny
135339	2009041157381	2009-03-20 00:00:00	2008-12-30 00:00:00	IND	Indianapolis International	Southwest Airlines	Passenger Property Loss	Checked Baggage	219.56	Containers,Other,Games & Toys	Denied	0.0	Deny
136564	2009051358558	2009-04-23 00:00:00	2009-04-06 00:00:00	IND	Indianapolis International	AirTran Airlines	Passenger Property Loss	Checked Baggage	141.84	Clothing & Accessories	Denied	0.0	Deny
137061	2009051959079	2009-05-07 00:00:00	2009-04-23 00:00:00	IND	Indianapolis International	Northwest Airlines	Passenger Property Loss	Checked Baggage	753.33	Clothing & Accessories,Cosmetics,Other,Cosmetics	Denied	0.0	Deny
138042	2009061260094	2009-06-05 00:00:00	2009-05-08 00:00:00	IND	Indianapolis International	USAir	Passenger Property Loss	Checked Baggage	825.99	Clothing & Accessories,Electronics	Denied	0.0	Deny
138529	2009062360532	2009-06-18 00:00:00	2009-06-08 00:00:00	IND	Indianapolis International	Northwest Airlines	Passenger Property Loss	Checked Baggage	15.0	Tools & Machines	Denied	0.0	Deny
140409	2009081062420	2009-08-06 00:00:00	2009-07-23 00:00:00	IND	Indianapolis International	Southwest Airlines	Passenger Property Loss	Checkpoint	49.0	Watches & Jewelry	Denied	0.0	Deny
140860	2009082562942	2009-08-19 00:00:00	2009-06-13 00:00:00	IND	Indianapolis International	American Airlines	Passenger Property Loss	Checked Baggage	80.0	Cosmetics	Settled	72.0	Settle
141220	2009090163217	2009-08-31 00:00:00	2009-08-17 00:00:00	IND	Indianapolis International	USAir	Passenger Property Loss	Checked Baggage	49.0	Other	Denied	0.0	Deny
141325	2009090363325	2009-09-02 00:00:00	2009-08-16 00:00:00	IND	Indianapolis International	Frontier Airlines	Passenger Property Loss	Checkpoint	799.0	Games & Toys	Denied	0.0	Deny
141719	2009083163170	2009-09-15 00:00:00	2009-08-18 00:00:00	IND	Indianapolis International	UAL	Passenger Property Loss	Checked Baggage	20.0	Tools & Machines	Denied	0.0	Deny
141803	2009092263914	2009-09-16 00:00:00	2009-08-20 00:00:00	IND	Indianapolis International	AirTran Airlines	Passenger Property Loss	Checkpoint	120.0	Watches & Jewelry	Denied	0.0	Deny
142220	2009081162520	2009-09-29 00:00:00	2009-07-03 00:00:00	IND	Indianapolis International	Delta Air Lines	Passenger Property Loss	Checked Baggage	282.82	Electronics	Denied	0.0	Deny
142345	2009100664337	2009-10-02 00:00:00	2009-09-30 00:00:00	IND	Indianapolis International	Southwest Airlines	Passenger Property Loss	Checked Baggage	250.99	Electronics	Denied	0.0	Deny
142473	2009101364499	2009-10-08 00:00:00	2009-09-02 00:00:00	IND	Indianapolis International	American Airlines	Passenger Property Loss	Checked Baggage	154.44	Automobile & Mechanical	Approved	154.44	Approve in Full
142663	2009102264615	2009-10-15 00:00:00	2009-10-11 22:00:00	IND	Indianapolis International	Continental Airlines	Passenger Property Loss	Checked Baggage	399.0	Electronics,Electronics	Denied	0.0	Deny
143396	2009112365610	2009-11-09 00:00:00	2009-10-15 19:00:00	IND	Indianapolis International	American Airlines	Passenger Property Loss	Checked Baggage	4225.0	Watches & Jewelry,Watches & Jewelry	Canceled		
143422	2010020168090	2009-11-09 00:00:00	2009-10-15 19:00:00	IND	Indianapolis International	American Airlines	Passenger Property Loss	Checked Baggage	4225.0	Watches & Jewelry,Watches & Jewelry	Denied	0.0	Deny
143439	2009111865463	2009-11-10 00:00:00	2009-10-11 00:00:00	IND	Indianapolis International	Delta Air Lines	Passenger Property Loss	Checked Baggage	85.0	Cosmetics	Canceled		
143804	2009120265933	2009-11-18 00:00:00	2009-10-24 00:00:00	IND	Indianapolis International	Southwest Airlines	Passenger Property Loss	Checked Baggage		Watches & Jewelry	Insufficient, one of the following items required: sum certain, statement of fact, signature, location of incident, and date.		
145086	2010010567132	2009-12-30 00:00:00	2009-11-30 11:20:00	IND	Indianapolis International	Southwest Airlines	Passenger Property Loss		175.0	Containers	Denied	0.0	Deny
145242	2010012667867	2010-01-15 00:00:00	2010-01-04 00:00:00	IND	Indianapolis International	American Airlines	Passenger Property Loss	Checked Baggage		Outdoors Supplies		0.0	Deny
146275	2010031069329	2010-03-02 00:00:00	2010-01-29 19:05:00	IND	Indianapolis International	Delta Air Lines	Passenger Property Loss	Checked Baggage		Other		0.0	Deny
146473	2010031769665	2010-03-08 00:00:00	2010-02-05 00:00:00	IND	Indianapolis International	AirTran Airlines	Passenger Property Loss	Checked Baggage		Electronics,Electronics		0.0	Deny
146809	2010032570005	2010-03-17 00:00:00	2010-02-28 06:00:00	IND	Indianapolis International	AirTran Airlines	Passenger Property Loss	Checked Baggage		Other			
147089	2010033070219	2010-03-29 00:00:00	2010-03-15 18:00:00	IND	Indianapolis International	AirTran Airlines	Passenger Property Loss	Checkpoint		Electronics,Electronics		0.0	Deny
147710	2010041570835	2010-04-14 00:00:00	2010-03-15 17:12:00	IND	Indianapolis International	Delta Air Lines	Passenger Property Loss	Checked Baggage		Household Items		0.0	Deny
148471	2010051371745	2010-05-07 00:00:00	2010-04-26 00:00:00	IND	Indianapolis International	Southwest Airlines	Passenger Property Loss	Checked Baggage		Electronics,Electronics,Clothing & Accessories		0.0	Deny
148503	2010051271727	2010-05-10 00:00:00	2010-04-28 00:00:00	IND	Indianapolis International	Delta Air Lines	Passenger Property Loss	Checked Baggage		Watches & Jewelry		0.0	Deny
149026	2010060272295	2010-05-25 00:00:00	2010-05-10 08:30:00	IND	Indianapolis International	American Airlines	Passenger Property Loss	Checked Baggage		Clothing & Accessories		0.0	Deny
149057	2010060372355	2010-05-25 00:00:00	2010-05-04 00:00:00	IND	Indianapolis International	Southwest Airlines	Passenger Property Loss	Checked Baggage		Cosmetics,Cosmetics,Cosmetics,Cosmetics,Cosmetics,Cosmetics,Cosmetics		0.0	Deny
149566	2010061672731	2010-06-14 00:00:00	2010-05-15 11:10:00	IND	Indianapolis International	Delta Air Lines	Passenger Property Loss	Checked Baggage		Electronics,Clothing & Accessories,Clothing & Accessories,Other		0.0	Deny
149948	2010063073277	2010-06-24 00:00:00	2010-04-13 20:30:00	IND	Indianapolis International	Continental Airlines	Passenger Property Loss	Checked Baggage		Clothing & Accessories		0.0	Deny
152005	2010082875426	2010-08-23 00:00:00	2010-07-31 00:00:00	IND	Indianapolis International	AirTran Airlines	Passenger Property Loss	Checked Baggage		Scientific Intruments		125.0	Approve in Full
153702	2010102277192	2010-10-12 00:00:00	2010-09-25 14:32:00	IND	Indianapolis International	AirTran Airlines	Passenger Property Loss	Checked Baggage		Electronics		0.0	Deny
154104	2010110277531	2010-10-25 00:00:00	2010-10-05 00:00:00	IND	Indianapolis International	Southwest Airlines	Passenger Property Loss	Checked Baggage		Other		0.0	Deny
154734	2010112678193	2010-11-15 00:00:00	2010-10-29 07:00:00	IND	Indianapolis International	Delta Air Lines	Passenger Property Loss	Checked Baggage		Containers,Cosmetics		0.0	Deny
155137	2010120678542	2010-11-29 00:00:00	2010-11-14 05:00:00	IND	Indianapolis International	USAir	Passenger Property Loss	Checkpoint		Other		0.0	Deny
155641	2010122779070	2010-12-15 00:00:00	2010-11-26 13:25:00	IND	Indianapolis International	Delta Air Lines	Passenger Property Loss	Checked Baggage		Clothing & Accessories		0.0	Deny
155862	2011010779215	2010-12-27 00:00:00	2010-11-19 00:00:00	IND	Indianapolis International	Southwest Airlines	Passenger Property Loss	Checked Baggage		Cosmetics		0.0	Deny
158968	2011041382427	2011-04-04 00:00:00	2011-03-15 00:00:00	IND	Indianapolis International	AirTran Airlines	Passenger Property Loss	Checked Baggage		Other,Other		0.0	Deny
159401	2011042282907	2011-04-18 00:00:00	2011-04-01 00:00:00	IND	Indianapolis International	AirTran Airlines	Passenger Property Loss	Checked Baggage		Cosmetics		0.0	Deny
159881	2011030180696	2011-05-04 00:00:00	2010-12-21 00:00:00	IND	Indianapolis International	UAL	Passenger Property Loss	Checked Baggage		Electronics		0.0	Deny
159908	2011051783476	2011-05-04 00:00:00	2011-03-18 00:00:00	IND	Indianapolis International		Passenger Property Loss	Checked Baggage		Other		0.0	Deny
160038	2011051983562	2011-05-09 00:00:00	2011-04-02 15:02:00	IND	Indianapolis International	Frontier Airlines	Passenger Property Loss	Checked Baggage		Cosmetics		24.0	Approve in Full
160654	2011060884156	2011-05-31 00:00:00	2011-05-12 00:00:00	IND	Indianapolis International	Continental Airlines	Passenger Property Loss	Checked Baggage		Electronics		0.0	Deny
161867	2011072285445	2011-07-08 00:00:00	2011-05-05 00:00:00	IND	Indianapolis International	Southwest Airlines	Passenger Property Loss	Checked Baggage		Cosmetics		0.0	Deny
162077	2011080385677	2011-07-15 00:00:00	2011-07-07 10:11:00	IND	Indianapolis International	American Airlines	Passenger Property Loss	Checked Baggage		Cosmetics		9.74	Approve in Full
162128	2011080485721	2011-07-18 00:00:00	2011-06-28 11:00:00	IND	Indianapolis International	Delta Air Lines	Passenger Property Loss	Checked Baggage		Clothing & Accessories		118.75	Settle
162712	2011080485746	2011-08-04 00:00:00	2011-06-26 15:03:00	IND	Indianapolis International	American Eagle	Passenger Property Loss	Checked Baggage		Cosmetics		0.0	Deny
163298	2011091386906	2011-08-22 00:00:00	2011-08-09 00:00:00	IND	Indianapolis International	Southwest Airlines	Passenger Property Loss	Checked Baggage		Electronics		0.0	Deny
164617	2011100787660	2011-10-07 00:00:00	2011-08-21 06:10:00	IND	Indianapolis International	UAL	Passenger Property Loss	Checked Baggage		Electronics		0.0	Deny
164916	2011110188607	2011-10-17 00:00:00	2011-10-04 15:25:00	IND	Indianapolis International	Southwest Airlines	Passenger Property Loss	Checked Baggage		Clothing & Accessories		0.0	Deny
165165	2011031581223	2011-10-26 00:00:00	2011-01-26 00:00:00	IND	Indianapolis International	AirTran Airlines	Passenger Property Loss	Checkpoint		Clothing & Accessories		0.0	Deny
165191	2011102888515	2011-10-26 00:00:00	2011-10-17 00:00:00	IND	Indianapolis International	Frontier Airlines	Passenger Property Loss	Checkpoint		Other		43.4	Approve in Full
166125	2011121589702	2011-11-29 00:00:00	2011-10-08 04:24:00	IND	Indianapolis International	AirTran Airlines	Passenger Property Loss	Checked Baggage		Clothing & Accessories,Other		0.0	Deny
166701	2012011990273	2011-12-20 00:00:00	2011-10-23 12:01:00	IND	Indianapolis International		Passenger Property Loss	Checkpoint		Food & Drink			
166762	2012012290334	2011-12-22 00:00:00	2011-12-16 00:00:00	IND	Indianapolis International	Delta Air Lines	Passenger Property Loss	Checked Baggage		Automobile & Mechanical		0.0	Deny
167367	2012021490994	2012-01-11 00:00:00	2011-11-19 15:09:00	IND	Indianapolis International	American Airlines	Passenger Property Loss	Checked Baggage		Other		0.0	Deny
167728	2012022991401	2012-01-23 00:00:00	2011-12-31 00:00:00	IND	Indianapolis International	Delta Air Lines	Passenger Property Loss	Checked Baggage		Clothing & Accessories		0.0	Deny
169022	2012040592575	2012-03-07 00:00:00	2012-02-13 00:00:00	IND	Indianapolis International	Southwest Airlines	Passenger Property Loss	Checked Baggage		Containers,Household Items		28.0	Approve in Full
169138	2012041092742	2012-03-12 00:00:00	2012-02-27 00:00:00	IND	Indianapolis International	UAL	Passenger Property Loss	Checked Baggage		Cosmetics		10.99	Approve in Full
169440	2012041793005	2012-03-22 00:00:00	2012-02-16 10:09:00	IND	Indianapolis International	AirTran Airlines	Passenger Property Loss	Checked Baggage		Cosmetics		53.49	Approve in Full
169899	2012050293520	2012-04-10 00:00:00	2012-03-25 09:00:00	IND	Indianapolis International	American Airlines	Passenger Property Loss	Checked Baggage		Cosmetics		6.94	Approve in Full
170240	2012051593959	2012-04-23 00:00:00	2012-03-27 00:00:00	IND	Indianapolis International	AirTran Airlines	Passenger Property Loss	Checked Baggage		Electronics		0.0	Deny
170348	2012051694055	2012-04-25 00:00:00	2012-01-04 00:00:00	IND	Indianapolis International	American Airlines	Passenger Property Loss	Checkpoint		Electronics		0.0	Deny
170574	2012060694548	2012-05-02 00:00:00	2012-04-11 18:40:00	IND	Indianapolis International	AirTran Airlines	Passenger Property Loss	Checked Baggage		Cosmetics		12.88	Approve in Full
173252	2012092097005	2012-08-07 00:00:00	2012-08-06 00:00:00	IND	Indianapolis International	Southwest Airlines	Passenger Property Loss	Checked Baggage		Cosmetics		9.98	Approve in Full
174631	2012110598350	2012-09-25 00:00:00	2012-09-18 00:00:00	IND	Indianapolis International	Delta Air Lines	Passenger Property Loss	Checked Baggage		Clothing & Accessories		172.46	Approve in Full
174647	2012110898487	2012-09-25 00:00:00	2012-06-28 00:00:00	IND	Indianapolis International	UAL	Passenger Property Loss	Checked Baggage		Outdoors Supplies			
175665	2012122899420	2012-11-05 00:00:00	2012-09-28 00:00:00	IND	Indianapolis International	American Airlines	Passenger Property Loss	Checked Baggage		Outdoors Supplies,Other,Clothing & Accessories		194.99	Approve in Full
175808	2013012400172	2012-11-08 00:00:00	2012-11-07 00:00:00	IND	Indianapolis International	American Airlines	Passenger Property Loss	Checked Baggage		Clothing & Accessories		0.0	Deny
176408	2013012200079	2012-12-03 00:00:00	2012-10-06 00:00:00	IND	Indianapolis International	Southwest Airlines	Passenger Property Loss	Checked Baggage		Other			
176470	2013012300166	2012-12-05 00:00:00	2012-12-01 00:00:00	IND	Indianapolis International	USAir	Passenger Property Loss	Checked Baggage		Automobile & Mechanical		43.72	Settle
176876	2013012300157	2012-12-26 00:00:00	2012-12-15 00:00:00	IND	Indianapolis International	USAir	Passenger Property Loss	Checked Baggage		Clothing & Accessories		0.0	Deny
176915	2013012400274	2012-12-27 00:00:00	2012-12-11 00:00:00	IND	Indianapolis International	AirTran Airlines	Passenger Property Loss	Checked Baggage		Clothing & Accessories		0.0	Deny
178743	2013030802484	2013-03-01 00:00:00	2013-02-18 18:18:00	IND	Indianapolis International	Frontier Airlines	Passenger Property Loss	Checked Baggage		Other			
178945	2013031802604	2013-03-11 00:00:00	2013-02-23 00:00:00	IND	Indianapolis International	Frontier Airlines	Passenger Property Loss	Checked Baggage		Clothing & Accessories		88.0	Approve in Full
179095	2013022101874	2013-03-14 00:00:00	2013-01-27 00:00:00	IND	Indianapolis International	Delta Air Lines	Passenger Property Loss	Checkpoint		Cosmetics,Watches & Jewelry		250.0	Approve in Full
179348	2013040903068	2013-03-25 00:00:00	2013-03-11 22:30:00	IND	Indianapolis International	Southwest Airlines	Passenger Property Loss	Checked Baggage		Electronics,Scientific Intruments,Scientific Intruments		0.0	Deny
179365	2013041003117	2013-03-25 00:00:00	2013-02-08 18:28:00	IND	Indianapolis International	Delta Air Lines	Passenger Property Loss	Checked Baggage		Electronics		0.0	Deny
180495	2013061804468	2013-05-07 00:00:00	2013-03-17 00:00:00	IND	Indianapolis International	Southwest Airlines	Passenger Property Loss	Checked Baggage		Clothing & Accessories		19.99	Approve in Full
180594	2013061204269	2013-05-10 00:00:00	2013-04-21 00:00:00	IND	Indianapolis International	AirTran Airlines	Passenger Property Loss	Checked Baggage		Electronics		0.0	Deny
181186	2013062504684	2013-06-04 00:00:00	2013-03-04 15:00:00	IND	Indianapolis International	USAir	Passenger Property Loss	Checked Baggage		Clothing & Accessories		0.0	Deny
182017	2013072205323	2013-07-02 00:00:00	2013-05-18 00:00:00	IND	Indianapolis International	UAL	Passenger Property Loss	Checked Baggage		Other		100.0	Approve in Full
182048	2013080605690	2013-07-02 00:00:00	2013-06-10 00:00:00	IND	Indianapolis International	American Airlines	Passenger Property Loss	Checked Baggage		Containers		0.0	Deny
182193	2013090506554	2013-07-08 00:00:00	2013-06-13 11:44:00	IND	Indianapolis International	Southwest Airlines	Passenger Property Loss	Checked Baggage		Containers,Cosmetics			
182827	2013091706981	2013-07-30 00:00:00	2013-07-22 15:16:00	IND	Indianapolis International	AirTran Airlines	Passenger Property Loss	Checked Baggage		Watches & Jewelry			
182903	2013090906703	2013-08-01 00:00:00	2013-07-16 16:45:00	IND	Indianapolis International	UAL	Passenger Property Loss	Checked Baggage		Cosmetics			
183178	2013111409308	2013-08-08 00:00:00	2013-08-01 00:00:00	IND	Indianapolis International	Delta Air Lines	Passenger Property Loss	Checked Baggage		Other		0.0	Deny
183280	2013091706977	2013-08-14 00:00:00	2013-08-02 18:50:00	IND	Indianapolis International	USAir	Passenger Property Loss	Checked Baggage		Watches & Jewelry			
183308	2013091807071	2013-08-15 00:00:00	2013-08-07 11:00:00	IND	Indianapolis International	American Airlines	Passenger Property Loss	Checked Baggage		Clothing & Accessories			
183492	2013102707977	2013-08-19 00:00:00	2013-08-03 07:00:00	IND	Indianapolis International	Delta Air Lines	Passenger Property Loss	Checked Baggage		Watches & Jewelry			
184280	2013102808074	2013-09-17 00:00:00	2013-07-09 10:35:00	IND	Indianapolis International	Delta Air Lines	Passenger Property Loss	Checked Baggage		Electronics		0.0	Deny
184803	2013110808991	2013-10-11 00:00:00	2013-10-07 00:00:00	IND	Indianapolis International	Delta Air Lines	Passenger Property Loss	Checked Baggage		Cosmetics			
184813	2013103008329	2013-10-14 00:00:00	2013-10-10 15:00:00	IND	Indianapolis International	American Airlines	Passenger Property Loss	Checked Baggage		Electronics			
184902	2013110808935	2013-10-17 00:00:00	2013-08-18 15:00:00	IND	Indianapolis International	American Airlines	Passenger Property Loss	Checked Baggage		Electronics			
184912	2013110808987	2013-10-17 00:00:00	2012-10-20 10:00:00	IND	Indianapolis International	UAL	Passenger Property Loss	Checked Baggage		Other			
185714	2013111909537	2013-11-15 00:00:00	2013-10-04 00:00:00	IND	Indianapolis International	Air France	Passenger Property Loss	Checked Baggage		Electronics			
185906	2013120509904	2013-11-26 00:00:00	2013-10-20 18:50:00	IND	Indianapolis International	Southwest Airlines	Passenger Property Loss	Checked Baggage		Clothing & Accessories		0.0	Deny
186086	2013120509900	2013-12-03 00:00:00	2013-11-23 00:00:00	IND	Indianapolis International	AirTran Airlines	Passenger Property Loss			Other		0.0	Deny
186951	2014010910690	2014-01-06 00:00:00	2014-01-03 00:00:00	IND	Indianapolis International	American Airlines	Passenger Property Loss	Checked Baggage		Other,Other		0.0	Deny
187271	2014012211023	2014-01-13 00:00:00	2013-12-27 00:00:00	IND	Indianapolis International	Southwest Airlines	Passenger Property Loss	Checked Baggage		Clothing & Accessories		0.0	Deny
187321	2014012311075	2014-01-15 00:00:00	2014-01-11 00:00:00	IND	Indianapolis International		Passenger Property Loss	Checked Baggage		Cosmetics		0.0	Deny
189168	2014040412966	2014-04-01 00:00:00	2014-02-19 00:00:00	IND	Indianapolis International	UAL	Passenger Property Loss	Checked Baggage		Cosmetics		0.0	Deny
189507	2014041713309	2014-04-11 00:00:00	2014-01-05 00:00:00	IND	Indianapolis International	American Airlines	Passenger Property Loss	Checked Baggage		Containers		0.0	Deny
189943	2014050713755	2014-05-02 00:00:00	2014-04-03 00:00:00	IND	Indianapolis International	American Airlines	Passenger Property Loss	Checked Baggage		Cosmetics		70.0	Settle
190489	2014053014309	2014-05-27 00:00:00	2014-05-21 00:00:00	IND	Indianapolis International	Southwest Airlines	Passenger Property Loss	Checked Baggage		Food & Drink		20.0	Approve in Full
190575	2014060314396	2014-05-30 00:00:00	2014-04-27 00:00:00	IND	Indianapolis International	AirTran Airlines	Passenger Property Loss	Checked Baggage		Watches & Jewelry		0.0	Deny
190827	2014061614652	2014-06-07 00:00:00	2014-05-28 00:00:00	IND	Indianapolis International	Southwest Airlines	Passenger Property Loss	Checked Baggage		Watches & Jewelry			
190973	2014062314803	2014-06-15 00:00:00	2014-06-11 00:00:00	IND	Indianapolis International	UAL	Passenger Property Loss	Checked Baggage		Other			
190985	2014062414815	2014-06-16 00:00:00	2014-06-02 00:00:00	IND	Indianapolis International	American Airlines	Passenger Property Loss	Checked Baggage		Other			
191883	2014080615732	2014-07-09 00:00:00	2014-06-29 00:00:00	IND	Indianapolis International	Delta Air Lines	Passenger Property Loss	Checked Baggage		Other		0.0	Deny
192057	2014081515910	2014-07-28 00:00:00	2014-07-24 00:00:00	IND	Indianapolis International	American Airlines	Passenger Property Loss	Checked Baggage		Electronics		0.0	Deny
192223	2014082016077	2014-08-05 00:00:00	2014-07-07 00:00:00	IND	Indianapolis International	USAir	Passenger Property Loss	Checked Baggage		Clothing & Accessories			
193246	2014092917126	2014-09-29 00:00:00	2014-09-04 00:00:00	IND	Indianapolis International	Frontier Airlines	Passenger Property Loss	Checkpoint		Clothing & Accessories		100.0	Approve in Full
193613	2014100817499	2014-09-29 00:00:00	2014-09-23 00:00:00	IND	Indianapolis International	American Airlines	Passenger Property Loss	Checked Baggage		Electronics			
194707	2014112618617	2014-11-17 00:00:00	2014-11-14 00:00:00	IND	Indianapolis International	UAL	Passenger Property Loss	Checked Baggage		Other			
194793	2014112818706	2014-11-28 00:00:00	2014-11-14 00:00:00	IND	Indianapolis International	Delta Air Lines	Passenger Property Loss	Checked Baggage		Outdoors Supplies		39.99	Approve in Full
194910	2014120318826	2014-12-01 00:00:00	2014-10-26 00:00:00	IND	Indianapolis International	Southwest Airlines	Passenger Property Loss	Checked Baggage		Watches & Jewelry			
195444	2014122419389	2014-12-24 00:00:00	2014-12-06 00:00:00	IND	Indianapolis International	American Airlines	Passenger Property Loss	Checked Baggage		Other		40.0	Approve in Full
198934	2015011519897	2015-01-14 00:00:00	2014-12-01 00:00:00	IND	Indianapolis International	Southwest Airlines	Passenger Property Loss	Checked Baggage		Clothing & Accessories,Clothing & Accessories,Clothing & Accessories		0.0	Deny
198935	2015012020011	2015-01-20 00:00:00	2014-12-16 00:00:00	IND	Indianapolis International	Southwest Airlines	Passenger Property Loss	Checked Baggage		Containers		0.0	Deny
198936	2015020920492	2015-02-09 00:00:00	2014-12-06 00:00:00	IND	Indianapolis International	Iberia Airlines	Passenger Property Loss	Checked Baggage		Electronics		62.0	Settle
198940	2015022420801	2015-02-24 00:00:00	2015-02-08 00:00:00	IND	Indianapolis International	Delta Air Lines	Passenger Property Loss	Checked Baggage		Food & Drink		30.25	Approve in Full
198941	2015031121155	2015-03-11 00:00:00	2014-12-19 00:00:00	IND	Indianapolis International	Delta Air Lines	Passenger Property Loss	Checked Baggage		Containers,Other,Electronics		0.0	Deny
198943	2015040321745	2015-04-03 00:00:00	2015-03-24 00:00:00	IND	Indianapolis International	Southwest Airlines	Passenger Property Loss	Checked Baggage		Watches & Jewelry			
198945	2015042222084	2015-04-22 00:00:00	2015-02-12 00:00:00	IND	Indianapolis International	American Airlines	Passenger Property Loss	Checked Baggage		Cosmetics		12.0	Approve in Full
198947	2015061923238	2015-06-10 00:00:00	2015-05-24 00:00:00	IND	Indianapolis International	Southwest Airlines	Passenger Property Loss	Checked Baggage		Clothing & Accessories		0.0	Deny
198949	2015062923509	2015-06-23 00:00:00	2015-06-11 00:00:00	IND	Indianapolis International	Delta Air Lines	Passenger Property Loss	Checked Baggage		Electronics		0.0	Deny
198953	2015072324157	2015-07-15 00:00:00	2015-06-27 00:00:00	IND	Indianapolis International	Air Canada	Passenger Property Loss	Checked Baggage		Household Items,Household Items		0.0	Deny
198954	2015072724258	2015-07-21 00:00:00	2015-06-30 00:00:00	IND	Indianapolis International		Passenger Property Loss	Checkpoint		Scientific Intruments,Other		0.0	Deny
198955	2015081824947	2015-08-17 00:00:00	2015-08-01 00:00:00	IND	Indianapolis International	American Airlines	Passenger Property Loss	Checked Baggage		Clothing & Accessories		0.0	Deny
198959	2015111026786	2015-10-26 00:00:00	2015-08-19 00:00:00	IND	Indianapolis International	Southwest Airlines	Passenger Property Loss	Checked Baggage		Electronics,Clothing & Accessories		0.0	Deny
198961	2015120127205	2015-11-12 00:00:00	2015-10-27 00:00:00	IND	Indianapolis International	Delta Air Lines	Passenger Property Loss	Checked Baggage		Food & Drink			
198962	2015121527579	2015-11-30 00:00:00	2015-11-08 00:00:00	IND	Indianapolis International	American Airlines	Passenger Property Loss	Checkpoint		Watches & Jewelry		0.0	Deny
207542	2016072532851	2016-06-27 00:00:00	2016-05-20 04:30:00	IND	Indianapolis International Indianapolis International	UAL	Passenger Property Loss	Checked Baggage		Clothing & Accessories			Insufficient
207543	2016082333244	2016-07-11 00:00:00	2016-07-08 08:30:00	IND	Indianapolis International Indianapolis International	UAL	Passenger Property Loss	Checkpoint		Watches & Jewelry			Insufficient
207544	2016110935673	2016-10-14 00:00:00	2016-09-23 00:00:00	IND	Indianapolis International Indianapolis International	Allegiant Air	Passenger Property Loss	Checked Baggage		Cosmetics			Insufficient
207550	2016102535143	2016-10-25 00:00:00	2016-09-10 07:00:00	IND	Indianapolis International Indianapolis International	Delta Air Lines	Passenger Property Loss	Checked Baggage		Cosmetics		69.54	Approve in Full
207552	2016032830136	2016-03-11 00:00:00	2016-03-02 17:00:00	IND	Indianapolis International Indianapolis International	Frontier Airlines	Passenger Property Loss	Checkpoint		Scientific Intruments,Scientific Intruments			Closed:Canceled
207554	2016030829454	2016-02-19 00:00:00	2016-01-03 04:00:00	IND	Indianapolis International Indianapolis International	Southwest Airlines	Passenger Property Loss	Checked Baggage		Watches & Jewelry		0.0	Deny
207556	2016031129648	2016-03-11 00:00:00	2016-03-02 00:00:00	IND	Indianapolis International Indianapolis International	Frontier Airlines	Passenger Property Loss	Checkpoint		Cosmetics		0.0	Deny
207557	2016050531088	2016-05-05 00:00:00	2016-03-29 08:30:00	IND	Indianapolis International Indianapolis International	Delta Air Lines	Passenger Property Loss	Checked Baggage		Food & Drink		0.0	Deny
207558	2016050531117	2016-04-19 00:00:00	2016-04-07 12:00:00	IND	Indianapolis International Indianapolis International	American Airlines	Passenger Property Loss	Checked Baggage		Household Items		0.0	Deny
207559	2016052631795	2016-05-16 00:00:00	2016-04-28 00:00:00	IND	Indianapolis International Indianapolis International	Southwest Airlines	Passenger Property Loss	Checked Baggage		Watches & Jewelry,Watches & Jewelry,Watches & Jewelry,Watches & Jewelry		0.0	Deny
207560	2016080132904	2016-06-23 00:00:00	2016-05-07 17:00:00	IND	Indianapolis International Indianapolis International	American Airlines	Passenger Property Loss	Checked Baggage		Cosmetics		0.0	Deny
207562	2016092834026	2016-08-15 00:00:00	2016-07-24 16:10:00	IND	Indianapolis International Indianapolis International	Delta Air Lines	Passenger Property Loss	Checked Baggage		Clothing & Accessories		0.0	Deny
207564	2016110135442	2016-10-06 00:00:00	2016-09-20 08:00:00	IND	Indianapolis International Indianapolis International	UAL	Passenger Property Loss	Checked Baggage		Cosmetics		0.0	Deny
207565	2017013037025	2016-12-19 00:00:00	2016-06-24 00:00:00	IND	Indianapolis International Indianapolis International	Southwest Airlines	Passenger Property Loss	Checked Baggage		Household Decor			In Review
207566	2016103135405	2016-10-03 00:00:00	2016-07-28 00:00:00	IND	Indianapolis International Indianapolis International	Southwest Airlines	Passenger Property Loss	Checked Baggage		Cosmetics			In Review
207569	2017011236521	2016-11-15 00:00:00	2016-11-06 13:00:00	IND	Indianapolis International Indianapolis International	UAL	Passenger Property Loss	Checked Baggage		Cosmetics,Watches & Jewelry,Watches & Jewelry,Watches & Jewelry			In Review
207573	2017012636898	2016-12-07 00:00:00	2016-12-03 11:30:00	IND	Indianapolis International Indianapolis International	American Airlines	Passenger Property Loss	Checked Baggage		Cosmetics			In Review
207574	2016031029558	2016-02-23 00:00:00	2016-01-10 17:00:00	IND	Indianapolis International Indianapolis International	American Airlines	Passenger Property Loss	Checked Baggage		Clothing & Accessories		114.0	Settle
207576	2016071932779	2016-06-24 00:00:00	2016-04-25 00:00:00	IND	Indianapolis International Indianapolis International	Allegiant Air	Passenger Property Loss	Checkpoint		Electronics,Other		450.0	Settle
207580	2016082533327	2016-07-15 00:00:00	2016-07-02 00:00:00	IND	Indianapolis International Indianapolis International	Swift Air	Passenger Property Loss	Checkpoint		Other		436.2	Settle
215777	2017121846033	2017-12-01 00:00:00	2017-11-29 13:24:00	IND	Indianapolis International Indianapolis International	American Airlines	Passenger Property Loss	Checked Baggage		Watches & Jewelry,Other			In Review
215778	2017100544069	2017-09-01 00:00:00	2017-08-26 00:00:00	IND	Indianapolis International Indianapolis International	Southwest Airlines	Passenger Property Loss	Checked Baggage		Outdoors Supplies,Outdoors Supplies			Insufficient
215780	2017082442484	2017-07-05 00:00:00	2017-06-30 11:00:00	IND	Indianapolis International Indianapolis International	Delta Air Lines	Passenger Property Loss	Checked Baggage		Clothing & Accessories			In Review
215783	2017041038445	2017-02-08 00:00:00	2017-01-25 00:00:00	IND	Indianapolis International Indianapolis International		Passenger Property Loss	Checkpoint		Electronics		200.0	Approve in Full
215786	2017110244975	2017-10-13 00:00:00	2017-09-29 15:33:00	IND	Indianapolis International Indianapolis International	UAL	Passenger Property Loss	Checked Baggage		Household Items			In Review
215796	2017121245979	2017-11-20 00:00:00	2017-10-29 16:00:00	IND	Indianapolis International Indianapolis International	Delta Air Lines	Passenger Property Loss	Checked Baggage		Clothing & Accessories			In Review
215799	2017061340592	2017-03-23 00:00:00	2017-03-11 00:00:00	IND	Indianapolis International Indianapolis International		Passenger Property Loss	Checked Baggage		Clothing & Accessories			In Review
215803	2017092943813	2017-08-28 00:00:00	2017-08-01 00:00:00	IND	Indianapolis International Indianapolis International	American Airlines	Passenger Property Loss	Checked Baggage		Clothing & Accessories,Other			In Review
215804	2017101144201	2017-08-30 00:00:00	2017-08-15 00:00:00	IND	Indianapolis International Indianapolis International	Not Provided	Passenger Property Loss	Checked Baggage		Clothing & Accessories			In Review
215805	2017083142627	2017-08-30 00:00:00	2017-08-20 00:00:00	IND	Indianapolis International Indianapolis International	Delta Air Lines	Passenger Theft	Checkpoint		Other			Closed: Canceled