id	claim_number	date_received	incident_date	airport_code	airport_name	airline	claim_type	claim_site	claim_amount	items	status	close_amount	disposition
7425	0603011L	2003-06-03 00:00:00	2003-03-07 00:00:00	ISP	Long Island McArthur, Islip		Passenger Property Loss	Checkpoint	201.75	Watches & Jewelry	Approved	201.75	Approve in Full
8681	0617135L	2003-06-17 00:00:00	2003-05-27 00:00:00	ISP	Long Island McArthur, Islip	Southwest Airlines	Passenger Property Loss	Checkpoint	2545.0	Clothing & Accessories	Approved	2545.0	Approve in Full
15025	0904067M	2003-09-04 00:00:00	2003-07-17 00:00:00	ISP	Long Island McArthur, Islip		Passenger Property Loss	Checked Baggage	25.0	Tools & Machines	Denied	0.0	Deny
18324	1021124M	2003-10-21 00:00:00	2003-07-23 00:00:00	ISP	Long Island McArthur, Islip	Southwest Airlines	Passenger Property Loss	Checked Baggage	2000.0	Other	Denied	0.0	Deny
30054	2004050750724	2004-03-11 00:00:00	2004-01-10 00:00:00	ISP	Long Island McArthur, Islip		Passenger Property Loss	Checked Baggage	60.0	Tools & Machines	Denied	0.0	Deny
31132	2004051351665	2004-03-24 00:00:00	2004-03-05 00:00:00	ISP	Long Island McArthur, Islip	Southwest Airlines	Passenger Property Loss	Checked Baggage	26.0	Clothing & Accessories	Approved	26.0	Approve in Full
31468	2004051351927	2004-03-26 00:00:00	2003-08-19 00:00:00	ISP	Long Island McArthur, Islip	Southwest Airlines	Passenger Property Loss	Checked Baggage	600.0	Electronics	Canceled	0.0	
32386	2004052153034	2004-04-15 00:00:00	2004-01-19 00:00:00	ISP	Long Island McArthur, Islip	Southwest Airlines	Passenger Property Loss	Checked Baggage	59.53	Clothing & Accessories	Approved	59.53	Approve in Full
33748	2004051251233	2004-05-03 00:00:00	2004-03-20 00:00:00	ISP	Long Island McArthur, Islip		Passenger Property Loss	Checked Baggage	230.0	Other	Approved	230.0	Approve in Full
34033	2004060354583	2004-05-03 00:00:00	2003-07-23 00:00:00	ISP	Long Island McArthur, Islip		Passenger Property Loss	Checkpoint	450.0	Clothing & Accessories	Settled	250.0	Settle
34381	2004060754950	2004-05-04 00:00:00	2004-03-19 00:00:00	ISP	Long Island McArthur, Islip	Delta Air Lines	Passenger Property Loss	Checkpoint	50.0	Other	Denied	50.0	Deny
38360	2004070858741	2004-06-21 00:00:00	2004-06-11 00:00:00	ISP	Long Island McArthur, Islip		Passenger Property Loss	Checked Baggage	100.0	Clothing & Accessories	Settled	50.0	Settle
42998	2004092964193	2004-08-23 00:00:00	2004-08-08 00:00:00	ISP	Long Island McArthur, Islip	Southwest Airlines	Passenger Property Loss	Checkpoint	199.99	Electronics	Denied	0.0	Deny
44139	2004102765761	2004-09-09 00:00:00	2004-08-18 00:00:00	ISP	Long Island McArthur, Islip	Southwest Airlines	Passenger Property Loss	Checked Baggage	300.0	Watches & Jewelry	Approved	300.0	Approve in Full
45201	2004110566450	2004-09-17 00:00:00	2004-09-08 00:00:00	ISP	Long Island McArthur, Islip		Passenger Property Loss	Checkpoint	25.0	Clothing & Accessories	Approved	25.0	Approve in Full
45488	2004101965248	2004-09-20 00:00:00	2004-08-21 00:00:00	ISP	Long Island McArthur, Islip	Southwest Airlines	Passenger Property Loss	Checked Baggage	110.9	Electronics	Settled	60.9	Settle
49611	2004122170102	2004-11-09 00:00:00	2004-09-18 00:00:00	ISP	Long Island McArthur, Islip	Delta Air Lines	Passenger Property Loss	Checked Baggage	959.21	Electronics	Denied	0.0	Deny
50383	2004122770959	2004-11-19 00:00:00	2004-11-07 00:00:00	ISP	Long Island McArthur, Islip		Passenger Property Loss	Checkpoint	225.0	Watches & Jewelry	Settled	206.46	Settle
51843	2005010372137	2004-12-13 00:00:00	2004-11-27 00:00:00	ISP	Long Island McArthur, Islip	Southwest Airlines	Passenger Property Loss	Checked Baggage	3000.0	Watches & Jewelry	Denied	0.0	Deny
52142	2005030276887	2004-12-14 00:00:00	2004-11-08 00:00:00	ISP	Long Island McArthur, Islip	Southwest Airlines	Passenger Property Loss	Checked Baggage	183.0	Clothing & Accessories	Denied		Deny
53925	2005012774591	2005-01-10 00:00:00	2005-01-02 00:00:00	ISP	Long Island McArthur, Islip		Passenger Property Loss	Checked Baggage	224.99	Electronics	Canceled		
56409	2005031578185	2005-02-03 00:00:00	2004-11-07 00:00:00	ISP	Long Island McArthur, Islip	Northwest Airlines	Passenger Property Loss	Checked Baggage	200.0	Watches & Jewelry	Denied	0.0	Deny
57423	2005031578254	2005-02-16 00:00:00	2004-12-26 00:00:00	ISP	Long Island McArthur, Islip	Southwest Airlines	Passenger Property Loss	Checkpoint	400.0	Other	Denied	0.0	Deny
57763	2005031778587	2005-02-23 00:00:00	2005-02-02 00:00:00	ISP	Long Island McArthur, Islip		Passenger Property Loss	Checked Baggage	375.0	Electronics	Settled	192.47	Settle
57795	2005031778639	2005-02-24 00:00:00	2005-01-12 00:00:00	ISP	Long Island McArthur, Islip	Southwest Airlines	Passenger Property Loss	Checked Baggage	128.0	Other	Approved	128.0	Approve in Full
58978	2005032479704	2005-03-09 00:00:00	2005-02-07 00:00:00	ISP	Long Island McArthur, Islip	Southwest Airlines	Passenger Property Loss	Checked Baggage	76.14	Clothing & Accessories	Denied	0.0	Deny
59129	2005032879988	2005-03-09 00:00:00	2005-02-11 00:00:00	ISP	Long Island McArthur, Islip	Delta Air Lines	Passenger Property Loss	Checked Baggage	54.0	Cosmetics	Settled	30.0	Settle
60138	2005033180961	2005-03-28 00:00:00	2005-03-08 00:00:00	ISP	Long Island McArthur, Islip	Southwest Airlines	Passenger Property Loss	Checked Baggage	58.56	Clothing & Accessories	Approved	58.56	Approve in Full
60375	2005040181027	2005-03-29 00:00:00	2005-02-27 00:00:00	ISP	Long Island McArthur, Islip	Southwest Airlines	Passenger Property Loss	Checked Baggage	94.49	Other	Settled	47.25	Settle
62559	2005042783486	2005-04-26 00:00:00	2005-03-12 00:00:00	ISP	Long Island McArthur, Islip	Southwest Airlines	Passenger Property Loss	Checkpoint	850.0	Watches & Jewelry	Canceled	0.0	
63453	2005051084427	2005-05-09 00:00:00	2005-04-07 00:00:00	ISP	Long Island McArthur, Islip	UAL	Passenger Property Loss	Checked Baggage		Electronics	Insufficient, one of the following items required: sum certain, statement of fact, signature, location of incident, and date.		
69007	2005080490043	2005-07-28 00:00:00	2005-07-15 00:00:00	ISP	Long Island McArthur, Islip	Southwest Airlines	Passenger Property Loss	Checked Baggage	13.0	Other	Approved	13.0	Approve in Full
70247	2005082491357	2005-08-16 00:00:00	2005-07-25 00:00:00	ISP	Long Island McArthur, Islip	Southwest Airlines	Passenger Property Loss	Checkpoint	23.48	Other	Denied	0.0	Deny
70258	2005082591508	2005-08-16 00:00:00	2005-07-24 00:00:00	ISP	Long Island McArthur, Islip	Delta Air Lines	Passenger Property Loss	Checkpoint	1062.0	Electronics	Denied	0.0	Deny
70399	2005082591489	2005-08-18 00:00:00	2005-07-21 00:00:00	ISP	Long Island McArthur, Islip	Southwest Airlines	Passenger Property Loss	Checkpoint	250.0	Clothing & Accessories	Denied	0.0	Deny
71054	2005090692224	2005-08-30 00:00:00	2005-08-08 00:00:00	ISP	Long Island McArthur, Islip	Southwest Airlines	Passenger Property Loss	Checked Baggage	29.22	Other	Approved	29.22	Approve in Full
71241	2005091492462	2005-08-31 00:00:00	2005-08-28 00:00:00	ISP	Long Island McArthur, Islip	Continental Airlines	Passenger Property Loss	Checked Baggage	495.0	Electronics	Denied	0.0	Deny
71590	2005092092876	2005-09-08 00:00:00	2005-07-31 00:00:00	ISP	Long Island McArthur, Islip	Southwest Airlines	Passenger Property Loss	Checked Baggage	1100.0	Supplies	In litigation		Deny
71783	2005091992866	2005-09-12 00:00:00	2005-08-18 00:00:00	ISP	Long Island McArthur, Islip	Southwest Airlines	Passenger Property Loss	Checked Baggage	149.99	Other	Settled	75.0	Settle
71862	2005092193094	2005-09-14 00:00:00	2005-08-28 00:00:00	ISP	Long Island McArthur, Islip	Southwest Airlines	Passenger Property Loss	Checked Baggage	75.76	Electronics	Approved	75.76	Approve in Full
71963	2005092193091	2005-09-14 00:00:00	2005-08-26 00:00:00	ISP	Long Island McArthur, Islip	Southwest Airlines	Passenger Property Loss	Checked Baggage	100.0	Clothing & Accessories	Denied	0.0	Deny
74451	2005111696138	2005-10-25 00:00:00	2005-10-08 00:00:00	ISP	Long Island McArthur, Islip	Southwest Airlines	Passenger Property Loss	Checked Baggage		Watches & Jewelry	Insufficient, one of the following items required: sum certain, statement of fact, signature, location of incident, and date.		
74625	2005110795739	2005-10-28 00:00:00	2005-09-19 00:00:00	ISP	Long Island McArthur, Islip	Delta Air Lines	Passenger Property Loss	Checked Baggage	410.0	Clothing & Accessories	Denied	0.0	Deny
75406	2005112596509	2005-11-14 00:00:00	2005-08-11 00:00:00	ISP	Long Island McArthur, Islip	Southwest Airlines	Passenger Property Loss	Checked Baggage	326.24	Other	Settled	163.0	Settle
75511	2005112896639	2005-11-15 00:00:00	2005-09-15 00:00:00	ISP	Long Island McArthur, Islip	Southwest Airlines	Passenger Property Loss	Checked Baggage	19.57	Supplies	Denied	0.0	Deny
75537	2005112996700	2005-11-15 00:00:00	2005-10-27 00:00:00	ISP	Long Island McArthur, Islip	Southwest Airlines	Passenger Property Loss	Checked Baggage	1500.0	Supplies	Denied	0.0	Deny
75750	2005120196742	2005-11-18 00:00:00	2005-10-27 00:00:00	ISP	Long Island McArthur, Islip	Southwest Airlines	Passenger Property Loss	Checked Baggage		Watches & Jewelry	Insufficient, one of the following items required: sum certain, statement of fact, signature, location of incident, and date.		
76547	2005121397673	2005-12-05 00:00:00	2005-06-30 00:00:00	ISP	Long Island McArthur, Islip	Southwest Airlines	Passenger Property Loss	Checkpoint	7800.0	Watches & Jewelry	Denied	0.0	Deny
76992	2005122198147	2005-12-13 00:00:00	2005-12-12 00:00:00	ISP	Long Island McArthur, Islip		Passenger Property Loss	Checked Baggage	12.5	Tools & Machines	Approved	12.5	Approve in Full
77069	2005122198185	2005-12-14 00:00:00	2005-11-29 00:00:00	ISP	Long Island McArthur, Islip	Southwest Airlines	Passenger Property Loss	Checked Baggage	8.0	Tools & Machines	Approved	8.0	Approve in Full
78011	2006011099269	2006-01-04 00:00:00	2005-12-28 00:00:00	ISP	Long Island McArthur, Islip	Southwest Airlines	Passenger Property Loss	Checked Baggage	23.07	Tools & Machines	Approved	23.07	Approve in Full
79068	2006012500287	2006-01-18 00:00:00	2006-01-05 00:00:00	ISP	Long Island McArthur, Islip	Southwest Airlines	Passenger Property Loss	Checked Baggage	20.0	Other	Denied	0.0	Deny
79779	2006020300908	2006-01-30 00:00:00	2005-12-30 00:00:00	ISP	Long Island McArthur, Islip		Passenger Property Loss	Checkpoint	7500.0	Watches & Jewelry	Denied	0.0	Deny
79823	2006020701017	2006-01-31 00:00:00	2006-01-11 00:00:00	ISP	Long Island McArthur, Islip	USAir	Passenger Property Loss	Checked Baggage	35.0	Cosmetics	Approved	35.0	Approve in Full
80642	2006022101831	2006-02-14 00:00:00	2006-02-07 00:00:00	ISP	Long Island McArthur, Islip	Southwest Airlines	Passenger Property Loss	Checkpoint	160.0	Other	Approved	160.0	Approve in Full
80830	2006022201986	2006-02-16 00:00:00	2005-12-31 00:00:00	ISP	Long Island McArthur, Islip		Passenger Property Loss	Checkpoint	200.0	Watches & Jewelry	Denied	0.0	Deny
80932	2006022302029	2006-02-17 00:00:00	2005-12-23 00:00:00	ISP	Long Island McArthur, Islip	Southwest Airlines	Passenger Property Loss	Checkpoint	525.74	Electronics	Settled	261.67	Settle
84244	2006050105535	2006-04-24 00:00:00	2006-04-03 00:00:00	ISP	Long Island McArthur, Islip	Southwest Airlines	Passenger Property Loss	Checked Baggage	650.0	Electronics	Denied	0.0	Deny
85868	2006053107083	2006-05-25 00:00:00	2006-04-24 00:00:00	ISP	Long Island McArthur, Islip	Southwest Airlines	Passenger Property Loss	Checked Baggage	19.85	Tools & Machines	Settled	9.93	Settle
86582	2006061307876	2006-06-12 00:00:00	2006-03-07 00:00:00	ISP	Long Island McArthur, Islip	Southwest Airlines	Passenger Property Loss	Checked Baggage	10.0	Tools & Machines	Approved	10.0	Approve in Full
88491	2006071909777	2006-07-17 00:00:00	2006-06-14 00:00:00	ISP	Long Island McArthur, Islip	Southwest Airlines	Passenger Property Loss	Checked Baggage	325.11	Electronics	Denied	0.0	Deny
88827	2006072710139	2006-07-24 00:00:00	2006-06-12 00:00:00	ISP	Long Island McArthur, Islip	Southwest Airlines	Passenger Property Loss	Checked Baggage	1300.0	Watches & Jewelry	Denied	0.0	Deny
89069	2006080110343	2006-07-28 00:00:00	2006-07-18 00:00:00	ISP	Long Island McArthur, Islip	Southwest Airlines	Passenger Property Loss	Checked Baggage	8.51	Tools & Machines	Approved	8.51	Approve in Full
90292	2006082411550	2006-08-21 00:00:00	2006-06-24 00:00:00	ISP	Long Island McArthur, Islip	Southwest Airlines	Passenger Property Loss	Checked Baggage	124.26	Clothing & Accessories	Settled	86.98	Settle
90493	2006082811700	2006-08-24 00:00:00	2006-07-05 00:00:00	ISP	Long Island McArthur, Islip	Southwest Airlines	Passenger Property Loss	Checked Baggage	583.0	Containers,Watches & Jewelry	Settled	465.34	Settle
91639	2006091912848	2006-09-15 00:00:00	2006-09-03 00:00:00	ISP	Long Island McArthur, Islip	Southwest Airlines	Passenger Property Loss	Checkpoint	49.0	Electronics	Denied	0.0	Deny
91764	2006092113045	2006-09-18 00:00:00	2006-09-12 00:00:00	ISP	Long Island McArthur, Islip		Passenger Property Loss	Checkpoint	990.46	Electronics,Clothing & Accessories,Electronics	Settled	349.14	Settle
92157	2006100213509	2006-09-25 00:00:00	2006-09-20 00:00:00	ISP	Long Island McArthur, Islip	Southwest Airlines	Passenger Property Loss	Checked Baggage	93.48	Other	Settled	46.74	Settle
92766	2006101614053	2006-10-10 00:00:00	2006-09-29 00:00:00	ISP	Long Island McArthur, Islip	Southwest Airlines	Passenger Property Loss	Checkpoint	149.99	Clothing & Accessories	Denied	0.0	Deny
93056	2006102014260	2006-10-16 00:00:00	2006-09-30 00:00:00	ISP	Long Island McArthur, Islip	Southwest Airlines	Passenger Property Loss	Checked Baggage	106.98	Electronics	Denied	0.0	Deny
93146	2006102214373	2006-10-16 00:00:00	2006-10-05 00:00:00	ISP	Long Island McArthur, Islip		Passenger Property Loss	Checked Baggage	60.0	Tools & Machines	Settled	30.0	Settle
93560	2006103014818	2006-10-23 00:00:00	2006-10-03 00:00:00	ISP	Long Island McArthur, Islip	Southwest Airlines	Passenger Property Loss	Checked Baggage	38.8	Cosmetics	Settled	19.4	Settle
93776	2006110315105	2006-10-27 00:00:00	2006-10-15 00:00:00	ISP	Long Island McArthur, Islip	Southwest Airlines	Passenger Property Loss	Checked Baggage	55.0	Clothing & Accessories,Tools & Machines	Denied	0.0	Deny
93798	2006110115033	2006-10-30 00:00:00	2006-10-20 00:00:00	ISP	Long Island McArthur, Islip		Passenger Property Loss	Checked Baggage	25.0	Clothing & Accessories	Approved	25.0	Approve in Full
93813	2006110615231	2006-10-30 00:00:00	2006-09-15 00:00:00	ISP	Long Island McArthur, Islip	Southwest Airlines	Passenger Property Loss	Checked Baggage	10.87	Tools & Machines	Approved	10.87	Approve in Full
99056	2007020520133	2007-01-30 00:00:00	2007-01-11 00:00:00	ISP	Long Island McArthur, Islip	Southwest Airlines	Passenger Property Loss	Checked Baggage	200.0	Clothing & Accessories	Approved	200.0	Approve in Full
99211	2007030221834	2007-02-01 00:00:00	2007-01-26 00:00:00	ISP	Long Island McArthur, Islip		Passenger Property Loss	Checked Baggage	75.0	Clothing & Accessories	Settled	37.5	Settle
99422	2007020720434	2007-02-06 00:00:00	2006-12-31 00:00:00	ISP	Long Island McArthur, Islip	Southwest Airlines	Passenger Property Loss	Checkpoint	24.99	Clothing & Accessories	Denied	0.0	Deny
99812	2007021621082	2007-02-13 00:00:00	2006-11-22 00:00:00	ISP	Long Island McArthur, Islip	Southwest Airlines	Passenger Property Loss	Checked Baggage	17.88	Clothing & Accessories	Approved	17.88	Approve in Full
99986	2007021621099	2007-02-14 00:00:00	2006-08-17 00:00:00	ISP	Long Island McArthur, Islip	Southwest Airlines	Passenger Property Loss	Checked Baggage	350.0	Scientific Intruments	Settled	140.0	Settle
100204	2007022221387	2007-02-21 00:00:00	2007-01-28 00:00:00	ISP	Long Island McArthur, Islip	Southwest Airlines	Passenger Property Loss	Checked Baggage	200.0	Other	Denied	0.0	Deny
100746	2007030621936	2007-03-05 00:00:00	2007-01-10 00:00:00	ISP	Long Island McArthur, Islip	Southwest Airlines	Passenger Property Loss	Checked Baggage	180.83	Containers,Other	Denied	0.0	Deny
101209	2007031922486	2007-03-13 00:00:00	2007-03-04 00:00:00	ISP	Long Island McArthur, Islip	USAir	Passenger Property Loss	Checked Baggage	385.84	Tools & Machines,Electronics,Cosmetics,Other,Games & Toys	Denied	0.0	Deny
101293	2007032022617	2007-03-15 00:00:00	2007-03-05 00:00:00	ISP	Long Island McArthur, Islip	Southwest Airlines	Passenger Property Loss	Checked Baggage	149.0	Clothing & Accessories	Approved	149.0	Approve in Full
101739	2007032723025	2007-03-22 00:00:00	2007-03-12 00:00:00	ISP	Long Island McArthur, Islip	Southwest Airlines	Passenger Property Loss	Checked Baggage	250.0	Clothing & Accessories,Electronics,Other	Denied	0.0	Deny
103253	2007042524467	2007-04-23 00:00:00	2007-02-08 00:00:00	ISP	Long Island McArthur, Islip	Southwest Airlines	Passenger Property Loss	Checkpoint	30.0	Supplies	Denied	0.0	Deny
104391	2007051725550	2007-05-16 00:00:00	2007-05-14 00:00:00	ISP	Long Island McArthur, Islip		Passenger Property Loss	Checked Baggage	160.0	Clothing & Accessories	Settled	104.0	Settle
104524	2007052225831	2007-05-18 00:00:00	2007-02-02 00:00:00	ISP	Long Island McArthur, Islip	Southwest Airlines	Passenger Property Loss	Checked Baggage	177.09	Cosmetics	Denied	0.0	Deny
104714	2007053025975	2007-05-23 00:00:00	2007-05-10 00:00:00	ISP	Long Island McArthur, Islip	Southwest Airlines	Passenger Property Loss	Checked Baggage	200.0	Tools & Machines,Containers	Denied	0.0	Deny
105080	2007060526319	2007-06-01 00:00:00	2007-05-02 00:00:00	ISP	Long Island McArthur, Islip	Southwest Airlines	Passenger Property Loss	Checked Baggage	7.99	Tools & Machines	Approved	7.99	Approve in Full
105115	2007060426243	2007-06-01 00:00:00	2007-04-22 00:00:00	ISP	Long Island McArthur, Islip	Southwest Airlines	Passenger Property Loss	Checked Baggage	1200.0	Other	Denied	0.0	Deny
105141	2007060626364	2007-06-01 00:00:00	2007-05-23 00:00:00	ISP	Long Island McArthur, Islip	Southwest Airlines	Passenger Property Loss	Checkpoint	1000.0	Watches & Jewelry	Denied	0.0	Deny
106589	2007070527881	2007-06-29 00:00:00	2007-06-25 00:00:00	ISP	Long Island McArthur, Islip	Southwest Airlines	Passenger Property Loss	Checkpoint	85.0	Electronics	Denied	0.0	Deny
107173	2007071728534	2007-07-12 00:00:00	2007-03-25 00:00:00	ISP	Long Island McArthur, Islip	Southwest Airlines	Passenger Property Loss	Checked Baggage	15.96	Tools & Machines	Approved	15.96	Approve in Full
107743	2007072529055	2007-07-23 00:00:00	2007-06-27 00:00:00	ISP	Long Island McArthur, Islip	Southwest Airlines	Passenger Property Loss	Checked Baggage	300.0	Electronics	Denied	0.0	Deny
108199	2007080129487	2007-07-30 00:00:00	2007-06-26 00:00:00	ISP	Long Island McArthur, Islip	Southwest Airlines	Passenger Property Loss	Checked Baggage	150.0	Watches & Jewelry	Settled	75.0	Settle
108286	2007080329562	2007-08-01 00:00:00	2007-07-23 00:00:00	ISP	Long Island McArthur, Islip	Southwest Airlines	Passenger Property Loss	Checked Baggage	625.85	Electronics,Other	Denied	0.0	Deny
109354	2007082230648	2007-08-21 00:00:00	2007-08-20 00:00:00	ISP	Long Island McArthur, Islip	Southwest Airlines	Passenger Property Loss	Checked Baggage	198.0	Watches & Jewelry	Denied	0.0	Deny
110787	2007091932206	2007-09-17 00:00:00	2007-08-26 00:00:00	ISP	Long Island McArthur, Islip	Southwest Airlines	Passenger Property Loss	Checked Baggage	12723.8	Watches & Jewelry	Canceled	0.0	
112038	2007101633478	2007-10-11 00:00:00	2007-09-07 00:00:00	ISP	Long Island McArthur, Islip	Southwest Airlines	Passenger Property Loss	Checked Baggage	20.0	Tools & Machines	Denied	0.0	Deny
112441	2007102533890	2007-10-19 00:00:00	2007-09-30 00:00:00	ISP	Long Island McArthur, Islip	Southwest Airlines	Passenger Property Loss	Checked Baggage	700.0	Electronics,Electronics,Other,Watches & Jewelry	Denied	0.0	Deny
113133	2007110634563	2007-11-02 00:00:00	2007-09-27 00:00:00	ISP	Long Island McArthur, Islip	Southwest Airlines	Passenger Property Loss	Checked Baggage	472.0	Clothing & Accessories,Watches & Jewelry	Denied	0.0	Deny
114892	2007121136382	2007-12-07 00:00:00	2007-11-26 00:00:00	ISP	Long Island McArthur, Islip	Southwest Airlines	Passenger Property Loss	Checked Baggage	150.0	Other	Settled	41.0	Settle
115293	2007122136797	2007-12-17 00:00:00	2007-11-23 00:00:00	ISP	Long Island McArthur, Islip	Southwest Airlines	Passenger Property Loss	Checkpoint	525.0	Watches & Jewelry	Denied	0.0	Deny
116948	2008012438471	2008-01-17 00:00:00	2007-12-12 00:00:00	ISP	Long Island McArthur, Islip	Delta Air Lines	Passenger Property Loss	Checked Baggage	20.0	Tools & Machines	Denied	0.0	Deny
117338	2008013038909	2008-01-25 00:00:00	2008-01-21 00:00:00	ISP	Long Island McArthur, Islip	Southwest Airlines	Passenger Property Loss	Checked Baggage	21.43	Tools & Machines	Denied	0.0	Deny
117582	2008020439048	2008-01-29 00:00:00	2008-01-12 00:00:00	ISP	Long Island McArthur, Islip	Southwest Airlines	Passenger Property Loss	Checked Baggage	265.12	Clothing & Accessories	Settled	132.56	Settle
118995	2008030740673	2008-02-28 00:00:00	2008-01-08 00:00:00	ISP	Long Island McArthur, Islip	Southwest Airlines	Passenger Property Loss	Checked Baggage	32.98	Clothing & Accessories	Approved	32.98	Approve in Full
119177	2008031240839	2008-03-03 00:00:00	2008-02-17 00:00:00	ISP	Long Island McArthur, Islip	Southwest Airlines	Passenger Property Loss	Checked Baggage	217.24	Office Supplies	Denied	0.0	Deny
120141	2008040341804	2008-03-24 00:00:00	2008-03-01 00:00:00	ISP	Long Island McArthur, Islip	Delta Air Lines	Passenger Property Loss	Checked Baggage	290.0	Clothing & Accessories	Settled	275.5	Settle
120372	2008040942254	2008-03-27 00:00:00	2008-03-06 00:00:00	ISP	Long Island McArthur, Islip	Southwest Airlines	Passenger Property Loss	Checked Baggage	392.0	Electronics,Electronics	Denied	0.0	Deny
121379	2008042243158	2008-04-14 00:00:00	2008-03-11 00:00:00	ISP	Long Island McArthur, Islip		Passenger Property Loss	Checked Baggage	2000.0	Watches & Jewelry	Settled	250.0	Settle
121711	2008042843435	2008-04-22 00:00:00	2008-04-04 00:00:00	ISP	Long Island McArthur, Islip	Southwest Airlines	Passenger Property Loss	Checked Baggage	5.38	Tools & Machines	Approved	5.38	Approve in Full
121755	2008042843449	2008-04-22 00:00:00	2008-04-17 00:00:00	ISP	Long Island McArthur, Islip	USAir	Passenger Property Loss	Checked Baggage	144.72	Containers,Cosmetics	Denied	0.0	Deny
122195	2008050543827	2008-05-01 00:00:00	2008-04-14 00:00:00	ISP	Long Island McArthur, Islip	Southwest Airlines	Passenger Property Loss	Checked Baggage	1147.97	Electronics,Other	Denied	0.0	Deny
123489	2008060945412	2008-05-29 00:00:00	2008-03-30 00:00:00	ISP	Long Island McArthur, Islip	Southwest Airlines	Passenger Property Loss	Checked Baggage	256.0	Other	Denied	0.0	Deny
123768	2008060945388	2008-06-04 00:00:00	2008-04-17 00:00:00	ISP	Long Island McArthur, Islip	Southwest Airlines	Passenger Property Loss	Checked Baggage	83.69	Clothing & Accessories	Settled	41.85	Settle
124861	2008070946647	2008-07-01 00:00:00	2008-06-24 00:00:00	ISP	Long Island McArthur, Islip	USAir	Passenger Property Loss	Checked Baggage	50.0	Containers	Approved	50.0	Approve in Full
125738	2008072547449	2008-07-21 00:00:00	2008-03-08 00:00:00	ISP	Long Island McArthur, Islip	Southwest Airlines	Passenger Property Loss	Checked Baggage	49.0	Clothing & Accessories	Denied	0.0	Deny
125739	2008072547453	2008-07-21 00:00:00	2008-05-20 00:00:00	ISP	Long Island McArthur, Islip	Southwest Airlines	Passenger Property Loss	Checked Baggage	83.0	Cosmetics	Denied	0.0	Deny
125740	2008072547454	2008-07-21 00:00:00	2008-07-07 00:00:00	ISP	Long Island McArthur, Islip	Southwest Airlines	Passenger Property Loss	Checked Baggage	39.99	Cosmetics	Denied	0.0	Deny
127088	2008082148905	2008-08-18 00:00:00	2008-08-08 00:00:00	ISP	Long Island McArthur, Islip	Southwest Airlines	Passenger Property Loss	Checked Baggage	64.0	Supplies	Denied	0.0	Deny
127433	2008082749152	2008-08-26 00:00:00	2008-08-18 00:00:00	ISP	Long Island McArthur, Islip	Southwest Airlines	Passenger Property Loss	Checkpoint	567.15	Watches & Jewelry	Denied	0.0	Deny
127563	2008082549044	2008-08-28 00:00:00	2008-08-08 00:00:00	ISP	Long Island McArthur, Islip	Southwest Airlines	Passenger Property Loss	Checkpoint	25.35	Watches & Jewelry	Denied	0.0	Deny
127873	2008090949695	2008-09-05 00:00:00	2008-06-10 00:00:00	ISP	Long Island McArthur, Islip		Passenger Property Loss	Checkpoint	350.0	Other	Denied	0.0	Deny
128423	2008100250724	2008-09-18 00:00:00	2008-09-22 00:00:00	ISP	Long Island McArthur, Islip	Southwest Airlines	Passenger Property Loss	Checkpoint	227.0	Office Supplies,Clothing & Accessories	Approved	227.0	Approve in Full
128465	2008100350731	2008-09-18 00:00:00	2008-07-15 00:00:00	ISP	Long Island McArthur, Islip	Southwest Airlines	Passenger Property Loss	Checked Baggage	220.0	Electronics	Denied	0.0	Deny
128992	2008100650821	2008-10-02 00:00:00	2008-09-16 00:00:00	ISP	Long Island McArthur, Islip	Southwest Airlines	Passenger Property Loss	Checked Baggage	313.77	Electronics,Electronics,Containers	Denied	0.0	Deny
129801	2008102751630	2008-10-23 00:00:00	2008-09-30 00:00:00	ISP	Long Island McArthur, Islip	Southwest Airlines	Passenger Property Loss	Checked Baggage	53.39	Tools & Machines,Office Supplies	Denied	0.0	Deny
130069	2008110551951	2008-10-30 00:00:00	2009-10-09 00:00:00	ISP	Long Island McArthur, Islip	Southwest Airlines	Passenger Property Loss	Checked Baggage	89.07	Electronics,Other	Denied	0.0	Deny
130368	2008110451757	2008-11-07 00:00:00	2008-10-30 00:00:00	ISP	Long Island McArthur, Islip	Southwest Airlines	Passenger Property Loss	Checked Baggage	108.5	Containers	Denied	0.0	Deny
130520	2008111952412	2008-11-12 00:00:00	2008-10-25 00:00:00	ISP	Long Island McArthur, Islip	Southwest Airlines	Passenger Property Loss	Checkpoint	743.79	Clothing & Accessories	Denied	0.0	Deny
131220	2008120453107	2008-12-01 00:00:00	2008-10-07 00:00:00	ISP	Long Island McArthur, Islip	Southwest Airlines	Passenger Property Loss	Checked Baggage	39.0	Office Supplies,Other	Denied	0.0	Deny
131662	2008121953564	2008-12-12 00:00:00	2008-10-14 00:00:00	ISP	Long Island McArthur, Islip	Southwest Airlines	Passenger Property Loss	Checked Baggage	100.0	Containers,Other	Approved	100.0	Approve in Full
133361	2009020655240	2009-01-28 00:00:00	2009-01-04 00:00:00	ISP	Long Island McArthur, Islip	Southwest Airlines	Passenger Property Loss	Checked Baggage	347.0	Clothing & Accessories	Denied	0.0	Deny
134811	2009032056545	2009-03-09 00:00:00	2009-01-25 00:00:00	ISP	Long Island McArthur, Islip	Southwest Airlines	Passenger Property Loss	Checked Baggage	249.99	Electronics	Denied	0.0	Deny
135442	2009041357463	2009-03-24 00:00:00	2009-03-05 00:00:00	ISP	Long Island McArthur, Islip	Southwest Airlines	Passenger Property Loss	Checkpoint	574.41	Scientific Intruments	Denied	0.0	Deny
137934	2009061260114	2009-06-03 00:00:00	2009-05-09 00:00:00	ISP	Long Island McArthur, Islip	Southwest Airlines	Passenger Property Loss	Checked Baggage	1389.95	Other	Denied	0.0	Deny
138179	2009062260484	2009-06-09 00:00:00	2009-05-25 00:00:00	ISP	Long Island McArthur, Islip	Southwest Airlines	Passenger Property Loss	Checked Baggage		Containers	Insufficient, one of the following items required: sum certain, statement of fact, signature, location of incident, and date.		
138458	2009062460591	2009-06-17 00:00:00	2009-05-19 00:00:00	ISP	Long Island McArthur, Islip	Southwest Airlines	Passenger Property Loss	Checkpoint	119.19	Electronics,Electronics	Approved	119.19	Approve in Full
138807	2009070260828	2009-06-25 00:00:00	2009-05-21 00:00:00	ISP	Long Island McArthur, Islip	Southwest Airlines	Passenger Property Loss	Checked Baggage	8.55	Tools & Machines	Denied	0.0	Deny
141446	2009090863440	2009-09-08 00:00:00	2009-09-02 00:00:00	ISP	Long Island McArthur, Islip	Southwest Airlines	Passenger Property Loss	Checked Baggage	184.65	Clothing & Accessories,Games & Toys	Denied	0.0	Deny
141581	2009091763755	2009-09-11 00:00:00	2009-09-02 00:00:00	ISP	Long Island McArthur, Islip	Southwest Airlines	Passenger Property Loss	Checked Baggage	184.65	Other	Canceled		
142418	2009100764405	2009-10-06 00:00:00	2009-09-12 00:00:00	ISP	Long Island McArthur, Islip		Passenger Property Loss	Checked Baggage	450.0	Electronics	Denied	0.0	Deny
142684	2009102664684	2009-10-16 00:00:00	2009-09-15 00:00:00	ISP	Long Island McArthur, Islip	Southwest Airlines	Passenger Property Loss	Checked Baggage	10.0	Tools & Machines	Approved	10.0	Approve in Full
142838	2009102864864	2009-10-21 00:00:00	2009-09-09 00:00:00	ISP	Long Island McArthur, Islip	Southwest Airlines	Passenger Property Loss	Checked Baggage	28.23	Clothing & Accessories	Denied	0.0	Deny
145222	2010012067658	2010-01-13 00:00:00	2010-01-01 11:00:00	ISP	Long Island McArthur, Islip	Southwest Airlines	Passenger Property Loss	Checked Baggage		Cosmetics		0.0	Deny
146252	2010031069389	2010-03-01 00:00:00	2010-01-18 11:00:00	ISP	Long Island McArthur, Islip	Southwest Airlines	Passenger Property Loss	Checked Baggage		Other			
146445	2010031369563	2010-03-08 00:00:00	2010-02-14 06:30:00	ISP	Long Island McArthur, Islip	Southwest Airlines	Passenger Property Loss	Checked Baggage		Cosmetics		32.28	Approve in Full
148714	2010051871924	2010-05-17 00:00:00	2010-05-03 13:00:00	ISP	Long Island McArthur, Islip	Southwest Airlines	Passenger Property Loss	Checked Baggage		Cosmetics			
149257	2010060872532	2010-06-02 00:00:00	2010-05-27 13:55:00	ISP	Long Island McArthur, Islip	Southwest Airlines	Passenger Property Loss	Checked Baggage		Other,Electronics			
153453	2010101376912	2010-10-04 00:00:00	2010-09-25 06:30:00	ISP	Long Island McArthur, Islip	Southwest Airlines	Passenger Property Loss	Checked Baggage		Clothing & Accessories		0.0	Deny
155204	2010121378734	2010-11-30 00:00:00	2010-11-04 09:00:00	ISP	Long Island McArthur, Islip	Southwest Airlines	Passenger Property Loss	Checked Baggage		Cosmetics		0.0	Deny
157349	2011030280756	2011-02-08 00:00:00	2010-10-15 10:20:00	ISP	Long Island McArthur, Islip	Southwest Airlines	Passenger Property Loss	Checked Baggage		Watches & Jewelry			
157716	2011032181343	2011-02-22 00:00:00	2011-01-31 00:00:00	ISP	Long Island McArthur, Islip	Southwest Airlines	Passenger Property Loss	Checkpoint		Watches & Jewelry,Electronics		829.25	Settle
158632	2011041182080	2011-03-24 00:00:00	2011-03-17 05:33:00	ISP	Long Island McArthur, Islip	Southwest Airlines	Passenger Property Loss	Checked Baggage		Watches & Jewelry			
159065	2011040782013	2011-04-07 00:00:00	2011-04-07 00:00:00	ISP	Long Island McArthur, Islip	Southwest Airlines	Passenger Property Loss	Checked Baggage		Scientific Intruments		0.0	Deny
162340	2011081085907	2011-07-25 00:00:00	2011-07-08 00:00:00	ISP	Long Island McArthur, Islip	Southwest Airlines	Passenger Property Loss	Checked Baggage		Games & Toys		0.0	Deny
165744	2011113089235	2011-11-15 00:00:00	2011-10-25 06:35:00	ISP	Long Island McArthur, Islip	Southwest Airlines	Passenger Property Loss	Checkpoint		Containers,Other		0.0	Deny
169494	2012041792995	2012-03-26 00:00:00	2011-08-02 00:00:00	ISP	Long Island McArthur, Islip	Southwest Airlines	Passenger Property Loss	Checked Baggage		Other		0.0	Deny
170058	2012050893696	2012-04-16 00:00:00	2012-02-23 00:00:00	ISP	Long Island McArthur, Islip	Southwest Airlines	Passenger Property Loss	Checked Baggage		Cosmetics		8.99	Approve in Full
171109	2012052294135	2012-05-22 00:00:00	2012-03-28 10:30:00	ISP	Long Island McArthur, Islip	Southwest Airlines	Passenger Property Loss	Checkpoint		Watches & Jewelry		0.0	Deny
171151	2012060994689	2012-05-23 00:00:00	2012-05-14 00:00:00	ISP	Long Island McArthur, Islip	Southwest Airlines	Passenger Property Loss	Checkpoint		Electronics		0.0	Deny
172582	2012082896304	2012-07-16 00:00:00	2012-06-26 10:55:00	ISP	Long Island McArthur, Islip	Southwest Airlines	Passenger Property Loss	Checked Baggage		Food & Drink		10.0	Approve in Full
175037	2012112198816	2012-10-11 00:00:00	2012-08-18 00:00:00	ISP	Long Island McArthur, Islip	Southwest Airlines	Passenger Property Loss	Checked Baggage		Clothing & Accessories,Cosmetics		150.0	Settle
177390	2013020701194	2013-01-14 00:00:00	2012-10-01 00:00:00	ISP	Long Island McArthur, Islip	Southwest Airlines	Passenger Property Loss	Checked Baggage		Office Supplies,Other		52.0	Approve in Full
180122	2013052103762	2013-04-24 00:00:00	2011-04-22 09:30:00	ISP	Long Island McArthur, Islip	Southwest Airlines	Passenger Property Loss	Checked Baggage		Clothing & Accessories		65.18	Approve in Full
182080	2013072305359	2013-07-03 00:00:00	2013-06-30 18:30:00	ISP	Long Island McArthur, Islip	Southwest Airlines	Passenger Property Loss	Checked Baggage		Outdoors Supplies		100.25	Settle
184436	2013103008351	2013-09-23 00:00:00	2013-08-18 00:00:00	ISP	Long Island McArthur, Islip	Southwest Airlines	Passenger Property Loss	Checked Baggage		Clothing & Accessories		40.0	Approve in Full
187191	2014011710942	2014-01-14 00:00:00	2013-12-29 00:00:00	ISP	Long Island McArthur, Islip	Southwest Airlines	Passenger Property Loss	Checked Baggage		Clothing & Accessories		0.0	Deny
187543	2014013011301	2014-01-27 00:00:00	2013-12-17 00:00:00	ISP	Long Island McArthur, Islip	Southwest Airlines	Passenger Property Loss	Checked Baggage		Watches & Jewelry		0.0	Deny
187733	2014020511493	2014-02-05 00:00:00	2014-01-26 00:00:00	ISP	Long Island McArthur, Islip	Southwest Airlines	Passenger Property Loss	Checkpoint		Clothing & Accessories			
188055	2014022011824	2014-02-17 00:00:00	2014-01-06 00:00:00	ISP	Long Island McArthur, Islip		Passenger Property Loss	Checked Baggage		Cosmetics,Scientific Intruments		187.84	Approve in Full
198968	2015071723937	2015-07-17 00:00:00	2015-05-29 00:00:00	ISP	Long Island McArthur, Islip	Southwest Airlines	Passenger Property Loss	Checked Baggage		Outdoors Supplies		75.0	Approve in Full
198969	2015092125484	2015-09-02 00:00:00	2015-08-17 00:00:00	ISP	Long Island McArthur, Islip	Southwest Airlines	Passenger Property Loss	Checked Baggage		Office Supplies,Electronics		150.0	Approve in Full
198970	2015092325563	2015-09-07 00:00:00	2015-07-17 00:00:00	ISP	Long Island McArthur, Islip		Passenger Property Loss	Checked Baggage		Clothing & Accessories		0.0	Deny
198972	2015102026101	2015-09-29 00:00:00	2015-09-25 00:00:00	ISP	Long Island McArthur, Islip	USAir	Passenger Property Loss	Checked Baggage		Clothing & Accessories		0.0	Deny
198973	2015102626300	2015-10-03 00:00:00	2015-09-25 00:00:00	ISP	Long Island McArthur, Islip	Southwest Airlines	Passenger Property Loss	Checked Baggage		Outdoors Supplies		90.0	Settle
207587	2016032930180	2016-03-14 00:00:00	2016-03-11 12:30:00	ISP	Long Island McArthur, Islip Long Island McArthur, Islip	Southwest Airlines	Passenger Property Loss	Checked Baggage		Electronics		50.0	Approve in Full
207588	2016090133422	2016-07-21 00:00:00	2016-06-28 06:10:00	ISP	Long Island McArthur, Islip Long Island McArthur, Islip	Southwest Airlines	Passenger Property Loss	Checked Baggage		Clothing & Accessories,Cosmetics,Other		0.0	Deny
207589	2016121936027	2016-10-25 00:00:00	2016-09-26 14:50:00	ISP	Long Island McArthur, Islip Long Island McArthur, Islip	Southwest Airlines	Passenger Property Loss	Checked Baggage		Outdoors Supplies			In Review
207590	2016051131233	2016-04-25 00:00:00	2016-04-09 08:30:00	ISP	Long Island McArthur, Islip Long Island McArthur, Islip		Passenger Property Loss	Checkpoint		Watches & Jewelry		300.0	Settle
215817	2017091142841	2017-07-13 00:00:00	2017-07-03 00:00:00	ISP	Long Island McArthur, Islip Long Island McArthur, Islip	Southwest Airlines	Passenger Property Loss	Checked Baggage		Containers,Cosmetics			In Review
215818	2018010946629	2017-12-14 00:00:00	2017-11-27 15:20:00	ISP	Long Island McArthur, Islip Long Island McArthur, Islip	Frontier Airlines	Passenger Property Loss	Checkpoint		Other			In Review
215819	2017121245964	2017-11-20 00:00:00	2017-10-27 17:05:00	ISP	Long Island McArthur, Islip Long Island McArthur, Islip	Southwest Airlines	Passenger Property Loss	Checked Baggage		Cosmetics			In Review