id	claim_number	date_received	incident_date	airport_code	airport_name	airline	claim_type	claim_site	claim_amount	items	status	close_amount	disposition
29791	2004042350040	2004-03-10 00:00:00	2004-02-19 00:00:00	ITO	Hilo International	Hawaiian Airlines	Passenger Property Loss	Checked Baggage	2000.0	Other	Denied	0.0	Deny
34339	2004060254314	2004-05-04 00:00:00	2004-04-11 00:00:00	ITO	Hilo International		Passenger Property Loss	Checked Baggage	15.0	Tools & Machines	Denied	0.0	Deny
34564	2004060754989	2004-05-05 00:00:00	2003-01-29 00:00:00	ITO	Hilo International	USAir	Passenger Property Loss	Checked Baggage	241.7	Electronics	Approved	241.7	Approve in Full
34870	2004061455679	2004-05-10 00:00:00	2004-04-14 00:00:00	ITO	Hilo International	Aloha Airlines	Passenger Property Loss	Checked Baggage	12.49	Other	Approved	12.49	Approve in Full
35734	2004061756103	2004-05-19 00:00:00	2004-02-22 00:00:00	ITO	Hilo International	Aloha Airlines	Passenger Property Loss	Checked Baggage	189.0	Other	Settled	70.89	Settle
44689	2004092964188	2004-09-13 00:00:00	2004-07-31 00:00:00	ITO	Hilo International	Hawaiian Airlines	Passenger Theft	Checked Baggage	79.99	Electronics	Denied		Deny
45041	2004092263555	2004-09-16 00:00:00	2004-08-19 00:00:00	ITO	Hilo International		Passenger Property Loss	Checked Baggage	380.0	Other	Denied	0.0	Deny
55817	2005022276619	2005-01-27 00:00:00	2005-01-08 00:00:00	ITO	Hilo International	Continental Airlines	Passenger Property Loss	Checked Baggage	150.0	Other	Settled	50.0	Settle
59065	2005033180647	2005-03-09 00:00:00	2004-12-04 00:00:00	ITO	Hilo International		Passenger Property Loss	Checked Baggage	200.0	Other	Denied		Deny
60086	2005032579858	2005-03-24 00:00:00	2005-02-25 00:00:00	ITO	Hilo International	Aloha Airlines	Passenger Property Loss	Checked Baggage	13.55	Other	Approved	13.55	Approve in Full
62989	2005050383918	2005-05-02 00:00:00	2005-04-17 00:00:00	ITO	Hilo International		Passenger Property Loss	Checkpoint	35.0	Other	Denied	0.0	Deny
65826	2005062186715	2005-06-09 00:00:00	2005-05-16 00:00:00	ITO	Hilo International	Hawaiian Airlines	Passenger Property Loss	Checked Baggage	59.94	Other	Denied	0.0	Deny
68676	2005072289464	2005-07-22 00:00:00	2005-06-28 00:00:00	ITO	Hilo International	Hawaiian Airlines	Passenger Property Loss	Checked Baggage		Watches & Jewelry	Insufficient, one of the following items required: sum certain, statement of fact, signature, location of incident, and date.		
70293	2005082391254	2005-08-16 00:00:00	2005-07-29 00:00:00	ITO	Hilo International	Aloha Airlines	Passenger Property Loss	Checked Baggage	138.76	Electronics	Settled	69.38	Settle
71676	2005092092877	2005-09-09 00:00:00	2005-08-13 00:00:00	ITO	Hilo International	Hawaiian Airlines	Passenger Property Loss	Checked Baggage	314.95	Clothing & Accessories	Approved	314.95	Approve in Full
72518	2005093093574	2005-09-21 00:00:00	2005-08-27 00:00:00	ITO	Hilo International	Hawaiian Airlines	Passenger Property Loss	Checked Baggage	894.19	Clothing & Accessories,Watches & Jewelry,Other	Denied	0.0	Deny
78235	2006011199405	2006-01-06 00:00:00	2005-06-15 00:00:00	ITO	Hilo International		Passenger Property Loss	Checkpoint	230.0	Watches & Jewelry	Denied	0.0	Deny
79374	2006013000503	2006-01-24 00:00:00	2006-01-07 00:00:00	ITO	Hilo International	Hawaiian Airlines	Passenger Property Loss	Checked Baggage	24.0	Other	Approved	24.0	Approve in Full
80463	2006021501625	2006-02-09 00:00:00	2005-12-18 00:00:00	ITO	Hilo International	Hawaiian Airlines	Passenger Property Loss	Checked Baggage	15.9	Other	Denied	0.0	Deny
85676	2006052506966	2006-05-23 00:00:00	2006-03-14 00:00:00	ITO	Hilo International	Hawaiian Airlines	Passenger Property Loss	Checkpoint	60.0	Other	Approved	60.0	Approve in Full
85783	2006052607043	2006-05-24 00:00:00	2006-05-04 00:00:00	ITO	Hilo International	Hawaiian Airlines	Passenger Property Loss	Checked Baggage	10.42	Tools & Machines	Approved	10.42	Approve in Full
87084	2006062008291	2006-06-20 00:00:00	2006-06-12 00:00:00	ITO	Hilo International	Aloha Airlines	Passenger Property Loss	Checked Baggage	36.25	Electronics,Tools & Machines	Denied	0.0	Deny
87398	2006062808664	2006-06-27 00:00:00	2006-06-07 00:00:00	ITO	Hilo International	Delta Air Lines	Passenger Property Loss	Checked Baggage	400.0	Other	Denied	0.0	Deny
89265	2006081410958	2006-08-01 00:00:00	2006-08-01 00:00:00	ITO	Hilo International	Hawaiian Airlines	Passenger Property Loss	Checked Baggage	768.55	Electronics,Electronics,Electronics,Electronics,Other	Settled	609.86	Settle
91314	2006091412524	2006-09-08 00:00:00	2006-07-16 00:00:00	ITO	Hilo International	Aloha Airlines	Passenger Property Loss	Checked Baggage	945.0	Electronics,Electronics,Electronics,Electronics,Electronics,Electronics,Electronics,Electronics	Settled	294.8	Settle
92423	2006100513657	2006-10-02 00:00:00	2006-09-05 00:00:00	ITO	Hilo International		Passenger Property Loss	Checkpoint	260.0	Electronics	Denied	0.0	Deny
92546	2006101113863	2006-10-03 00:00:00	2006-09-20 00:00:00	ITO	Hilo International	Aloha Airlines	Passenger Property Loss	Checked Baggage	290.0	Electronics	Denied	0.0	Deny
94161	2006110915401	2006-11-06 00:00:00	2006-11-02 00:00:00	ITO	Hilo International	Hawaiian Airlines	Passenger Property Loss	Checked Baggage	240.0	Games & Toys	Denied	0.0	Deny
94723	2006112216042	2006-11-16 00:00:00	2006-09-15 00:00:00	ITO	Hilo International	Go	Passenger Property Loss	Checked Baggage	11.5	Tools & Machines	Approved	11.5	Approve in Full
95986	2006121917369	2006-12-11 00:00:00	2006-11-24 00:00:00	ITO	Hilo International	Hawaiian Airlines	Passenger Property Loss	Checked Baggage	10500.0	Watches & Jewelry	Denied	0.0	Deny
96333	2006122117664	2006-12-18 00:00:00	2006-11-30 00:00:00	ITO	Hilo International		Passenger Property Loss	Checked Baggage	750.0	Watches & Jewelry	Denied	0.0	Deny
97883	2007011818981	2007-01-10 00:00:00	2006-12-26 00:00:00	ITO	Hilo International	Hawaiian Airlines	Passenger Property Loss	Checkpoint	543.12	Watches & Jewelry	Denied	0.0	Deny
98695	2007012919744	2007-01-24 00:00:00	2006-11-11 00:00:00	ITO	Hilo International	Hawaiian Airlines	Passenger Property Loss	Checked Baggage	9.95	Tools & Machines	Approved	9.95	Approve in Full
100487	2007022821704	2007-02-27 00:00:00	2007-02-20 00:00:00	ITO	Hilo International	UAL	Passenger Property Loss	Checked Baggage	85.64	Tools & Machines,Clothing & Accessories	Denied	0.0	Deny
103324	2007042624508	2007-04-23 00:00:00	2007-04-14 00:00:00	ITO	Hilo International	Hawaiian Airlines	Passenger Property Loss	Checked Baggage	424.0	Watches & Jewelry	Settled	193.76	Settle
103396	2007042724685	2007-04-25 00:00:00	2006-12-30 00:00:00	ITO	Hilo International	Hawaiian Airlines	Passenger Property Loss	Checked Baggage	173.94	Games & Toys,Other	Denied	0.0	Deny
104082	2007051425337	2007-05-10 00:00:00	2007-05-02 00:00:00	ITO	Hilo International		Passenger Property Loss	Checked Baggage	1352.0	Cosmetics,Watches & Jewelry	Denied	0.0	Deny
105023	2007060526253	2007-05-31 00:00:00	2007-05-08 00:00:00	ITO	Hilo International	Hawaiian Airlines	Passenger Property Loss	Checked Baggage	12.5	Tools & Machines	Approved	12.5	Approve in Full
105732	2007061526979	2007-06-13 00:00:00	2007-06-08 00:00:00	ITO	Hilo International	Hawaiian Airlines	Passenger Property Loss	Checked Baggage	200.0	Other	Denied	0.0	Deny
107992	2007073029322	2007-07-26 00:00:00	2007-07-21 00:00:00	ITO	Hilo International	Hawaiian Airlines	Passenger Property Loss	Checked Baggage	900.0	Electronics,Games & Toys,Electronics	Denied	0.0	Deny
108155	2007080229504	2007-07-30 00:00:00	2007-06-14 00:00:00	ITO	Hilo International	Hawaiian Airlines	Passenger Property Loss	Checked Baggage	29.17	Other	Denied	0.0	Deny
108553	2007080829847	2007-08-06 00:00:00	2007-06-11 00:00:00	ITO	Hilo International	Hawaiian Airlines	Passenger Property Loss	Checked Baggage	1037.17	Containers,Electronics,Other	Denied	0.0	Deny
109324	2007082330740	2007-08-21 00:00:00	2007-06-29 00:00:00	ITO	Hilo International	Aloha Airlines	Passenger Property Loss	Checked Baggage	50.0	Other	Approved	50.0	Approve in Full
111165	2007092432473	2007-09-24 00:00:00	2006-04-15 00:00:00	ITO	Hilo International	Hawaiian Airlines	Passenger Property Loss	Checked Baggage	72.03	Office Supplies,Electronics	Denied	0.0	Deny
111199	2007092732636	2007-09-24 00:00:00	2007-09-11 00:00:00	ITO	Hilo International		Passenger Property Loss	Checked Baggage	42.0	Supplies,Other	Denied	0.0	Deny
121418	2008042243083	2008-04-15 00:00:00	2008-03-23 00:00:00	ITO	Hilo International	Hawaiian Airlines	Passenger Property Loss	Checked Baggage	110.89	Watches & Jewelry	Denied	0.0	Deny
125868	2008072947591	2008-07-23 00:00:00	2008-07-20 00:00:00	ITO	Hilo International		Passenger Property Loss	Checkpoint	375.0	Watches & Jewelry	Approved	375.0	Approve in Full
127776	2008090849601	2008-09-03 00:00:00	2008-07-24 00:00:00	ITO	Hilo International	Go	Passenger Property Loss	Checked Baggage	35.0	Outdoors Supplies	Denied	0.0	Deny
127981	2008091249842	2008-09-08 00:00:00	2008-08-14 00:00:00	ITO	Hilo International	Go	Passenger Property Loss	Checkpoint	129.97	Electronics	Denied	0.0	Deny
131519	2008111752323	2008-12-09 00:00:00	2008-10-11 00:00:00	ITO	Hilo International	Hawaiian Airlines	Passenger Property Loss	Checked Baggage	75.0	Other	Denied	0.0	Deny
132661	2009011554554	2009-01-09 00:00:00	2008-12-28 00:00:00	ITO	Hilo International	Mesa Airlines	Passenger Property Loss	Checked Baggage	175.2	Watches & Jewelry	Approved	175.2	Approve in Full
133630	2009021355528	2009-02-03 00:00:00	2009-01-08 00:00:00	ITO	Hilo International	Hawaiian Airlines	Passenger Property Loss	Checked Baggage	36.0	Tools & Machines	Approved	36.0	Approve in Full
134873	2009041157298	2009-03-10 00:00:00	2009-02-15 00:00:00	ITO	Hilo International	Hawaiian Airlines	Passenger Property Loss	Checked Baggage	14.85	Cosmetics	Approved	14.85	Approve in Full
134893	2009032056713	2009-03-10 00:00:00	2009-02-17 00:00:00	ITO	Hilo International	Hawaiian Airlines	Passenger Property Loss	Checked Baggage	2399.0	Watches & Jewelry	Denied	0.0	Deny
135161	2009040157108	2009-03-17 00:00:00	2009-01-17 00:00:00	ITO	Hilo International		Passenger Property Loss	Checkpoint	130.0	Household Items	Denied	0.0	Deny
138980	2009071361134	2009-07-01 00:00:00	2009-06-09 00:00:00	ITO	Hilo International	Hawaiian Airlines	Passenger Property Loss	Checked Baggage	340.0	Other	Approved	340.0	Approve in Full
139892	2009072861883	2009-07-24 00:00:00	2009-07-02 00:00:00	ITO	Hilo International	Hawaiian Airlines	Passenger Property Loss	Checked Baggage	429.99	Electronics	Denied	0.0	Deny
141963	2009091663699	2009-09-22 00:00:00	2009-08-28 00:00:00	ITO	Hilo International	Mesa Airlines	Passenger Property Loss	Checked Baggage	575.0	Clothing & Accessories,Clothing & Accessories	Denied	0.0	Deny
143055	2009110265027	2009-10-28 00:00:00	2009-10-14 09:00:00	ITO	Hilo International	Hawaiian Airlines	Passenger Property Loss	Checked Baggage	50.0	Watches & Jewelry	Canceled		
146181	2010030669195	2010-02-26 00:00:00	2010-02-01 00:00:00	ITO	Hilo International	Hawaiian Airlines	Passenger Property Loss	Checked Baggage		Watches & Jewelry,Outdoors Supplies		0.0	Deny
147391	2010040970627	2010-04-05 00:00:00	2010-03-26 00:00:00	ITO	Hilo International	Hawaiian Airlines	Passenger Property Loss	Checkpoint		Cosmetics			
151690	2010081975063	2010-08-13 00:00:00	2010-08-04 17:45:00	ITO	Hilo International	Hawaiian Airlines	Passenger Property Loss	Checked Baggage		Electronics		0.0	Deny
154515	2010111877975	2010-11-08 00:00:00	2010-10-29 11:29:00	ITO	Hilo International	Hawaiian Airlines	Passenger Property Loss	Checked Baggage		Clothing & Accessories		0.0	Deny
155941	2011010879282	2010-12-28 00:00:00	2010-12-12 11:13:00	ITO	Hilo International	Hawaiian Airlines	Passenger Property Loss	Checked Baggage		Food & Drink		13.75	Approve in Full
155954	2011010879309	2010-12-28 00:00:00	2010-12-03 00:00:00	ITO	Hilo International	Hawaiian Airlines	Passenger Property Loss	Checked Baggage		Cosmetics		0.0	Deny
158937	2011041382363	2011-04-04 00:00:00	2011-03-19 09:37:00	ITO	Hilo International	Hawaiian Airlines	Passenger Property Loss	Checked Baggage		Clothing & Accessories,Watches & Jewelry		0.0	Deny
160219	2011052483736	2011-05-16 00:00:00	2011-04-17 15:00:00	ITO	Hilo International	Hawaiian Airlines	Passenger Property Loss	Checked Baggage		Other		267.01	Approve in Full
161562	2011070885071	2011-06-28 00:00:00	2010-12-02 18:20:00	ITO	Hilo International	Hawaiian Airlines	Passenger Property Loss	Checked Baggage		Other		115.49	Settle
163762	2011100387334	2011-09-07 00:00:00	2011-08-12 13:00:00	ITO	Hilo International	Hawaiian Airlines	Passenger Property Loss	Checked Baggage		Household Items		0.0	Deny
166136	2011121989767	2011-11-29 00:00:00	2011-10-26 11:00:00	ITO	Hilo International		Passenger Property Loss	Checkpoint		Containers,Cosmetics		100.0	Settle
167897	2012030691564	2012-01-27 00:00:00	2011-12-30 00:00:00	ITO	Hilo International	Hawaiian Airlines	Passenger Property Loss	Checked Baggage		Watches & Jewelry		0.0	Deny
168496	2012021791159	2012-02-17 00:00:00	2011-12-14 00:00:00	ITO	Hilo International	Hawaiian Airlines	Passenger Property Loss	Checked Baggage		Cosmetics		20.81	Approve in Full
168844	2012042493139	2012-02-29 00:00:00	2012-02-25 21:25:00	ITO	Hilo International	Continental Airlines	Passenger Property Loss	Checked Baggage		Clothing & Accessories		29.39	Settle
172005	2012072595709	2012-06-22 00:00:00	2012-06-11 10:45:00	ITO	Hilo International	Hawaiian Airlines	Passenger Property Loss	Checked Baggage		Cosmetics		14.87	Approve in Full
172731	2012071995521	2012-07-19 00:00:00	2012-06-08 00:00:00	ITO	Hilo International	Hawaiian Airlines	Passenger Property Loss	Checked Baggage		Cosmetics		15.0	Approve in Full
177394	2013020701206	2013-01-14 00:00:00	2012-09-08 00:00:00	ITO	Hilo International	Hawaiian Airlines	Passenger Property Loss	Checked Baggage		Clothing & Accessories		29.32	Approve in Full
177631	2013021301367	2013-01-22 00:00:00	2012-10-30 00:00:00	ITO	Hilo International	UAL	Passenger Property Loss	Checkpoint		Watches & Jewelry		0.0	Deny
180142	2013051303632	2013-04-25 00:00:00	2013-04-09 00:00:00	ITO	Hilo International	Hawaiian Airlines	Passenger Property Loss	Checkpoint		Watches & Jewelry		0.0	Deny
180631	2013061304357	2013-05-14 00:00:00	2013-04-11 12:00:00	ITO	Hilo International	Hawaiian Airlines	Passenger Property Loss	Checked Baggage		Outdoors Supplies			
181561	2013080205616	2013-06-17 00:00:00	2013-02-25 12:00:00	ITO	Hilo International	Hawaiian Airlines	Passenger Property Loss	Checkpoint		Electronics		49.99	Settle
181802	2013062804939	2013-06-25 00:00:00	2013-06-22 19:45:00	ITO	Hilo International	UAL	Passenger Property Loss	Checked Baggage		Outdoors Supplies		41.08	Approve in Full
183046	2013091707018	2013-08-06 00:00:00	2013-07-22 07:00:00	ITO	Hilo International	Hawaiian Airlines	Passenger Property Loss	Checked Baggage		Cosmetics		9.95	Approve in Full
183478	2013102207589	2013-08-19 00:00:00	2013-07-04 10:30:00	ITO	Hilo International	Hawaiian Airlines	Passenger Property Loss	Checked Baggage		Watches & Jewelry,Musical Intruments,Clothing & Accessories		0.0	Deny
184392	2013110108519	2013-09-19 00:00:00	2013-08-15 14:30:00	ITO	Hilo International	Hawaiian Airlines	Passenger Property Loss	Checked Baggage		Cosmetics		3.85	Approve in Full
185235	2013110708831	2013-10-29 00:00:00	2013-06-03 06:18:00	ITO	Hilo International	Hawaiian Airlines	Passenger Property Loss	Checked Baggage		Cosmetics			
185950	2013120309787	2013-11-27 00:00:00	2013-10-07 00:00:00	ITO	Hilo International	Hawaiian Airlines	Passenger Property Loss	Checked Baggage		Cosmetics			
190152	2014051513966	2014-05-12 00:00:00	2014-04-29 00:00:00	ITO	Hilo International	UAL	Passenger Property Loss	Checked Baggage		Outdoors Supplies			
190259	2014052014074	2014-05-14 00:00:00	2014-04-29 00:00:00	ITO	Hilo International	Hawaiian Airlines	Passenger Property Loss	Checked Baggage		Cosmetics		78.53	Settle
195298	2014121619238	2014-12-17 00:00:00	2014-12-15 00:00:00	ITO	Hilo International	Hawaiian Airlines	Passenger Property Loss	Checked Baggage		Outdoors Supplies			
198979	2015052122657	2015-05-14 00:00:00	2015-03-10 00:00:00	ITO	Hilo International	Hawaiian Airlines	Passenger Property Loss	Checked Baggage		Clothing & Accessories,Food & Drink,Food & Drink,Scientific Intruments,Outdoors Supplies		0.0	Deny
198980	2015060222901	2015-05-28 00:00:00	2015-05-11 00:00:00	ITO	Hilo International	Hawaiian Airlines	Passenger Property Loss	Checked Baggage		Cosmetics		15.0	Approve in Full
198981	2015060222902	2015-05-28 00:00:00	2014-05-11 00:00:00	ITO	Hilo International		Passenger Property Loss	Checked Baggage		Cosmetics			
207593	2016061532232	2016-06-02 00:00:00	2016-05-29 20:15:00	ITO	Hilo International Hilo International	Hawaiian Airlines	Passenger Property Loss	Checked Baggage		Watches & Jewelry		0.0	Deny
207594	2016122236141	2016-10-27 00:00:00	2016-09-21 13:34:00	ITO	Hilo International Hilo International	Hawaiian Airlines	Passenger Property Loss	Checked Baggage		Clothing & Accessories			In Review