id	claim_number	date_received	incident_date	airport_code	airport_name	airline	claim_type	claim_site	claim_amount	items	status	close_amount	disposition
119590	2008031841227	2008-03-12 00:00:00	2008-02-29 00:00:00	IWA	Mesa-Gateway Airport	Allegiant Air	Passenger Property Loss	Checked Baggage	502.0	Cosmetics	Denied	0.0	Deny
120796	2008040241741	2008-04-04 00:00:00	2007-12-16 00:00:00	IWA	Mesa-Gateway Airport		Passenger Property Loss	Checked Baggage	1525.0	Watches & Jewelry,Watches & Jewelry	Denied	0.0	Deny
122911	2008052344784	2008-05-19 00:00:00	2008-05-01 00:00:00	IWA	Mesa-Gateway Airport	Allegiant Air	Passenger Property Loss	Checked Baggage	53.96	Clothing & Accessories	Approved	53.96	Approve in Full
124452	2008062746296	2008-06-23 00:00:00	2008-06-16 00:00:00	IWA	Mesa-Gateway Airport	Allegiant Air	Passenger Property Loss	Checked Baggage	75.0	Weapons & Knives	Approved	75.0	Approve in Full
130055	2008110551863	2008-10-30 00:00:00	2008-10-17 00:00:00	IWA	Mesa-Gateway Airport	Allegiant Air	Passenger Property Loss	Checked Baggage	320.0	Cosmetics,Electronics	Denied	0.0	Deny
132462	2009011254340	2009-01-05 00:00:00	2008-12-04 00:00:00	IWA	Mesa-Gateway Airport	Allegiant Air	Passenger Property Loss	Checked Baggage	200.0	Watches & Jewelry	Denied	0.0	Deny
132727	2009011554598	2009-01-09 00:00:00	2008-12-21 00:00:00	IWA	Mesa-Gateway Airport	Allegiant Air	Passenger Property Loss	Checked Baggage	47.0	Cosmetics	Settled	23.5	Settle
134469	2009031856439	2009-02-27 00:00:00	2009-02-20 00:00:00	IWA	Mesa-Gateway Airport	Allegiant Air	Passenger Property Loss	Checked Baggage	17.0	Tools & Machines	Approved	17.0	Approve in Full
139197	2009071761407	2009-07-07 00:00:00	2009-06-20 00:00:00	IWA	Mesa-Gateway Airport	Allegiant Air	Passenger Property Loss	Checkpoint	32.0	Other	Denied	0.0	Deny
140098	2009080362131	2009-07-29 00:00:00	2009-05-14 00:00:00	IWA	Mesa-Gateway Airport	Allegiant Air	Passenger Property Loss	Checked Baggage	1332.0	Electronics	Denied	0.0	Deny
147642	2010041970953	2010-04-12 00:00:00	2010-02-06 10:55:00	IWA	Mesa-Gateway Airport	Allegiant Air	Passenger Property Loss	Checked Baggage		Cosmetics		9.36	Approve in Full
147740	2010030268939	2010-04-15 00:00:00	2010-01-28 12:15:00	IWA	Mesa-Gateway Airport	Allegiant Air	Passenger Property Loss	Checked Baggage		Containers,Cosmetics		129.99	Approve in Full
148738	2010052172010	2010-05-17 00:00:00	2010-04-09 13:00:00	IWA	Mesa-Gateway Airport	Allegiant Air	Passenger Property Loss	Checkpoint		Electronics		0.0	Deny
151368	2010081374754	2010-08-04 00:00:00	2010-07-04 14:00:00	IWA	Mesa-Gateway Airport	Allegiant Air	Passenger Property Loss	Checked Baggage		Electronics		202.76	Settle
154031	2010110277544	2010-10-21 00:00:00	2010-09-26 00:00:00	IWA	Mesa-Gateway Airport	Allegiant Air	Passenger Property Loss	Checked Baggage		Electronics,Clothing & Accessories		0.0	Deny
155188	2010120978643	2010-11-30 00:00:00	2010-11-21 08:30:00	IWA	Mesa-Gateway Airport	Allegiant Air	Passenger Property Loss	Checkpoint		Other,Other			
155589	2010122278981	2010-12-14 00:00:00	2010-04-26 06:40:00	IWA	Mesa-Gateway Airport	Allegiant Air	Passenger Property Loss	Checked Baggage		Watches & Jewelry		0.0	Deny
159278	2011041582730	2011-04-13 00:00:00	2011-04-07 00:00:00	IWA	Mesa-Gateway Airport	Allegiant Air	Passenger Property Loss	Checked Baggage		Other		45.0	Approve in Full
159597	2011050283100	2011-04-25 00:00:00	2011-03-25 00:00:00	IWA	Mesa-Gateway Airport	Allegiant Air	Passenger Property Loss	Checked Baggage		Watches & Jewelry		0.0	Deny
163712	2011100687625	2011-09-06 00:00:00	2011-08-04 00:00:00	IWA	Mesa-Gateway Airport	Allegiant Air	Passenger Property Loss	Checked Baggage		Electronics		0.0	Deny
169519	2012041993038	2012-03-26 00:00:00	2012-02-24 00:00:00	IWA	Mesa-Gateway Airport	Allegiant Air	Passenger Property Loss	Checked Baggage		Containers,Clothing & Accessories		118.52	Settle
175855	2012111398626	2012-11-13 00:00:00	2012-09-28 07:00:00	IWA	Mesa-Gateway Airport	Allegiant Air	Passenger Property Loss	Checkpoint		Scientific Intruments		39.4	Approve in Full
176019	2013010999701	2012-11-19 00:00:00	2012-11-16 18:30:00	IWA	Mesa-Gateway Airport	Allegiant Air	Passenger Property Loss	Checked Baggage		Watches & Jewelry		200.0	Approve in Full
180177	2013060303919	2013-04-25 00:00:00	2013-03-22 00:00:00	IWA	Mesa-Gateway Airport	Spirit Airlines	Passenger Property Loss	Checked Baggage		Watches & Jewelry		250.0	Approve in Full
181437	2013082006098	2013-06-12 00:00:00	2013-03-21 08:20:00	IWA	Mesa-Gateway Airport	Allegiant Air	Passenger Property Loss	Checked Baggage		Watches & Jewelry			
182966	2013091506919	2013-08-02 00:00:00	2013-06-30 08:15:00	IWA	Mesa-Gateway Airport	Allegiant Air	Passenger Property Loss	Checkpoint		Clothing & Accessories			
183802	2013102407827	2013-08-29 00:00:00	2013-08-02 14:10:00	IWA	Mesa-Gateway Airport	Allegiant Air	Passenger Property Loss	Checked Baggage		Outdoors Supplies			
187879	2014021111643	2014-02-07 00:00:00	2014-01-19 00:00:00	IWA	Mesa-Gateway Airport	Allegiant Air	Passenger Property Loss	Checked Baggage		Watches & Jewelry		441.75	Settle
191633	2014072915477	2014-07-08 00:00:00	2014-01-13 00:00:00	IWA	Mesa-Gateway Airport	Allegiant Air	Passenger Property Loss	Checkpoint		Watches & Jewelry			
198986	2015022420816	2015-02-24 00:00:00	2015-01-24 00:00:00	IWA	Mesa-Gateway Airport	Allegiant Air	Passenger Property Loss	Checked Baggage		Other		0.0	Deny
198987	2015031221177	2015-03-12 00:00:00	2015-03-04 00:00:00	IWA	Mesa-Gateway Airport	Allegiant Air	Passenger Property Loss	Checkpoint		Electronics			
198989	2015081724927	2015-08-06 00:00:00	2015-07-20 00:00:00	IWA	Mesa-Gateway Airport	Allegiant Air	Passenger Property Loss	Checked Baggage		Cosmetics		618.0	Settle
198990	2015082625084	2015-08-20 00:00:00	2015-07-11 00:00:00	IWA	Mesa-Gateway Airport	Allegiant Air	Passenger Property Loss	Checked Baggage		Containers,Watches & Jewelry,Watches & Jewelry,Other		0.0	Deny
207596	2016041930630	2016-03-30 00:00:00	2016-03-24 13:56:00	IWA	Mesa-Gateway Airport Mesa-Gateway Airport	Allegiant Air	Passenger Property Loss	Checked Baggage		Cosmetics		0.0	Deny
207597	2016101934885	2016-09-12 00:00:00	2016-08-12 00:00:00	IWA	Mesa-Gateway Airport Mesa-Gateway Airport	Allegiant Air	Passenger Property Loss	Checked Baggage		Cosmetics			In Review
215828	2017051939793	2017-04-11 00:00:00	2017-01-25 07:42:00	IWA	Mesa-Gateway Airport Mesa-Gateway Airport		Passenger Property Loss	Other		Other			In Review
215830	2017042739018	2017-03-15 00:00:00	2017-02-23 00:00:00	IWA	Mesa-Gateway Airport Mesa-Gateway Airport	Allegiant Air	Passenger Property Loss	Checked Baggage		Electronics		74.99	Approve in Full
215831	2018011046726	2017-12-28 00:00:00	2017-12-26 14:30:00	IWA	Mesa-Gateway Airport Mesa-Gateway Airport	Allegiant Air	Passenger Property Loss	Checked Baggage		Scientific Intruments			In Review