id	claim_number	date_received	incident_date	airport_code	airport_name	airline	claim_type	claim_site	claim_amount	items	status	close_amount	disposition
456	0616756L	2002-12-03 00:00:00	2003-02-04 00:00:00	JAX	Jacksonville International		Passenger Property Loss	Checkpoint	120.0	Other	Approved	120.0	Approve in Full
570	22424	2002-12-10 00:00:00	2002-12-03 00:00:00	JAX	Jacksonville International	American Airlines	Passenger Property Loss	Checkpoint	680.0	Watches & Jewelry	Settled	605.0	Settle
1005	0616798L	2002-12-30 00:00:00	2002-12-18 00:00:00	JAX	Jacksonville International		Passenger Property Loss	Checkpoint	29.95	Watches & Jewelry	Denied	0.0	Deny
1325	0114005L	2003-01-14 00:00:00	2002-12-21 00:00:00	JAX	Jacksonville International	Delta Air Lines	Passenger Property Loss	Checked Baggage	700.0	Other	Approved	700.0	Approve in Full
2026	0129016L	2003-01-29 00:00:00	2003-01-08 00:00:00	JAX	Jacksonville International	Southwest Airlines	Passenger Property Loss	Checked Baggage	395.89	Electronics	Settled	197.95	Settle
2391	0211004L	2003-02-11 00:00:00	2002-12-27 00:00:00	JAX	Jacksonville International	Delta Air Lines	Passenger Property Loss	Checkpoint	630.0	Containers	Approved	630.0	Approve in Full
2471	0211016L	2003-02-11 00:00:00	2003-01-02 00:00:00	JAX	Jacksonville International		Passenger Property Loss	Checkpoint	100.0	Other	Settled	100.0	Settle
2826	0224102L	2003-02-24 00:00:00	2003-02-09 00:00:00	JAX	Jacksonville International	UAL	Passenger Property Loss	Checked Baggage	1620.0	Clothing & Accessories	Settled	480.0	Settle
3065	0227026L	2003-02-27 00:00:00	2003-01-17 00:00:00	JAX	Jacksonville International		Passenger Property Loss	Checked Baggage	25.0	Other	Settled	12.5	Settle
3697	0314054L	2003-03-14 00:00:00	2003-02-09 00:00:00	JAX	Jacksonville International	Delta Air Lines	Passenger Property Loss	Checked Baggage	481.5	Watches & Jewelry	Settled	240.75	Settle
5018	0414006L	2003-04-14 00:00:00	2003-03-23 00:00:00	JAX	Jacksonville International		Passenger Property Loss	Checked Baggage	65.0	Clothing & Accessories	Settled	32.5	Settle
5528	0422036L	2003-04-22 00:00:00	2003-04-02 00:00:00	JAX	Jacksonville International	USAir	Passenger Property Loss	Checked Baggage	430.0	Electronics	Settled	215.0	Settle
6007	0505027L	2003-05-05 00:00:00	2003-03-31 00:00:00	JAX	Jacksonville International		Passenger Property Loss	Checked Baggage	172.99	Other	Denied	0.0	Deny
6454	0514001L	2003-05-14 00:00:00	2003-04-20 00:00:00	JAX	Jacksonville International	Northwest Airlines	Passenger Property Loss	Checked Baggage	838.0	Cosmetics	Denied	0.0	Deny
6500	0618091L	2003-05-14 00:00:00	2003-05-21 00:00:00	JAX	Jacksonville International	Southwest Airlines	Passenger Property Loss	Checkpoint	21.19	Other	Denied	0.0	Deny
6891	0522011L	2003-05-22 00:00:00	2003-04-07 00:00:00	JAX	Jacksonville International	American Airlines	Passenger Property Loss	Checked Baggage	323.0	Electronics	Approved	323.0	Approve in Full
7587	0603185L	2003-06-03 00:00:00	2003-03-19 00:00:00	JAX	Jacksonville International	Delta Air Lines	Passenger Property Loss	Checked Baggage	600.0	Other	Denied		Deny
8696	0617629L	2003-06-17 00:00:00	2003-01-04 00:00:00	JAX	Jacksonville International	American Airlines	Passenger Property Loss	Checked Baggage	30.0	Other	Approved	30.0	Approve in Full
9230	0624075M	2003-06-24 00:00:00	2003-06-11 00:00:00	JAX	Jacksonville International	USAir	Passenger Property Loss	Checkpoint	180.0	Clothing & Accessories	Settled	171.0	Settle
9697	0701174M	2003-07-01 00:00:00	2003-06-20 00:00:00	JAX	Jacksonville International	Continental Airlines	Passenger Property Loss	Checked Baggage	49.0	Other	Approved	49.0	Approve in Full
9979	0703065M	2003-07-03 00:00:00	2003-05-10 00:00:00	JAX	Jacksonville International	Southwest Airlines	Passenger Property Loss	Checked Baggage	648.82	Clothing & Accessories	Approved	648.82	Approve in Full
9985	0703530M	2003-07-03 00:00:00	2002-12-15 00:00:00	JAX	Jacksonville International	Delta Air Lines	Passenger Property Loss	Checked Baggage	264.49	Watches & Jewelry	Approved	264.49	Approve in Full
11236	0721045M	2003-07-21 00:00:00	2003-07-10 00:00:00	JAX	Jacksonville International	USAir	Passenger Property Loss	Checked Baggage	18.0	Other	Approved	18.0	Approve in Full
11541	0723095M	2003-07-23 00:00:00	2003-07-12 00:00:00	JAX	Jacksonville International	Delta Air Lines	Passenger Property Loss	Checked Baggage	89.95	Clothing & Accessories	Approved	89.95	Approve in Full
11557	0723136M	2003-07-23 00:00:00	2003-06-17 00:00:00	JAX	Jacksonville International	Delta Air Lines	Passenger Property Loss	Checked Baggage	90.0	Clothing & Accessories	Approved	90.0	Approve in Full
11598	0723051M	2003-07-23 00:00:00	2003-06-11 00:00:00	JAX	Jacksonville International	AirTran Airlines	Passenger Property Loss	Checked Baggage	24.0	Other	Denied	0.0	Deny
11723	0725029M	2003-07-25 00:00:00	2003-06-03 00:00:00	JAX	Jacksonville International	Delta Air Lines	Passenger Property Loss	Checked Baggage	1525.0	Other	Denied	0.0	Deny
12021	0729078M	2003-07-29 00:00:00	2003-07-07 00:00:00	JAX	Jacksonville International	UAL	Passenger Property Loss	Checked Baggage	245.0	Other	Settled	122.5	Settle
12108	0730043M	2003-07-30 00:00:00	2003-07-08 00:00:00	JAX	Jacksonville International		Passenger Property Loss	Checked Baggage	500.0	Containers	Denied	0.0	Deny
13482	0815064M	2003-08-15 00:00:00	2003-07-01 00:00:00	JAX	Jacksonville International	Southwest Airlines	Passenger Property Loss	Checked Baggage	144.57	Other	Denied	0.0	Deny
13720	0819141M	2003-08-19 00:00:00	2003-05-31 00:00:00	JAX	Jacksonville International	Southwest Airlines	Passenger Property Loss	Checked Baggage	400.0	Electronics	Canceled	0.0	
13883	0821061M	2003-08-21 00:00:00	2003-08-13 00:00:00	JAX	Jacksonville International		Passenger Property Loss	Checked Baggage	120.0	Other	Approved	120.0	Approve in Full
13959	0821112M	2003-08-21 00:00:00	2003-07-24 00:00:00	JAX	Jacksonville International	Northwest Airlines	Passenger Property Loss	Checked Baggage	35.9	Other	Denied	0.0	Deny
14686	0829047M	2003-08-29 00:00:00	2003-08-10 00:00:00	JAX	Jacksonville International	Northwest Airlines	Passenger Property Loss	Checked Baggage	820.0	Containers	Denied	0.0	Deny
14710	0829112M	2003-08-29 00:00:00	2003-07-11 00:00:00	JAX	Jacksonville International		Passenger Property Loss	Checked Baggage	220.0	Electronics	Denied	0.0	Deny
15619	0909174M	2003-09-09 00:00:00	2003-08-11 00:00:00	JAX	Jacksonville International	Delta Air Lines	Passenger Property Loss	Checked Baggage	388.0	Other	Settled	183.0	Settle
17054	1002188M	2003-10-02 00:00:00	2003-09-18 00:00:00	JAX	Jacksonville International		Passenger Property Loss	Checked Baggage		Other	Canceled	0.0	
17778	1009016M	2003-10-09 00:00:00	2003-09-22 00:00:00	JAX	Jacksonville International	Delta Air Lines	Passenger Property Loss	Checked Baggage	605.0	Watches & Jewelry	Settled	302.5	Settle
19684	1107136M	2003-11-07 00:00:00	2003-09-30 00:00:00	JAX	Jacksonville International	Southwest Airlines	Passenger Property Loss	Checked Baggage	531.12	Clothing & Accessories	Approved	531.12	Approve in Full
19847	1107155M	2003-11-07 00:00:00	2003-09-17 00:00:00	JAX	Jacksonville International		Passenger Property Loss	Other	900.0	Other	Denied	0.0	Deny
20324	1117178M	2003-11-17 00:00:00	2003-10-20 00:00:00	JAX	Jacksonville International		Passenger Property Loss	Checked Baggage	135.0	Other	Denied	0.0	Deny
22730	1217696M	2003-12-17 00:00:00	2003-11-24 00:00:00	JAX	Jacksonville International	Delta Air Lines	Passenger Property Loss	Checked Baggage	5.21	Other	Approved	5.21	Approve in Full
24537	0107408M	2004-01-07 00:00:00	2003-12-29 00:00:00	JAX	Jacksonville International	Delta Air Lines	Passenger Property Loss	Checked Baggage	149.99	Electronics	Settled	75.0	Settle
27038	0203519M	2004-02-03 00:00:00	2004-01-07 00:00:00	JAX	Jacksonville International		Passenger Property Loss	Checked Baggage	312.83	Electronics	Settled	156.42	Settle
27324	0210024M	2004-02-10 00:00:00	2004-01-22 00:00:00	JAX	Jacksonville International	USAir	Passenger Property Loss	Checked Baggage	40.95	Clothing & Accessories	Approved	40.95	Approve in Full
29028	0226042M	2004-02-26 00:00:00	2004-02-08 00:00:00	JAX	Jacksonville International	Continental Airlines	Passenger Property Loss	Checked Baggage	374.35	Watches & Jewelry	Settled	187.18	Settle
30684	2004042950196	2004-03-18 00:00:00	2004-03-07 00:00:00	JAX	Jacksonville International		Passenger Property Loss	Checked Baggage	3295.0	Watches & Jewelry	Denied	0.0	Deny
32062	2004060454686	2004-04-04 00:00:00	2004-02-25 00:00:00	JAX	Jacksonville International	AirTran Airlines	Passenger Property Loss	Checked Baggage	95.0	Other	Settled	47.5	Settle
32755	2004060654817	2004-04-20 00:00:00	2004-01-06 00:00:00	JAX	Jacksonville International		Passenger Property Loss	Checked Baggage	240.0	Other	Settled	240.0	Settle
33620	2004061555802	2004-04-23 00:00:00	2004-04-05 00:00:00	JAX	Jacksonville International		Passenger Property Loss	Checkpoint	200.0	Cosmetics	Denied		Deny
34038	2004060354600	2004-05-03 00:00:00	2004-03-17 00:00:00	JAX	Jacksonville International	Southwest Airlines	Passenger Property Loss	Checked Baggage	153.0	Other	Settled	76.5	Settle
34164	2004060454767	2004-05-04 00:00:00	2004-03-24 00:00:00	JAX	Jacksonville International		Passenger Property Loss	Checked Baggage	100.0	Clothing & Accessories	Approved	100.0	Approve in Full
34456	2004052453115	2004-05-04 00:00:00	2004-04-07 00:00:00	JAX	Jacksonville International		Passenger Property Loss	Checked Baggage	150.0	Other	Settled	75.0	Settle
34726	2004061455558	2004-05-05 00:00:00	2004-04-14 00:00:00	JAX	Jacksonville International		Passenger Property Loss	Checked Baggage	165.0	Supplies	Settled	82.5	Settle
34979	2004061455654	2004-05-10 00:00:00	2004-04-14 00:00:00	JAX	Jacksonville International	Southwest Airlines	Passenger Property Loss	Checked Baggage	1775.0	Other	Denied	0.0	Deny
35597	2004062156513	2004-05-19 00:00:00	2004-03-13 00:00:00	JAX	Jacksonville International	Delta Air Lines	Passenger Property Loss	Checked Baggage	1268.0	Other	Canceled	0.0	
35697	2004060955210	2004-05-19 00:00:00	2004-04-29 00:00:00	JAX	Jacksonville International	USAir	Passenger Property Loss	Checked Baggage	199.25	Watches & Jewelry	Settled	99.63	Settle
35747	2004061856237	2004-05-19 00:00:00	2004-04-21 00:00:00	JAX	Jacksonville International	AirTran Airlines	Passenger Property Loss	Checked Baggage	219.95	Other	Settled	109.97	Settle
36307	2004062257000	2004-05-27 00:00:00	2004-04-29 00:00:00	JAX	Jacksonville International	American Airlines	Passenger Property Loss	Checked Baggage	179.0	Clothing & Accessories	Denied	0.0	Deny
37991	2004070458285	2004-06-16 00:00:00	2004-03-08 00:00:00	JAX	Jacksonville International	USAir	Passenger Property Loss	Checked Baggage	2376.56	Electronics	Denied	0.0	Deny
38354	2004070758716	2004-06-21 00:00:00	2004-05-12 00:00:00	JAX	Jacksonville International	USAir	Passenger Property Loss	Checked Baggage	319.5	Electronics	Settled	159.75	Settle
38405	2004071258996	2004-06-22 00:00:00	2004-06-16 00:00:00	JAX	Jacksonville International		Passenger Property Loss	Checked Baggage	125.0	Clothing & Accessories	Approved	125.0	Approve in Full
39489	2004072760072	2004-07-09 00:00:00	2004-04-20 00:00:00	JAX	Jacksonville International	AirTran Airlines	Passenger Property Loss	Checkpoint	410.0	Watches & Jewelry	Approved	410.0	Approve in Full
39495	2004072760097	2004-07-09 00:00:00	2004-06-22 00:00:00	JAX	Jacksonville International	Continental Airlines	Passenger Property Loss	Checked Baggage	26.7	Other	Approved	26.7	Approve in Full
40329	2004102265571	2004-07-15 00:00:00	2004-06-15 00:00:00	JAX	Jacksonville International	AirTran Airlines	Passenger Property Loss	Checked Baggage	149.78	Electronics	Settled	125.3	Settle
40721	2004082661361	2004-07-21 00:00:00	2004-07-02 00:00:00	JAX	Jacksonville International		Passenger Property Loss	Checked Baggage	10.0	Other	Approved	10.0	Approve in Full
41406	2004090762234	2004-08-03 00:00:00	2004-07-07 00:00:00	JAX	Jacksonville International		Passenger Theft	Checked Baggage	20.0	Electronics	Approved	20.0	Approve in Full
41508	2004090161884	2004-08-03 00:00:00	2004-06-10 00:00:00	JAX	Jacksonville International	USAir	Passenger Property Loss	Checkpoint	6000.0	Watches & Jewelry	Denied	0.0	Deny
41634	2004092763998	2004-08-03 00:00:00	2004-07-06 00:00:00	JAX	Jacksonville International	Southwest Airlines	Passenger Property Loss	Checked Baggage	40.0	Other	Settled	10.0	Settle
42348	2004092763966	2004-08-10 00:00:00	2004-06-30 00:00:00	JAX	Jacksonville International	Delta Air Lines	Passenger Property Loss	Checked Baggage	210.0	Other	Denied	0.0	Deny
43554	2004100664653	2004-08-27 00:00:00	2004-08-04 00:00:00	JAX	Jacksonville International	Southwest Airlines	Passenger Theft	Checked Baggage	109.75	Other	Settled	54.87	Settle
44099	2004102065341	2004-09-09 00:00:00	2004-05-26 00:00:00	JAX	Jacksonville International	Northwest Airlines	Passenger Property Loss	Checked Baggage	10.99	Other	Approved	10.99	Approve in Full
44589	2004102165484	2004-09-10 00:00:00	2004-09-04 00:00:00	JAX	Jacksonville International	AirTran Airlines	Passenger Theft	Checked Baggage	225.0	Other	Settled	112.5	Settle
44637	2004112467807	2004-09-12 00:00:00	2004-08-13 00:00:00	JAX	Jacksonville International		Passenger Property Loss	Checked Baggage	86.0	Other	Denied		Deny
45122	2004092263539	2004-09-16 00:00:00	2004-08-09 00:00:00	JAX	Jacksonville International	Delta Air Lines	Passenger Property Loss	Checked Baggage	210.59	Electronics	Settled	105.3	Settle
46347	2004111266890	2004-09-29 00:00:00	2004-09-09 00:00:00	JAX	Jacksonville International	Jet Blue	Passenger Property Loss	Checked Baggage	155.0	Other	Settled	150.0	Settle
46578	2004111767271	2004-10-05 00:00:00	2004-08-26 00:00:00	JAX	Jacksonville International	USAir	Passenger Property Loss	Checked Baggage	47.99	Other	Approved	47.99	Approve in Full
46769	2004112067506	2004-10-05 00:00:00	2004-08-20 00:00:00	JAX	Jacksonville International	UAL	Passenger Property Loss	Checked Baggage	1321.13	Electronics	Denied	0.0	Deny
47577	2004120368427	2004-10-18 00:00:00	2004-10-03 00:00:00	JAX	Jacksonville International	Delta Air Lines	Passenger Property Loss	Checked Baggage	18.0	Other	Approved	18.0	Approve in Full
48586	2004122270492	2004-10-27 00:00:00	2004-10-18 00:00:00	JAX	Jacksonville International	Delta Air Lines	Passenger Property Loss	Checked Baggage	1130.0	Other	Settled	565.0	Settle
48862	2004122069416	2004-11-02 00:00:00	2004-10-10 00:00:00	JAX	Jacksonville International	AirTran Airlines	Passenger Property Loss	Checked Baggage	3000.0	Electronics	Denied	0.0	Deny
49534	2005010372109	2004-11-09 00:00:00	2004-10-28 00:00:00	JAX	Jacksonville International		Passenger Property Loss	Checked Baggage	21.39	Electronics	Approved	21.39	Approve in Full
49946	2004122270313	2004-11-15 00:00:00	2004-07-28 00:00:00	JAX	Jacksonville International		Passenger Property Loss	Checked Baggage	1500.0	Watches & Jewelry	Denied	0.0	Deny
49981	2004122270542	2004-11-15 00:00:00	2004-11-07 00:00:00	JAX	Jacksonville International		Passenger Property Loss	Checked Baggage	155.0	Clothing & Accessories	Denied	0.0	Deny
50498	2004122771033	2004-11-23 00:00:00	2004-02-13 00:00:00	JAX	Jacksonville International		Passenger Property Loss	Checked Baggage	22.0	Other	Approved	22.0	Approve in Full
51261	2004122270539	2004-12-07 00:00:00	2004-09-29 00:00:00	JAX	Jacksonville International	Delta Air Lines	Passenger Property Loss	Checked Baggage	42.9	Other	Approved	42.9	Approve in Full
51540	2005010372238	2004-12-07 00:00:00	2004-09-28 00:00:00	JAX	Jacksonville International		Passenger Property Loss	Checkpoint	145.0	Other	Settled	100.0	Settle
51824	2005010372313	2004-12-13 00:00:00	2004-12-03 00:00:00	JAX	Jacksonville International	USAir	Passenger Property Loss	Checked Baggage	1612.95	Electronics	Canceled	0.0	
52111	2005010472564	2004-12-14 00:00:00	2004-11-08 00:00:00	JAX	Jacksonville International		Passenger Property Loss	Checked Baggage	1280.0	Clothing & Accessories	Denied	0.0	Deny
53579	2005020275371	2005-01-04 00:00:00	2004-11-06 00:00:00	JAX	Jacksonville International	Delta Air Lines	Passenger Property Loss	Checked Baggage	230.0	Other	Denied	0.0	Deny
54507	2005013175087	2005-01-14 00:00:00	2004-12-30 00:00:00	JAX	Jacksonville International	American Airlines	Passenger Property Loss	Checked Baggage	250.0	Watches & Jewelry	Approved	250.0	Approve in Full
55221	2005021676254	2005-01-24 00:00:00	2004-11-15 00:00:00	JAX	Jacksonville International	Continental Airlines	Passenger Property Loss	Checkpoint	596.0	Clothing & Accessories	Approved	596.0	Approve in Full
55237	2005021676296	2005-01-24 00:00:00	2004-12-25 00:00:00	JAX	Jacksonville International		Passenger Property Loss	Checked Baggage	33.0	Clothing & Accessories	Approved	33.0	Approve in Full
59227	2005032880112	2005-03-14 00:00:00	2005-02-28 00:00:00	JAX	Jacksonville International	American Airlines	Passenger Property Loss	Checked Baggage	241.0	Other	Settled	120.0	Settle
59301	2005031878733	2005-03-15 00:00:00	2005-02-24 00:00:00	JAX	Jacksonville International	Independence Air	Passenger Property Loss	Checked Baggage	819.38	Watches & Jewelry	Settled	500.0	Settle
59710	2005033180767	2005-03-18 00:00:00	2005-03-05 00:00:00	JAX	Jacksonville International	Northwest Airlines	Passenger Property Loss	Checked Baggage	174.35	Other	Settled	125.0	Settle
59825	2005033180755	2005-03-23 00:00:00	2005-02-20 00:00:00	JAX	Jacksonville International		Passenger Property Loss	Checked Baggage	90.0	Other	Approved	90.0	Approve in Full
60399	2005040481204	2005-03-29 00:00:00	2005-03-14 00:00:00	JAX	Jacksonville International	USAir	Passenger Property Loss	Checked Baggage	250.0	Other	Settled	112.5	Settle
61751	2005041582611	2005-04-14 00:00:00	2005-03-22 00:00:00	JAX	Jacksonville International	USAir	Passenger Property Loss	Checked Baggage	600.0	Watches & Jewelry	Denied	0.0	Deny
62095	2005042183018	2005-04-19 00:00:00	2005-03-14 00:00:00	JAX	Jacksonville International	Delta Air Lines	Passenger Property Loss	Checkpoint	297.46	Electronics	Denied	0.0	Deny
62311	2005042683402	2005-04-22 00:00:00	2005-04-13 00:00:00	JAX	Jacksonville International	AirTran Airlines	Passenger Property Loss	Checked Baggage	126.9	Other	Approved	126.9	Approve in Full
62635	2005042883586	2005-04-26 00:00:00	2005-04-12 00:00:00	JAX	Jacksonville International	Continental Airlines	Passenger Property Loss	Checked Baggage	133.6	Other	Denied	0.0	Deny
63267	2005050584187	2005-05-04 00:00:00	2005-04-26 00:00:00	JAX	Jacksonville International	USAir	Passenger Property Loss	Checked Baggage	812.0	Cosmetics	Settled	203.0	Settle
63708	2005051784909	2005-05-11 00:00:00	2005-04-15 00:00:00	JAX	Jacksonville International	Delta Air Lines	Passenger Property Loss	Checked Baggage	482.3	Electronics	Settled	425.66	Settle
64500	2005052485477	2005-05-23 00:00:00	2005-02-09 00:00:00	JAX	Jacksonville International	Delta Air Lines	Passenger Property Loss	Checked Baggage	80.25	Other	Approved	80.25	Approve in Full
65978	2005062286917	2005-06-10 00:00:00	2005-05-28 00:00:00	JAX	Jacksonville International		Passenger Property Loss	Checked Baggage	197.94	Electronics	Settled	169.9	Settle
66403	2005062787275	2005-06-17 00:00:00	2004-11-30 00:00:00	JAX	Jacksonville International	Northwest Airlines	Passenger Property Loss	Checked Baggage	79.0	Containers	Denied	0.0	Deny
66954	2005070188043	2005-06-27 00:00:00	2005-05-31 00:00:00	JAX	Jacksonville International	UAL	Passenger Property Loss	Checked Baggage	53.49	Other	Denied	0.0	Deny
67043	2005071388811	2005-06-28 00:00:00	2005-04-24 00:00:00	JAX	Jacksonville International	Delta Air Lines	Passenger Property Loss	Checked Baggage	15.0	Other	Approved	15.0	Approve in Full
67904	2005071889101	2005-07-13 00:00:00	2005-06-25 00:00:00	JAX	Jacksonville International	American Airlines	Passenger Property Loss	Checked Baggage	22.26	Clothing & Accessories	Approved	22.26	Approve in Full
68847	2005072989856	2005-07-26 00:00:00	2005-06-15 00:00:00	JAX	Jacksonville International	Independence Air	Passenger Property Loss	Checked Baggage	110.0	Other	Denied	0.0	Deny
70791	2005083091883	2005-08-24 00:00:00	2005-08-10 00:00:00	JAX	Jacksonville International		Passenger Property Loss	Checked Baggage	125.0	Supplies	Denied	0.0	Deny
72244	2005092893311	2005-09-19 00:00:00	2005-09-03 00:00:00	JAX	Jacksonville International	Delta Air Lines	Passenger Property Loss	Checked Baggage	307.16	Cosmetics,Tools & Machines,Supplies	Denied	0.0	Deny
72916	2005100594042	2005-09-29 00:00:00	2005-09-09 00:00:00	JAX	Jacksonville International	Northwest Airlines	Passenger Property Loss	Checked Baggage	453.0	Clothing & Accessories	Approved	453.0	Approve in Full
73194	2005100694192	2005-10-04 00:00:00	2005-09-07 00:00:00	JAX	Jacksonville International	Southwest Airlines	Passenger Property Loss	Checked Baggage	369.97	Electronics	Denied	0.0	Deny
74162	2005102795282	2005-10-20 00:00:00	2005-03-26 00:00:00	JAX	Jacksonville International	Continental Airlines	Passenger Property Loss	Checkpoint	500.0	Other	Denied	0.0	Deny
75219	2005112196348	2005-11-09 00:00:00	2005-11-05 00:00:00	JAX	Jacksonville International	Northwest Airlines	Passenger Property Loss	Checked Baggage	2000.0	Electronics	Denied	0.0	Deny
77842	2006010698994	2005-12-30 00:00:00	2005-12-24 00:00:00	JAX	Jacksonville International	USAir	Passenger Property Loss	Checkpoint	189.99	Electronics	Settled	158.94	Settle
78063	2006011099216	2006-01-04 00:00:00	2005-12-27 00:00:00	JAX	Jacksonville International	USAir	Passenger Property Loss	Checked Baggage	80.0	Clothing & Accessories	Denied	0.0	Deny
78351	2006011199352	2006-01-09 00:00:00	2005-06-18 00:00:00	JAX	Jacksonville International	Delta Air Lines	Passenger Property Loss	Checked Baggage	306.0	Clothing & Accessories	Settled	153.0	Settle
78622	2005020475645	2006-01-11 00:00:00	2004-12-03 00:00:00	JAX	Jacksonville International	American Airlines	Passenger Property Loss	Checkpoint	1475.0	Watches & Jewelry	Denied	0.0	Deny
78999	2006012300080	2006-01-18 00:00:00	2005-10-21 00:00:00	JAX	Jacksonville International	UAL	Passenger Property Loss	Checked Baggage	916.0	Electronics	Denied	0.0	Deny
79292	2006012600418	2006-01-23 00:00:00	2006-01-20 00:00:00	JAX	Jacksonville International	Southwest Airlines	Passenger Property Loss	Checked Baggage	247.97	Clothing & Accessories	Denied	0.0	Deny
79744	2006020200853	2006-01-27 00:00:00	2005-12-17 00:00:00	JAX	Jacksonville International	American Airlines	Passenger Property Loss	Checked Baggage	4000.0	Watches & Jewelry	Settled	817.5	Settle
79769	2006020300910	2006-01-30 00:00:00	2006-01-12 00:00:00	JAX	Jacksonville International	USAir	Passenger Property Loss	Checked Baggage	28.0	Other	Canceled	0.0	
80217	2006021401488	2006-02-07 00:00:00	2006-01-13 00:00:00	JAX	Jacksonville International	Delta Air Lines	Passenger Property Loss	Checked Baggage	12.67	Tools & Machines	Approved	12.67	Approve in Full
80227	2006021401521	2006-02-07 00:00:00	2005-12-19 00:00:00	JAX	Jacksonville International	USAir	Passenger Property Loss	Checked Baggage	16.5	Tools & Machines,Containers	Approved	16.5	Approve in Full
80303	2006021301447	2006-02-07 00:00:00	2005-12-19 00:00:00	JAX	Jacksonville International	USAir	Passenger Property Loss	Checked Baggage	7.98	Other	Denied	0.0	Deny
80760	2006022201866	2006-02-15 00:00:00	2005-03-19 00:00:00	JAX	Jacksonville International	Northwest Airlines	Passenger Property Loss	Checkpoint	2300.0	Watches & Jewelry	Denied	0.0	Deny
80775	2006022201914	2006-02-15 00:00:00	2006-01-30 00:00:00	JAX	Jacksonville International	USAir	Passenger Property Loss	Checked Baggage	569.45	Other	Denied	0.0	Deny
81917	2006031503119	2006-03-09 00:00:00	2006-02-26 00:00:00	JAX	Jacksonville International	USAir	Passenger Property Loss	Checked Baggage	6.5	Tools & Machines	Approved	6.5	Approve in Full
82437	2006032403651	2006-03-17 00:00:00	2006-03-08 00:00:00	JAX	Jacksonville International	Northwest Airlines	Passenger Property Loss	Checked Baggage	309.0	Clothing & Accessories	Settled	262.65	Settle
82988	2006040604161	2006-03-28 00:00:00	2006-03-19 00:00:00	JAX	Jacksonville International		Passenger Property Loss	Checked Baggage	138.0	Other	Denied	0.0	Deny
83018	2006040704254	2006-03-28 00:00:00	2006-03-12 00:00:00	JAX	Jacksonville International	American Airlines	Passenger Property Loss	Checked Baggage	10.81	Clothing & Accessories	Denied	0.0	Deny
83666	2006042004826	2006-04-11 00:00:00	2006-02-24 00:00:00	JAX	Jacksonville International	UAL	Passenger Property Loss	Checkpoint	324.4	Other	Denied	0.0	Deny
85023	2006051206104	2006-05-09 00:00:00	2006-04-21 00:00:00	JAX	Jacksonville International	Continental Airlines	Passenger Property Loss	Checked Baggage	455.0	Tools & Machines,Other	Denied	0.0	Deny
85128	2006051106043	2006-05-11 00:00:00	2006-04-25 00:00:00	JAX	Jacksonville International		Passenger Property Loss	Checked Baggage	600.0	Electronics,Electronics	Canceled	0.0	
85198	2006051706448	2006-05-12 00:00:00	2006-05-09 00:00:00	JAX	Jacksonville International	Continental Express Inc	Passenger Property Loss	Checked Baggage	9.62	Tools & Machines	Denied	0.0	Deny
85677	2006052506969	2006-05-23 00:00:00	2006-05-16 00:00:00	JAX	Jacksonville International	Southwest Airlines	Passenger Property Loss	Checked Baggage	10.0	Tools & Machines	Approved	10.0	Approve in Full
86222	2006060607410	2006-06-02 00:00:00	2006-02-03 00:00:00	JAX	Jacksonville International	American Airlines	Passenger Property Loss	Checked Baggage	96.29	Tools & Machines	Settled	65.61	Settle
86574	2006061307836	2006-06-12 00:00:00	2006-05-15 00:00:00	JAX	Jacksonville International	USAir	Passenger Property Loss	Checked Baggage	6.41	Tools & Machines	Approved	6.41	Approve in Full
86749	2006061407982	2006-06-13 00:00:00	2006-06-06 00:00:00	JAX	Jacksonville International	Delta Air Lines	Passenger Property Loss	Checked Baggage	279.0	Electronics	Settled	139.5	Settle
86881	2006061608126	2006-06-15 00:00:00	2005-11-29 00:00:00	JAX	Jacksonville International		Passenger Property Loss	Checked Baggage	35.0	Clothing & Accessories	Denied	0.0	Deny
87169	2006062108415	2006-06-21 00:00:00	2006-05-30 00:00:00	JAX	Jacksonville International	Continental Airlines	Passenger Property Loss	Checked Baggage	3050.0	Clothing & Accessories,Watches & Jewelry,Other	Denied	0.0	Deny
87944	2006071209321	2006-07-07 00:00:00	2006-06-29 00:00:00	JAX	Jacksonville International	Northwest Airlines	Passenger Property Loss	Checked Baggage	600.0	Other	Canceled	0.0	
88529	2006072009816	2006-07-17 00:00:00	2006-06-29 00:00:00	JAX	Jacksonville International	Delta Air Lines	Passenger Property Loss	Checked Baggage	2200.0	Electronics	Insufficient, one of the following items required: sum certain, statement of fact, signature, location of incident, and date.		
89364	2006080810556	2006-08-03 00:00:00	2006-07-25 00:00:00	JAX	Jacksonville International	American Airlines	Passenger Property Loss	Checked Baggage	2000.0	Electronics,Electronics	Denied	0.0	Deny
89646	2006081110897	2006-08-09 00:00:00	2006-05-23 00:00:00	JAX	Jacksonville International	American Airlines	Passenger Property Loss	Checked Baggage	200.0	Other	Denied	0.0	Deny
89741	2006081410965	2006-08-11 00:00:00	2006-07-19 00:00:00	JAX	Jacksonville International	Continental Airlines	Passenger Property Loss	Checked Baggage	100.0	Other	Denied	0.0	Deny
89892	2006081711204	2006-08-14 00:00:00	2006-07-18 00:00:00	JAX	Jacksonville International	AirTran Airlines	Passenger Property Loss	Checked Baggage	208.9	Tools & Machines	Denied	0.0	Deny
90276	2006082811708	2006-08-21 00:00:00	2006-08-15 00:00:00	JAX	Jacksonville International	USAir	Passenger Property Loss	Checked Baggage	450.0	Electronics	Denied	0.0	Deny
92388	2006100613735	2006-09-29 00:00:00	2006-07-05 00:00:00	JAX	Jacksonville International	Delta Air Lines	Passenger Property Loss	Checked Baggage	429.55	Containers,Electronics,Electronics	Settled	194.75	Settle
92713	2006101614039	2006-10-10 00:00:00	2006-09-22 00:00:00	JAX	Jacksonville International	USAir	Passenger Property Loss	Checked Baggage	20.0	Tools & Machines	Approved	20.0	Approve in Full
92876	2006102314451	2006-10-11 00:00:00	2006-09-15 00:00:00	JAX	Jacksonville International		Passenger Property Loss	Checked Baggage	3000.0	Electronics,Watches & Jewelry	Denied	0.0	Deny
93143	2006102214360	2006-10-16 00:00:00	2006-10-08 00:00:00	JAX	Jacksonville International	USAir	Passenger Property Loss	Checked Baggage	295.0	Scientific Intruments	Settled	147.5	Settle
93414	2006102614557	2006-10-20 00:00:00	2006-10-10 00:00:00	JAX	Jacksonville International	Jet Blue	Passenger Property Loss	Checked Baggage	50.83	Cosmetics	Denied	0.0	Deny
93663	2006110114970	2006-10-25 00:00:00	2006-10-24 00:00:00	JAX	Jacksonville International	Delta Air Lines	Passenger Property Loss	Checked Baggage	109.0	Scientific Intruments,Containers	Settled	55.0	Settle
93781	2006110315121	2006-10-27 00:00:00	2006-10-20 00:00:00	JAX	Jacksonville International	Delta Air Lines	Passenger Property Loss	Checked Baggage	3337.0	Electronics	Denied	0.0	Deny
95213	2006113016515	2006-11-27 00:00:00	2006-11-20 00:00:00	JAX	Jacksonville International	Southwest Airlines	Passenger Property Loss	Checked Baggage	200.0	Electronics	Denied	0.0	Deny
96008	2006122017467	2006-12-11 00:00:00	2006-12-03 00:00:00	JAX	Jacksonville International	UAL	Passenger Property Loss	Checked Baggage	14.5	Clothing & Accessories	Denied	0.0	Deny
96443	2006122217753	2006-12-19 00:00:00	2006-12-02 00:00:00	JAX	Jacksonville International	Delta Air Lines	Passenger Property Loss	Checked Baggage	719.96	Other	Denied	0.0	Deny
96977	2008060545344		2008-05-12 00:00:00	JAX	Jacksonville International	American Airlines	Passenger Property Loss	Checked Baggage	30.31	Outdoors Supplies	Approved	30.31	Approve in Full
97279	2007010518391	2007-01-03 00:00:00	2006-12-22 00:00:00	JAX	Jacksonville International	Delta Air Lines	Passenger Property Loss	Checked Baggage	200.0	Containers,Clothing & Accessories,Cosmetics	Denied	0.0	Deny
98177	2007012419391	2007-01-16 00:00:00	2006-12-13 00:00:00	JAX	Jacksonville International	American Airlines	Passenger Property Loss	Checked Baggage	200.0	Other,Other	Denied	0.0	Deny
98568	2007020220110	2007-01-23 00:00:00	2007-01-22 00:00:00	JAX	Jacksonville International	American Airlines	Passenger Property Loss	Checked Baggage	10.0	Containers	Approved	10.0	Approve in Full
98615	2007012919653	2007-01-23 00:00:00	2006-12-20 00:00:00	JAX	Jacksonville International	American Airlines	Passenger Property Loss	Checked Baggage	193.49	Electronics	Denied	0.0	Deny
98990	2007020520129	2007-01-29 00:00:00	2007-01-12 00:00:00	JAX	Jacksonville International	Delta Air Lines	Passenger Property Loss	Checked Baggage	400.0	Clothing & Accessories	Denied	0.0	Deny
99527	2007020820537	2007-02-07 00:00:00	2007-02-01 00:00:00	JAX	Jacksonville International		Passenger Property Loss	Checked Baggage	32.9	Other	Denied	0.0	Deny
100013	2007022021213	2007-02-15 00:00:00	2007-02-08 00:00:00	JAX	Jacksonville International	Southwest Airlines	Passenger Property Loss	Checked Baggage	20.0	Other	Denied	0.0	Deny
100417	2007022721592	2007-02-26 00:00:00	2007-01-15 00:00:00	JAX	Jacksonville International	UAL	Passenger Property Loss	Checked Baggage	55.84	Containers	Settled	27.92	Settle
100458	2007022821710	2007-02-27 00:00:00	2007-01-16 00:00:00	JAX	Jacksonville International	Delta Air Lines	Passenger Property Loss	Checked Baggage	1076.0	Other	Canceled	0.0	
100689	2007030821993	2007-03-02 00:00:00	2007-02-27 00:00:00	JAX	Jacksonville International	USAir	Passenger Property Loss	Checked Baggage	50.0	Clothing & Accessories	Denied	0.0	Deny
101097	2007031422257	2007-03-12 00:00:00	2007-02-15 00:00:00	JAX	Jacksonville International	Continental Airlines	Passenger Property Loss	Checked Baggage	80.0	Cosmetics	Denied	0.0	Deny
101468	2007032322875	2007-03-19 00:00:00	2007-03-12 00:00:00	JAX	Jacksonville International	Delta Air Lines	Passenger Property Loss	Checked Baggage	25.0	Other	Approved	25.0	Approve in Full
101824	2007032823082	2007-03-26 00:00:00	2007-03-22 00:00:00	JAX	Jacksonville International	American Airlines	Passenger Property Loss	Checked Baggage	15.0	Tools & Machines	Approved	15.0	Approve in Full
101899	2007032823108	2007-03-27 00:00:00	2007-03-19 00:00:00	JAX	Jacksonville International		Passenger Property Loss	Checked Baggage	10.0	Tools & Machines	Approved	10.0	Approve in Full
101938	2007032923189	2007-03-27 00:00:00	2007-03-16 00:00:00	JAX	Jacksonville International		Passenger Property Loss	Checkpoint	249.99	Electronics	Denied	0.0	Deny
102439	2007041023667	2007-04-06 00:00:00	2006-12-28 00:00:00	JAX	Jacksonville International	Delta Air Lines	Passenger Property Loss	Checkpoint	150.0	Cosmetics	Approved	150.0	Approve in Full
102457	2007041023694	2007-04-06 00:00:00	2006-12-08 00:00:00	JAX	Jacksonville International	USAir	Passenger Property Loss	Checked Baggage	650.9	Cosmetics,Watches & Jewelry	Denied	0.0	Deny
102501	2007041323911	2007-04-09 00:00:00	2007-03-24 00:00:00	JAX	Jacksonville International	Delta Air Lines	Passenger Property Loss	Checked Baggage	7.99	Tools & Machines	Approved	7.99	Approve in Full
102796	2007041323951	2007-04-12 00:00:00	2007-03-14 00:00:00	JAX	Jacksonville International	USAir	Passenger Property Loss	Checked Baggage	28.95	Other	Settled	14.48	Settle
102826	2007041724076	2007-04-13 00:00:00	2007-04-01 00:00:00	JAX	Jacksonville International		Passenger Property Loss	Checked Baggage	124.99	Clothing & Accessories	Denied	0.0	Deny
103518	2007050124797	2007-04-27 00:00:00	2007-02-12 00:00:00	JAX	Jacksonville International	USAir	Passenger Property Loss	Checked Baggage	329.0	Electronics	Denied	0.0	Deny
103723	2007050424964	2007-05-02 00:00:00	2007-04-22 00:00:00	JAX	Jacksonville International	Delta Air Lines	Passenger Property Loss	Checked Baggage	106.0	Other	Settled	53.0	Settle
103879	2007050825092	2007-05-07 00:00:00	2007-04-28 00:00:00	JAX	Jacksonville International	American Airlines	Passenger Property Loss	Checked Baggage	450.0	Electronics,Electronics,Electronics	Denied	0.0	Deny
104217	2007051625511	2007-05-14 00:00:00	2007-05-09 00:00:00	JAX	Jacksonville International	Delta Air Lines	Passenger Property Loss	Checked Baggage	577.0	Outdoors Supplies	Denied	0.0	Deny
104325	2007052325884	2007-05-15 00:00:00	2007-03-25 00:00:00	JAX	Jacksonville International	UAL	Passenger Property Loss	Checked Baggage	2539.0	Cosmetics,Watches & Jewelry,Other,Watches & Jewelry	Denied	0.0	Deny
104716	2007053125983	2007-05-23 00:00:00	2007-05-20 00:00:00	JAX	Jacksonville International	UAL	Passenger Property Loss	Checked Baggage	1097.0	Other	Denied	0.0	Deny
104899	2007060526318	2007-05-29 00:00:00	2007-05-27 00:00:00	JAX	Jacksonville International	Continental Airlines	Passenger Property Loss	Checked Baggage	170.0	Electronics	Denied	0.0	Deny
105225	2007060626441	2007-06-04 00:00:00	2007-05-30 00:00:00	JAX	Jacksonville International	Southwest Airlines	Passenger Property Loss	Checked Baggage	1500.0	Electronics	Denied	0.0	Deny
105411	2007061126610	2007-06-06 00:00:00	2007-05-31 00:00:00	JAX	Jacksonville International	Southwest Airlines	Passenger Property Loss	Checked Baggage	980.0	Electronics,Clothing & Accessories,Cosmetics,Other	Denied	0.0	Deny
105513	2007061326822	2007-06-07 00:00:00	2007-05-30 00:00:00	JAX	Jacksonville International	Southwest Airlines	Passenger Property Loss	Checked Baggage	250.0	Clothing & Accessories,Containers	Settled	110.0	Settle
105634	2007061426888	2007-06-11 00:00:00	2007-06-01 00:00:00	JAX	Jacksonville International	Southwest Airlines	Passenger Property Loss	Checked Baggage	275.0	Clothing & Accessories	Denied	0.0	Deny
105756	2007061527042	2007-06-13 00:00:00	2007-06-12 00:00:00	JAX	Jacksonville International	Delta Air Lines	Passenger Property Loss	Checked Baggage	979.99	Electronics	Insufficient, one of the following items required: sum certain, statement of fact, signature, location of incident, and date.		
105925	2007062027203	2007-06-15 00:00:00	2007-05-29 00:00:00	JAX	Jacksonville International	Southwest Airlines	Passenger Property Loss	Checked Baggage	1241.89	Electronics	Insufficient, one of the following items required: sum certain, statement of fact, signature, location of incident, and date.		
106178	2007062527478	2007-06-21 00:00:00	2007-06-14 00:00:00	JAX	Jacksonville International	Southwest Airlines	Passenger Property Loss	Checked Baggage	1553.45	Electronics,Electronics,Other	Denied	0.0	Deny
106188	2007062727541	2007-06-21 00:00:00	2007-05-22 00:00:00	JAX	Jacksonville International	Delta Air Lines	Passenger Property Loss	Checked Baggage	1049.35	Clothing & Accessories	Denied	0.0	Deny
106232	2007062627499	2007-06-22 00:00:00	2007-06-16 00:00:00	JAX	Jacksonville International		Passenger Property Loss	Checked Baggage	28.26	Clothing & Accessories	Denied	0.0	Deny
106265	2007062727547	2007-06-25 00:00:00	2007-05-10 00:00:00	JAX	Jacksonville International	Jet Blue	Passenger Property Loss	Checked Baggage	8.7	Tools & Machines	Approved	8.7	Approve in Full
106458	2007070327787	2007-06-27 00:00:00	2007-06-21 00:00:00	JAX	Jacksonville International		Passenger Property Loss	Checked Baggage	75.98	Other	Denied	0.0	Deny
106755	2007071028010	2007-07-03 00:00:00	2007-06-08 00:00:00	JAX	Jacksonville International	Delta Air Lines	Passenger Property Loss	Checked Baggage	1400.0	Electronics	Denied	0.0	Deny
106890	2007071228217	2007-07-06 00:00:00	2007-06-04 00:00:00	JAX	Jacksonville International	USAir	Passenger Property Loss	Checked Baggage	1500.0	Electronics	Denied	0.0	Deny
107110	2007071328347	2007-07-10 00:00:00	2007-07-06 00:00:00	JAX	Jacksonville International	Northwest Airlines	Passenger Property Loss	Checked Baggage	700.0	Electronics	Settled	350.0	Settle
107533	2007072328888	2007-07-19 00:00:00	2007-04-12 00:00:00	JAX	Jacksonville International	Continental Airlines	Passenger Property Loss	Checked Baggage	49.99	Clothing & Accessories	Approved	49.99	Approve in Full
107684	2007072328922	2007-07-23 00:00:00	2007-07-09 00:00:00	JAX	Jacksonville International	Air Tran Airlines(do not use)	Passenger Property Loss	Checked Baggage	180.99	Other	Approved	180.99	Approve in Full
107685	2007072328926	2007-07-23 00:00:00	2007-07-08 00:00:00	JAX	Jacksonville International	American Airlines	Passenger Property Loss	Checked Baggage	32.46	Electronics	Approved	32.46	Approve in Full
108075	2007080629715	2007-07-27 00:00:00	2007-06-22 00:00:00	JAX	Jacksonville International	Southwest Airlines	Passenger Property Loss	Checked Baggage	350.0	Clothing & Accessories,Cosmetics,Watches & Jewelry	Denied	0.0	Deny
108354	2007080629628	2007-08-02 00:00:00	2007-07-12 00:00:00	JAX	Jacksonville International	USAir	Passenger Property Loss	Checked Baggage	2000.0	Electronics	Denied	0.0	Deny
108560	2007080829862	2007-08-06 00:00:00	2007-08-02 00:00:00	JAX	Jacksonville International	Southwest Airlines	Passenger Property Loss	Checked Baggage	2499.99	Electronics,Electronics	Denied	0.0	Deny
108832	2007081030036	2007-08-10 00:00:00	2007-07-25 00:00:00	JAX	Jacksonville International	Jet Blue	Passenger Property Loss	Checked Baggage	1652.0	Electronics,Electronics,Clothing & Accessories,Electronics,Other	Denied	0.0	Deny
109083	2007081730405	2007-08-15 00:00:00	2007-07-30 00:00:00	JAX	Jacksonville International	Delta Air Lines	Passenger Property Loss	Checked Baggage	10.0	Containers	Denied	0.0	Deny
109144	2007082030466	2007-08-16 00:00:00	2007-08-10 00:00:00	JAX	Jacksonville International	Southwest Airlines	Passenger Property Loss	Checked Baggage	387.45	Electronics	Denied	0.0	Deny
109181	2007082430875	2007-08-16 00:00:00	2007-07-09 00:00:00	JAX	Jacksonville International	USAir	Passenger Property Loss	Checked Baggage	150.0	Watches & Jewelry	Settled	75.0	Settle
109464	2007082330721	2007-08-22 00:00:00	2007-08-20 00:00:00	JAX	Jacksonville International	UAL	Passenger Property Loss	Checked Baggage	150.0	Tools & Machines,Clothing & Accessories,Watches & Jewelry	Denied	0.0	Deny
109841	2007083031176	2007-08-28 00:00:00	2007-08-23 00:00:00	JAX	Jacksonville International	UAL	Passenger Property Loss	Checked Baggage	1627.49	Electronics	Denied	0.0	Deny
109856	2007083131249	2007-08-28 00:00:00	2007-05-31 00:00:00	JAX	Jacksonville International	Continental Airlines	Passenger Property Loss	Checked Baggage	167.16	Clothing & Accessories	Denied	0.0	Deny
110478	2007091231698	2007-09-10 00:00:00	2007-09-03 00:00:00	JAX	Jacksonville International	UAL	Passenger Property Loss	Checked Baggage	2128.19	Electronics	Settled	957.69	Settle
110522	2007091331824	2007-09-11 00:00:00	2007-09-06 00:00:00	JAX	Jacksonville International	American Eagle	Passenger Property Loss	Checked Baggage	27.0	Other	Denied	0.0	Deny
110941	2007092032329	2007-09-19 00:00:00	2007-09-07 00:00:00	JAX	Jacksonville International	Delta Air Lines	Passenger Property Loss	Checked Baggage	10.7	Tools & Machines	Approved	10.7	Approve in Full
111503	2007100332934	2007-10-01 00:00:00	2007-09-17 00:00:00	JAX	Jacksonville International	Continental Airlines	Passenger Property Loss	Checked Baggage	350.0	Electronics	Denied	0.0	Deny
112096	2007101733540	2007-10-12 00:00:00	2007-09-21 00:00:00	JAX	Jacksonville International	UAL	Passenger Property Loss	Checked Baggage	6.21	Tools & Machines	Denied	0.0	Deny
112217	2007101933730	2007-10-15 00:00:00	2007-06-01 00:00:00	JAX	Jacksonville International	Delta Air Lines	Passenger Property Loss	Checkpoint	353.47	Clothing & Accessories	Denied	0.0	Deny
112428	2007102533859	2007-10-19 00:00:00	2007-09-09 00:00:00	JAX	Jacksonville International	Delta Air Lines	Passenger Property Loss	Checked Baggage	1365.73	Electronics	Denied	0.0	Deny
112491	2007110134238	2007-10-22 00:00:00	2007-10-06 00:00:00	JAX	Jacksonville International		Passenger Property Loss	Checked Baggage	301.4	Clothing & Accessories	Canceled	0.0	
112496	2007102433830	2007-10-22 00:00:00	2007-10-16 00:00:00	JAX	Jacksonville International	Air Tran Airlines(do not use)	Passenger Property Loss	Checked Baggage	70.0	Clothing & Accessories	Denied	0.0	Deny
112860	2007110234320	2007-10-29 00:00:00	2007-10-23 00:00:00	JAX	Jacksonville International	Southwest Airlines	Passenger Property Loss	Checked Baggage	7.36	Other	Denied	0.0	Deny
112866	2007110234333	2007-10-29 00:00:00	2007-10-20 00:00:00	JAX	Jacksonville International	Delta Air Lines	Passenger Property Loss	Checked Baggage	2400.0	Electronics,Other	Denied	0.0	Deny
113170	2007122837073	2007-11-02 00:00:00	2007-09-10 00:00:00	JAX	Jacksonville International	Delta Air Lines	Passenger Property Loss	Checkpoint	1152.0	Electronics,Electronics	Denied	0.0	Deny
113218	2007110634553	2007-11-05 00:00:00	2007-10-26 00:00:00	JAX	Jacksonville International	Delta Air Lines	Passenger Property Loss	Checked Baggage	899.99	Electronics	Denied	0.0	Deny
113516	2007111434951	2007-11-13 00:00:00	2007-11-10 00:00:00	JAX	Jacksonville International	Delta Air Lines	Passenger Property Loss	Checked Baggage	2332.0	Electronics	Approved	2332.0	Approve in Full
113701	2007111535043	2007-11-14 00:00:00	2007-11-11 00:00:00	JAX	Jacksonville International	Delta Air Lines	Passenger Property Loss	Checked Baggage	20.0	Other	Denied	0.0	Deny
113713	2007111535032	2007-11-14 00:00:00	2007-11-01 00:00:00	JAX	Jacksonville International	Delta Air Lines	Passenger Property Loss	Checked Baggage		Electronics,Other,Watches & Jewelry	Insufficient, one of the following items required: sum certain, statement of fact, signature, location of incident, and date.		
113951	2007112635439	2007-11-19 00:00:00	2007-11-05 00:00:00	JAX	Jacksonville International	Delta Air Lines	Passenger Property Loss	Checked Baggage	499.0	Electronics	Denied	0.0	Deny
114193	2007112835609	2007-11-26 00:00:00	2007-11-14 00:00:00	JAX	Jacksonville International	Jet Blue	Passenger Property Loss	Checked Baggage	989.73	Electronics,Other	Denied	0.0	Deny
114252	2007113035841	2007-11-26 00:00:00	2007-10-19 00:00:00	JAX	Jacksonville International	UAL	Passenger Property Loss	Checked Baggage	2596.28	Electronics,Electronics,Other	Denied	0.0	Deny
114446	2007120435950	2007-11-29 00:00:00	2007-09-06 00:00:00	JAX	Jacksonville International	Southwest Airlines	Passenger Property Loss	Checked Baggage	1600.0	Electronics	Denied	0.0	Deny
114461	2007120435944	2007-11-29 00:00:00	2007-11-25 00:00:00	JAX	Jacksonville International	Delta Air Lines	Passenger Property Loss	Checked Baggage	100.0	Outdoors Supplies	Settled	61.0	Settle
114848	2007121136376	2007-12-07 00:00:00	2007-12-04 00:00:00	JAX	Jacksonville International	Southwest Airlines	Passenger Property Loss	Checked Baggage	12.0	Tools & Machines	Approved	12.0	Approve in Full
115015	2007121436504	2007-12-11 00:00:00	2007-11-30 00:00:00	JAX	Jacksonville International	AirTran Airlines	Passenger Property Loss	Checked Baggage	8.55	Tools & Machines	Denied	0.0	Deny
115196	2007121936663	2007-12-14 00:00:00	2007-11-14 00:00:00	JAX	Jacksonville International	American Airlines	Passenger Property Loss	Checked Baggage	60.0	Other	Approved	60.0	Approve in Full
115205	2007121936684	2007-12-14 00:00:00	2007-10-11 00:00:00	JAX	Jacksonville International	Delta Air Lines	Passenger Property Loss	Checked Baggage	364.0	Containers	Canceled	0.0	
116389	2008011537949	2008-01-08 00:00:00	2008-01-06 00:00:00	JAX	Jacksonville International	Northwest Airlines	Passenger Property Loss	Checked Baggage	94.5	Clothing & Accessories	Denied	0.0	Deny
116467	2008011537976	2008-01-09 00:00:00	2007-12-21 00:00:00	JAX	Jacksonville International	Southwest Airlines	Passenger Property Loss	Checkpoint		Electronics	Insufficient, one of the following items required: sum certain, statement of fact, signature, location of incident, and date.		
118786	2008030440410	2008-02-25 00:00:00	2008-02-11 00:00:00	JAX	Jacksonville International	USAir	Passenger Property Loss	Checked Baggage	630.0	Electronics,Other	Denied	0.0	Deny
119730	2008032041318	2008-03-14 00:00:00	2008-01-14 00:00:00	JAX	Jacksonville International	Southwest Airlines	Passenger Property Loss	Checked Baggage	125.0	Outdoors Supplies	Settled	62.5	Settle
120628	2008040942273	2008-04-01 00:00:00	2008-01-25 00:00:00	JAX	Jacksonville International	Delta Air Lines	Passenger Property Loss	Checked Baggage	25.68	Tools & Machines	Denied	0.0	Deny
120738	2008041042348	2008-04-03 00:00:00	2008-03-19 00:00:00	JAX	Jacksonville International	Southwest Airlines	Passenger Property Loss	Checked Baggage	195.0	Other	Denied	0.0	Deny
121173	2008041742798	2008-04-11 00:00:00	2007-06-24 00:00:00	JAX	Jacksonville International	USAir	Passenger Property Loss	Checked Baggage	249.0	Electronics	Denied	0.0	Deny
122777	2008051644402	2008-05-14 00:00:00	2008-05-12 00:00:00	JAX	Jacksonville International	Delta Air Lines	Passenger Theft	Checkpoint	130.0	Watches & Jewelry	Denied	0.0	Deny
123012	2008052244665	2008-05-19 00:00:00	2008-03-28 00:00:00	JAX	Jacksonville International	Delta Air Lines	Passenger Property Loss	Checked Baggage	345.0	Household Items,Other	Settled	172.5	Settle
123039	2008052144634	2008-05-20 00:00:00	2008-05-07 00:00:00	JAX	Jacksonville International	Continental Airlines	Passenger Property Loss	Checked Baggage	841.0	Cosmetics	Denied	0.0	Deny
124209	2008080447965	2008-06-16 00:00:00	2005-12-17 00:00:00	JAX	Jacksonville International	American Airlines	Passenger Property Loss	Checked Baggage	4000.0	Watches & Jewelry	Canceled	0.0	
124432	2008062646201	2008-06-20 00:00:00	2008-06-15 00:00:00	JAX	Jacksonville International		Passenger Property Loss	Checked Baggage	35.71	Outdoors Supplies	Denied	0.0	Deny
127163	2008082148910	2008-08-20 00:00:00	2008-08-16 00:00:00	JAX	Jacksonville International	Delta Air Lines	Passenger Property Loss	Checked Baggage	619.9	Electronics,Games & Toys,Watches & Jewelry	Denied	0.0	Deny
127253	2008082549063	2008-08-21 00:00:00	2008-08-14 00:00:00	JAX	Jacksonville International	Air Tran Airlines(do not use)	Passenger Property Loss	Checkpoint	119.99	Electronics	Denied	0.0	Deny
127739	2008090849591	2008-09-03 00:00:00	2008-08-29 00:00:00	JAX	Jacksonville International	Southwest Airlines	Passenger Property Loss	Checkpoint	129.54	Cosmetics	Approved	129.54	Approve in Full
128105	2008091549912	2008-09-10 00:00:00	2008-09-06 00:00:00	JAX	Jacksonville International	Northwest Airlines	Passenger Property Loss	Checked Baggage	390.91	Cosmetics,Clothing & Accessories,Cosmetics	Denied	0.0	Deny
128549	2008092450326	2008-09-22 00:00:00	2008-09-14 00:00:00	JAX	Jacksonville International	American Airlines	Passenger Property Loss	Checked Baggage	12.95	Tools & Machines	Approved	12.95	Approve in Full
129966	2008110451775	2008-10-28 00:00:00	2008-09-28 00:00:00	JAX	Jacksonville International	USAir	Passenger Property Loss	Checkpoint	200.0	Other	Denied	0.0	Deny
130433	2008111752264	2008-11-10 00:00:00	2008-11-04 00:00:00	JAX	Jacksonville International	Northwest Airlines	Passenger Property Loss	Checked Baggage	169.0	Containers	Denied	0.0	Deny
130662	2008112452731	2008-11-14 00:00:00	2008-11-03 00:00:00	JAX	Jacksonville International	Delta Air Lines	Passenger Property Loss	Checked Baggage	5119.96	Cosmetics,Watches & Jewelry,Other,Watches & Jewelry	Denied	0.0	Deny
130802	2008112152641	2008-11-19 00:00:00	2008-11-11 00:00:00	JAX	Jacksonville International	Delta Air Lines	Passenger Property Loss	Checked Baggage	7.8	Tools & Machines	Approved	7.8	Approve in Full
130843	2008112552763	2008-11-19 00:00:00	2008-11-15 00:00:00	JAX	Jacksonville International	Southwest Airlines	Passenger Property Loss	Checkpoint	50.0	Other	Insufficient, one of the following items required: sum certain, statement of fact, signature, location of incident, and date.		
131349	2008120553165	2008-12-03 00:00:00	2008-11-16 00:00:00	JAX	Jacksonville International	Continental Airlines	Passenger Property Loss	Checked Baggage	51.93	Other	Denied	0.0	Deny
132811	2009012354784	2009-01-12 00:00:00	2008-12-07 00:00:00	JAX	Jacksonville International	Delta Air Lines	Passenger Property Loss	Checked Baggage	255.0	Household Decor,Clothing & Accessories,Tools & Machines	Denied	0.0	Deny
134825	2009032056667	2009-03-09 00:00:00	2009-03-14 00:00:00	JAX	Jacksonville International	USAir	Passenger Property Loss	Checked Baggage	30.0	Other	Denied	0.0	Deny
134899	2009032356776	2009-03-10 00:00:00	2009-02-17 00:00:00	JAX	Jacksonville International	Delta Air Lines	Passenger Property Loss	Checkpoint	252.45	Clothing & Accessories	Denied	0.0	Deny
135285	2009041157315	2009-03-19 00:00:00	2009-02-13 00:00:00	JAX	Jacksonville International	UAL	Passenger Property Loss	Checkpoint	53.76	Cosmetics,Supplies	Denied	0.0	Deny
135370	2009041157361	2009-03-23 00:00:00	2009-02-19 00:00:00	JAX	Jacksonville International	Northwest Airlines	Passenger Property Loss	Checked Baggage	23.98	Clothing & Accessories	Approved	23.98	Approve in Full
135921	2009042357937	2009-04-06 00:00:00	2009-03-28 00:00:00	JAX	Jacksonville International	Southwest Airlines	Passenger Property Loss	Checked Baggage	140.0	Electronics	Denied	0.0	Deny
135945	2009042257846	2009-04-07 00:00:00	2009-04-02 00:00:00	JAX	Jacksonville International	Continental Airlines	Passenger Property Loss	Checked Baggage	35.0	Watches & Jewelry	Approved	35.0	Approve in Full
136193	2009050158276	2009-04-13 00:00:00	2009-03-27 00:00:00	JAX	Jacksonville International	USAir	Passenger Property Loss	Checked Baggage	61.0	Other	Denied	0.0	Deny
136222	2009050158235	2009-04-14 00:00:00	2009-02-16 00:00:00	JAX	Jacksonville International	USAir	Passenger Property Loss	Checked Baggage	366.69	Containers,Games & Toys	Denied	0.0	Deny
136334	2009050558348	2009-04-17 00:00:00	2009-02-18 00:00:00	JAX	Jacksonville International	Delta Air Lines	Passenger Property Loss	Checkpoint	377.79	Electronics	Denied	0.0	Deny
136649	2009051458627	2009-04-27 00:00:00	2009-04-20 00:00:00	JAX	Jacksonville International	AirTran Airlines	Passenger Property Loss	Checked Baggage	145.79	Electronics	Denied	0.0	Deny
136796	2009051858785	2009-04-30 00:00:00	2009-04-05 00:00:00	JAX	Jacksonville International	UAL	Passenger Property Loss	Checked Baggage	2259.62	Clothing & Accessories,Containers	Denied	0.0	Deny
136903	2009051858808	2009-05-04 00:00:00	2009-04-30 00:00:00	JAX	Jacksonville International	UAL	Passenger Property Loss	Checkpoint	34.66	Other,Tools & Machines	Canceled	0.0	
137126	2009052059134	2009-05-11 00:00:00	2009-04-23 00:00:00	JAX	Jacksonville International	AirTran Airlines	Passenger Property Loss	Checked Baggage	120.0	Other,Other	Canceled	0.0	
137619	2009052959590	2009-05-26 00:00:00	2009-05-21 00:00:00	JAX	Jacksonville International	USAir	Passenger Theft	Checked Baggage	250.0	Electronics	Denied	0.0	Deny
137779	2009060259757	2009-05-29 00:00:00	2009-05-17 00:00:00	JAX	Jacksonville International	AirTran Airlines	Passenger Property Loss	Checked Baggage	851.65	Watches & Jewelry	Canceled	0.0	
137922	2009060959951	2009-06-03 00:00:00	2009-05-16 00:00:00	JAX	Jacksonville International	Delta Air Lines	Passenger Property Loss	Checked Baggage	356.81	Containers,Supplies	Denied	0.0	Deny
138532	2009062360537	2009-06-18 00:00:00	2009-05-31 00:00:00	JAX	Jacksonville International	USAir	Passenger Property Loss	Checked Baggage	44.0	Other	Denied	0.0	Deny
138864	2009071061081	2009-06-29 00:00:00	2009-06-24 00:00:00	JAX	Jacksonville International	Delta Air Lines	Passenger Property Loss	Checkpoint	300.0	Containers,Electronics	Canceled	0.0	
139554	2009072261620	2009-07-16 00:00:00	2009-05-30 00:00:00	JAX	Jacksonville International	Southwest Airlines	Passenger Property Loss	Checked Baggage	49.25	Other	Canceled	0.0	
139763	2009072461765	2009-07-21 00:00:00	2009-07-18 00:00:00	JAX	Jacksonville International	Southwest Airlines	Passenger Property Loss	Checked Baggage	101.45	Electronics	Denied	0.0	Deny
140249	2009080562243	2009-08-03 00:00:00	2009-07-15 00:00:00	JAX	Jacksonville International	Delta (Song)	Passenger Property Loss	Checkpoint	200.0	Other	Denied	0.0	Deny
140610	2009081462602	2009-08-12 00:00:00	2009-07-25 00:00:00	JAX	Jacksonville International	Southwest Airlines	Passenger Property Loss	Checked Baggage	289.53	Clothing & Accessories	Denied	0.0	Deny
140759	2009082162833	2009-08-17 00:00:00	2009-07-27 00:00:00	JAX	Jacksonville International	USAir	Passenger Property Loss	Checked Baggage	85.94	Cosmetics	Denied	0.0	Deny
140847	2009082162868	2009-08-19 00:00:00	2009-08-03 00:00:00	JAX	Jacksonville International	Southwest Airlines	Passenger Property Loss	Checked Baggage	100.0	Containers	Denied	0.0	Deny
140961	2009082663016	2009-08-24 00:00:00	2009-08-08 00:00:00	JAX	Jacksonville International	Delta Air Lines	Passenger Property Loss	Checked Baggage	16535.0	Watches & Jewelry	Denied	0.0	Deny
141032	2009082863093	2009-08-25 00:00:00	2009-05-30 00:00:00	JAX	Jacksonville International	USAir	Passenger Property Loss	Checked Baggage	716.85	Games & Toys	Denied	0.0	Deny
142611	2009102664708	2009-10-14 00:00:00	2009-09-29 00:00:00	JAX	Jacksonville International	Southwest Airlines	Passenger Property Loss	Checked Baggage	24.45	Electronics	Approved	24.45	Approve in Full
144412	2009121066373	2009-12-08 00:00:00	2009-12-06 13:30:00	JAX	Jacksonville International	USAir	Passenger Property Loss	Checked Baggage	37.95	Watches & Jewelry	Canceled		
144783	2009122966893	2009-12-17 00:00:00	2009-12-06 16:00:00	JAX	Jacksonville International	UAL	Passenger Property Loss	Checked Baggage	127.46	Clothing & Accessories	Denied	0.0	Deny
145324	2010020268182	2010-01-20 00:00:00	2010-01-17 10:45:00	JAX	Jacksonville International	American Airlines	Passenger Property Loss	Checked Baggage		Games & Toys		0.0	Deny
146738	2010031969774	2010-03-16 00:00:00	2010-02-28 15:00:00	JAX	Jacksonville International	Jet Blue	Passenger Property Loss	Checkpoint		Other		0.0	Deny
147830	2010042171012	2010-04-19 00:00:00	2010-03-23 00:00:00	JAX	Jacksonville International	Southwest Airlines	Passenger Property Loss	Checked Baggage		Other		0.0	Deny
148129	2010042871282	2010-04-27 00:00:00	2010-04-11 06:30:00	JAX	Jacksonville International	Delta Air Lines	Passenger Property Loss	Checked Baggage		Other		0.0	Deny
148564	2010051271714	2010-05-11 00:00:00	2010-05-06 16:00:00	JAX	Jacksonville International	American Airlines	Passenger Property Loss	Checked Baggage		Electronics		0.0	Deny
148683	2010051771883	2010-05-14 00:00:00	2010-05-04 09:15:00	JAX	Jacksonville International	American Airlines	Passenger Property Loss	Checked Baggage		Electronics		0.0	Deny
149133	2010060772420	2010-05-27 00:00:00	2010-05-19 07:30:00	JAX	Jacksonville International	Delta Air Lines	Passenger Property Loss	Checked Baggage		Cosmetics		10.0	Approve in Full
149182	2010060772469	2010-06-01 00:00:00	2010-05-23 17:30:00	JAX	Jacksonville International	American Airlines	Passenger Property Loss	Checked Baggage		Clothing & Accessories		0.0	Deny
149186	2010060872473	2010-06-01 00:00:00	2010-05-28 06:15:00	JAX	Jacksonville International	Southwest Airlines	Passenger Property Loss	Checkpoint		Other		0.0	Deny
149200	2010060872495	2010-06-01 00:00:00	2010-01-10 00:00:00	JAX	Jacksonville International	American Airlines	Passenger Property Loss	Checked Baggage		Electronics,Clothing & Accessories		0.0	Deny
149988	2010063073279	2010-06-25 00:00:00	2010-06-11 16:00:00	JAX	Jacksonville International	Southwest Airlines	Passenger Property Loss	Checked Baggage		Cosmetics		0.0	Deny
151383	2010081774993	2010-08-04 00:00:00	2010-06-20 00:00:00	JAX	Jacksonville International	Southwest Airlines	Passenger Property Loss	Checked Baggage		Cosmetics		0.0	Deny
151485	2010081374835	2010-08-09 00:00:00	2010-07-29 00:00:00	JAX	Jacksonville International	Delta Air Lines	Passenger Property Loss	Checked Baggage		Cosmetics		10.0	Approve in Full
152312	2010090975832	2010-08-30 00:00:00	2010-08-18 14:34:00	JAX	Jacksonville International	Southwest Airlines	Passenger Property Loss	Checked Baggage		Clothing & Accessories		0.0	Deny
153698	2010102277182	2010-10-12 00:00:00	2010-09-09 00:00:00	JAX	Jacksonville International	Delta Air Lines	Passenger Property Loss	Checked Baggage		Cosmetics			
153943	2010102677397	2010-10-19 00:00:00	2010-09-22 00:00:00	JAX	Jacksonville International	Jet Blue	Passenger Property Loss	Checked Baggage		Cosmetics		9.74	Approve in Full
155238	2010120878614	2010-12-01 00:00:00	2010-09-28 10:15:00	JAX	Jacksonville International	Delta Air Lines	Passenger Property Loss	Checked Baggage		Cosmetics		0.0	Deny
156846	2011022380393	2011-01-24 00:00:00	2010-12-24 00:00:00	JAX	Jacksonville International	USAir	Passenger Property Loss	Checked Baggage		Cosmetics		0.0	Deny
157559	2011031181135	2011-02-15 00:00:00	2011-01-29 11:00:00	JAX	Jacksonville International	Delta Air Lines	Passenger Property Loss	Checked Baggage		Electronics		0.0	Deny
157701	2011031581205	2011-02-22 00:00:00	2011-02-01 00:00:00	JAX	Jacksonville International	Delta Air Lines	Passenger Property Loss	Checked Baggage		Electronics			
157839	2011031781307	2011-02-28 00:00:00	2011-02-23 00:00:00	JAX	Jacksonville International	American Airlines	Passenger Property Loss	Checked Baggage		Watches & Jewelry		0.0	Deny
157937	2011032981455	2011-03-01 00:00:00	2010-11-22 13:30:00	JAX	Jacksonville International	USAir	Passenger Property Loss	Checkpoint		Scientific Intruments		0.0	Deny
158144	2011033181610	2011-03-08 00:00:00	2011-03-06 14:00:00	JAX	Jacksonville International	Southwest Airlines	Passenger Property Loss	Checkpoint		Watches & Jewelry			
158239	2011040181718	2011-03-10 00:00:00	2011-02-28 00:00:00	JAX	Jacksonville International	Delta Air Lines	Passenger Property Loss	Checked Baggage		Food & Drink		0.0	Deny
158305	2011040181764	2011-03-14 00:00:00	2011-03-06 15:53:00	JAX	Jacksonville International	Southwest Airlines	Passenger Property Loss	Checked Baggage		Electronics		0.0	Deny
159066	2011041382441	2011-04-07 00:00:00	2011-02-20 05:45:00	JAX	Jacksonville International	Delta Air Lines	Passenger Property Loss	Checkpoint		Other		0.0	Deny
159171	2011041482586	2011-04-11 00:00:00	2011-04-10 13:22:00	JAX	Jacksonville International	Delta Air Lines	Passenger Property Loss	Checked Baggage		Other		0.0	Deny
159375	2011042182815	2011-04-18 00:00:00	2011-03-30 16:20:00	JAX	Jacksonville International	Jet Blue	Passenger Property Loss	Checked Baggage		Electronics		0.0	Deny
159705	2011032981467	2011-04-28 00:00:00	2011-01-31 00:00:00	JAX	Jacksonville International	Delta Air Lines	Passenger Property Loss	Checked Baggage		Other		0.0	Deny
159792	2011050983306	2011-05-02 00:00:00	2011-04-24 17:00:00	JAX	Jacksonville International	Southwest Airlines	Passenger Property Loss	Checked Baggage		Cosmetics		20.0	Approve in Full
160281	2011052683799	2011-05-17 00:00:00	2011-04-24 00:00:00	JAX	Jacksonville International	American Airlines	Passenger Property Loss	Checkpoint		Other		10.0	Approve in Full
160677	2011060884203	2011-05-31 00:00:00	2011-05-16 04:30:00	JAX	Jacksonville International	Southwest Airlines	Passenger Property Loss	Checked Baggage		Clothing & Accessories			
161450	2011070184933	2011-06-24 00:00:00	2011-06-24 05:45:00	JAX	Jacksonville International	Southwest Airlines	Passenger Property Loss	Other		Office Supplies		0.0	Deny
161631	2011072085339	2011-06-29 00:00:00	2011-06-23 00:00:00	JAX	Jacksonville International	Delta Air Lines	Passenger Property Loss	Checked Baggage		Clothing & Accessories,Electronics		0.0	Deny
161829	2011072185402	2011-07-07 00:00:00	2011-06-05 00:00:00	JAX	Jacksonville International		Passenger Property Loss	Checked Baggage		Other		0.0	Deny
162570	2011081286129	2011-08-01 00:00:00	2011-07-27 10:30:00	JAX	Jacksonville International	American Airlines	Passenger Property Loss	Checkpoint		Clothing & Accessories		0.0	Deny
162998	2011050483179	2011-08-12 00:00:00	2011-02-02 12:00:00	JAX	Jacksonville International	Delta Air Lines	Passenger Property Loss	Checkpoint		Electronics		0.0	Deny
163094	2011090286689	2011-08-15 00:00:00	2011-08-02 06:15:00	JAX	Jacksonville International	Southwest Airlines	Passenger Property Loss	Checkpoint		Other		0.0	Deny
163417	2011091987017	2011-08-25 00:00:00	2011-08-12 00:00:00	JAX	Jacksonville International	USAir	Passenger Property Loss	Checkpoint		Other		35.0	Approve in Full
163813	2011100387351	2011-09-08 00:00:00	2011-08-12 00:00:00	JAX	Jacksonville International		Passenger Property Loss	Checkpoint		Clothing & Accessories		35.0	Approve in Full
164020	2011100587535	2011-09-16 00:00:00	2011-09-10 00:00:00	JAX	Jacksonville International	USAir	Passenger Property Loss	Checkpoint		Electronics		0.0	Deny
164174	2011101487910	2011-09-21 00:00:00	2011-02-27 06:00:00	JAX	Jacksonville International		Passenger Property Loss	Checkpoint		Watches & Jewelry		118.13	Settle
164323	2011102088252	2011-09-28 00:00:00	2011-08-22 02:36:00	JAX	Jacksonville International	American Airlines	Passenger Property Loss	Checked Baggage		Electronics			
164439	2011110488672	2011-10-03 00:00:00	2011-09-08 00:00:00	JAX	Jacksonville International	USAir	Passenger Property Loss	Checked Baggage		Other		0.0	Deny
164591	2011110488666	2011-10-06 00:00:00	2011-09-10 00:00:00	JAX	Jacksonville International	Southwest Airlines	Passenger Property Loss	Checkpoint		Other		15.98	Settle
164998	2011102788399	2011-10-20 00:00:00	2011-10-18 00:00:00	JAX	Jacksonville International	American Airlines	Passenger Property Loss	Checked Baggage		Clothing & Accessories,Electronics		0.0	Deny
165022	2011102188269	2011-10-21 00:00:00	2011-09-24 00:00:00	JAX	Jacksonville International	American Airlines	Passenger Property Loss	Checked Baggage		Electronics		0.0	Deny
165364	2011110888780	2011-11-01 00:00:00	2011-10-29 00:00:00	JAX	Jacksonville International	Southwest Airlines	Passenger Property Loss	Checked Baggage		Watches & Jewelry,Other		0.0	Deny
165762	2011120189293	2011-11-15 00:00:00	2011-11-08 07:30:00	JAX	Jacksonville International	American Airlines	Passenger Property Loss	Checkpoint		Watches & Jewelry		0.0	Deny
167628	2012032692065	2012-01-19 00:00:00	2011-12-19 14:15:00	JAX	Jacksonville International	UAL	Passenger Property Loss	Checked Baggage		Watches & Jewelry			
168099	2012020390664	2012-02-03 00:00:00	2011-11-26 13:00:00	JAX	Jacksonville International	Delta Air Lines	Passenger Property Loss	Checked Baggage		Clothing & Accessories		110.0	Approve in Full
168253	2012022391263	2012-02-09 00:00:00	2012-01-21 00:00:00	JAX	Jacksonville International	AirTran Airlines	Passenger Property Loss	Checked Baggage		Containers,Food & Drink		0.0	Deny
168606	2012041192818	2012-02-21 00:00:00	2012-02-21 00:00:00	JAX	Jacksonville International	Delta Air Lines	Passenger Property Loss	Checkpoint		Food & Drink		0.0	Deny
168652	2012033092306	2012-02-22 00:00:00	2012-02-08 00:00:00	JAX	Jacksonville International	Southwest Airlines	Passenger Property Loss	Checked Baggage		Watches & Jewelry		0.0	Deny
168764	2012042693278	2012-02-27 00:00:00	2012-02-07 12:06:00	JAX	Jacksonville International	Delta Air Lines	Passenger Property Loss	Checkpoint		Other			
169649	2012041292863	2012-03-30 00:00:00	2012-03-27 00:00:00	JAX	Jacksonville International	AirTran Airlines	Passenger Property Loss	Checked Baggage		Electronics		0.0	Deny
169686	2012042693313	2012-04-02 00:00:00	2012-03-20 08:30:00	JAX	Jacksonville International	UAL	Passenger Property Loss	Checked Baggage		Containers,Electronics,Other		0.0	Deny
170416	2012051593967	2012-04-27 00:00:00	2012-04-24 00:00:00	JAX	Jacksonville International	Delta Air Lines	Passenger Property Loss	Checked Baggage		Electronics			
170694	2012052794317	2012-05-07 00:00:00	2012-04-14 11:00:00	JAX	Jacksonville International	Southwest Airlines	Passenger Property Loss	Checkpoint		Electronics		0.0	Deny
171063	2012061294771	2012-05-18 00:00:00	2012-05-17 00:00:00	JAX	Jacksonville International	Delta Air Lines	Passenger Property Loss	Checked Baggage		Electronics			
171153	2012060994692	2012-05-23 00:00:00	2012-04-30 00:00:00	JAX	Jacksonville International	Southwest Airlines	Passenger Property Loss	Checkpoint		Watches & Jewelry		0.0	Deny
171637	2012071195219	2012-06-11 00:00:00	2012-05-31 12:20:00	JAX	Jacksonville International	Southwest Airlines	Passenger Property Loss	Checked Baggage		Clothing & Accessories		0.0	Deny
172521	2012082896266	2012-07-12 00:00:00	2012-05-21 10:55:00	JAX	Jacksonville International	American Airlines	Passenger Property Loss	Checked Baggage		Containers		280.5	Settle
172659	2012070595088	2012-07-17 00:00:00	2012-05-18 09:30:00	JAX	Jacksonville International	Delta Air Lines	Passenger Property Loss	Checked Baggage		Containers		0.0	Deny
172679	2012082996424	2012-07-17 00:00:00	2012-06-21 00:00:00	JAX	Jacksonville International	USAir	Passenger Property Loss	Checked Baggage		Other		200.0	Approve in Full
172803	2012090496529	2012-07-23 00:00:00	2012-06-16 00:00:00	JAX	Jacksonville International	USAir	Passenger Property Loss	Checked Baggage		Clothing & Accessories,Games & Toys		0.0	Deny
172821	2012091896923	2012-07-23 00:00:00	2011-12-21 00:00:00	JAX	Jacksonville International	Southwest Airlines	Passenger Property Loss	Checkpoint		Watches & Jewelry		0.0	Deny
173193	2012091896927	2012-08-06 00:00:00	2012-07-16 00:00:00	JAX	Jacksonville International	USAir	Passenger Property Loss	Checked Baggage		Clothing & Accessories,Watches & Jewelry,Other		0.0	Deny
173312	2012091296736	2012-08-09 00:00:00	2012-08-05 00:00:00	JAX	Jacksonville International	Jet Blue	Passenger Property Loss	Checked Baggage		Electronics,Electronics		0.0	Deny
173336	2012092297044	2012-08-10 00:00:00	2012-08-05 00:00:00	JAX	Jacksonville International	Jet Blue	Passenger Property Loss	Checked Baggage		Electronics		0.0	Deny
173342	2012092397085	2012-08-10 00:00:00	2012-08-01 00:00:00	JAX	Jacksonville International	Jet Blue	Passenger Property Loss	Checked Baggage		Other		0.0	Deny
173399	2012092497094	2012-08-13 00:00:00	2012-07-16 19:00:00	JAX	Jacksonville International	USAir	Passenger Property Loss	Checked Baggage		Clothing & Accessories,Watches & Jewelry,Other		0.0	Deny
173492	2012100197281	2012-08-15 00:00:00	2012-06-18 00:00:00	JAX	Jacksonville International	UAL	Passenger Property Loss	Checked Baggage		Watches & Jewelry			
173852	2012092897245	2012-08-28 00:00:00	2012-08-11 00:00:00	JAX	Jacksonville International	American Airlines	Passenger Property Loss	Checked Baggage		Other		50.0	Approve in Full
174402	2012102598113	2012-09-17 00:00:00	2012-09-05 08:00:00	JAX	Jacksonville International	American Airlines	Passenger Property Loss	Checked Baggage		Other		0.0	Deny
174424	2012102598158	2012-09-17 00:00:00	2012-08-11 00:00:00	JAX	Jacksonville International	American Airlines	Passenger Property Loss	Checked Baggage		Watches & Jewelry		120.0	Approve in Full
174432	2012110198251	2012-09-17 00:00:00	2012-08-22 00:00:00	JAX	Jacksonville International	American Airlines	Passenger Property Loss	Checked Baggage		Clothing & Accessories,Electronics,Cosmetics,Food & Drink		0.0	Deny
174952	2012103198227	2012-10-09 00:00:00	2012-09-09 18:15:00	JAX	Jacksonville International	Southwest Airlines	Passenger Property Loss	Checked Baggage		Cosmetics		36.0	Settle
177644	2013021401432	2013-01-22 00:00:00	2012-09-08 00:00:00	JAX	Jacksonville International	Southwest Airlines	Passenger Property Loss	Checkpoint		Clothing & Accessories		163.74	Settle
177667	2013021501491	2013-01-22 00:00:00	2012-12-20 07:00:00	JAX	Jacksonville International	American Airlines	Passenger Property Loss	Checked Baggage		Outdoors Supplies		0.0	Deny
179281	2013040302962	2013-03-21 00:00:00	2013-03-19 00:00:00	JAX	Jacksonville International	USAir	Passenger Property Loss	Checked Baggage		Other		0.0	Deny
180068	2013052303849	2013-04-22 00:00:00	2013-04-06 17:50:00	JAX	Jacksonville International	Delta Air Lines	Passenger Property Loss	Checked Baggage		Other,Cosmetics			
180564	2013070905056	2013-05-09 00:00:00	2013-04-20 00:00:00	JAX	Jacksonville International	Delta Air Lines	Passenger Property Loss	Checked Baggage		Cosmetics		0.0	Deny
182553	2013090206454	2013-07-19 00:00:00	2013-07-11 15:30:00	JAX	Jacksonville International		Passenger Property Loss	Checked Baggage		Electronics		82.55	Approve in Full
184581	2013103108426	2013-09-27 00:00:00	2013-09-13 15:00:00	JAX	Jacksonville International	America West	Passenger Property Loss	Checked Baggage		Clothing & Accessories		146.0	Approve in Full
184830	2013110208594	2013-10-15 00:00:00	2013-09-07 00:00:00	JAX	Jacksonville International	Delta Air Lines	Passenger Property Loss	Checked Baggage		Watches & Jewelry,Clothing & Accessories,Electronics		0.0	Deny
184913	2013110808992	2013-10-17 00:00:00	2013-09-09 00:00:00	JAX	Jacksonville International	American Airlines	Passenger Property Loss	Checked Baggage		Electronics			
184952	2013111109082	2013-10-17 00:00:00	2013-09-15 17:00:00	JAX	Jacksonville International	Delta Air Lines	Passenger Property Loss	Checkpoint		Other			
185114	2013103108445	2013-10-24 00:00:00	2013-09-15 00:00:00	JAX	Jacksonville International	Delta Air Lines	Passenger Property Loss	Checkpoint		Electronics		0.0	Deny
185543	2013111309258	2013-11-08 00:00:00	2013-10-13 00:00:00	JAX	Jacksonville International	USAir	Passenger Property Loss	Checked Baggage		Watches & Jewelry			
186107	2013121810143	2013-12-03 00:00:00	2013-11-07 16:00:00	JAX	Jacksonville International	Southwest Airlines	Passenger Property Loss	Checked Baggage		Clothing & Accessories			
186321	2013121810141	2013-12-12 00:00:00	2013-09-24 06:30:00	JAX	Jacksonville International	Delta Air Lines	Passenger Property Loss	Checked Baggage		Cosmetics			
186749	2014042113419	2014-04-21 00:00:00	2014-04-03 00:00:00	JAX	Jacksonville International	Southeast Airlines	Passenger Property Loss	Checked Baggage		Clothing & Accessories		0.0	Deny
187950	2014021411716	2014-02-10 00:00:00	2014-02-05 00:00:00	JAX	Jacksonville International	UAL	Passenger Property Loss	Checked Baggage		Watches & Jewelry		0.0	Deny
189331	2014041013131	2014-04-08 00:00:00	2014-03-26 00:00:00	JAX	Jacksonville International	USAir	Passenger Property Loss	Checked Baggage		Clothing & Accessories			
190729	2014061114552	2014-06-06 00:00:00	2014-05-16 00:00:00	JAX	Jacksonville International	Delta Air Lines	Passenger Property Loss	Checked Baggage		Containers,Cosmetics,Watches & Jewelry		0.0	Deny
190862	2014061714688	2014-06-06 00:00:00	2014-05-06 00:00:00	JAX	Jacksonville International	USAir	Passenger Property Loss	Checked Baggage		Outdoors Supplies		0.0	Deny
190996	2014062414826	2014-06-11 00:00:00	2013-12-23 00:00:00	JAX	Jacksonville International	Delta Air Lines	Passenger Property Loss	Checked Baggage		Electronics		0.0	Deny
191823	2014080415671	2014-07-17 00:00:00	2014-06-26 00:00:00	JAX	Jacksonville International		Passenger Property Loss	Checked Baggage		Cosmetics		0.0	Deny
192206	2014082016060	2014-08-02 00:00:00	2014-07-13 00:00:00	JAX	Jacksonville International	American Airlines	Passenger Property Loss	Checked Baggage		Other			
192331	2014082316190	2014-08-06 00:00:00	2014-08-04 00:00:00	JAX	Jacksonville International	Southwest Airlines	Passenger Property Loss	Checked Baggage		Other,Other			
192348	2014082516207	2014-08-04 00:00:00	2014-07-25 00:00:00	JAX	Jacksonville International	Southwest Airlines	Passenger Property Loss	Checked Baggage		Cosmetics		16.19	Approve in Full
193565	2014100717449	2014-09-24 00:00:00	2014-09-08 00:00:00	JAX	Jacksonville International	Delta Air Lines	Passenger Property Loss	Checked Baggage		Cosmetics		20.0	Approve in Full
193627	2014100917513	2014-10-01 00:00:00	2014-09-26 00:00:00	JAX	Jacksonville International	UAL	Passenger Property Loss	Checked Baggage		Cosmetics			
194600	2014112418506	2014-10-23 00:00:00	2014-09-10 00:00:00	JAX	Jacksonville International	Southwest Airlines	Passenger Property Loss	Checkpoint		Watches & Jewelry			
194730	2014112618641	2014-11-19 00:00:00	2014-11-07 00:00:00	JAX	Jacksonville International	USAir	Passenger Property Loss	Checked Baggage		Other			
195416	2014122319361	2014-12-23 00:00:00	2014-09-16 00:00:00	JAX	Jacksonville International	Delta Air Lines	Passenger Property Loss	Checked Baggage		Electronics,Watches & Jewelry		0.0	Deny
199005	2015010219521	2015-01-01 00:00:00	2014-12-27 00:00:00	JAX	Jacksonville International	Jet Blue	Passenger Property Loss	Checked Baggage		Cosmetics		13.05	Approve in Full
199007	2015031121151	2015-03-11 00:00:00	2014-09-22 00:00:00	JAX	Jacksonville International	Southwest Airlines	Passenger Property Loss	Checked Baggage		Scientific Intruments		841.12	Approve in Full
199011	2015033021587	2015-03-30 00:00:00	2015-03-16 00:00:00	JAX	Jacksonville International	Delta Air Lines	Passenger Property Loss	Checked Baggage		Outdoors Supplies		0.0	Deny
199012	2015033121622	2015-03-31 00:00:00	2015-03-09 00:00:00	JAX	Jacksonville International	Delta Air Lines	Passenger Property Loss	Checkpoint		Electronics			
199013	2015041021876	2015-04-08 00:00:00	2015-03-16 00:00:00	JAX	Jacksonville International	Delta Air Lines	Passenger Property Loss	Checked Baggage		Cosmetics		18.0	Approve in Full
199014	2015040821811	2015-04-09 00:00:00	2014-12-05 00:00:00	JAX	Jacksonville International	USAir	Passenger Property Loss	Checked Baggage		Other		0.0	Deny
199015	2015042322091	2015-04-20 00:00:00	2015-04-03 00:00:00	JAX	Jacksonville International	Southwest Airlines	Passenger Property Loss	Checked Baggage		Containers,Cosmetics,Cosmetics		0.0	Deny
199020	2015052222717	2015-05-19 00:00:00	2015-05-09 00:00:00	JAX	Jacksonville International	American Airlines	Passenger Property Loss	Checkpoint		Clothing & Accessories		179.51	Settle
199022	2015062223298	2015-06-12 00:00:00	2015-05-27 00:00:00	JAX	Jacksonville International	American Airlines	Passenger Property Loss	Checkpoint		Clothing & Accessories		127.6	Settle
199023	2015062423401	2015-06-17 00:00:00	2015-05-24 00:00:00	JAX	Jacksonville International	Delta Air Lines	Passenger Property Loss	Checked Baggage		Cosmetics		13.9	Approve in Full
199025	2015072724253	2015-07-22 00:00:00	2015-07-02 00:00:00	JAX	Jacksonville International	American Airlines	Passenger Property Loss	Checked Baggage		Watches & Jewelry,Watches & Jewelry		0.0	Deny
199026	2015072324165	2015-07-23 00:00:00	2015-07-10 00:00:00	JAX	Jacksonville International	Delta Air Lines	Passenger Property Loss	Checked Baggage		Cosmetics		0.0	Deny
199027	2015080324471	2015-07-29 00:00:00	2015-07-25 00:00:00	JAX	Jacksonville International		Passenger Property Loss	Checked Baggage		Cosmetics,Outdoors Supplies		50.0	Approve in Full
199028	2015091625384	2015-09-01 00:00:00	2015-07-09 00:00:00	JAX	Jacksonville International		Passenger Property Loss	Checked Baggage		Clothing & Accessories,Clothing & Accessories		0.0	Deny
199030	2015102326229	2015-10-23 00:00:00	2015-08-23 00:00:00	JAX	Jacksonville International	Jet Blue	Passenger Property Loss	Checkpoint		Watches & Jewelry			
199031	2015111626924	2015-11-02 00:00:00	2015-10-11 00:00:00	JAX	Jacksonville International	USAir	Passenger Property Loss	Checked Baggage		Clothing & Accessories,Clothing & Accessories		0.0	Deny
199032	2015110426540	2015-11-04 00:00:00	2015-09-28 00:00:00	JAX	Jacksonville International	Southwest Airlines	Passenger Property Loss	Checked Baggage		Electronics		0.0	Deny
199034	2016011328288	2015-12-23 00:00:00	2015-12-01 00:00:00	JAX	Jacksonville International		Passenger Property Loss	Checked Baggage		Clothing & Accessories,Electronics,Cosmetics			
207619	2017021337503	2017-01-06 00:00:00	2016-12-15 00:00:00	JAX	Jacksonville International Jacksonville International	Allegiant Air	Passenger Property Loss	Checked Baggage		Clothing & Accessories			Insufficient
207620	2017020337293	2016-12-23 00:00:00	2016-12-17 00:00:00	JAX	Jacksonville International Jacksonville International	Southwest Airlines	Passenger Property Loss	Checked Baggage		Clothing & Accessories,Clothing & Accessories			Insufficient
207623	2016110835616	2016-10-11 00:00:00	2016-08-27 10:45:00	JAX	Jacksonville International Jacksonville International	Southwest Airlines	Passenger Property Loss	Checked Baggage		Containers		36.35	Approve in Full
207624	2016102535135	2016-09-17 00:00:00	2016-09-09 14:33:00	JAX	Jacksonville International Jacksonville International	American Airlines	Passenger Property Loss	Checked Baggage		Cosmetics		10.0	Approve in Full
207625	2016012528519	2016-01-11 00:00:00	2016-01-08 11:30:00	JAX	Jacksonville International Jacksonville International	Delta Air Lines	Passenger Property Loss	Checked Baggage		Electronics,Cosmetics			Closed:Canceled
207626	2016062832454	2016-06-03 00:00:00	2016-05-29 09:00:00	JAX	Jacksonville International Jacksonville International	Delta Air Lines	Passenger Property Loss	Checked Baggage		Scientific Intruments			Closed:Canceled
207627	2016040630419	2016-03-23 00:00:00	2016-02-25 07:00:00	JAX	Jacksonville International Jacksonville International	Southwest Airlines	Passenger Property Loss	Checked Baggage		Scientific Intruments		0.0	Deny
207628	2016042830952	2016-04-11 00:00:00	2016-03-31 00:00:00	JAX	Jacksonville International Jacksonville International	Delta Air Lines	Passenger Property Loss	Checked Baggage		Containers,Containers,Containers		0.0	Deny
207636	2016101734741	2016-08-18 00:00:00	2016-08-04 00:00:00	JAX	Jacksonville International Jacksonville International	American Airlines	Passenger Property Loss	Checkpoint		Containers			In Review
207639	2016102435073	2016-09-14 00:00:00	2016-09-11 00:00:00	JAX	Jacksonville International Jacksonville International	UAL	Passenger Property Loss	Checked Baggage		Watches & Jewelry			In Review
207641	2016102135015	2016-10-18 00:00:00	2016-10-14 00:00:00	JAX	Jacksonville International Jacksonville International	Delta Air Lines	Passenger Property Loss	Checkpoint		Scientific Intruments			In Review
207642	2017010436279	2016-10-31 00:00:00	2016-10-24 16:08:00	JAX	Jacksonville International Jacksonville International	UAL	Passenger Property Loss	Checked Baggage		Electronics			In Review
207646	2017020937422	2017-02-09 00:00:00	2016-12-16 10:15:00	JAX	Jacksonville International Jacksonville International	American Airlines	Passenger Property Loss	Checked Baggage		Containers			In Review
215842	2017051639576	2017-05-01 00:00:00	2017-04-28 00:00:00	JAX	Jacksonville International Jacksonville International	Silver Airways	Passenger Property Loss	Checkpoint		Clothing & Accessories			In Review
215844	2017052239803	2017-05-02 00:00:00	2017-04-23 00:00:00	JAX	Jacksonville International Jacksonville International	Southwest Airlines	Passenger Property Loss	Checked Baggage		Clothing & Accessories			In Review
215845	2017061440681	2017-05-03 00:00:00	2017-05-02 12:00:00	JAX	Jacksonville International Jacksonville International	Southwest Airlines	Passenger Property Loss	Checked Baggage		Clothing & Accessories		64.2	Approve in Full
215856	2017041238498	2017-04-12 00:00:00	2017-01-29 00:00:00	JAX	Jacksonville International Jacksonville International	UAL	Passenger Property Loss	Checked Baggage		Electronics			In Review
215857	2017110244980	2017-10-12 00:00:00	2017-10-06 00:00:00	JAX	Jacksonville International Jacksonville International		Passenger Property Loss	Checkpoint		Clothing & Accessories,Cosmetics			In Review
215863	2017072741896	2017-06-19 00:00:00	2017-06-03 00:00:00	JAX	Jacksonville International Jacksonville International	Delta Air Lines	Passenger Property Loss	Checked Baggage		Scientific Intruments			In Review
215865	2017073141975	2017-06-19 00:00:00	2017-06-05 00:00:00	JAX	Jacksonville International Jacksonville International		Passenger Property Loss	Checked Baggage		Food & Drink		0.0	Deny
215869	2017051039386	2017-03-21 00:00:00	2017-01-23 00:00:00	JAX	Jacksonville International Jacksonville International	UAL	Passenger Property Loss	Checked Baggage		Food & Drink		0.0	Deny
215871	2017061340500	2017-04-24 00:00:00	2017-04-21 00:00:00	JAX	Jacksonville International Jacksonville International	Delta Air Lines	Passenger Property Loss	Checked Baggage		Clothing & Accessories		0.0	Deny