id	claim_number	date_received	incident_date	airport_code	airport_name	airline	claim_type	claim_site	claim_amount	items	status	close_amount	disposition
12794	0808042M	2003-08-08 00:00:00	2003-07-29 00:00:00	LBB	Lubbock International	Southwest Airlines	Passenger Property Loss	Checked Baggage	1250.0	Watches & Jewelry	Canceled	625.0	
18655	1022337M	2003-10-22 00:00:00	2003-10-08 00:00:00	LBB	Lubbock International	Southwest Airlines	Passenger Property Loss	Checked Baggage	4350.0	Watches & Jewelry	Canceled	0.0	
30269	2004052153040	2004-03-12 00:00:00	2003-12-28 00:00:00	LBB	Lubbock International	American Airlines	Passenger Property Loss	Checked Baggage		Other	Canceled	0.0	
32308	2004052853769	2004-04-06 00:00:00	2004-01-01 00:00:00	LBB	Lubbock International	Southwest Airlines	Passenger Property Loss	Checked Baggage	106.0	Other	Settled	53.0	Settle
34676	2004060855137	2004-05-05 00:00:00	2003-11-21 00:00:00	LBB	Lubbock International	American Airlines	Passenger Property Loss	Checkpoint	4675.0	Electronics	In litigation		Deny
37469	2004070158216	2004-06-08 00:00:00	2004-05-22 00:00:00	LBB	Lubbock International		Passenger Property Loss	Checkpoint	85.76	Other	Denied	0.0	Deny
37555	2004070158104	2004-06-08 00:00:00	2004-05-05 00:00:00	LBB	Lubbock International		Passenger Property Loss	Checked Baggage	160.0	Other	Settled	80.0	Settle
38046	2004062957696	2004-06-16 00:00:00	2004-05-05 00:00:00	LBB	Lubbock International		Passenger Property Loss	Checked Baggage	200.0	Tools & Machines	Settled	40.0	Settle
38333	2004070758638	2004-06-21 00:00:00	2004-06-03 00:00:00	LBB	Lubbock International	Continental Airlines	Passenger Property Loss	Checked Baggage		Supplies	Insufficient, one of the following items required: sum certain, statement of fact, signature, location of incident, and date.		
39753	2004090862362	2004-07-09 00:00:00	2004-05-13 00:00:00	LBB	Lubbock International		Passenger Property Loss	Checkpoint	355.0	Watches & Jewelry	Denied	0.0	Deny
42936	2004092964236	2004-08-19 00:00:00	2004-08-03 00:00:00	LBB	Lubbock International	Southwest Airlines	Passenger Property Loss	Checked Baggage	110.0	Clothing & Accessories	Settled	55.0	Settle
49509	2004122770890	2004-11-09 00:00:00	2004-10-11 00:00:00	LBB	Lubbock International	Southwest Airlines	Passenger Property Loss	Checked Baggage	21.2	Supplies	Approved	21.2	Approve in Full
51992	2005030176874	2004-12-14 00:00:00	2004-09-15 00:00:00	LBB	Lubbock International		Passenger Property Loss	Checked Baggage	19.95	Other	Approved	19.95	Approve in Full
52265	2005010472706	2004-12-16 00:00:00	2004-11-22 00:00:00	LBB	Lubbock International		Passenger Property Loss	Checked Baggage		Other	Insufficient, one of the following items required: sum certain, statement of fact, signature, location of incident, and date.		
62593	2005042783495	2005-04-26 00:00:00	2005-04-14 00:00:00	LBB	Lubbock International		Passenger Property Loss	Checked Baggage	125.0	Other	Denied	0.0	Deny
65668	2005062086590	2005-06-07 00:00:00	2005-05-27 00:00:00	LBB	Lubbock International	Hawaiian Airlines	Passenger Property Loss	Checked Baggage	6.61	Other	Denied	0.0	Deny
67718	2005071388849	2005-07-08 00:00:00	2005-05-13 00:00:00	LBB	Lubbock International		Passenger Property Loss	Checked Baggage		Clothing & Accessories	Insufficient, one of the following items required: sum certain, statement of fact, signature, location of incident, and date.		
67760	2005071288774	2005-07-11 00:00:00	2005-07-03 00:00:00	LBB	Lubbock International	American Airlines	Passenger Property Loss	Checked Baggage	48.69	Tools & Machines	Approved	48.69	Approve in Full
72537	2005093093529	2005-09-21 00:00:00	2005-09-08 00:00:00	LBB	Lubbock International	Southwest Airlines	Passenger Property Loss	Checked Baggage	216.48	Electronics	Settled	88.24	Settle
75183	2005111896272	2005-11-09 00:00:00	2005-09-29 00:00:00	LBB	Lubbock International		Passenger Property Loss	Checked Baggage	35.0	Other	Denied	0.0	Deny
77033	2005122198180	2005-12-13 00:00:00	2005-08-23 00:00:00	LBB	Lubbock International	Southwest Airlines	Passenger Property Loss	Checked Baggage	240.0	Watches & Jewelry	Denied	0.0	Deny
77056	2005121998027	2005-12-13 00:00:00	2005-11-04 00:00:00	LBB	Lubbock International	American Eagle	Passenger Property Loss	Checked Baggage	190.27	Other	Settled	60.16	Settle
78026	2006010999065	2006-01-04 00:00:00	2005-12-14 00:00:00	LBB	Lubbock International	Continental Airlines	Passenger Property Loss	Checked Baggage	3125.0	Electronics	Denied	0.0	Deny
78402	2006011799637	2006-01-10 00:00:00	2006-01-03 00:00:00	LBB	Lubbock International		Passenger Property Loss	Checked Baggage	2912.2	Watches & Jewelry	Approved	2912.2	Approve in Full
79737	2006020200815	2006-01-27 00:00:00	2005-12-11 00:00:00	LBB	Lubbock International	Continental Airlines	Passenger Property Loss	Checked Baggage	300.9	Electronics	Settled	132.49	Settle
82348	2006032203489	2006-03-16 00:00:00	2006-03-04 00:00:00	LBB	Lubbock International	Southwest Airlines	Passenger Property Loss	Checked Baggage	500.0	Watches & Jewelry	Settled	250.0	Settle
82855	2006040504088	2006-03-27 00:00:00	2006-02-12 00:00:00	LBB	Lubbock International	American Airlines	Passenger Property Loss	Checked Baggage	20.0	Tools & Machines	Approved	20.0	Approve in Full
84314	2006050305674	2006-04-24 00:00:00	2006-04-11 00:00:00	LBB	Lubbock International	American Airlines	Passenger Property Loss	Checked Baggage	375.36	Electronics	Settled	247.94	Settle
85640	2006052406903	2006-05-22 00:00:00	2006-05-18 00:00:00	LBB	Lubbock International	Continental Airlines	Passenger Property Loss	Checked Baggage	2550.0	Other	Denied	0.0	Deny
86637	2006061307899	2006-06-12 00:00:00	2006-05-24 00:00:00	LBB	Lubbock International	Southwest Airlines	Passenger Property Loss	Checked Baggage	267.58	Watches & Jewelry	Denied	0.0	Deny
87888	2006070709156	2006-07-06 00:00:00	2006-06-25 00:00:00	LBB	Lubbock International		Passenger Property Loss	Checked Baggage	45.0	Cosmetics	Denied	0.0	Deny
87976	2006071009228	2006-07-07 00:00:00	2006-06-14 00:00:00	LBB	Lubbock International	Southwest Airlines	Passenger Property Loss	Checked Baggage	125.69	Cosmetics	Denied	0.0	Deny
88209	2006071409466	2006-07-11 00:00:00	2006-06-11 00:00:00	LBB	Lubbock International	American Airlines	Passenger Property Loss	Checked Baggage	129.93	Electronics	Denied	0.0	Deny
91775	2006092113084	2006-09-19 00:00:00	2006-09-03 00:00:00	LBB	Lubbock International	American Airlines	Passenger Property Loss	Checked Baggage	31.49	Other	Approved	31.49	Approve in Full
92817	2006101914211	2006-10-10 00:00:00	2006-09-30 00:00:00	LBB	Lubbock International	American Eagle	Passenger Property Loss	Checked Baggage	522.0	Electronics	Settled	507.62	Settle
93531	2006103114896	2006-10-23 00:00:00	2006-10-03 00:00:00	LBB	Lubbock International	Southwest Airlines	Passenger Property Loss	Checked Baggage	2000.0	Watches & Jewelry	Denied	0.0	Deny
95770	2006121417088	2006-12-06 00:00:00	2006-10-17 00:00:00	LBB	Lubbock International	Southwest Airlines	Passenger Property Loss	Checked Baggage	26.89	Clothing & Accessories	Approved	26.89	Approve in Full
99421	2007020720432	2007-02-06 00:00:00	2007-01-01 00:00:00	LBB	Lubbock International	Southwest Airlines	Passenger Property Loss	Checked Baggage	279.99	Other,Electronics	Denied	0.0	Deny
101941	2007032923197	2007-03-27 00:00:00	2007-03-23 00:00:00	LBB	Lubbock International	American Airlines	Passenger Property Loss	Checked Baggage	38.2	Containers,Household Decor	Denied	0.0	Deny
103311	2007042724604	2007-04-23 00:00:00	2007-04-15 00:00:00	LBB	Lubbock International		Passenger Property Loss	Checked Baggage	25.0	Other	Denied	0.0	Deny
108071	2007073129407	2007-07-27 00:00:00	2007-06-30 00:00:00	LBB	Lubbock International	Southwest Airlines	Passenger Property Loss	Checked Baggage	220.0	Watches & Jewelry	Denied	0.0	Deny
111414	2007100232855	2007-09-28 00:00:00	2007-09-06 00:00:00	LBB	Lubbock International		Passenger Property Loss	Checkpoint	50.0	Supplies	Approved	50.0	Approve in Full
111493	2007100332906	2007-10-01 00:00:00	2007-08-29 00:00:00	LBB	Lubbock International	Southwest Airlines	Passenger Property Loss	Checked Baggage	330.0	Watches & Jewelry	Denied	0.0	Deny
113479	2007111334858	2007-11-09 00:00:00	2007-10-26 00:00:00	LBB	Lubbock International	Southwest Airlines	Passenger Property Loss	Checked Baggage	160.0	Clothing & Accessories	Denied	0.0	Deny
114549	2007120536071	2007-11-30 00:00:00	2007-11-24 00:00:00	LBB	Lubbock International	American Airlines	Passenger Property Loss	Checked Baggage	150.0	Cosmetics,Supplies,Other	Denied	0.0	Deny
115663	2008010337227	2007-12-26 00:00:00	2007-12-14 00:00:00	LBB	Lubbock International	American Eagle	Passenger Property Loss	Checked Baggage	13.5	Tools & Machines	Denied	0.0	Deny
119487	2008031741164	2008-03-10 00:00:00	2008-03-02 00:00:00	LBB	Lubbock International	Continental Airlines	Passenger Property Loss	Checked Baggage	10.0	Other	Denied	0.0	Deny
122295	2008050643881	2008-05-05 00:00:00	2008-04-24 00:00:00	LBB	Lubbock International	American Airlines	Passenger Property Loss	Checked Baggage	400.0	Electronics,Clothing & Accessories,Cosmetics,Other	Denied	0.0	Deny
123361	2008060345183	2008-05-27 00:00:00	2008-05-13 00:00:00	LBB	Lubbock International	Southwest Airlines	Passenger Property Loss	Checked Baggage	100.0	Other	Denied	0.0	Deny
124921	2008071446895	2008-07-01 00:00:00	2008-06-29 00:00:00	LBB	Lubbock International	American Airlines	Passenger Property Loss	Checked Baggage	175.0	Other	Denied	0.0	Deny
125134	2008071546940	2008-07-07 00:00:00	2008-06-25 00:00:00	LBB	Lubbock International	Southwest Airlines	Passenger Property Loss	Checkpoint	300.0	Watches & Jewelry	Denied	0.0	Deny
126015	2008073047750	2008-07-25 00:00:00	2008-07-18 00:00:00	LBB	Lubbock International	Southwest Airlines	Passenger Property Loss	Checked Baggage	149.0	Electronics	Denied	0.0	Deny
128125	2008091649984	2008-09-10 00:00:00	2008-08-18 00:00:00	LBB	Lubbock International	American Airlines	Passenger Property Loss	Checked Baggage	5.0	Tools & Machines	Denied	0.0	Deny
128127	2008092250200	2008-09-10 00:00:00	2008-08-22 00:00:00	LBB	Lubbock International	Southwest Airlines	Passenger Property Loss	Checked Baggage	650.0	Cosmetics,Containers,Watches & Jewelry	Denied	0.0	Deny
128399	2008092250221	2008-09-17 00:00:00	2008-08-08 00:00:00	LBB	Lubbock International	Southwest Airlines	Passenger Property Loss	Checked Baggage	108.24	Electronics	Denied	0.0	Deny
131124	2008120953228	2008-11-28 00:00:00	2008-11-16 00:00:00	LBB	Lubbock International	Southwest Airlines	Passenger Property Loss	Checked Baggage	15.03	Other	Approved	15.03	Approve in Full
133538	2009021255450	2009-01-30 00:00:00	2009-01-11 00:00:00	LBB	Lubbock International	Southwest Airlines	Passenger Property Loss	Checked Baggage	313.92	Clothing & Accessories	Denied	0.0	Deny
134840	2009032056741	2009-03-09 00:00:00	2009-02-11 00:00:00	LBB	Lubbock International	Southwest Airlines	Passenger Property Loss	Checked Baggage	137.67	Other	Denied	0.0	Deny
135832	2009042057759	2009-04-02 00:00:00	2009-03-29 00:00:00	LBB	Lubbock International	Southwest Airlines	Passenger Property Loss	Checked Baggage	120.0	Watches & Jewelry	Denied	0.0	Deny
138737	2009063060721	2009-06-24 00:00:00	2009-05-26 00:00:00	LBB	Lubbock International	Continental Airlines	Passenger Property Loss	Checked Baggage	800.0	Electronics	Denied	0.0	Deny
138881	2009070660882	2009-06-29 00:00:00	2009-05-09 00:00:00	LBB	Lubbock International	Southwest Airlines	Passenger Property Loss	Checked Baggage	2867.0	Watches & Jewelry	Denied	0.0	Deny
140174	2009073162086	2009-07-31 00:00:00	2009-07-04 00:00:00	LBB	Lubbock International	American Airlines	Passenger Property Loss	Checked Baggage	393.15	Weapons & Knives	Denied	0.0	Deny
140591	2009081462610	2009-08-12 00:00:00	2009-08-05 00:00:00	LBB	Lubbock International	Southwest Airlines	Passenger Property Loss	Checked Baggage	270.61	Electronics	Canceled		
141206	2009090163193	2009-08-31 00:00:00	2009-08-06 00:00:00	LBB	Lubbock International	Southwest Airlines	Passenger Property Loss	Checkpoint	675.0	Watches & Jewelry	Denied	0.0	Deny
142065	2009090863414	2009-09-24 00:00:00	2009-08-25 00:00:00	LBB	Lubbock International	Continental Airlines	Passenger Property Loss	Checked Baggage	45.0	Other	Denied	0.0	Deny
144081	2009113065797	2009-11-30 00:00:00	2009-11-06 00:00:00	LBB	Lubbock International	Continental Airlines	Passenger Property Loss	Checked Baggage	6000.0	Other	Denied	0.0	Deny
149503	2010061672700	2010-06-10 00:00:00	2010-06-03 08:19:00	LBB	Lubbock International	American Airlines	Passenger Property Loss	Checked Baggage		Other		0.0	Deny
149895	2010062372953	2010-06-23 00:00:00	2010-06-23 00:00:00	LBB	Lubbock International	American Airlines	Passenger Property Loss	Checkpoint		Scientific Intruments		30.0	Approve in Full
150586	2010071973877	2010-07-13 00:00:00	2010-06-13 00:00:00	LBB	Lubbock International	American Airlines	Passenger Property Loss	Checked Baggage		Electronics,Electronics		0.0	Deny
152550	2010091575999	2010-09-07 00:00:00	2010-08-10 11:00:00	LBB	Lubbock International	American Airlines	Passenger Property Loss	Checked Baggage		Other,Other		0.0	Deny
153044	2010092976512	2010-09-21 00:00:00	2010-09-07 10:46:00	LBB	Lubbock International	Southwest Airlines	Passenger Property Loss	Checked Baggage		Clothing & Accessories		45.0	Approve in Full
153496	2010101076829	2010-10-05 00:00:00	2010-09-25 10:10:00	LBB	Lubbock International		Passenger Property Loss	Checkpoint		Watches & Jewelry		0.0	Deny
154269	2010110977689	2010-11-01 00:00:00	2010-10-20 08:00:00	LBB	Lubbock International	American Airlines	Passenger Property Loss	Checked Baggage		Electronics		0.0	Deny
158068	2011033081501	2011-03-07 00:00:00	2011-02-27 12:25:00	LBB	Lubbock International	American Airlines	Passenger Property Loss	Checkpoint		Clothing & Accessories		373.15	Settle
166166	2011120989457	2011-11-30 00:00:00	2011-08-17 00:00:00	LBB	Lubbock International	Southwest Airlines	Passenger Property Loss	Checked Baggage		Other		0.0	Deny
167918	2012030791581	2012-01-30 00:00:00	2012-01-09 00:00:00	LBB	Lubbock International	Continental Airlines	Passenger Property Loss	Checked Baggage		Watches & Jewelry		0.0	Deny
169160	2012041092780	2012-03-12 00:00:00	2012-03-08 00:00:00	LBB	Lubbock International	Southwest Airlines	Passenger Property Loss	Checked Baggage		Electronics		0.0	Deny
173571	2012092897227	2012-08-20 00:00:00	2012-07-12 00:00:00	LBB	Lubbock International	American Airlines	Passenger Property Loss	Checked Baggage		Watches & Jewelry		0.0	Deny
188637	2014031312419	2014-03-11 00:00:00	2014-03-01 00:00:00	LBB	Lubbock International	Southwest Airlines	Passenger Property Loss	Checked Baggage		Outdoors Supplies		29.99	Approve in Full
190452	2014052914271	2014-05-23 00:00:00	2014-05-16 00:00:00	LBB	Lubbock International	Southwest Airlines	Passenger Property Loss	Checkpoint		Clothing & Accessories		173.14	Approve in Full
192047	2014081515900	2014-07-25 00:00:00	2014-07-10 00:00:00	LBB	Lubbock International	Southwest Airlines	Passenger Property Loss	Checked Baggage		Other		0.0	Deny
192138	2014081815992	2014-08-01 00:00:00	2014-07-15 00:00:00	LBB	Lubbock International	Southwest Airlines	Passenger Property Loss	Checked Baggage		Cosmetics,Scientific Intruments		0.0	Deny
200355	2015052822832	2015-05-21 00:00:00	2015-04-05 00:00:00	LBB	Lubbock International	American Airlines	Passenger Property Loss	Checked Baggage		Watches & Jewelry		0.0	Deny
200356	2015090225257	2015-08-28 00:00:00	2015-08-06 00:00:00	LBB	Lubbock International	American Airlines	Passenger Property Loss			Electronics		0.0	Deny
208884	2016032229953	2016-03-08 00:00:00	2016-02-26 11:00:00	LBB	Lubbock International Lubbock International	Southwest Airlines	Passenger Property Loss	Checked Baggage		Electronics			Insufficient
217170	2017062140912	2017-05-03 00:00:00	2017-04-20 00:00:00	LBB	Lubbock International Lubbock International	Southwest Airlines	Passenger Property Loss	Checked Baggage		Cosmetics			In Review
217173	2018010946679	2017-01-08 00:00:00	2017-12-05 00:00:00	LBB	Lubbock International Lubbock International	Southwest Airlines	Passenger Property Loss	Checked Baggage		Other			In Review
217176	2017092143358	2017-08-28 00:00:00	2017-08-17 16:30:00	LBB	Lubbock International Lubbock International	Southwest Airlines	Passenger Property Loss	Checked Baggage		Other			Closed: Canceled
217177	2017101144263	2017-08-30 00:00:00	2017-08-18 05:15:00	LBB	Lubbock International Lubbock International	Southwest Airlines	Passenger Property Loss	Checkpoint		Other			In Review