id	claim_number	date_received	incident_date	airport_code	airport_name	airline	claim_type	claim_site	claim_amount	items	status	close_amount	disposition
901	0715511M	2002-12-26 00:00:00	2002-12-14 00:00:00	MEM	Memphis International Airport	Northwest Airlines	Passenger Property Loss	Checkpoint	225.0	Other	Approved	225.0	Approve in Full
2301	0205033L	2003-02-05 00:00:00	2003-01-08 00:00:00	MEM	Memphis International Airport	Northwest Airlines	Passenger Property Loss	Checked Baggage	300.0	Other	Settled	75.0	Settle
2691	0221001L	2003-02-21 00:00:00	2003-02-03 00:00:00	MEM	Memphis International Airport	Northwest Airlines	Passenger Property Loss	Checked Baggage	2064.0	Clothing & Accessories	Denied	0.0	Deny
4499	0401048L	2003-04-01 00:00:00	2003-03-08 00:00:00	MEM	Memphis International Airport	Northwest Airlines	Passenger Property Loss	Checkpoint	480.98	Clothing & Accessories	Settled	404.69	Settle
7908	0606004L	2003-06-06 00:00:00	2003-04-22 00:00:00	MEM	Memphis International Airport		Passenger Property Loss	Checked Baggage	35.0	Other	Settled	17.5	Settle
8153	0610205L	2003-06-10 00:00:00	2003-05-22 00:00:00	MEM	Memphis International Airport	UAL	Passenger Property Loss	Checked Baggage	8.0	Containers	Approved	8.0	Approve in Full
9864	0701175M	2003-07-01 00:00:00	2003-06-20 00:00:00	MEM	Memphis International Airport		Passenger Property Loss	Checkpoint	405.0	Clothing & Accessories	Settled	266.25	Settle
10029	0703048M	2003-07-03 00:00:00	2003-06-07 00:00:00	MEM	Memphis International Airport	Northwest Airlines	Passenger Property Loss	Checked Baggage	2020.0	Electronics	Settled	267.56	Settle
10105	0707034M	2003-07-07 00:00:00	2003-06-23 00:00:00	MEM	Memphis International Airport	Northwest Airlines	Passenger Property Loss	Checked Baggage	500.0	Electronics	Denied	0.0	Deny
10528	0710000M	2003-07-10 00:00:00	2003-05-28 00:00:00	MEM	Memphis International Airport	Northwest Airlines	Passenger Property Loss	Checked Baggage	92.86	Clothing & Accessories	Settled	46.5	Settle
10578	0711009M	2003-07-11 00:00:00	2003-06-27 00:00:00	MEM	Memphis International Airport	AirTran Airlines	Passenger Property Loss	Checked Baggage	1180.0	Clothing & Accessories	Denied	0.0	Deny
11126	0717037M	2003-07-17 00:00:00	2003-05-12 00:00:00	MEM	Memphis International Airport	Delta Air Lines	Passenger Property Loss	Checkpoint	55.0	Other	Denied	0.0	Deny
11463	0722007M	2003-07-22 00:00:00	2003-05-31 00:00:00	MEM	Memphis International Airport	Northwest Airlines	Passenger Property Loss	Checkpoint	99.95	Other	Denied	0.0	Deny
12758	0807017M	2003-08-07 00:00:00	2003-07-20 00:00:00	MEM	Memphis International Airport	Delta Air Lines	Passenger Property Loss	Checked Baggage	208.0	Clothing & Accessories	Settled	104.0	Settle
13085	0813165M	2003-08-13 00:00:00	2003-06-23 00:00:00	MEM	Memphis International Airport		Passenger Property Loss	Checkpoint	1000.0	Watches & Jewelry	Approved	1000.0	Approve in Full
16164	0922028M	2003-09-22 00:00:00	2003-07-29 00:00:00	MEM	Memphis International Airport	Continental Airlines	Passenger Theft	Checked Baggage	259.0	Other	Settled	55.0	Settle
16979	1001073M	2003-10-01 00:00:00	2003-09-13 00:00:00	MEM	Memphis International Airport	AirTran Airlines	Passenger Property Loss	Checkpoint	80.0	Other	Settled	55.0	Settle
17699	1009102M	2003-10-09 00:00:00	2003-06-01 00:00:00	MEM	Memphis International Airport		Passenger Property Loss	Checked Baggage	550.0	Electronics	Denied		Deny
19479	1106228M	2003-11-06 00:00:00	2003-10-18 00:00:00	MEM	Memphis International Airport		Passenger Property Loss	Checked Baggage	0.0	Other	Canceled		
24086	2005010773186	2004-01-05 00:00:00	2004-08-09 00:00:00	MEM	Memphis International Airport		Passenger Property Loss	Checkpoint	891.52	Electronics	Settled	638.97	Settle
27316	0210004M	2004-02-10 00:00:00	2004-01-28 00:00:00	MEM	Memphis International Airport	Northwest Airlines	Passenger Property Loss	Checked Baggage	32.0	Clothing & Accessories	Approved	32.0	Approve in Full
27686	0212160M	2004-02-12 00:00:00	2004-02-02 00:00:00	MEM	Memphis International Airport	Northwest Airlines	Passenger Property Loss	Checked Baggage	84.6	Other	Approved	84.6	Approve in Full
30078	2004051150949	2004-03-11 00:00:00	2004-02-18 00:00:00	MEM	Memphis International Airport	Northwest Airlines	Passenger Property Loss	Checked Baggage	264.98	Electronics	Denied	0.0	Deny
30134	2004050750715	2004-03-11 00:00:00	2003-12-29 00:00:00	MEM	Memphis International Airport	Northwest Airlines	Passenger Property Loss	Checked Baggage	160.0	Clothing & Accessories	Settled	80.0	Settle
30185	2004052853782	2004-03-11 00:00:00	2004-02-20 00:00:00	MEM	Memphis International Airport	Northwest Airlines	Passenger Property Loss	Checked Baggage	150.0	Other	Settled	50.0	Settle
30286	2004051150977	2004-03-12 00:00:00	2004-01-17 00:00:00	MEM	Memphis International Airport	Northwest Airlines	Passenger Property Loss	Checked Baggage	4500.0	Watches & Jewelry	Denied	0.0	Deny
32222	2004051852803	2004-04-06 00:00:00	2004-03-28 00:00:00	MEM	Memphis International Airport	AirTran Airlines	Passenger Property Loss	Checked Baggage	10.0	Tools & Machines	Denied	0.0	Deny
32537	2004052853832	2004-04-15 00:00:00	2004-03-24 00:00:00	MEM	Memphis International Airport		Passenger Property Loss	Checked Baggage	10.0	Tools & Machines	Denied	0.0	Deny
32947	2004060354475	2004-04-21 00:00:00	2004-03-14 00:00:00	MEM	Memphis International Airport		Passenger Property Loss	Checkpoint	300.0	Watches & Jewelry	Approved	300.0	Approve in Full
33087	2004052853736	2004-04-21 00:00:00	2004-03-15 00:00:00	MEM	Memphis International Airport	Delta Air Lines	Passenger Property Loss	Checkpoint	167.99	Electronics	Denied	0.0	Deny
33564	2004060254202	2004-04-23 00:00:00	2004-03-15 00:00:00	MEM	Memphis International Airport	Northwest Airlines	Passenger Property Loss	Checked Baggage	3100.0	Clothing & Accessories	Denied	0.0	Deny
34165	2004060454771	2004-05-04 00:00:00	2004-04-25 00:00:00	MEM	Memphis International Airport	Northwest Airlines	Passenger Property Loss	Checked Baggage	699.96	Electronics	Approved	699.96	Approve in Full
34177	2004060754840	2004-05-04 00:00:00	2004-04-03 00:00:00	MEM	Memphis International Airport	Northwest Airlines	Passenger Property Loss	Checkpoint	15.65	Other	Approved	15.65	Approve in Full
34662	2004061455662	2004-05-05 00:00:00	2004-04-18 00:00:00	MEM	Memphis International Airport	Northwest Airlines	Passenger Property Loss	Checked Baggage	10.0	Tools & Machines	Denied	0.0	Deny
36226	2004062056405	2004-05-27 00:00:00	2004-04-24 00:00:00	MEM	Memphis International Airport		Passenger Property Loss	Checked Baggage	873.1	Electronics	Denied	0.0	Deny
36855	2005061486372	2004-06-03 00:00:00	2005-05-21 00:00:00	MEM	Memphis International Airport	Northwest Airlines	Passenger Property Loss	Checked Baggage	115.0	Containers	Approved	115.0	Approve in Full
37383	2004070158178	2004-06-08 00:00:00	2004-05-15 00:00:00	MEM	Memphis International Airport		Passenger Property Loss	Checked Baggage	180.0	Watches & Jewelry	Approved	180.0	Approve in Full
37604	2004061455737	2004-06-09 00:00:00	2004-05-07 00:00:00	MEM	Memphis International Airport		Passenger Property Loss	Checkpoint	3500.0	Electronics	Settled	2145.84	Settle
38090	2004070658457	2004-06-16 00:00:00	2004-06-03 00:00:00	MEM	Memphis International Airport	Northwest Airlines	Passenger Property Loss	Checked Baggage	119.35	Watches & Jewelry	Settled	59.68	Settle
38194	2004071459371	2004-06-20 00:00:00	2004-06-03 00:00:00	MEM	Memphis International Airport		Passenger Property Loss	Checked Baggage	1500.0	Watches & Jewelry	Denied	0.0	Deny
38476	2004070858845	2004-06-22 00:00:00	2004-06-10 00:00:00	MEM	Memphis International Airport		Passenger Property Loss	Checked Baggage	613.83	Electronics	Denied	0.0	Deny
38766	2004071359127	2004-06-28 00:00:00	2004-06-18 00:00:00	MEM	Memphis International Airport	Northwest Airlines	Passenger Property Loss	Checked Baggage	15.0	Tools & Machines	Denied	0.0	Deny
39321	2004072059825	2004-07-07 00:00:00	2004-06-27 00:00:00	MEM	Memphis International Airport	Northwest Airlines	Passenger Property Loss	Checked Baggage	100.0	Clothing & Accessories	Approved	100.0	Approve in Full
39478	2004072660013	2004-07-09 00:00:00	2004-06-27 00:00:00	MEM	Memphis International Airport	Delta Air Lines	Passenger Property Loss	Checked Baggage	42.39	Other	Approved	42.39	Approve in Full
39788	2004072960208	2004-07-09 00:00:00	2004-06-25 00:00:00	MEM	Memphis International Airport	American Airlines	Passenger Property Loss	Checked Baggage	38.49	Other	Settled	19.25	Settle
39823	2004080960843	2004-07-09 00:00:00	2004-07-04 00:00:00	MEM	Memphis International Airport	Northwest Airlines	Passenger Theft	Checked Baggage	207.5	Other	Settled	100.0	Settle
39825	2004081060943	2004-07-09 00:00:00	2004-06-14 00:00:00	MEM	Memphis International Airport		Passenger Property Loss	Checked Baggage	49.95	Other	Settled	25.0	Settle
39886	2004081061065	2004-07-12 00:00:00	2004-05-23 00:00:00	MEM	Memphis International Airport		Passenger Property Loss	Checked Baggage	6.0	Other	Approved	6.0	Approve in Full
39890	2004081161149	2004-07-12 00:00:00	2004-07-02 00:00:00	MEM	Memphis International Airport	Delta Air Lines	Passenger Property Loss	Checked Baggage	60.0	Other	Approved	60.0	Approve in Full
41008	2004080360391	2004-07-27 00:00:00	2004-06-28 00:00:00	MEM	Memphis International Airport		Passenger Property Loss	Checked Baggage	54.63	Cosmetics	Approved	54.63	Approve in Full
41151	2004083061602	2004-07-27 00:00:00	2004-07-08 00:00:00	MEM	Memphis International Airport		Passenger Property Loss	Checked Baggage	538.84	Clothing & Accessories	Denied	0.0	Deny
41295	2004090161831	2004-07-29 00:00:00	2004-06-09 00:00:00	MEM	Memphis International Airport		Passenger Theft	Checked Baggage	10.8	Tools & Machines	Approved	10.8	Approve in Full
41364	2004083161698	2004-08-03 00:00:00	2004-06-26 00:00:00	MEM	Memphis International Airport	Northwest Airlines	Passenger Property Loss	Checked Baggage	24.86	Other	Approved	24.86	Approve in Full
42255	2004090262011	2004-08-10 00:00:00	2004-06-29 00:00:00	MEM	Memphis International Airport	Northwest Airlines	Passenger Property Loss	Checked Baggage	100.0	Watches & Jewelry	Canceled	0.0	
42584	2004092263562	2004-08-13 00:00:00	2004-07-29 00:00:00	MEM	Memphis International Airport	Air Tran Airlines(do not use)	Passenger Property Loss	Checked Baggage	227.0	Other	Approved	227.0	Approve in Full
42612	2004092263507	2004-08-13 00:00:00	2004-07-25 00:00:00	MEM	Memphis International Airport	Northwest Airlines	Passenger Property Loss	Checked Baggage	1015.5	Other	Denied	0.0	Deny
43910	2004091663093	2004-09-01 00:00:00	2004-08-08 00:00:00	MEM	Memphis International Airport	Delta Air Lines	Passenger Property Loss	Checked Baggage	1050.0	Clothing & Accessories	Denied	0.0	Deny
44587	2004102165463	2004-09-10 00:00:00	2004-09-12 00:00:00	MEM	Memphis International Airport	UAL	Passenger Property Loss	Checked Baggage	589.93	Electronics	Settled	531.0	Settle
44715	2004092263406	2004-09-14 00:00:00	2004-08-30 00:00:00	MEM	Memphis International Airport	Delta Air Lines	Passenger Property Loss	Checked Baggage	45.0	Clothing & Accessories	Approved	45.0	Approve in Full
44831	2004101464997	2004-09-15 00:00:00	2004-09-07 00:00:00	MEM	Memphis International Airport	Northwest Airlines	Passenger Property Loss	Checked Baggage	136.0	Other	Approved	136.0	Approve in Full
45955	2004110866754	2004-09-28 00:00:00	2004-09-12 00:00:00	MEM	Memphis International Airport	UAL	Passenger Property Loss	Checked Baggage	16.5	Other	Approved	16.5	Approve in Full
46134	2004110366189	2004-09-29 00:00:00	2004-02-25 00:00:00	MEM	Memphis International Airport	UAL	Passenger Property Loss	Checkpoint	290.0	Watches & Jewelry	Approved	290.0	Approve in Full
46235	2004110266167	2004-09-29 00:00:00	2004-09-04 00:00:00	MEM	Memphis International Airport	AirTran Airlines	Passenger Property Loss	Checked Baggage	375.0	Other	Denied	0.0	Deny
46568	2004111567053	2004-10-05 00:00:00	2004-08-18 00:00:00	MEM	Memphis International Airport	Northwest Airlines	Passenger Property Loss	Checkpoint	31.94	Other	Approved	31.94	Approve in Full
46649	2004111967462	2004-10-05 00:00:00	2004-07-17 00:00:00	MEM	Memphis International Airport	AirTran Airlines	Passenger Property Loss	Checked Baggage	391.72	Electronics	Canceled		
46664	2004110666570	2004-10-05 00:00:00	2004-07-22 00:00:00	MEM	Memphis International Airport		Passenger Property Loss	Checkpoint	750.0	Watches & Jewelry	Denied	750.0	Deny
46680	2004110966812	2004-10-05 00:00:00	2004-09-08 00:00:00	MEM	Memphis International Airport	AirTran Airlines	Passenger Property Loss	Checked Baggage	405.0	Other	Denied	0.0	Deny
46709	2004111667116	2004-10-05 00:00:00	2004-07-25 00:00:00	MEM	Memphis International Airport	UAL	Passenger Property Loss	Checked Baggage	16700.0	Other	Denied		Deny
47235	2004120168116	2004-10-14 00:00:00	2004-10-03 00:00:00	MEM	Memphis International Airport	Northwest Airlines	Passenger Property Loss	Checked Baggage	389.26	Electronics	Canceled	0.0	
47637	2004120368347	2004-10-18 00:00:00	2004-07-30 00:00:00	MEM	Memphis International Airport	Northwest Airlines	Passenger Property Loss	Checked Baggage	650.0	Watches & Jewelry	Denied	0.0	Deny
47751	2004120568557	2004-10-20 00:00:00	2004-10-10 00:00:00	MEM	Memphis International Airport	American Airlines	Passenger Property Loss	Checked Baggage	45.0	Clothing & Accessories	Approved	45.0	Approve in Full
48117	2004120968936	2004-10-25 00:00:00	2004-09-22 00:00:00	MEM	Memphis International Airport	Northwest Airlines	Passenger Property Loss	Checked Baggage	120.0	Clothing & Accessories	Approved	120.0	Approve in Full
49616	2004122770837	2004-11-09 00:00:00	2004-09-24 00:00:00	MEM	Memphis International Airport	Northwest Airlines	Passenger Property Loss	Checked Baggage	187.68	Watches & Jewelry	Denied		Deny
50367	2004122871317	2004-11-19 00:00:00	2004-11-12 00:00:00	MEM	Memphis International Airport		Passenger Property Loss	Checked Baggage	79.99	Electronics	Denied	0.0	Deny
50490	2004121569171	2004-11-23 00:00:00	2004-10-26 00:00:00	MEM	Memphis International Airport		Passenger Property Loss	Checked Baggage	100.0	Other	Approved	100.0	Approve in Full
50604	2004122871363	2004-11-23 00:00:00	2004-11-06 00:00:00	MEM	Memphis International Airport	USAir	Passenger Property Loss	Checkpoint	389.65	Electronics	Denied	0.0	Deny
50764	2004122771039	2004-11-26 00:00:00	2004-10-03 00:00:00	MEM	Memphis International Airport		Passenger Property Loss	Checkpoint	29.95	Clothing & Accessories	Denied	0.0	Deny
51365	2005012474065	2004-12-07 00:00:00	2004-11-19 00:00:00	MEM	Memphis International Airport		Passenger Property Loss	Checkpoint	715.0	Other	Canceled	0.0	
51577	2004123071975	2004-12-08 00:00:00	2004-11-06 00:00:00	MEM	Memphis International Airport	Malev Hungarian Airlines	Passenger Property Loss	Checked Baggage	538.08	Watches & Jewelry	Denied	0.0	Deny
51745	2005010372159	2004-12-10 00:00:00	2004-12-03 00:00:00	MEM	Memphis International Airport	Air Tran Airlines(do not use)	Passenger Property Loss	Checked Baggage	300.0	Clothing & Accessories	Settled	210.0	Settle
51900	2005010372314	2004-12-13 00:00:00	2004-12-02 00:00:00	MEM	Memphis International Airport	Northwest Airlines	Passenger Property Loss	Checked Baggage	408.07	Electronics	Settled	326.19	Settle
51963	2005010472521	2004-12-14 00:00:00	2004-11-16 00:00:00	MEM	Memphis International Airport	UAL	Passenger Property Loss	Checked Baggage	250.0	Clothing & Accessories	Approved	250.0	Approve in Full
51993	2005030176879	2004-12-14 00:00:00	2004-08-16 00:00:00	MEM	Memphis International Airport		Passenger Property Loss	Checked Baggage	160.0	Watches & Jewelry	Approved	160.0	Approve in Full
52208	2005030777153	2004-12-14 00:00:00	2004-11-16 00:00:00	MEM	Memphis International Airport		Passenger Property Loss	Checked Baggage	85.0	Clothing & Accessories	Settled	42.5	Settle
52944	2005011473652	2004-12-27 00:00:00	2004-12-03 00:00:00	MEM	Memphis International Airport	Delta Air Lines	Passenger Property Loss	Checked Baggage	14.85	Other	Denied	14.85	Deny
53079	2005011473694	2004-12-28 00:00:00	2004-11-24 00:00:00	MEM	Memphis International Airport	Northwest Airlines	Passenger Property Loss	Checked Baggage	29.95	Other	Denied	0.0	Deny
53247	2005012173930	2004-12-30 00:00:00	2004-11-28 00:00:00	MEM	Memphis International Airport		Passenger Property Loss	Checkpoint	11.0	Tools & Machines	Approved	11.0	Approve in Full
53666	2006011099268	2005-01-05 00:00:00	2005-10-25 00:00:00	MEM	Memphis International Airport	US Express	Passenger Property Loss	Checkpoint	300.0	Electronics	Settled	150.0	Settle
54020	2005012874715	2005-01-10 00:00:00	2005-01-01 00:00:00	MEM	Memphis International Airport		Passenger Property Loss	Checked Baggage	100.0	Clothing & Accessories	Settled	50.0	Settle
55664	2005021576134	2005-01-26 00:00:00	2004-12-20 00:00:00	MEM	Memphis International Airport	Northwest Airlines	Passenger Property Loss	Checked Baggage	165.5	Other	Settled	82.75	Settle
56437	2005031578177	2005-02-03 00:00:00	2005-01-06 00:00:00	MEM	Memphis International Airport		Passenger Property Loss	Checked Baggage	329.03	Cosmetics	Settled	50.0	Settle
56484	2005031077521	2005-02-04 00:00:00	2005-01-26 00:00:00	MEM	Memphis International Airport	Northwest Airlines	Passenger Property Loss	Checked Baggage	358.42	Electronics	Canceled	0.0	
56608	2005030977449	2005-02-07 00:00:00	2005-01-17 00:00:00	MEM	Memphis International Airport		Passenger Property Loss	Checked Baggage	1615.0	Watches & Jewelry	Denied	1615.0	Deny
57144	2005031277967	2005-02-11 00:00:00	2005-01-29 00:00:00	MEM	Memphis International Airport		Passenger Property Loss	Checked Baggage	2300.0	Clothing & Accessories	Denied	0.0	Deny
57318	2005031578283	2005-02-16 00:00:00	2005-01-21 00:00:00	MEM	Memphis International Airport	AirTran Airlines	Passenger Property Loss	Checked Baggage	220.0	Clothing & Accessories	Approved	220.0	Approve in Full
57647	2005031778701	2005-02-22 00:00:00	2005-02-05 00:00:00	MEM	Memphis International Airport	Northwest Airlines	Passenger Property Loss	Checkpoint	20.0	Other	Denied	0.0	Deny
58105	2005032279286	2005-03-01 00:00:00	2005-02-11 00:00:00	MEM	Memphis International Airport	Northwest Airlines	Passenger Property Loss	Checked Baggage	140.0	Other	Denied	0.0	Deny
58457	2005032379514	2005-03-07 00:00:00	2005-02-05 00:00:00	MEM	Memphis International Airport	Northwest Airlines	Passenger Property Loss	Checked Baggage	121.27	Clothing & Accessories	Approved	121.27	Approve in Full
58659	2005042983723	2005-03-07 00:00:00	2005-02-20 00:00:00	MEM	Memphis International Airport	Northwest Airlines	Passenger Property Loss	Checked Baggage	3.57	Tools & Machines	Denied	0.0	Deny
58889	2005032479745	2005-03-09 00:00:00	2004-12-23 00:00:00	MEM	Memphis International Airport	Northwest Airlines	Passenger Property Loss	Checked Baggage	104.75	Other	Approved	104.75	Approve in Full
59607	2005033080564	2005-03-18 00:00:00	2005-02-12 00:00:00	MEM	Memphis International Airport	Northwest Airlines	Passenger Property Loss	Checked Baggage	47.7	Other	Approved	47.7	Approve in Full
59739	2005032479767	2005-03-22 00:00:00	2005-02-25 00:00:00	MEM	Memphis International Airport	Northwest Airlines	Passenger Property Loss	Checked Baggage	480.27	Electronics	Denied	0.0	Deny
60081	2005040181122	2005-03-23 00:00:00	2005-01-24 00:00:00	MEM	Memphis International Airport	Northwest Airlines	Passenger Property Loss	Checked Baggage	691.04	Electronics	Settled	362.25	Settle
60114	2005040181076	2005-03-25 00:00:00	2005-03-03 00:00:00	MEM	Memphis International Airport	Northwest Airlines	Passenger Property Loss	Checked Baggage	64.63	Other	Approved	64.63	Approve in Full
60179	2005040181090	2005-03-29 00:00:00	2005-03-15 00:00:00	MEM	Memphis International Airport	Delta Air Lines	Passenger Property Loss	Checked Baggage	100.0	Clothing & Accessories	Approved	100.0	Approve in Full
60553	2005040581470	2005-03-30 00:00:00	2005-03-14 00:00:00	MEM	Memphis International Airport	Air Tran Airlines(do not use)	Passenger Property Loss	Checked Baggage	200.0	Other	Denied	0.0	Deny
60823	2005040781874	2005-04-05 00:00:00	2005-03-20 00:00:00	MEM	Memphis International Airport	American Airlines	Passenger Property Loss	Checked Baggage	29.99	Other	Approved	29.99	Approve in Full
61005	2005041182193	2005-04-06 00:00:00	2005-03-28 00:00:00	MEM	Memphis International Airport	UAL	Passenger Property Loss	Checked Baggage	85.0	Clothing & Accessories	Approved	85.0	Approve in Full
61613	2005041482583	2005-04-12 00:00:00	2005-04-07 00:00:00	MEM	Memphis International Airport	Northwest Airlines	Passenger Property Loss	Checked Baggage	738.0	Electronics	Denied	0.0	Deny
61833	2005041582619	2005-04-15 00:00:00	2005-03-11 00:00:00	MEM	Memphis International Airport	Northwest Airlines	Passenger Property Loss	Checked Baggage	12.0	Tools & Machines	Denied	0.0	Deny
63159	2005050584101	2005-05-04 00:00:00	2005-04-23 00:00:00	MEM	Memphis International Airport	Northwest Airlines	Passenger Property Loss	Checked Baggage	150.0	Clothing & Accessories	Approved	150.0	Approve in Full
63509	2005051184499	2005-05-10 00:00:00	2005-04-30 00:00:00	MEM	Memphis International Airport	Northwest Airlines	Passenger Property Loss	Checked Baggage	15.0	Containers	Approved	15.0	Approve in Full
64002	2005051784914	2005-05-16 00:00:00	2005-03-25 00:00:00	MEM	Memphis International Airport	American Airlines	Passenger Property Loss	Checked Baggage	341.83	Electronics	Settled	312.92	Settle
64287	2005052085227	2005-05-18 00:00:00	2005-04-23 00:00:00	MEM	Memphis International Airport		Passenger Property Loss	Checkpoint	3500.0	Watches & Jewelry	Denied	0.0	Deny
64710	2005060285694	2005-05-24 00:00:00	2005-04-13 00:00:00	MEM	Memphis International Airport	Delta Air Lines	Passenger Property Loss	Checked Baggage	385.0	Electronics	Denied	0.0	Deny
65179	2005060986068	2005-06-01 00:00:00	2005-05-16 00:00:00	MEM	Memphis International Airport	Northwest Airlines	Passenger Property Loss	Checked Baggage	350.0	Watches & Jewelry	Denied	0.0	Deny
65345	2005061086263	2005-06-03 00:00:00	2005-05-27 00:00:00	MEM	Memphis International Airport	Northwest Airlines	Passenger Property Loss	Checked Baggage	65.0	Electronics	Approved	65.0	Approve in Full
65909	2005062286930	2005-06-10 00:00:00	2005-05-22 00:00:00	MEM	Memphis International Airport	Northwest Airlines	Passenger Property Loss	Checked Baggage	30.0	Containers	Approved	30.0	Approve in Full
66302	2005062787324	2005-06-16 00:00:00	2005-06-13 00:00:00	MEM	Memphis International Airport	US Express	Passenger Property Loss	Checked Baggage	177.03	Other	Approved	177.03	Approve in Full
66370	2005062787417	2005-06-16 00:00:00	2005-06-12 00:00:00	MEM	Memphis International Airport	Northwest Airlines	Passenger Property Loss	Checked Baggage	985.0	Electronics	Settled	364.98	Settle
66841	2005062987687	2005-06-24 00:00:00	2005-06-19 00:00:00	MEM	Memphis International Airport		Passenger Property Loss	Checked Baggage	9.57	Tools & Machines	Approved	9.57	Approve in Full
66853	2005063087818	2005-06-24 00:00:00	2005-06-10 00:00:00	MEM	Memphis International Airport	Northwest Airlines	Passenger Property Loss	Checked Baggage	6.17	Other	Approved	6.17	Approve in Full
67304	2005070588175	2005-07-01 00:00:00	2005-05-01 00:00:00	MEM	Memphis International Airport	AirTran Airlines	Passenger Property Loss	Checkpoint	1700.0	Other	Denied	0.0	Deny
67501	2005070888449	2005-07-06 00:00:00	2005-06-24 00:00:00	MEM	Memphis International Airport	Air Tran Airlines(do not use)	Passenger Property Loss	Checked Baggage	2000.0	Electronics	Denied	0.0	Deny
67744	2005071288719	2005-07-11 00:00:00	2005-05-24 00:00:00	MEM	Memphis International Airport	Northwest Airlines	Passenger Property Loss	Checkpoint	43.69	Electronics	Approved	43.69	Approve in Full
67873	2005071488936	2005-07-13 00:00:00	2005-06-30 00:00:00	MEM	Memphis International Airport	Northwest Airlines	Passenger Property Loss	Checked Baggage	69.99	Other	Approved	69.99	Approve in Full
67952	2005071488926	2005-07-13 00:00:00	2005-06-23 00:00:00	MEM	Memphis International Airport	Tran Meridian Airlines	Passenger Property Loss	Checked Baggage	500.0	Electronics	Denied	0.0	Deny
68083	2005071989230	2005-07-14 00:00:00	2005-07-03 00:00:00	MEM	Memphis International Airport	Northwest Airlines	Passenger Property Loss	Checked Baggage	50.0	Containers	Approved	50.0	Approve in Full
68474	2005072289512	2005-07-20 00:00:00	2005-07-09 00:00:00	MEM	Memphis International Airport	Air Tran Airlines(do not use)	Passenger Property Loss	Checked Baggage	236.0	Other	Denied	0.0	Deny
68788	2005072989928	2005-07-25 00:00:00	2005-07-10 00:00:00	MEM	Memphis International Airport	American Airlines	Passenger Property Loss	Checked Baggage	308.0	Watches & Jewelry	Settled	154.0	Settle
68890	2005072989943	2005-07-26 00:00:00	2004-12-04 00:00:00	MEM	Memphis International Airport	Air Tran Airlines(do not use)	Passenger Property Loss	Checked Baggage	3938.0	Electronics	Denied	0.0	Deny
68895	2005072989954	2005-07-26 00:00:00	2005-07-12 00:00:00	MEM	Memphis International Airport	Northwest Airlines	Passenger Property Loss	Checked Baggage	47.47	Other	Denied	0.0	Deny
68926	2005072989862	2005-07-26 00:00:00	2005-05-05 00:00:00	MEM	Memphis International Airport	AirTran Airlines	Passenger Property Loss	Checked Baggage	110.0	Clothing & Accessories	Settled	55.0	Settle
69134	2005080490099	2005-07-29 00:00:00	2005-07-01 00:00:00	MEM	Memphis International Airport		Passenger Property Loss	Checked Baggage	593.61	Electronics	Settled	155.13	Settle
69188	2005080990252	2005-08-01 00:00:00	2005-07-19 00:00:00	MEM	Memphis International Airport		Passenger Property Loss	Checkpoint	115.0	Electronics	Denied	0.0	Deny
69404	2005081190406	2005-08-02 00:00:00	2005-06-24 00:00:00	MEM	Memphis International Airport	US Express	Passenger Property Loss	Checked Baggage	213.98	Electronics	Settled	80.24	Settle
69418	2005081290458	2005-08-02 00:00:00	2005-07-18 00:00:00	MEM	Memphis International Airport		Passenger Property Loss	Checked Baggage	424.0	Clothing & Accessories	Settled	316.1	Settle
69553	2005081690672	2005-08-05 00:00:00	2005-07-14 00:00:00	MEM	Memphis International Airport		Passenger Property Loss	Checked Baggage	93.96	Clothing & Accessories	Approved	93.96	Approve in Full
70199	2005082391210	2005-08-16 00:00:00	2005-08-10 00:00:00	MEM	Memphis International Airport	Northwest Airlines	Passenger Property Loss	Checkpoint	425.0	Containers	Denied	0.0	Deny
70358	2005082491409	2005-08-18 00:00:00	2005-08-11 00:00:00	MEM	Memphis International Airport	America West	Passenger Property Loss	Checked Baggage	145.0	Watches & Jewelry	Canceled	0.0	
70564	2005082691636	2005-08-23 00:00:00	2005-08-08 00:00:00	MEM	Memphis International Airport	American Airlines	Passenger Property Loss	Checked Baggage	326.66	Other	Canceled	0.0	
70614	2005082991655	2005-08-23 00:00:00	2005-08-04 00:00:00	MEM	Memphis International Airport	Air Tran Airlines(do not use)	Passenger Property Loss	Checked Baggage	1500.0	Watches & Jewelry	Denied	0.0	Deny
70663	2005082991773	2005-08-23 00:00:00	2005-08-07 00:00:00	MEM	Memphis International Airport	Northwest Airlines	Passenger Property Loss	Checked Baggage	500.0	Other	Denied	0.0	Deny
70806	2005083091860	2005-08-25 00:00:00	2005-05-01 00:00:00	MEM	Memphis International Airport	Delta Air Lines	Passenger Property Loss	Checked Baggage	27.0	Clothing & Accessories	Approved	27.0	Approve in Full
70878	2005083091857	2005-08-25 00:00:00	2004-07-11 00:00:00	MEM	Memphis International Airport	Northwest Airlines	Passenger Property Loss	Checked Baggage	118.8	Clothing & Accessories	Settled	59.4	Settle
71227	2005090992308	2005-08-31 00:00:00	2005-08-18 00:00:00	MEM	Memphis International Airport	American Airlines	Passenger Property Loss	Checked Baggage	559.0	Clothing & Accessories	Denied	0.0	Deny
71678	2005091992794	2005-09-09 00:00:00	2005-09-03 00:00:00	MEM	Memphis International Airport	Northwest Airlines	Passenger Property Loss	Checked Baggage	139.65	Other	Canceled	0.0	
71838	2005092092995	2005-09-14 00:00:00	2005-08-13 00:00:00	MEM	Memphis International Airport	Air Tran Airlines(do not use)	Passenger Property Loss	Checked Baggage	90.0	Other	Approved	90.0	Approve in Full
72052	2005092293112	2005-09-15 00:00:00	2005-08-25 00:00:00	MEM	Memphis International Airport	Northwest Airlines	Passenger Property Loss	Checked Baggage	14.98	Tools & Machines	Approved	14.98	Approve in Full
72212	2005092993462	2005-09-19 00:00:00	2005-08-19 00:00:00	MEM	Memphis International Airport	Delta Air Lines	Passenger Property Loss	Checked Baggage	16.51	Other	Approved	16.51	Approve in Full
73698	2005101794711	2005-10-12 00:00:00	2005-10-01 00:00:00	MEM	Memphis International Airport	Northwest Airlines	Passenger Property Loss	Checked Baggage	200.0	Watches & Jewelry	Settled	100.0	Settle
73987	2005102595150	2005-10-18 00:00:00	2005-10-11 00:00:00	MEM	Memphis International Airport	Delta Air Lines	Passenger Property Loss	Checked Baggage	90.0	Clothing & Accessories	Approved	90.0	Approve in Full
74239	2005102895366	2005-10-21 00:00:00	2005-10-12 00:00:00	MEM	Memphis International Airport	Delta Air Lines	Passenger Property Loss	Checked Baggage	328.99	Electronics	Denied	0.0	Deny
74647	2005110895792	2005-10-28 00:00:00	2005-10-21 00:00:00	MEM	Memphis International Airport	Northwest Airlines	Passenger Property Loss	Checked Baggage	201.58	Electronics	Denied	0.0	Deny
74731	2005111095961	2005-10-31 00:00:00	2005-10-21 00:00:00	MEM	Memphis International Airport	Continental Airlines	Passenger Property Loss	Checked Baggage	350.0	Electronics	Denied	0.0	Deny
74905	2005111496025	2005-11-02 00:00:00	2005-10-29 00:00:00	MEM	Memphis International Airport		Passenger Property Loss	Checkpoint	360.0	Clothing & Accessories	Approved	360.0	Approve in Full
75355	2005112596491	2005-11-14 00:00:00	2005-10-27 00:00:00	MEM	Memphis International Airport	Northwest Airlines	Passenger Property Loss	Checked Baggage	138.0	Clothing & Accessories	Approved	138.0	Approve in Full
75389	2005112596501	2005-11-14 00:00:00	2005-11-07 00:00:00	MEM	Memphis International Airport	Northwest Airlines	Passenger Property Loss	Checked Baggage	229.89	Watches & Jewelry	Denied	0.0	Deny
75653	2005120196833	2005-11-17 00:00:00	2005-10-28 00:00:00	MEM	Memphis International Airport	Northwest International Airways Ltd	Passenger Property Loss	Checked Baggage	600.0	Clothing & Accessories	Settled	300.0	Settle
75663	2005120196768	2005-11-18 00:00:00	2005-10-12 00:00:00	MEM	Memphis International Airport	UAL	Passenger Property Loss	Checked Baggage	10.8	Tools & Machines	Approved	10.8	Approve in Full
75768	2005120296876	2005-11-18 00:00:00	2005-11-12 00:00:00	MEM	Memphis International Airport	Delta Air Lines	Passenger Property Loss	Checked Baggage	30.0	Clothing & Accessories	Settled	15.0	Settle
76117	2005120797212	2005-11-28 00:00:00	2005-11-18 00:00:00	MEM	Memphis International Airport	Northwest Airlines	Passenger Property Loss	Checked Baggage	499.99	Electronics	Denied	0.0	Deny
76177	2005120797123	2005-11-28 00:00:00	2005-10-17 00:00:00	MEM	Memphis International Airport	UAL	Passenger Property Loss	Checked Baggage	1029.4	Electronics	Settled	514.7	Settle
76535	2005121397643	2005-12-05 00:00:00	2005-11-13 00:00:00	MEM	Memphis International Airport	UAL	Passenger Property Loss	Checked Baggage	3000.0	Watches & Jewelry	Denied	0.0	Deny
76540	2005121397662	2005-12-05 00:00:00	2005-11-20 00:00:00	MEM	Memphis International Airport	Northwest Airlines	Passenger Property Loss	Checked Baggage	230.0	Watches & Jewelry	Denied	0.0	Deny
76664	2005121697931	2005-12-06 00:00:00	2005-11-06 00:00:00	MEM	Memphis International Airport	Northwest Airlines	Passenger Property Loss	Checkpoint	1000.0	Watches & Jewelry	Denied	0.0	Deny
76667	2005121697935	2005-12-06 00:00:00	2005-09-23 00:00:00	MEM	Memphis International Airport	Northwest Airlines	Passenger Property Loss	Checked Baggage	12.0	Other	Denied	0.0	Deny
77500	2006010398637	2005-12-22 00:00:00	2005-11-19 00:00:00	MEM	Memphis International Airport	Northwest Airlines	Passenger Property Loss	Checked Baggage	1200.0	Electronics	Denied	0.0	Deny
77531	2006010398606	2005-12-22 00:00:00	2005-12-04 00:00:00	MEM	Memphis International Airport		Passenger Property Loss	Checked Baggage	72.0	Other	Settled	36.0	Settle
77705	2006010598861	2005-12-28 00:00:00	2005-12-02 00:00:00	MEM	Memphis International Airport		Passenger Property Loss	Checkpoint	20.0	Other	Canceled	0.0	
77904	2006010699017	2006-01-03 00:00:00	2005-12-14 00:00:00	MEM	Memphis International Airport	UAL	Passenger Property Loss	Checked Baggage	249.95	Electronics	Denied	0.0	Deny
78140	2006011299536	2006-01-04 00:00:00	2005-12-02 00:00:00	MEM	Memphis International Airport	American Airlines	Passenger Property Loss	Checked Baggage	75.0	Other	Settled	37.5	Settle
78438	2006011799708	2006-01-10 00:00:00	2006-01-01 00:00:00	MEM	Memphis International Airport	Northwest Airlines	Passenger Property Loss	Checked Baggage	21.75	Other	Canceled	0.0	
78524	2006011799703	2006-01-10 00:00:00	2006-01-01 00:00:00	MEM	Memphis International Airport	Northwest Airlines	Passenger Property Loss	Checked Baggage	356.7	Other	Denied	0.0	Deny
78531	2006011899720	2006-01-10 00:00:00	2005-12-30 00:00:00	MEM	Memphis International Airport	UAL	Passenger Property Loss	Checkpoint	120.0	Other	Denied	0.0	Deny
78579	2006011299538	2006-01-10 00:00:00	2005-12-25 00:00:00	MEM	Memphis International Airport	Northwest Airlines	Passenger Property Loss	Checked Baggage	3298.0	Watches & Jewelry	Settled	1649.0	Settle
78988	2006012600460	2006-01-18 00:00:00	2005-12-18 00:00:00	MEM	Memphis International Airport	American Airlines	Passenger Property Loss	Checked Baggage	41.69	Other	Approved	41.69	Approve in Full
79017	2006012300146	2006-01-18 00:00:00	2006-01-15 00:00:00	MEM	Memphis International Airport	Delta Air Lines	Passenger Property Loss	Checked Baggage	84.99	Electronics	Denied	0.0	Deny
79695	2006020200838	2006-01-27 00:00:00	2006-01-23 00:00:00	MEM	Memphis International Airport	Delta Air Lines	Passenger Property Loss	Checked Baggage	191.0	Clothing & Accessories	Denied	0.0	Deny
79800	2006020701052	2006-01-30 00:00:00	2006-01-25 00:00:00	MEM	Memphis International Airport	Northwest Airlines	Passenger Property Loss	Checked Baggage	530.08	Electronics	Denied	0.0	Deny
79802	2006020701057	2006-01-30 00:00:00	2006-01-23 00:00:00	MEM	Memphis International Airport	Delta Air Lines	Passenger Property Loss	Checked Baggage	393.26	Other	Denied	0.0	Deny
79832	2006020701051	2006-01-31 00:00:00	2006-01-22 00:00:00	MEM	Memphis International Airport	Delta Air Lines	Passenger Property Loss	Checked Baggage	337.02	Electronics	Approved	337.02	Approve in Full
79841	2006020801127	2006-01-31 00:00:00	2006-01-16 00:00:00	MEM	Memphis International Airport	Ryan Air	Passenger Property Loss	Checked Baggage	10.0	Tools & Machines	Approved	10.0	Approve in Full
79909	2006020801113	2006-01-31 00:00:00	2005-12-30 00:00:00	MEM	Memphis International Airport	Northwest Airlines	Passenger Property Loss	Checked Baggage	185.0	Clothing & Accessories	Denied	0.0	Deny
80132	2006020901252	2006-02-03 00:00:00	2006-01-31 00:00:00	MEM	Memphis International Airport	Delta Air Lines	Passenger Property Loss	Checked Baggage	811.0	Clothing & Accessories	Settled	428.0	Settle
80398	2006021501615	2006-02-07 00:00:00	2006-01-08 00:00:00	MEM	Memphis International Airport	American Airlines	Passenger Property Loss	Checked Baggage	51.7	Electronics	Settled	25.85	Settle
80759	2006022201861	2006-02-15 00:00:00	2006-01-20 00:00:00	MEM	Memphis International Airport	Delta Air Lines	Passenger Property Loss	Checked Baggage	333.14	Electronics	Denied	0.0	Deny
80931	2006022302013	2006-02-17 00:00:00	2006-02-01 00:00:00	MEM	Memphis International Airport	Northwest Airlines	Passenger Property Loss	Checked Baggage	149.8	Other	Settled	74.9	Settle
80974	2006022402136	2006-02-21 00:00:00	2006-01-23 00:00:00	MEM	Memphis International Airport	Delta Air Lines	Passenger Property Loss	Checked Baggage	6000.0	Electronics	Denied	0.0	Deny
81139	2006030102327	2006-02-23 00:00:00	2006-01-25 00:00:00	MEM	Memphis International Airport	Northwest Airlines	Passenger Property Loss	Checked Baggage	64.0	Clothing & Accessories	Denied	0.0	Deny
81414	2006030602615	2006-02-28 00:00:00	2006-02-23 00:00:00	MEM	Memphis International Airport	UAL	Passenger Property Loss	Checked Baggage	2077.0	Watches & Jewelry	Denied	0.0	Deny
81997	2006031503193	2006-03-10 00:00:00	2006-02-24 00:00:00	MEM	Memphis International Airport	Delta Air Lines	Passenger Property Loss	Checked Baggage	13.5	Tools & Machines	Approved	13.5	Approve in Full
82362	2006032203524	2006-03-17 00:00:00	2006-03-09 00:00:00	MEM	Memphis International Airport	USAir	Passenger Property Loss	Checked Baggage	87.4	Clothing & Accessories	Approved	87.4	Approve in Full
82563	2006032403672	2006-03-21 00:00:00	2005-12-17 00:00:00	MEM	Memphis International Airport	Northwest Airlines	Passenger Property Loss	Checked Baggage	99.95	Other	Denied	0.0	Deny
83041	2006040704180	2006-03-28 00:00:00	2006-03-04 00:00:00	MEM	Memphis International Airport	UAL	Passenger Property Loss	Checked Baggage	707.68	Electronics	Settled	405.57	Settle
83121	2006041204348	2006-03-30 00:00:00	2005-12-30 00:00:00	MEM	Memphis International Airport	Northwest Airlines	Passenger Property Loss	Checked Baggage	1000.0	Watches & Jewelry	Denied	0.0	Deny
84360	2006050105459	2006-04-25 00:00:00	2005-12-07 00:00:00	MEM	Memphis International Airport	Air Tran Airlines(do not use)	Passenger Property Loss	Checkpoint	591.0	Supplies	Denied	0.0	Deny
85330	2006051806565	2006-05-16 00:00:00	2006-05-10 00:00:00	MEM	Memphis International Airport	Northwest Airlines	Passenger Property Loss	Checked Baggage	116.84	Electronics	Denied	0.0	Deny
85457	2006052206745	2006-05-18 00:00:00	2005-11-09 00:00:00	MEM	Memphis International Airport	Northwest Airlines	Passenger Property Loss	Checked Baggage	179.85	Clothing & Accessories	Approved	179.85	Approve in Full
85665	2006052406904	2006-05-23 00:00:00	2006-04-07 00:00:00	MEM	Memphis International Airport	Northwest Airlines	Passenger Property Loss	Checked Baggage	21.4	Tools & Machines	Approved	21.4	Approve in Full
85828	2006060107127	2006-05-25 00:00:00	2006-05-14 00:00:00	MEM	Memphis International Airport	Continental Airlines	Passenger Property Loss	Checked Baggage	10.0	Tools & Machines	Approved	10.0	Approve in Full
85830	2006060107158	2006-05-25 00:00:00	2006-05-15 00:00:00	MEM	Memphis International Airport		Passenger Property Loss	Checked Baggage	21.56	Clothing & Accessories	Approved	21.56	Approve in Full
85879	2006060207262	2006-05-26 00:00:00	2006-04-29 00:00:00	MEM	Memphis International Airport	Northwest Airlines	Passenger Property Loss	Checked Baggage	1223.69	Electronics	Denied	0.0	Deny
86012	2006060507335	2006-05-31 00:00:00	2006-05-12 00:00:00	MEM	Memphis International Airport	Northwest Airlines	Passenger Property Loss	Checked Baggage	8.56	Tools & Machines	Approved	8.56	Approve in Full
86153	2006060607421	2006-06-02 00:00:00	2006-05-26 00:00:00	MEM	Memphis International Airport	Delta Air Lines	Passenger Property Loss	Checked Baggage	9.99	Tools & Machines	Approved	9.99	Approve in Full
86181	2006060607384	2006-06-02 00:00:00	2006-05-16 00:00:00	MEM	Memphis International Airport	American Airlines	Passenger Property Loss	Checked Baggage	15.0	Electronics	Denied	0.0	Deny
86685	2006061407967	2006-06-13 00:00:00	2006-06-05 00:00:00	MEM	Memphis International Airport	Northwest Airlines	Passenger Property Loss	Checked Baggage	22.35	Tools & Machines	Approved	22.35	Approve in Full
86810	2006061508064	2006-06-14 00:00:00	2006-06-09 00:00:00	MEM	Memphis International Airport		Passenger Property Loss	Checked Baggage	30.0	Cosmetics,Other,Other	Denied	0.0	Deny
86956	2006062008221	2006-06-16 00:00:00	2006-06-05 00:00:00	MEM	Memphis International Airport	American Airlines	Passenger Property Loss	Checked Baggage	800.0	Electronics,Clothing & Accessories,Electronics,Electronics	Denied	0.0	Deny
87178	2006062108418	2006-06-21 00:00:00	2006-04-24 00:00:00	MEM	Memphis International Airport	Northwest Airlines	Passenger Property Loss	Checked Baggage	20.51	Tools & Machines	Settled	14.99	Settle
87259	2006062308504	2006-06-22 00:00:00	2006-06-19 00:00:00	MEM	Memphis International Airport	Northwest Airlines	Passenger Property Loss	Checked Baggage	130.0	Clothing & Accessories	Settled	65.0	Settle
87524	2006062908748	2006-06-28 00:00:00	2006-05-29 00:00:00	MEM	Memphis International Airport	Northwest Airlines	Passenger Property Loss	Checked Baggage	40.0	Containers	Settled	20.0	Settle
87575	2006063008800	2006-06-29 00:00:00	2006-05-27 00:00:00	MEM	Memphis International Airport	Delta Air Lines	Passenger Property Loss	Checked Baggage	66.0	Cosmetics	Denied	0.0	Deny
87629	2006070508917	2006-06-30 00:00:00	2006-05-02 00:00:00	MEM	Memphis International Airport	Delta Air Lines	Passenger Property Loss	Checked Baggage	161.7	Clothing & Accessories	Approved	161.7	Approve in Full
87717	2006070508942	2006-07-03 00:00:00	2006-06-15 00:00:00	MEM	Memphis International Airport	Delta Air Lines	Passenger Property Loss	Checkpoint	300.0	Other	Denied	0.0	Deny
87735	2006070508984	2006-07-03 00:00:00	2006-06-26 00:00:00	MEM	Memphis International Airport	Delta Air Lines	Passenger Property Loss	Checked Baggage	300.0	Watches & Jewelry	Denied	0.0	Deny
87759	2006070609051	2006-07-05 00:00:00	2006-07-02 00:00:00	MEM	Memphis International Airport	Northwest Airlines	Passenger Property Loss	Checked Baggage	110.31	Clothing & Accessories	Approved	110.31	Approve in Full
87800	2006072009824	2006-07-05 00:00:00	2006-06-09 00:00:00	MEM	Memphis International Airport	Northwest Airlines	Passenger Property Loss	Checked Baggage	1070.0	Clothing & Accessories,Other	Denied	0.0	Deny
87881	2006070709145	2006-07-06 00:00:00	2006-06-18 00:00:00	MEM	Memphis International Airport	AirTran Airlines	Passenger Property Loss	Checked Baggage	59.99	Electronics	Denied	0.0	Deny
88037	2006071309417	2006-07-10 00:00:00	2006-05-31 00:00:00	MEM	Memphis International Airport	Northwest Airlines	Passenger Property Loss	Checked Baggage	200.0	Electronics	Approved	200.0	Approve in Full
88408	2006072610104	2006-07-14 00:00:00	2002-10-25 00:00:00	MEM	Memphis International Airport	Northwest Airlines	Passenger Property Loss	Checked Baggage	35.0	Electronics	Denied	0.0	Deny
88759	2006072509994	2006-07-21 00:00:00	2006-05-13 00:00:00	MEM	Memphis International Airport	Delta Air Lines	Passenger Property Loss	Checkpoint	4490.0	Electronics	Denied	0.0	Deny
88904	2006072710173	2006-07-25 00:00:00	2006-06-25 00:00:00	MEM	Memphis International Airport	Northwest Airlines	Passenger Property Loss	Checked Baggage	155.5	Other	Denied	0.0	Deny
89374	2006080910650	2006-08-03 00:00:00	2006-03-11 00:00:00	MEM	Memphis International Airport	Northwest Airlines	Passenger Property Loss	Checked Baggage	250.0	Cosmetics	Denied	0.0	Deny
89668	2006081110922	2006-08-10 00:00:00	2006-07-28 00:00:00	MEM	Memphis International Airport		Passenger Property Loss	Checked Baggage	9.19	Tools & Machines	Approved	9.19	Approve in Full
89835	2006081511006	2006-08-14 00:00:00	2006-08-10 00:00:00	MEM	Memphis International Airport		Passenger Property Loss	Checked Baggage	1500.0	Electronics,Watches & Jewelry,Electronics	Denied	0.0	Deny
90002	2006081711253	2006-08-16 00:00:00	2006-07-20 00:00:00	MEM	Memphis International Airport	Northwest Airlines	Passenger Property Loss	Checked Baggage	1000.0	Watches & Jewelry	Denied	0.0	Deny
90131	2006082211342	2006-08-18 00:00:00	2006-05-15 00:00:00	MEM	Memphis International Airport	Northwest Airlines	Passenger Property Loss	Checkpoint	639.99	Watches & Jewelry	Denied	0.0	Deny
90624	2006083111858	2006-08-28 00:00:00	2006-08-14 00:00:00	MEM	Memphis International Airport	Continental Airlines	Passenger Property Loss	Checked Baggage	125.0	Watches & Jewelry,Watches & Jewelry	Denied	0.0	Deny
90920	2006090812273	2006-09-01 00:00:00	2006-06-07 00:00:00	MEM	Memphis International Airport	Northwest Airlines	Passenger Property Loss	Checked Baggage	529.47	Household Decor,Outdoors Supplies	Denied	0.0	Deny
91016	2006090812212	2006-09-05 00:00:00	2006-08-28 00:00:00	MEM	Memphis International Airport	Delta Air Lines	Passenger Property Loss	Checked Baggage	315.0	Electronics,Electronics,Electronics,Electronics	Denied	0.0	Deny
91411	2006091812676	2006-09-11 00:00:00	2006-07-23 00:00:00	MEM	Memphis International Airport	AirTran Airlines	Passenger Property Loss	Checked Baggage		Other	Insufficient, one of the following items required: sum certain, statement of fact, signature, location of incident, and date.		
91968	2006092613273	2006-09-21 00:00:00	2006-08-10 00:00:00	MEM	Memphis International Airport	Northwest Airlines	Passenger Property Loss	Checked Baggage	84.1	Other	Denied	0.0	Deny
91995	2006092613227	2006-09-21 00:00:00	2006-08-25 00:00:00	MEM	Memphis International Airport		Passenger Property Loss	Checkpoint	600.0	Electronics	Settled	424.97	Settle
92035	2006092813443	2006-09-22 00:00:00	2006-09-14 00:00:00	MEM	Memphis International Airport	Delta Air Lines	Passenger Property Loss	Checked Baggage	124.95	Other	Denied	0.0	Deny
92266	2006100213531	2006-09-28 00:00:00	2006-09-09 00:00:00	MEM	Memphis International Airport	Northwest Airlines	Passenger Property Loss	Checked Baggage	60.05	Office Supplies	Canceled	0.0	
92465	2006101614017	2006-10-02 00:00:00	2006-08-14 00:00:00	MEM	Memphis International Airport	Northwest Airlines	Passenger Property Loss	Checked Baggage	81.11	Clothing & Accessories	Denied	0.0	Deny
92498	2006101013758	2006-10-03 00:00:00	2006-09-29 00:00:00	MEM	Memphis International Airport	Air Tran Airlines(do not use)	Passenger Property Loss	Checked Baggage	9.95	Tools & Machines	Approved	9.95	Approve in Full
92547	2006101714114	2006-10-03 00:00:00	2006-09-22 00:00:00	MEM	Memphis International Airport	Northwest Airlines	Passenger Property Loss	Checked Baggage	1380.0	Electronics	Denied	0.0	Deny
93011	2006102414473	2006-10-13 00:00:00	2006-10-12 00:00:00	MEM	Memphis International Airport	Northwest Airlines	Passenger Property Loss	Checked Baggage		Tools & Machines	Insufficient, one of the following items required: sum certain, statement of fact, signature, location of incident, and date.		
93104	2006102314425	2006-10-16 00:00:00	2006-09-09 00:00:00	MEM	Memphis International Airport	Continental Airlines	Passenger Property Loss	Checked Baggage	1250.0	Watches & Jewelry	Denied	0.0	Deny
93578	2006103114851	2006-10-24 00:00:00	2006-09-18 00:00:00	MEM	Memphis International Airport	Northwest Airlines	Passenger Property Loss	Checked Baggage	108.2	Household Decor	Denied	0.0	Deny
93638	2006110114937	2006-10-25 00:00:00	2006-10-21 00:00:00	MEM	Memphis International Airport	Delta Air Lines	Passenger Property Loss	Checked Baggage	75.0	Tools & Machines	Denied	0.0	Deny
93759	2006110115036	2006-10-27 00:00:00	2006-10-19 00:00:00	MEM	Memphis International Airport		Passenger Property Loss	Checkpoint	280.0	Clothing & Accessories	Denied	0.0	Deny
94374	2006112216012	2006-11-09 00:00:00	2006-08-10 00:00:00	MEM	Memphis International Airport	UAL	Passenger Property Loss	Checked Baggage	5379.0	Watches & Jewelry	Canceled	0.0	
94534	2006112015862	2006-11-13 00:00:00	2006-11-01 00:00:00	MEM	Memphis International Airport		Passenger Property Loss	Checkpoint	300.0	Other	Denied	0.0	Deny
94776	2006112216024	2006-11-16 00:00:00	2006-07-19 00:00:00	MEM	Memphis International Airport	Northwest Airlines	Passenger Property Loss	Checked Baggage	219.8	Cosmetics,Tools & Machines,Containers	Settled	52.5	Settle
95089	2006112916434	2006-11-24 00:00:00	2006-11-16 00:00:00	MEM	Memphis International Airport	USAir	Passenger Property Loss	Checked Baggage	15.0	Tools & Machines	Approved	15.0	Approve in Full
95100	2006112416207	2006-11-24 00:00:00	2006-11-01 00:00:00	MEM	Memphis International Airport	UAL	Passenger Property Loss	Checked Baggage	274.0	Clothing & Accessories	Denied	0.0	Deny
95286	2006120616772	2006-11-28 00:00:00	2006-09-19 00:00:00	MEM	Memphis International Airport	Northwest Airlines	Passenger Property Loss	Checked Baggage	21.35	Tools & Machines	Approved	21.35	Approve in Full
95427	2006120516628	2006-11-30 00:00:00	2006-02-21 00:00:00	MEM	Memphis International Airport	Northwest Airlines	Passenger Property Loss	Checked Baggage	2215.0	Electronics,Clothing & Accessories,Cosmetics,Watches & Jewelry	Denied	0.0	Deny
95717	2006121417137	2006-12-05 00:00:00	2006-11-20 00:00:00	MEM	Memphis International Airport	Continental Airlines	Passenger Property Loss	Checked Baggage	149.99	Electronics	Denied	0.0	Deny
95989	2006121917401	2006-12-11 00:00:00	2006-11-23 00:00:00	MEM	Memphis International Airport	Northwest Airlines	Passenger Property Loss	Checked Baggage	49.99	Cosmetics	Denied	0.0	Deny
96101	2006121917378	2006-12-12 00:00:00	2006-12-04 00:00:00	MEM	Memphis International Airport	AirTran Airlines	Passenger Property Loss	Checked Baggage	1054.85	Electronics	Denied	0.0	Deny
96107	2006121917391	2006-12-12 00:00:00	2006-10-28 00:00:00	MEM	Memphis International Airport	UAL	Passenger Property Loss	Checked Baggage	120.0	Electronics	Denied	0.0	Deny
96194	2006122017549	2006-12-13 00:00:00	2006-06-02 00:00:00	MEM	Memphis International Airport		Passenger Property Loss	Checkpoint	129.59	Electronics	Denied	0.0	Deny
96675	2006122717986	2006-12-26 00:00:00	2006-11-16 00:00:00	MEM	Memphis International Airport	Northwest Airlines	Passenger Property Loss	Checked Baggage	3003.23	Watches & Jewelry	Denied	0.0	Deny
97151	0909800M		2002-09-06 00:00:00	MEM	Memphis International Airport		Passenger Property Loss	Checked Baggage	60.0	Other	Closed as a contractor claim		
97251	2007010418262	2007-01-03 00:00:00	2006-12-23 00:00:00	MEM	Memphis International Airport	Northwest Airlines	Passenger Property Loss	Checked Baggage	324.95	Other	Denied	0.0	Deny
97324	2007010518353	2007-01-04 00:00:00	2006-12-31 00:00:00	MEM	Memphis International Airport	Northwest Airlines	Passenger Property Loss	Checkpoint	1000.0	Electronics	Canceled	0.0	
97366	2007010518404	2007-01-04 00:00:00	2006-12-28 00:00:00	MEM	Memphis International Airport	Delta Air Lines	Passenger Property Loss	Checked Baggage	100.0	Watches & Jewelry	Settled	50.0	Settle
97500	2007011118632	2007-01-05 00:00:00	2006-12-28 00:00:00	MEM	Memphis International Airport	Northwest Airlines	Passenger Property Loss	Checked Baggage	60.0	Cosmetics	Denied	0.0	Deny
97636	2007011218761	2007-01-08 00:00:00	2006-12-19 00:00:00	MEM	Memphis International Airport	Northwest Airlines	Passenger Property Loss	Checked Baggage	200.0	Watches & Jewelry	Denied	0.0	Deny
98096	2007011618817	2007-01-16 00:00:00	2006-12-21 00:00:00	MEM	Memphis International Airport	Northwest Airlines	Passenger Property Loss	Checkpoint	550.0	Watches & Jewelry	Denied	0.0	Deny
98645	2007013119948	2007-01-23 00:00:00	2007-01-18 00:00:00	MEM	Memphis International Airport	Northwest Airlines	Passenger Property Loss	Checked Baggage	50.17	Cosmetics	Denied	0.0	Deny
99932	2007021621146	2007-02-14 00:00:00	2006-12-21 00:00:00	MEM	Memphis International Airport	Northwest Airlines	Passenger Property Loss	Checked Baggage	7.88	Tools & Machines	Approved	7.88	Approve in Full
100041	2007021621156	2007-02-16 00:00:00	2006-12-25 00:00:00	MEM	Memphis International Airport	Northwest Airlines	Passenger Property Loss	Checked Baggage	157.49	Clothing & Accessories	Denied	0.0	Deny
100096	2007022121267	2007-02-19 00:00:00	2006-04-19 00:00:00	MEM	Memphis International Airport	Northwest Airlines	Passenger Property Loss	Checked Baggage	1143.48	Watches & Jewelry	Denied	0.0	Deny
100181	2007022321433	2007-02-21 00:00:00	2007-02-19 00:00:00	MEM	Memphis International Airport	Northwest Airlines	Passenger Property Loss	Checkpoint	780.05	Electronics	Canceled	0.0	
100453	2007030121758	2007-02-27 00:00:00	2007-02-23 00:00:00	MEM	Memphis International Airport	Northwest Airlines	Passenger Property Loss	Checkpoint	5.1	Cosmetics	Approved	5.1	Approve in Full
100471	2007022821671	2007-02-27 00:00:00	2007-01-28 00:00:00	MEM	Memphis International Airport	American Airlines	Passenger Property Loss	Checked Baggage	279.16	Electronics	Denied	0.0	Deny
100789	2007031322170	2007-03-05 00:00:00	2006-12-28 00:00:00	MEM	Memphis International Airport	Northwest Airlines	Passenger Property Loss	Checked Baggage	107.15	Clothing & Accessories,Cosmetics	Denied	0.0	Deny
100798	2007030621927	2007-03-05 00:00:00	2007-02-20 00:00:00	MEM	Memphis International Airport	Northwest Airlines	Passenger Property Loss	Checkpoint	63.91	Cosmetics	Settled	31.96	Settle
101016	2007031322190	2007-03-09 00:00:00	2007-02-08 00:00:00	MEM	Memphis International Airport	Northwest Airlines	Passenger Property Loss	Checked Baggage	75.0	Clothing & Accessories	Denied	0.0	Deny
101559	2007032622916	2007-03-20 00:00:00	2007-03-16 00:00:00	MEM	Memphis International Airport	Air Tran Airlines(do not use)	Passenger Property Loss	Checked Baggage	10.0	Tools & Machines	Approved	10.0	Approve in Full
101720	2007032622956	2007-03-22 00:00:00	2007-03-01 00:00:00	MEM	Memphis International Airport	USAir	Passenger Property Loss	Checked Baggage	1847.6	Other,Other	Denied	0.0	Deny
102347	2007040623617	2007-04-04 00:00:00	2007-03-30 00:00:00	MEM	Memphis International Airport	AirTran Airlines	Passenger Property Loss	Checked Baggage	125.0	Clothing & Accessories	Canceled	0.0	
102447	2007041123755	2007-04-06 00:00:00	2007-04-02 00:00:00	MEM	Memphis International Airport	American Airlines	Passenger Property Loss	Checked Baggage	8.65	Tools & Machines	Approved	8.65	Approve in Full
102690	2007041123812	2007-04-11 00:00:00	2007-03-26 00:00:00	MEM	Memphis International Airport	Northwest Airlines	Passenger Property Loss	Checked Baggage	9000.0	Watches & Jewelry	Denied	0.0	Deny
102763	2007041624031	2007-04-12 00:00:00	2007-04-03 00:00:00	MEM	Memphis International Airport	Northwest Airlines	Passenger Property Loss	Checked Baggage	250.0	Clothing & Accessories,Cosmetics,Electronics	Canceled	0.0	
103298	2007042624580	2007-04-23 00:00:00	2007-04-10 00:00:00	MEM	Memphis International Airport		Passenger Property Loss	Checked Baggage	398.23	Electronics,Clothing & Accessories	Denied	0.0	Deny
104063	2007051125325	2007-05-10 00:00:00	2007-04-23 00:00:00	MEM	Memphis International Airport	Northwest Airlines	Passenger Property Loss	Checked Baggage	12.0	Tools & Machines	Approved	12.0	Approve in Full
104181	2007051725566	2007-05-14 00:00:00	2007-05-04 00:00:00	MEM	Memphis International Airport	Northwest Airlines	Passenger Property Loss	Checkpoint	500.0	Clothing & Accessories	Approved	500.0	Approve in Full
104898	2007060526313	2007-05-29 00:00:00	2007-02-20 00:00:00	MEM	Memphis International Airport	Northwest Airlines	Passenger Property Loss	Checked Baggage	39.82	Cosmetics	Denied	0.0	Deny
105264	2007060826588	2007-06-04 00:00:00	2007-05-25 00:00:00	MEM	Memphis International Airport	American Airlines	Passenger Property Loss	Checked Baggage	4500.0	Electronics,Electronics,Electronics,Electronics	Denied	0.0	Deny
106041	2007062127375	2007-06-19 00:00:00	2007-05-17 00:00:00	MEM	Memphis International Airport	Northwest Airlines	Passenger Property Loss	Checked Baggage	436.98	Electronics	Denied	0.0	Deny
106251	2007062827581	2007-06-22 00:00:00	2007-05-06 00:00:00	MEM	Memphis International Airport	Northwest Airlines	Passenger Property Loss	Checked Baggage	98.0	Electronics	Denied	0.0	Deny
106377	2007062927640	2007-06-25 00:00:00	2007-05-05 00:00:00	MEM	Memphis International Airport	Northwest Airlines	Passenger Property Loss	Checked Baggage	178.99	Supplies	Settled	128.99	Settle
106772	2007071128080	2007-07-03 00:00:00	2007-06-28 00:00:00	MEM	Memphis International Airport	UAL	Passenger Property Loss	Checkpoint	500.0	Other	Denied	0.0	Deny
106940	2007071328283	2007-07-09 00:00:00	2007-06-29 00:00:00	MEM	Memphis International Airport	Northwest Airlines	Passenger Property Loss	Checked Baggage	8.0	Tools & Machines	Approved	8.0	Approve in Full
107320	2007071728521	2007-07-16 00:00:00	2007-05-27 00:00:00	MEM	Memphis International Airport	Frontier Aviation Inc	Passenger Property Loss	Checkpoint	850.0	Watches & Jewelry	Denied	0.0	Deny
107795	2007072529040	2007-07-24 00:00:00	2007-07-03 00:00:00	MEM	Memphis International Airport	Northwest Airlines	Passenger Property Loss	Checked Baggage	1233.28	Electronics,Electronics	Denied	0.0	Deny
107854	2007072629111	2007-07-24 00:00:00	2007-07-14 00:00:00	MEM	Memphis International Airport	Northwest Airlines	Passenger Property Loss	Checked Baggage	514.95	Electronics,Electronics	Settled	345.99	Settle
108064	2007073129389	2007-07-27 00:00:00	2007-07-14 00:00:00	MEM	Memphis International Airport		Passenger Property Loss	Checked Baggage	1600.0	Electronics,Electronics	Denied	0.0	Deny
108537	2007080729781	2007-08-06 00:00:00	2007-07-16 00:00:00	MEM	Memphis International Airport	Northwest Airlines	Passenger Property Loss	Checked Baggage	299.0	Electronics	Denied	0.0	Deny
108744	2007081030061	2007-08-08 00:00:00	2007-07-26 00:00:00	MEM	Memphis International Airport	Frontier Airlines	Passenger Property Loss	Checkpoint	610.0	Other	Settled	410.0	Settle
108813	2007081330130	2007-08-09 00:00:00	2007-07-27 00:00:00	MEM	Memphis International Airport	Delta Air Lines	Passenger Property Loss	Checked Baggage	126.0	Cosmetics	Settled	63.0	Settle
108964	2007081530369	2007-08-13 00:00:00	2007-03-17 00:00:00	MEM	Memphis International Airport	USAir	Passenger Property Loss	Checked Baggage	415.0	Other	Insufficient, one of the following items required: sum certain, statement of fact, signature, location of incident, and date.		
109146	2007082030468	2007-08-16 00:00:00	2007-08-02 00:00:00	MEM	Memphis International Airport	Northwest Airlines	Passenger Property Loss	Checked Baggage	35.0	Other	Denied	0.0	Deny
109239	2007082130525	2007-08-17 00:00:00	2007-08-15 00:00:00	MEM	Memphis International Airport	AirTran Airlines	Passenger Property Loss	Checked Baggage	40.0	Household Decor	Settled	20.0	Settle
109731	2007082830985	2007-08-27 00:00:00	2007-08-22 00:00:00	MEM	Memphis International Airport	USAir	Passenger Property Loss	Checked Baggage	62.0	Watches & Jewelry	Denied	0.0	Deny
109930	2007090531344	2007-08-30 00:00:00	2007-08-10 00:00:00	MEM	Memphis International Airport	Northwest Airlines	Passenger Property Loss	Checked Baggage	6.33	Tools & Machines	Approved	6.33	Approve in Full
110321	2007091131661	2007-09-07 00:00:00	2007-09-05 00:00:00	MEM	Memphis International Airport	American Airlines	Passenger Property Loss	Checked Baggage	7.0	Tools & Machines	Approved	7.0	Approve in Full
110684	2007091732042	2007-09-13 00:00:00	2007-09-04 00:00:00	MEM	Memphis International Airport	American Airlines	Passenger Property Loss	Checked Baggage	669.89	Electronics,Clothing & Accessories,Cosmetics,Other	Denied	0.0	Deny
110710	2007091932277	2007-09-14 00:00:00	2007-07-01 00:00:00	MEM	Memphis International Airport	UAL	Passenger Property Loss	Checked Baggage	25.0	Clothing & Accessories,Tools & Machines	Approved	25.0	Approve in Full
110932	2007091932289	2007-09-18 00:00:00	2007-09-15 00:00:00	MEM	Memphis International Airport	Air Tran Airlines(do not use)	Passenger Property Loss	Checked Baggage	1000.0	Electronics	Insufficient, one of the following items required: sum certain, statement of fact, signature, location of incident, and date.		
111492	2007100332903	2007-10-01 00:00:00	2007-08-14 00:00:00	MEM	Memphis International Airport	Northwest Airlines	Passenger Property Loss	Checked Baggage	114.0	Cosmetics	Denied	0.0	Deny
111604	2007100533100	2007-10-02 00:00:00	2007-09-06 00:00:00	MEM	Memphis International Airport	Continental Airlines	Passenger Property Loss	Checked Baggage	1080.0	Electronics	Denied	0.0	Deny
111685	2007100933131	2007-10-04 00:00:00	2007-09-16 00:00:00	MEM	Memphis International Airport	AirTran Airlines	Passenger Property Loss	Checked Baggage	35.0	Cosmetics	Approved	35.0	Approve in Full
111750	2007100533093	2007-10-05 00:00:00	2007-10-03 00:00:00	MEM	Memphis International Airport	Northwest Airlines	Passenger Property Loss	Checked Baggage	59.99	Cosmetics	Approved	59.99	Approve in Full
112018	2007101533407	2007-10-11 00:00:00	2007-09-16 00:00:00	MEM	Memphis International Airport	Northwest Airlines	Passenger Property Loss	Checkpoint	300.0	Other	Denied	0.0	Deny
112652	2007102634028	2007-10-24 00:00:00	2007-10-23 00:00:00	MEM	Memphis International Airport	Northwest Airlines	Passenger Property Loss	Checked Baggage	3650.0	Containers,Watches & Jewelry	Denied	0.0	Deny
113632	2007112035274	2007-11-13 00:00:00	2007-11-05 00:00:00	MEM	Memphis International Airport	Northwest Airlines	Passenger Property Loss	Checked Baggage	180.0	Other	Denied	0.0	Deny
113635	2007112835604	2007-11-13 00:00:00	2007-09-20 00:00:00	MEM	Memphis International Airport	Northwest Airlines	Passenger Property Loss	Checked Baggage	518.05	Clothing & Accessories,Clothing & Accessories	Denied	0.0	Deny
113835	2007112035281	2007-11-16 00:00:00	2007-10-22 00:00:00	MEM	Memphis International Airport	Northwest Airlines	Passenger Property Loss	Checked Baggage	349.71	Supplies	Denied	0.0	Deny
114901	2007121136406	2007-12-10 00:00:00	2007-11-14 00:00:00	MEM	Memphis International Airport	Northwest Airlines	Passenger Property Loss	Checkpoint	243.77	Watches & Jewelry	Approved	243.77	Approve in Full
115745	2008010237123	2007-12-27 00:00:00	2007-12-21 00:00:00	MEM	Memphis International Airport	Northwest Airlines	Passenger Property Loss	Checked Baggage	40.0	Electronics,Cosmetics	Denied	0.0	Deny
116052	2008011037714	2008-01-03 00:00:00	2007-11-13 00:00:00	MEM	Memphis International Airport	Northwest Airlines	Passenger Property Loss	Checked Baggage	2826.0	Clothing & Accessories,Watches & Jewelry	Denied	0.0	Deny
116378	2008011537881	2008-01-08 00:00:00	2007-12-27 00:00:00	MEM	Memphis International Airport	Northwest Airlines	Passenger Property Loss	Checked Baggage	399.0	Electronics	Denied	0.0	Deny
116570	2008011638068	2008-01-10 00:00:00	2008-01-04 00:00:00	MEM	Memphis International Airport		Passenger Property Loss	Checked Baggage	10.0	Outdoors Supplies	Insufficient, one of the following items required: sum certain, statement of fact, signature, location of incident, and date.		
116601	2008011638037	2008-01-11 00:00:00	2007-12-01 00:00:00	MEM	Memphis International Airport	Northwest Airlines	Passenger Property Loss	Checkpoint	160.0	Other	Denied	0.0	Deny
117537	2008020539101	2008-01-29 00:00:00	2008-01-25 00:00:00	MEM	Memphis International Airport	Delta Air Lines	Passenger Property Loss	Checked Baggage	300.0	Food & Drink	Denied	0.0	Deny
118074	2008022239991	2008-02-08 00:00:00	2007-12-26 00:00:00	MEM	Memphis International Airport	Continental Airlines	Passenger Property Loss	Checked Baggage	410.0	Watches & Jewelry	Denied	0.0	Deny
118684	2008030440374	2008-02-21 00:00:00	2008-02-19 00:00:00	MEM	Memphis International Airport	Continental Airlines	Passenger Property Loss	Checked Baggage	165.0	Electronics	Insufficient, one of the following items required: sum certain, statement of fact, signature, location of incident, and date.		
119158	2008031140782	2008-03-03 00:00:00	2008-02-28 00:00:00	MEM	Memphis International Airport	Delta Air Lines	Passenger Property Loss	Checked Baggage	373.46	Electronics	Denied	0.0	Deny
119751	2008030440387	2008-03-17 00:00:00	2008-02-17 00:00:00	MEM	Memphis International Airport	American Airlines	Passenger Property Loss	Checked Baggage	699.99	Electronics	Denied	0.0	Deny
120303	2008040441931	2008-03-26 00:00:00	2008-03-23 00:00:00	MEM	Memphis International Airport	Frontier Airlines	Passenger Property Loss	Checked Baggage	33.87	Tools & Machines,Containers	Denied	0.0	Deny
122252	2008050643921	2008-05-02 00:00:00	2008-03-04 00:00:00	MEM	Memphis International Airport	USAir	Passenger Property Loss	Checkpoint	2000.0	Watches & Jewelry	Denied	0.0	Deny
122325	2008050844032	2008-05-05 00:00:00	2008-02-10 00:00:00	MEM	Memphis International Airport	Delta Air Lines	Passenger Property Loss	Checked Baggage	516.02	Electronics	Denied	0.0	Deny
122456	2008050944088	2008-05-07 00:00:00	2008-05-04 00:00:00	MEM	Memphis International Airport	Northwest Airlines	Passenger Property Loss	Checked Baggage	1000.0	Electronics,Electronics,Electronics	Denied	0.0	Deny
122811	2008042243182	2008-05-15 00:00:00	2008-02-07 00:00:00	MEM	Memphis International Airport	KLM Royal Dutch Airlines	Passenger Property Loss	Checkpoint	800.0	Other	Denied	0.0	Deny
123131	2008052344780	2008-05-21 00:00:00	2008-05-14 00:00:00	MEM	Memphis International Airport	Northwest Airlines	Passenger Property Loss	Checked Baggage	202.75	Electronics	Insufficient, one of the following items required: sum certain, statement of fact, signature, location of incident, and date.		
123215	2008052844893	2008-05-23 00:00:00	2008-01-09 00:00:00	MEM	Memphis International Airport	Northwest Airlines	Passenger Property Loss	Checked Baggage	8686.47	Watches & Jewelry	Denied	0.0	Deny
123352	2008060245088	2008-05-27 00:00:00	2008-05-12 00:00:00	MEM	Memphis International Airport	Northwest Airlines	Passenger Property Loss	Checked Baggage	235.67	Other	Denied	0.0	Deny
123464	2008060345157	2008-05-29 00:00:00	2008-05-15 00:00:00	MEM	Memphis International Airport	Continental Airlines	Passenger Property Loss	Checked Baggage	21.75	Other	Denied	0.0	Deny
124131	2008062045932	2008-06-13 00:00:00	2008-06-10 00:00:00	MEM	Memphis International Airport	Northwest Airlines	Passenger Property Loss	Checked Baggage	340.0	Games & Toys	Approved	340.0	Approve in Full
124564	2008062746300	2008-06-24 00:00:00	2008-06-16 00:00:00	MEM	Memphis International Airport	Northwest Airlines	Passenger Property Loss	Checked Baggage	53.49	Clothing & Accessories	Approved	53.49	Approve in Full
125118	2008071446852	2008-07-07 00:00:00	2008-06-28 00:00:00	MEM	Memphis International Airport	USAir	Passenger Property Loss	Checkpoint	350.0	Electronics	Denied	0.0	Deny
125420	2008072447301	2008-07-14 00:00:00	2008-06-18 00:00:00	MEM	Memphis International Airport	American Airlines	Passenger Property Loss	Checkpoint	400.0	Electronics	Canceled	0.0	
125602	2008072547477	2008-07-17 00:00:00	2008-07-01 00:00:00	MEM	Memphis International Airport	Northwest Airlines	Passenger Property Loss	Checked Baggage	1390.0	Watches & Jewelry	Canceled	0.0	
125798	2008071046746	2008-07-22 00:00:00	2008-06-28 00:00:00	MEM	Memphis International Airport	Northwest Airlines	Passenger Property Loss	Checked Baggage	250.0	Electronics	Denied	0.0	Deny
125933	2008072947636	2008-07-23 00:00:00	2008-01-07 00:00:00	MEM	Memphis International Airport	UAL	Passenger Property Loss	Checked Baggage	102.0	Clothing & Accessories,Other	Settled	51.0	Settle
126196	2008072947603	2008-07-30 00:00:00	2008-05-31 00:00:00	MEM	Memphis International Airport	Northwest Airlines	Passenger Property Loss	Checkpoint	250.0	Other	Denied	0.0	Deny
126242	2008080548043	2008-07-30 00:00:00	2008-07-19 00:00:00	MEM	Memphis International Airport	Northwest Airlines	Passenger Property Loss	Checkpoint	250.0	Other	Denied	0.0	Deny
126425	2008080748222	2008-08-04 00:00:00	2008-07-26 00:00:00	MEM	Memphis International Airport	USAir	Passenger Property Loss	Checked Baggage	1536.0	Watches & Jewelry,Watches & Jewelry	Denied	0.0	Deny
126647	2008081248443	2008-08-07 00:00:00	2008-07-21 00:00:00	MEM	Memphis International Airport	Continental Airlines	Passenger Property Loss	Checked Baggage	408.31	Cosmetics	Denied	0.0	Deny
126991	2008081948785	2008-08-15 00:00:00	2008-07-25 00:00:00	MEM	Memphis International Airport	USAir	Passenger Property Loss	Checked Baggage	3000.0	Watches & Jewelry	Denied	0.0	Deny
127547	2008090449456	2008-08-27 00:00:00	2008-07-28 00:00:00	MEM	Memphis International Airport	Northwest Airlines	Passenger Property Loss	Checked Baggage	95.55	Cosmetics,Other	Denied	0.0	Deny
127916	2008090449519	2008-09-08 00:00:00	2008-08-21 00:00:00	MEM	Memphis International Airport	Northwest Airlines	Passenger Property Loss	Checked Baggage	11737.9	Watches & Jewelry	Denied	0.0	Deny
128046	2008091049737	2008-09-09 00:00:00	2008-08-28 00:00:00	MEM	Memphis International Airport	USAir	Passenger Property Loss	Checked Baggage	1000.0	Watches & Jewelry	Denied	0.0	Deny
128060	2008091249816	2008-09-09 00:00:00	2008-08-06 00:00:00	MEM	Memphis International Airport	Northwest Airlines	Passenger Property Loss	Checked Baggage	4350.0	Watches & Jewelry	Denied	0.0	Deny
128291	2008091950121	2008-09-15 00:00:00	2008-07-28 00:00:00	MEM	Memphis International Airport	Northwest Airlines	Passenger Property Loss	Checked Baggage	93.0	Watches & Jewelry	Denied	0.0	Deny
128484	2008091850080	2008-09-19 00:00:00	2008-09-13 00:00:00	MEM	Memphis International Airport	Northwest Airlines	Passenger Property Loss	Checked Baggage	349.99	Electronics	Denied	0.0	Deny
128902	2008100250684	2008-09-30 00:00:00	2008-09-14 00:00:00	MEM	Memphis International Airport	Delta Air Lines	Passenger Property Loss	Checkpoint	4200.0	Watches & Jewelry,Watches & Jewelry	Denied	0.0	Deny
128984	2008100350782	2008-10-02 00:00:00	2008-04-07 00:00:00	MEM	Memphis International Airport	Delta Air Lines	Passenger Property Loss	Checked Baggage	17.43	Tools & Machines	Denied	0.0	Deny
129078	2008100750843	2008-10-06 00:00:00	2008-10-03 00:00:00	MEM	Memphis International Airport	Northwest Airlines	Passenger Property Loss	Checked Baggage	25.0	Clothing & Accessories,Other	Denied	0.0	Deny
129200	2008092350272	2008-10-08 00:00:00	2008-09-02 00:00:00	MEM	Memphis International Airport	American Airlines	Passenger Property Loss	Checkpoint	1200.0	Watches & Jewelry	Denied	0.0	Deny
129498	2008101651218	2008-10-15 00:00:00	2008-10-10 00:00:00	MEM	Memphis International Airport	Northwest Airlines	Passenger Property Loss	Checked Baggage	99.38	Clothing & Accessories,Cosmetics	Settled	49.69	Settle
129958	2008110451758	2008-10-28 00:00:00	2008-10-13 00:00:00	MEM	Memphis International Airport	Northwest Airlines	Passenger Property Loss	Checked Baggage	608.99	Clothing & Accessories,Watches & Jewelry	Denied	0.0	Deny
130555	2008102751619	2008-11-13 00:00:00	2008-10-09 00:00:00	MEM	Memphis International Airport	Northwest Airlines	Passenger Property Loss	Checked Baggage	320.0	Tools & Machines,Other,Games & Toys	Denied	0.0	Deny
130788	2008112152637	2008-11-18 00:00:00	2008-04-10 00:00:00	MEM	Memphis International Airport	Northwest Airlines	Passenger Property Loss	Checked Baggage	10.87	Tools & Machines	Denied	0.0	Deny
131424	2008121153302	2008-12-05 00:00:00	2008-11-29 00:00:00	MEM	Memphis International Airport	AirTran Airlines	Passenger Property Loss	Checkpoint	260.0	Containers,Cosmetics	Denied	0.0	Deny
132039	2008123153942	2008-12-22 00:00:00	2008-10-16 00:00:00	MEM	Memphis International Airport	Continental Airlines	Passenger Property Loss	Checked Baggage	900.3	Watches & Jewelry	Denied	0.0	Deny
132187	2009010554033	2008-12-29 00:00:00	2008-12-03 00:00:00	MEM	Memphis International Airport	Northwest Airlines	Passenger Property Loss	Checked Baggage	50.0	Household Items	Denied	0.0	Deny
132689	2009011554553	2009-01-09 00:00:00	2009-01-05 00:00:00	MEM	Memphis International Airport	Northwest Airlines	Passenger Property Loss	Checked Baggage	450.0	Electronics	Denied	0.0	Deny
132991	2009012354866	2009-01-15 00:00:00	2009-01-04 00:00:00	MEM	Memphis International Airport	Northwest Airlines	Passenger Property Loss	Checked Baggage	3120.0	Watches & Jewelry	Denied	0.0	Deny
133587	2009021355516	2009-02-02 00:00:00	2009-01-11 00:00:00	MEM	Memphis International Airport	AirTran Airlines	Passenger Property Loss	Checkpoint	299.0	Electronics	Denied	0.0	Deny
134007	2009030955974	2009-02-12 00:00:00	2009-02-01 00:00:00	MEM	Memphis International Airport	Northwest Airlines	Passenger Property Loss	Checked Baggage	487.0	Electronics	Denied	0.0	Deny
134066	2009030955965	2009-02-17 00:00:00	2009-02-10 00:00:00	MEM	Memphis International Airport	USAir	Passenger Property Loss	Checked Baggage	399.0	Watches & Jewelry	Canceled	0.0	
134151	2009031656295	2009-02-18 00:00:00	2009-01-30 00:00:00	MEM	Memphis International Airport	USAir	Passenger Property Loss	Checked Baggage	30.0	Household Items	Denied	0.0	Deny
134434	2009031656279	2009-02-26 00:00:00	2008-10-23 00:00:00	MEM	Memphis International Airport	Northwest Airlines	Passenger Property Loss	Checked Baggage	10.91	Tools & Machines	Denied	0.0	Deny
134516	2009031856442	2009-02-27 00:00:00	2009-02-20 00:00:00	MEM	Memphis International Airport	USAir	Passenger Property Loss	Checked Baggage	58.0	Outdoors Supplies	Settled	29.0	Settle
134538	2009031956476	2009-03-03 00:00:00	2009-01-25 00:00:00	MEM	Memphis International Airport	Delta Air Lines	Passenger Property Loss	Checked Baggage	222.71	Electronics,Tools & Machines,Electronics	Canceled	0.0	
135413	2009041657643	2009-03-23 00:00:00	2009-02-15 00:00:00	MEM	Memphis International Airport	Northwest Airlines	Passenger Property Loss	Checked Baggage	48.0	Tools & Machines	Denied	0.0	Deny
135759	2009042357904	2009-03-31 00:00:00	2009-03-20 00:00:00	MEM	Memphis International Airport	Northwest Airlines	Passenger Property Loss	Checked Baggage	123.42	Other	Settled	33.5	Settle
136027	2009042958107	2009-04-08 00:00:00	2009-03-10 00:00:00	MEM	Memphis International Airport	Northwest Airlines	Passenger Property Loss	Checked Baggage	600.0	Other	Denied	0.0	Deny
136643	2009051458614	2009-04-27 00:00:00	2009-03-29 00:00:00	MEM	Memphis International Airport	American Eagle	Passenger Property Loss	Checked Baggage	4099.0	Watches & Jewelry	Denied	0.0	Deny
137196	2009051958967	2009-05-12 00:00:00	2009-04-27 00:00:00	MEM	Memphis International Airport	American Airlines	Passenger Property Loss	Checked Baggage	11068.0	Cosmetics,Watches & Jewelry	Denied	0.0	Deny
138344	2009042157796	2009-06-15 00:00:00	2009-04-03 00:00:00	MEM	Memphis International Airport	Northwest Airlines	Passenger Property Loss	Checkpoint	14465.0	Watches & Jewelry	Denied	0.0	Deny
138951	2009070960995	2009-06-30 00:00:00	2009-06-05 00:00:00	MEM	Memphis International Airport	Delta Air Lines	Passenger Property Loss	Checked Baggage	12.95	Tools & Machines	Denied	0.0	Deny
139722	2009072861871	2009-07-20 00:00:00	2009-07-05 00:00:00	MEM	Memphis International Airport	UAL	Passenger Property Loss	Checked Baggage	830.0	Watches & Jewelry	Denied	0.0	Deny
141586	2009091463574	2009-09-11 00:00:00	2009-08-24 00:00:00	MEM	Memphis International Airport	AirTran Airlines	Passenger Property Loss	Checked Baggage	10.0	Tools & Machines	Denied	0.0	Deny
142103	2009093064178	2009-09-24 00:00:00	2009-09-09 00:00:00	MEM	Memphis International Airport	Delta Air Lines	Passenger Property Loss	Checked Baggage	33.12	Cosmetics	Denied	0.0	Deny
142487	2009100864476	2009-10-08 00:00:00	2009-09-22 00:00:00	MEM	Memphis International Airport	Northwest Airlines	Passenger Property Loss	Checked Baggage	269.0	Electronics	Denied	0.0	Deny
142774	2009102864871	2009-10-19 00:00:00	2009-10-09 00:00:00	MEM	Memphis International Airport	Northwest Airlines	Passenger Property Loss	Checked Baggage	321.0	Electronics	Denied	0.0	Deny
143246	2009110265028	2009-11-02 00:00:00	2009-10-26 12:30:00	MEM	Memphis International Airport	American Airlines	Passenger Property Loss	Checked Baggage	610.0	Scientific Intruments	Settled	310.0	Settle
144435	2009121066372	2009-12-08 00:00:00	2009-12-02 12:20:00	MEM	Memphis International Airport		Passenger Property Loss	Checkpoint	243.8	Electronics	Settled	105.0	Settle
145309	2010012567823	2010-01-20 00:00:00	2010-01-17 13:00:00	MEM	Memphis International Airport	Delta Air Lines	Passenger Property Loss	Checked Baggage		Electronics		0.0	Deny
146016	2010030268906	2010-02-22 00:00:00	2010-01-03 07:30:00	MEM	Memphis International Airport	Delta Air Lines	Passenger Property Loss	Checked Baggage		Scientific Intruments		0.0	Deny
147616	2010041670855	2010-04-12 00:00:00	2010-03-31 08:00:00	MEM	Memphis International Airport	Delta Air Lines	Passenger Property Loss	Checked Baggage		Clothing & Accessories,Clothing & Accessories		0.0	Deny
147721	2010041670872	2010-04-14 00:00:00	2010-03-26 05:30:00	MEM	Memphis International Airport	American Airlines	Passenger Property Loss	Checked Baggage		Electronics,Electronics		0.0	Deny
148488	2010051171677	2010-05-10 00:00:00	2010-03-28 00:00:00	MEM	Memphis International Airport	Delta Air Lines	Passenger Property Loss	Checked Baggage		Clothing & Accessories		0.0	Deny
148951	2010052772178	2010-05-24 00:00:00	2010-05-10 10:00:00	MEM	Memphis International Airport	American Airlines	Passenger Property Loss	Checked Baggage		Electronics,Electronics,Electronics		0.0	Deny
149078	2010060272247	2010-05-26 00:00:00	2010-05-23 14:00:00	MEM	Memphis International Airport	Delta Air Lines	Passenger Property Loss	Checked Baggage		Watches & Jewelry		0.0	Deny
149100	2010060372358	2010-05-26 00:00:00	2010-05-14 00:00:00	MEM	Memphis International Airport	Delta Air Lines	Passenger Property Loss	Checked Baggage		Cosmetics		0.0	Deny
150097	2010070673346	2010-06-29 00:00:00	2010-06-27 19:20:00	MEM	Memphis International Airport	Delta Air Lines	Passenger Property Loss	Checked Baggage		Other		0.0	Deny
150186	2010071373578	2010-06-30 00:00:00	2010-06-17 00:00:00	MEM	Memphis International Airport	Delta Air Lines	Passenger Property Loss	Checked Baggage		Containers		89.99	Approve in Full
150360	2010071473663	2010-07-07 00:00:00	2010-06-30 00:00:00	MEM	Memphis International Airport	Delta Air Lines	Passenger Property Loss	Checked Baggage		Other		0.0	Deny
151593	2010081374893	2010-08-10 00:00:00	2010-08-06 09:15:00	MEM	Memphis International Airport		Passenger Property Loss	Checkpoint		Watches & Jewelry		150.0	Settle
151790	2010081975045	2010-08-17 00:00:00	2010-07-25 08:25:00	MEM	Memphis International Airport	Delta Air Lines	Passenger Property Loss	Checked Baggage		Containers		59.95	Approve in Full
152077	2010082775397	2010-08-24 00:00:00	2010-08-20 17:00:00	MEM	Memphis International Airport	Delta Air Lines	Passenger Property Loss	Checked Baggage		Electronics,Outdoors Supplies,Scientific Intruments,Other,Outdoors Supplies		0.0	Deny
152382	2010090975853	2010-08-31 00:00:00	2010-06-15 18:00:00	MEM	Memphis International Airport	Delta Air Lines	Passenger Property Loss	Checked Baggage		Other		27.4	Approve in Full
153251	2010100476641	2010-09-28 00:00:00	2010-09-20 00:00:00	MEM	Memphis International Airport	UAL	Passenger Property Loss	Checked Baggage		Containers,Watches & Jewelry		500.0	Settle
153316	2010100776755	2010-09-29 00:00:00	2010-08-07 19:15:00	MEM	Memphis International Airport	Delta Air Lines	Passenger Property Loss	Checked Baggage		Cosmetics		9.16	Approve in Full
154009	2010102377270	2010-10-21 00:00:00	2010-10-16 12:00:00	MEM	Memphis International Airport	Delta Air Lines	Passenger Property Loss	Checked Baggage		Containers,Electronics		0.0	Deny
154697	2010111577831	2010-11-15 00:00:00	2010-10-30 00:00:00	MEM	Memphis International Airport	Delta Air Lines	Passenger Property Loss	Checked Baggage		Electronics		74.6	Approve in Full
155985	2011011979647	2010-12-28 00:00:00	2010-10-15 18:30:00	MEM	Memphis International Airport	Delta Air Lines	Passenger Property Loss	Checkpoint		Clothing & Accessories		0.0	Deny
158729	2011042983068	2011-03-28 00:00:00	2011-02-14 08:30:00	MEM	Memphis International Airport	Delta Air Lines	Passenger Property Loss	Checked Baggage		Watches & Jewelry,Cosmetics		0.0	Deny
158907	2011041382258	2011-04-04 00:00:00	2011-03-21 00:00:00	MEM	Memphis International Airport	Delta Air Lines	Passenger Property Loss	Checked Baggage		Watches & Jewelry		25.0	Approve in Full
159329	2011042182863	2011-04-15 00:00:00	2011-04-07 09:00:00	MEM	Memphis International Airport	Delta Air Lines	Passenger Property Loss	Checked Baggage		Other		0.0	Deny
159669	2011050283127	2011-04-27 00:00:00	2011-03-25 00:00:00	MEM	Memphis International Airport	Continental Airlines	Passenger Property Loss	Checked Baggage		Other		73.14	Approve in Full
159800	2011051083314	2011-05-02 00:00:00	2011-04-12 11:15:00	MEM	Memphis International Airport	USAir	Passenger Property Loss	Checked Baggage		Cosmetics		0.0	Deny
160802	2011061584326	2011-06-03 00:00:00	2011-05-23 08:30:00	MEM	Memphis International Airport	Delta Air Lines	Passenger Property Loss	Checked Baggage		Cosmetics		16.38	Approve in Full
161646	2011071385145	2011-06-30 00:00:00	2011-06-26 12:30:00	MEM	Memphis International Airport	Delta Air Lines	Passenger Property Loss	Checked Baggage		Cosmetics		0.0	Deny
161999	2011072785533	2011-07-13 00:00:00	2011-06-24 00:00:00	MEM	Memphis International Airport	Continental Airlines	Passenger Property Loss	Checkpoint		Other		0.0	Deny
162131	2011080485725	2011-07-18 00:00:00	2011-06-18 00:00:00	MEM	Memphis International Airport	Delta Air Lines	Passenger Property Loss	Checked Baggage		Watches & Jewelry		0.0	Deny
162841	2011082486388	2011-08-08 00:00:00	2011-07-07 08:30:00	MEM	Memphis International Airport	Delta Air Lines	Passenger Property Loss	Checked Baggage		Electronics		0.0	Deny
163196	2011090886789	2011-08-17 00:00:00	2011-06-14 17:30:00	MEM	Memphis International Airport	Delta Air Lines	Passenger Property Loss	Checked Baggage		Other		0.0	Deny
163928	2011100487441	2011-09-13 00:00:00	2011-08-28 00:00:00	MEM	Memphis International Airport	Delta Air Lines	Passenger Property Loss	Checked Baggage		Cosmetics		26.99	Approve in Full
163955	2011100487490	2011-09-14 00:00:00	2011-08-31 16:30:00	MEM	Memphis International Airport	Delta Air Lines	Passenger Property Loss	Checked Baggage		Other		0.0	Deny
163997	2011100587528	2011-09-15 00:00:00	2011-07-12 13:45:00	MEM	Memphis International Airport	Delta Air Lines	Passenger Property Loss	Checked Baggage		Cosmetics		19.99	Approve in Full
164105	2011102888532	2011-09-19 00:00:00	2011-08-31 00:00:00	MEM	Memphis International Airport	Delta Air Lines	Passenger Property Loss	Checked Baggage		Electronics,Clothing & Accessories,Cosmetics		0.0	Deny
164135	2011101287739	2011-09-20 00:00:00	2011-08-18 07:30:00	MEM	Memphis International Airport	Delta Air Lines	Passenger Property Loss	Checked Baggage		Cosmetics		0.0	Deny
164168	2011101487902	2011-09-21 00:00:00	2011-09-13 00:00:00	MEM	Memphis International Airport	Delta Air Lines	Passenger Property Loss	Checked Baggage		Clothing & Accessories		0.0	Deny
164335	2011092987233	2011-09-29 00:00:00	2011-08-20 00:00:00	MEM	Memphis International Airport	KLM Royal Dutch Airlines	Passenger Property Loss	Checkpoint		Electronics		0.0	Deny
166538	2012011190142	2011-12-13 00:00:00	2011-12-11 05:10:00	MEM	Memphis International Airport	AirTran Airlines	Passenger Property Loss	Checkpoint		Other		0.0	Deny
167019	2012020390645	2012-01-03 00:00:00	2011-12-29 00:00:00	MEM	Memphis International Airport	UAL	Passenger Property Loss	Checked Baggage		Cosmetics,Food & Drink,Other,Other		0.0	Deny
168216	2012032091838	2012-02-08 00:00:00	2011-12-28 00:00:00	MEM	Memphis International Airport	UAL	Passenger Property Loss	Checked Baggage		Other			
168239	2012032291958	2012-02-08 00:00:00	2012-01-06 10:00:00	MEM	Memphis International Airport	Delta Air Lines	Passenger Property Loss	Checked Baggage		Cosmetics		0.0	Deny
169466	2012041793026	2012-03-23 00:00:00	2012-03-11 00:00:00	MEM	Memphis International Airport	Delta Air Lines	Passenger Property Loss	Checked Baggage		Watches & Jewelry		0.0	Deny
169813	2012042393120	2012-04-06 00:00:00	2012-03-20 00:00:00	MEM	Memphis International Airport	Delta Air Lines	Passenger Property Loss	Checked Baggage		Clothing & Accessories		37.95	Approve in Full
169970	2012050993778	2012-04-11 00:00:00	2012-03-20 00:00:00	MEM	Memphis International Airport	Delta Air Lines	Passenger Property Loss	Checked Baggage		Clothing & Accessories		69.95	Approve in Full
170087	2012051093793	2012-04-16 00:00:00	2012-04-02 00:00:00	MEM	Memphis International Airport	Delta Air Lines	Passenger Property Loss	Checked Baggage		Cosmetics		25.0	Approve in Full
170687	2012052794306	2012-05-07 00:00:00	2012-04-15 20:00:00	MEM	Memphis International Airport	Delta Air Lines	Passenger Property Loss	Checked Baggage		Clothing & Accessories		0.0	Deny
170749	2012052994371	2012-05-08 00:00:00	2012-04-23 00:00:00	MEM	Memphis International Airport		Passenger Property Loss	Checked Baggage		Cosmetics		25.0	Approve in Full
171604	2012010589974	2012-06-08 00:00:00	2011-11-05 05:35:00	MEM	Memphis International Airport	American Airlines	Passenger Property Loss	Checked Baggage		Electronics		0.0	Deny
172066	2012073095793	2012-06-25 00:00:00	2012-06-16 13:00:00	MEM	Memphis International Airport	Delta Air Lines	Passenger Property Loss	Checked Baggage		Clothing & Accessories,Other		0.0	Deny
172115	2012070995112	2012-06-27 00:00:00	2012-05-29 00:00:00	MEM	Memphis International Airport	Delta Air Lines	Passenger Property Loss	Checked Baggage		Watches & Jewelry		0.0	Deny
172194	2012072495653	2012-07-02 00:00:00	2012-06-11 00:00:00	MEM	Memphis International Airport	USAir	Passenger Property Loss	Checked Baggage		Other		249.0	Settle
172468	2012082696199	2012-07-11 00:00:00	2012-06-22 00:00:00	MEM	Memphis International Airport	Air Canada	Passenger Property Loss	Checked Baggage		Other		14.03	Approve in Full
173014	2012091396795	2012-07-30 00:00:00	2012-06-03 00:00:00	MEM	Memphis International Airport	Delta Air Lines	Passenger Property Loss	Checked Baggage		Scientific Intruments		180.0	Settle
173355	2012092197010	2012-08-13 00:00:00	2012-08-12 19:00:00	MEM	Memphis International Airport	Delta Air Lines	Passenger Property Loss	Checked Baggage		Clothing & Accessories		89.99	Approve in Full
173693	2012090696599	2012-08-22 00:00:00	2012-08-06 00:00:00	MEM	Memphis International Airport		Passenger Property Loss	Checkpoint		Electronics		0.0	Deny
173707	2012100797431	2012-08-22 00:00:00	2012-08-06 00:00:00	MEM	Memphis International Airport	USAir	Passenger Property Loss	Checkpoint		Electronics			
174282	2012102397997	2012-09-12 00:00:00	2012-08-29 08:17:00	MEM	Memphis International Airport	Delta Air Lines	Passenger Property Loss	Checked Baggage		Electronics		26.37	Approve in Full
174808	2012120799149	2012-10-01 00:00:00	2012-09-09 00:00:00	MEM	Memphis International Airport	Delta Air Lines	Passenger Property Loss	Checked Baggage		Outdoors Supplies		50.0	Settle
174927	2012112698852	2012-10-05 00:00:00	2012-09-21 00:00:00	MEM	Memphis International Airport	Delta Air Lines	Passenger Property Loss	Checked Baggage		Clothing & Accessories		0.0	Deny
176552	2013012200085	2012-12-10 00:00:00	2012-11-26 00:00:00	MEM	Memphis International Airport	UAL	Passenger Property Loss	Checked Baggage		Cosmetics		23.4	Approve in Full
177165	2013013100777	2013-01-07 00:00:00	2012-12-27 07:30:00	MEM	Memphis International Airport	UAL	Passenger Property Loss	Checked Baggage		Cosmetics		75.9	Approve in Full
177402	2013020801236	2013-01-14 00:00:00	2013-01-01 00:00:00	MEM	Memphis International Airport	American Airlines	Passenger Property Loss	Checked Baggage		Watches & Jewelry		0.0	Deny
178446	2013030102288	2013-02-19 00:00:00	2013-02-05 00:00:00	MEM	Memphis International Airport	AirTran Airlines	Passenger Property Loss	Checked Baggage		Watches & Jewelry		0.0	Deny
178716	2013030402316	2013-02-28 00:00:00	2013-02-28 00:00:00	MEM	Memphis International Airport	Delta Air Lines	Passenger Property Loss	Checked Baggage		Other,Other,Electronics		115.0	Approve in Full
179277	2013040302952	2013-03-21 00:00:00	2013-03-15 00:00:00	MEM	Memphis International Airport	Delta Air Lines	Passenger Property Loss	Checked Baggage		Cosmetics		227.5	Settle
180065	2013052203822	2013-04-22 00:00:00	2013-04-21 00:00:00	MEM	Memphis International Airport	Delta Air Lines	Passenger Property Loss	Checked Baggage		Cosmetics		10.0	Approve in Full
180469	2013061904512	2013-05-06 00:00:00	2012-09-17 00:00:00	MEM	Memphis International Airport	Delta Air Lines	Passenger Property Loss	Checked Baggage		Watches & Jewelry		160.0	Approve in Full
180658	2013062004561	2013-05-14 00:00:00	2013-05-09 00:00:00	MEM	Memphis International Airport	Aer Lingus	Passenger Property Loss	Checked Baggage		Electronics			
180677	2013062604792	2013-05-15 00:00:00	2013-05-09 00:00:00	MEM	Memphis International Airport	UAL	Passenger Property Loss	Checked Baggage		Electronics			
180938	2013061304367	2013-05-24 00:00:00	2013-05-23 08:40:00	MEM	Memphis International Airport	Delta Air Lines	Passenger Property Loss	Checked Baggage		Containers,Clothing & Accessories,Cosmetics,Scientific Intruments			
181077	2013071305159	2013-05-30 00:00:00	2013-01-31 17:00:00	MEM	Memphis International Airport	Delta Air Lines	Passenger Property Loss	Checkpoint		Watches & Jewelry		0.0	Deny
181484	2013072505447	2013-06-14 00:00:00	2013-06-05 00:00:00	MEM	Memphis International Airport	American Airlines	Passenger Property Loss	Checked Baggage		Clothing & Accessories		0.0	Deny
182016	2013072105322	2013-07-02 00:00:00	2013-06-03 00:00:00	MEM	Memphis International Airport	Delta Air Lines	Passenger Property Loss	Checked Baggage		Cosmetics		0.0	Deny
182161	2013080905799	2013-07-08 00:00:00	2013-06-19 00:00:00	MEM	Memphis International Airport	Delta Air Lines	Passenger Property Loss	Checked Baggage		Electronics,Electronics,Watches & Jewelry		0.0	Deny
182243	2013082306199	2013-07-10 00:00:00	2013-05-26 11:40:00	MEM	Memphis International Airport	Delta Air Lines	Passenger Property Loss	Checked Baggage		Other		21.83	Approve in Full
182367	2013082106118	2013-07-16 00:00:00	2013-07-13 18:00:00	MEM	Memphis International Airport	Delta Air Lines	Passenger Property Loss	Checked Baggage		Electronics			
182434	2013082706312	2013-07-16 00:00:00	2013-07-14 22:00:00	MEM	Memphis International Airport	Delta Air Lines	Passenger Property Loss	Checked Baggage		Containers			
182957	2013090906721	2013-08-02 00:00:00	2013-06-29 12:00:00	MEM	Memphis International Airport	Delta Air Lines	Passenger Property Loss	Checked Baggage		Watches & Jewelry			
185110	2013103108423	2013-10-24 00:00:00	2013-08-28 00:00:00	MEM	Memphis International Airport	American Airlines	Passenger Property Loss	Checked Baggage		Electronics			
185944	2013112709712	2013-11-27 00:00:00	2013-11-22 00:00:00	MEM	Memphis International Airport	Delta Air Lines	Passenger Property Loss	Checked Baggage		Cosmetics		20.0	Approve in Full
186065	2013120909953	2013-12-02 00:00:00	2013-11-20 00:00:00	MEM	Memphis International Airport	Southwest Airlines	Passenger Property Loss	Checked Baggage		Cosmetics			
186778	2014090416419	2014-08-19 00:00:00	2014-07-28 00:00:00	MEM	Memphis International Airport	USAir	Passenger Property Loss	Checked Baggage		Other			
189498	2014041613300	2014-04-11 00:00:00	2014-03-18 00:00:00	MEM	Memphis International Airport	Delta Air Lines	Passenger Property Loss	Checked Baggage		Watches & Jewelry			
189686	2014042513492	2014-04-23 00:00:00	2014-02-11 00:00:00	MEM	Memphis International Airport	Delta Air Lines	Passenger Property Loss	Checked Baggage		Electronics,Other		0.0	Deny
189785	2014042913594	2014-04-25 00:00:00	2014-03-23 00:00:00	MEM	Memphis International Airport	UAL	Passenger Property Loss	Checked Baggage		Containers,Cosmetics		0.0	Deny
189928	2014050613740	2014-05-06 00:00:00	2014-03-30 00:00:00	MEM	Memphis International Airport	American Airlines	Passenger Property Loss	Checked Baggage		Cosmetics		12.0	Approve in Full
190242	2014052014057	2014-05-14 00:00:00	2014-04-22 00:00:00	MEM	Memphis International Airport	American Airlines	Passenger Property Loss	Checked Baggage		Watches & Jewelry		54.49	Approve in Full
190716	2014061114539	2014-06-06 00:00:00	2014-05-04 00:00:00	MEM	Memphis International Airport	Delta Air Lines	Passenger Property Loss	Checked Baggage		Clothing & Accessories,Clothing & Accessories			
190931	2014061914759	2014-06-13 00:00:00	2014-06-04 00:00:00	MEM	Memphis International Airport	Delta Air Lines	Passenger Property Loss	Checked Baggage		Scientific Intruments			
191116	2014063014949	2014-06-18 00:00:00	2014-06-02 00:00:00	MEM	Memphis International Airport	UAL	Passenger Property Loss	Checkpoint		Electronics			
192375	2014082616235	2014-08-26 00:00:00	2014-08-14 00:00:00	MEM	Memphis International Airport	UAL	Passenger Property Loss	Checked Baggage		Other		0.0	Deny
193845	2014101617736	2014-10-13 00:00:00	2014-10-10 00:00:00	MEM	Memphis International Airport		Passenger Property Loss	Checkpoint		Electronics			
193990	2014102017883	2014-10-08 00:00:00	2014-07-26 00:00:00	MEM	Memphis International Airport	UAL	Passenger Property Loss	Checked Baggage		Watches & Jewelry			
194881	2014120218795	2014-11-17 00:00:00	2014-11-14 00:00:00	MEM	Memphis International Airport	Delta Air Lines	Passenger Property Loss	Checkpoint		Clothing & Accessories		86.31	Approve in Full
194913	2014120318830	2014-12-01 00:00:00	2014-10-31 00:00:00	MEM	Memphis International Airport	USAir	Passenger Property Loss	Checked Baggage		Clothing & Accessories			
195455	2014122919402	2014-12-29 00:00:00	2014-12-01 00:00:00	MEM	Memphis International Airport	Delta Air Lines	Passenger Property Loss	Checked Baggage		Food & Drink,Other,Clothing & Accessories			
201034	2015022320771	2015-02-23 00:00:00	2015-01-21 00:00:00	MEM	Memphis International Airport	American Airlines	Passenger Property Loss	Checked Baggage		Other		6.54	Approve in Full
201035	2015030421005	2015-03-03 00:00:00	2015-02-06 00:00:00	MEM	Memphis International Airport	American Airlines	Passenger Property Loss	Checked Baggage		Watches & Jewelry		0.0	Deny
201040	2015050822418	2015-05-08 00:00:00	2015-04-25 00:00:00	MEM	Memphis International Airport	American Airlines	Passenger Property Loss	Checked Baggage		Clothing & Accessories		91.32	Approve in Full
201041	2015062623481	2015-06-22 00:00:00	2015-06-20 00:00:00	MEM	Memphis International Airport	Delta Air Lines	Passenger Property Loss	Checkpoint		Other			
201042	2015062923514	2015-06-23 00:00:00	2015-04-27 00:00:00	MEM	Memphis International Airport	Southwest Airlines	Passenger Property Loss	Checked Baggage		Watches & Jewelry,Watches & Jewelry		247.0	Approve in Full
201044	2015072724228	2015-07-21 00:00:00	2015-06-19 00:00:00	MEM	Memphis International Airport	Delta Air Lines	Passenger Property Loss	Checked Baggage		Watches & Jewelry		0.0	Deny
201048	2015100125775	2015-09-14 00:00:00	2015-09-08 00:00:00	MEM	Memphis International Airport	Southwest Airlines	Passenger Property Loss	Checked Baggage		Outdoors Supplies,Outdoors Supplies		0.0	Deny
201049	2015100725946	2015-09-24 00:00:00	2015-09-11 00:00:00	MEM	Memphis International Airport	UAL	Passenger Property Loss	Checked Baggage		Cosmetics		0.0	Deny
201050	2015100225859	2015-10-02 00:00:00	2015-09-10 00:00:00	MEM	Memphis International Airport		Passenger Property Loss	Checkpoint		Watches & Jewelry		0.0	Deny
201052	2015121627605	2015-11-30 00:00:00	2015-11-21 00:00:00	MEM	Memphis International Airport	Southwest Airlines	Passenger Property Loss	Checked Baggage		Scientific Intruments			
201054	2015122127726	2015-12-04 00:00:00	2015-11-28 00:00:00	MEM	Memphis International Airport	American Airlines	Passenger Property Loss	Checked Baggage		Games & Toys			
209576	2016052331653	2016-05-10 00:00:00	2016-04-30 15:00:00	MEM	Memphis International Airport Memphis International Airport	UAL	Passenger Property Loss	Checked Baggage		Containers,Clothing & Accessories,Clothing & Accessories,Cosmetics			Insufficient
209577	2016071432708	2016-06-21 00:00:00	2016-06-04 05:40:00	MEM	Memphis International Airport Memphis International Airport	Delta Air Lines	Passenger Property Loss	Checked Baggage		Cosmetics		30.17	Approve in Full
209580	2016100534385	2016-10-05 00:00:00	2016-08-23 00:00:00	MEM	Memphis International Airport Memphis International Airport		Passenger Property Loss	Checkpoint		Clothing & Accessories		100.0	Approve in Full
209581	2016031429731	2016-02-29 00:00:00	2016-02-27 13:05:00	MEM	Memphis International Airport   American Airlines Memphis International Airport   American Airlines		Passenger Property Loss	Checkpoint		Watches & Jewelry		0.0	Deny
209582	2016041430543	2016-03-25 00:00:00	2016-03-22 11:12:00	MEM	Memphis International Airport   American Airlines Memphis International Airport   American Airlines		Passenger Property Loss	Checked Baggage		Other		0.0	Deny
209583	2016052031557	2016-05-03 00:00:00	2016-04-24 00:00:00	MEM	Memphis International Airport   American Airlines Memphis International Airport   American Airlines		Passenger Property Loss	Checkpoint		Watches & Jewelry		0.0	Deny
209585	2017010336194	2016-11-03 00:00:00	2016-09-24 10:28:00	MEM	Memphis International Airport   Southwest Airlines Memphis International Airport   Southwest Airlines		Passenger Property Loss	Checked Baggage		Cosmetics			In Review
217814	2017053040004	2017-05-01 00:00:00	2017-04-24 04:55:00	MEM	Memphis International Airport Memphis International Airport	Delta Air Lines	Passenger Property Loss	Checked Baggage		Cosmetics		0.0	Deny
217815	2017112445368	2017-11-02 00:00:00	2017-10-13 00:00:00	MEM	Memphis International Airport Memphis International Airport	American Airlines	Passenger Property Loss	Checked Baggage		Cosmetics			In Review
217817	2017050139132	2017-03-06 00:00:00	2017-03-03 00:00:00	MEM	Memphis International Airport Memphis International Airport	Allegiant Air	Passenger Property Loss	Checked Baggage		Cosmetics			In Review
217818	2017050539242	2017-03-07 00:00:00	2017-02-06 00:00:00	MEM	Memphis International Airport Memphis International Airport	Southwest Airlines	Passenger Property Loss	Checked Baggage		Cosmetics		8.66	Approve in Full
217822	2017120445712	2017-11-14 00:00:00	2017-10-29 15:00:00	MEM	Memphis International Airport Memphis International Airport	American Airlines	Passenger Property Loss	Checked Baggage		Clothing & Accessories			In Review
217823	2017051539522	2017-05-15 00:00:00	2017-02-27 05:30:00	MEM	Memphis International Airport Memphis International Airport	Delta Air Lines	Passenger Property Loss	Checked Baggage		Clothing & Accessories		0.0	Deny
217824	2017092843745	2017-08-17 00:00:00	2017-07-26 00:00:00	MEM	Memphis International Airport Memphis International Airport	US Express	Passenger Property Loss	Checked Baggage		Electronics			In Review
217829	2017091843192	2017-08-25 00:00:00	2017-04-29 00:00:00	MEM	Memphis International Airport Memphis International Airport	UAL	Passenger Theft	Checked Baggage		Electronics		0.0	Deny
217830	2017111445157	2017-10-25 00:00:00	2017-10-18 14:20:00	MEM	Memphis International Airport Memphis International Airport		Passenger Property Loss	Checked Baggage		Watches & Jewelry			Insufficient
217831	2017042538894	2017-02-27 00:00:00	2017-02-27 05:30:00	MEM	Memphis International Airport Memphis International Airport	Delta Air Lines	Passenger Property Loss	Checked Baggage		Food & Drink,Clothing & Accessories		0.0	Deny
217834	2017091343037	2017-07-30 00:00:00	2017-05-19 00:00:00	MEM	Memphis International Airport Memphis International Airport	Frontier Airlines	Passenger Property Loss	Checked Baggage		Watches & Jewelry			In Review