id	claim_number	date_received	incident_date	airport_code	airport_name	airline	claim_type	claim_site	claim_amount	items	status	close_amount	disposition
7605	0603291L	2003-06-03 00:00:00	2003-01-29 00:00:00	MFE	McAllen-Miller International	American Airlines	Passenger Property Loss	Checkpoint	280.0	Other	Denied	0.0	Deny
21310	1201040M	2003-12-01 00:00:00	2003-10-26 00:00:00	MFE	McAllen-Miller International	Continental Airlines	Passenger Theft	Checked Baggage	455.0	Watches & Jewelry	Settled	227.5	Settle
22094	1208160M	2003-12-08 00:00:00	2003-11-20 00:00:00	MFE	McAllen-Miller International		Passenger Property Loss	Checkpoint	260.0	Watches & Jewelry	Approved	260.0	Approve in Full
34094	2004051351707	2004-05-04 00:00:00	2004-04-16 00:00:00	MFE	McAllen-Miller International	Continental Airlines	Passenger Property Loss	Checked Baggage	479.0	Electronics	Approved	479.0	Approve in Full
35677	2004062156745	2004-05-19 00:00:00	2004-03-12 00:00:00	MFE	McAllen-Miller International	Continental Airlines	Passenger Property Loss	Checked Baggage	5000.0	Electronics	Denied	0.0	Deny
36682	2004062357181	2004-06-02 00:00:00	2004-05-07 00:00:00	MFE	McAllen-Miller International		Passenger Property Loss	Checked Baggage	7.5	Clothing & Accessories	Approved	7.5	Approve in Full
42804	2004101965164	2004-08-19 00:00:00	2004-07-27 00:00:00	MFE	McAllen-Miller International		Passenger Property Loss	Checkpoint	200.0	Other	Approved	200.0	Approve in Full
47455	2004120268302	2004-10-15 00:00:00	2004-07-29 00:00:00	MFE	McAllen-Miller International	American Airlines	Passenger Property Loss	Checked Baggage	286.74	Electronics	Denied	0.0	Deny
52466	2005010773171	2004-12-20 00:00:00	2004-11-17 00:00:00	MFE	McAllen-Miller International		Passenger Property Loss	Checked Baggage	40.98	Other	Approved	40.98	Approve in Full
53479	2005012474056	2005-01-04 00:00:00	2004-11-12 00:00:00	MFE	McAllen-Miller International	American Airlines	Passenger Property Loss	Checked Baggage	120.0	Cosmetics	Denied	0.0	Deny
54353	2005012874775	2005-01-12 00:00:00	2005-01-05 00:00:00	MFE	McAllen-Miller International		Passenger Property Loss	Checked Baggage	10.0	Tools & Machines	Approved	10.0	Approve in Full
61652	2005041382408	2005-04-12 00:00:00	2005-03-28 00:00:00	MFE	McAllen-Miller International	Continental Airlines	Passenger Property Loss	Checked Baggage	382.83	Electronics	Settled	202.35	Settle
62270	2005042583213	2005-04-22 00:00:00	2005-03-10 00:00:00	MFE	McAllen-Miller International	American Airlines	Passenger Property Loss	Checked Baggage	184.85	Other	Approved	184.85	Approve in Full
75039	2005111796197	2005-11-04 00:00:00	2005-10-15 00:00:00	MFE	McAllen-Miller International	Continental Airlines	Passenger Property Loss	Checked Baggage	443.8	Electronics	Settled	221.9	Settle
79407	2006013100688	2006-01-24 00:00:00	2005-10-26 00:00:00	MFE	McAllen-Miller International	Continental Airlines	Passenger Property Loss	Checkpoint	51.36	Other	Approved	51.36	Approve in Full
85011	2006051206074	2006-05-09 00:00:00	2006-04-24 00:00:00	MFE	McAllen-Miller International	American Airlines	Passenger Property Loss	Checked Baggage	184.95	Clothing & Accessories	Denied	0.0	Deny
86684	2006061407961	2006-06-13 00:00:00	2006-06-03 00:00:00	MFE	McAllen-Miller International	American Airlines	Passenger Property Loss	Checked Baggage	7.99	Tools & Machines	Approved	7.99	Approve in Full
89194	2006080410538	2006-07-31 00:00:00	2006-06-08 00:00:00	MFE	McAllen-Miller International	Continental Airlines	Passenger Property Loss	Checked Baggage	4900.0	Electronics,Clothing & Accessories,Electronics,Electronics	Denied	0.0	Deny
89872	2006081611140	2006-08-14 00:00:00	2006-08-06 00:00:00	MFE	McAllen-Miller International	American Airlines	Passenger Property Loss	Checkpoint	150.0	Watches & Jewelry	Denied	0.0	Deny
95433	2006120516656	2006-11-30 00:00:00	2006-11-03 00:00:00	MFE	McAllen-Miller International	Continental Airlines	Passenger Property Loss	Checked Baggage	25.0	Clothing & Accessories	Denied	0.0	Deny
95947	2006121817344	2006-12-11 00:00:00	2006-11-09 00:00:00	MFE	McAllen-Miller International	American Airlines	Passenger Property Loss	Checkpoint	50.0	Scientific Intruments	Approved	50.0	Approve in Full
98327	2007012419358	2007-01-18 00:00:00	2007-01-15 00:00:00	MFE	McAllen-Miller International		Passenger Property Loss	Checkpoint		Cosmetics,Other	Canceled	0.0	
101014	2007031322187	2007-03-09 00:00:00	2007-01-17 00:00:00	MFE	McAllen-Miller International	Continental Airlines	Passenger Property Loss	Checked Baggage	87.5	Clothing & Accessories	Denied	0.0	Deny
104227	2007051725528	2007-05-14 00:00:00	2007-04-30 00:00:00	MFE	McAllen-Miller International	Continental Airlines	Passenger Property Loss	Checked Baggage	134.0	Clothing & Accessories	Denied	0.0	Deny
105282	2007061126673	2007-06-04 00:00:00	2007-05-27 00:00:00	MFE	McAllen-Miller International	Delta Air Lines	Passenger Property Loss	Checked Baggage	669.92	Games & Toys	Denied	0.0	Deny
105700	2007061426909	2007-06-12 00:00:00	2007-06-01 00:00:00	MFE	McAllen-Miller International	Continental Airlines	Passenger Property Loss	Checked Baggage	119.97	Cosmetics	Denied	0.0	Deny
107583	2007072328880	2007-07-19 00:00:00	2007-06-27 00:00:00	MFE	McAllen-Miller International	Continental Airlines	Passenger Property Loss	Checked Baggage	313.0	Electronics	Denied	0.0	Deny
110192	2007090631441	2007-09-05 00:00:00	2007-08-30 00:00:00	MFE	McAllen-Miller International	Allegiant Air	Passenger Property Loss	Checked Baggage	139.5	Clothing & Accessories	Denied	0.0	Deny
116795	2008012238252	2008-01-14 00:00:00	2007-10-02 00:00:00	MFE	McAllen-Miller International	American Airlines	Passenger Property Loss	Checked Baggage	180.58	Electronics,Electronics	Settled	90.29	Settle
125697	2008072547492	2008-07-18 00:00:00	2008-06-26 00:00:00	MFE	McAllen-Miller International	American Airlines	Passenger Property Loss	Checked Baggage	7.89	Tools & Machines	Denied	0.0	Deny
126691	2008081248464	2008-08-08 00:00:00	2008-08-02 00:00:00	MFE	McAllen-Miller International	Continental Airlines	Passenger Property Loss	Checked Baggage	218.49	Watches & Jewelry	Denied	0.0	Deny
130819	2008112152635	2008-11-19 00:00:00	2008-11-15 00:00:00	MFE	McAllen-Miller International	Continental Airlines	Passenger Property Loss	Checked Baggage	11.95	Other	Denied	0.0	Deny
131385	2008120853188	2008-12-04 00:00:00	2008-11-09 00:00:00	MFE	McAllen-Miller International	American Airlines	Passenger Property Loss	Checked Baggage	313.66	Games & Toys	Denied	0.0	Deny
134196	2009031356201	2009-02-19 00:00:00	2009-02-14 00:00:00	MFE	McAllen-Miller International	Continental Airlines	Passenger Property Loss	Checked Baggage	600.0	Other,Other	Denied	0.0	Deny
137822	2009060259781	2009-05-29 00:00:00	2009-04-17 00:00:00	MFE	McAllen-Miller International	American Airlines	Passenger Property Loss	Checked Baggage		Tools & Machines	Insufficient, one of the following items required: sum certain, statement of fact, signature, location of incident, and date.		
139376	2009052859550	2009-07-13 00:00:00	2009-04-17 00:00:00	MFE	McAllen-Miller International		Passenger Property Loss	Checked Baggage	152.0	Electronics	Denied	0.0	Deny
164103	2011101888051	2011-09-19 00:00:00	2011-06-27 13:30:00	MFE	McAllen-Miller International		Passenger Property Loss	Checkpoint		Other			
167877	2012030691543	2012-01-26 00:00:00	2012-01-21 00:00:00	MFE	McAllen-Miller International	American Airlines	Passenger Property Loss	Checked Baggage		Electronics		0.0	Deny
168018	2012031491699	2012-01-31 00:00:00	2012-01-21 06:15:00	MFE	McAllen-Miller International	American Airlines	Passenger Property Loss	Checked Baggage		Electronics			
169303	2012041292839	2012-03-19 00:00:00	2012-03-10 00:00:00	MFE	McAllen-Miller International	American Airlines	Passenger Property Loss	Checked Baggage		Games & Toys		0.0	Deny
176526	2013012400263	2012-12-07 00:00:00	2012-11-30 00:00:00	MFE	McAllen-Miller International	UAL	Passenger Property Loss	Checked Baggage		Clothing & Accessories		0.0	Deny
176936	2013012500356	2012-12-27 00:00:00	2012-11-30 07:29:00	MFE	McAllen-Miller International	UAL	Passenger Property Loss	Checked Baggage		Clothing & Accessories			
190237	2014051914052	2014-05-12 00:00:00	2014-05-03 00:00:00	MFE	McAllen-Miller International	American Airlines	Passenger Property Loss	Checkpoint		Clothing & Accessories		130.5	Settle
201055	2015010219522	2015-01-02 00:00:00	2014-11-18 00:00:00	MFE	McAllen-Miller International	American Airlines	Passenger Property Loss	Checked Baggage		Watches & Jewelry		0.0	Deny
201056	2015032321438	2015-03-23 00:00:00	2015-03-08 00:00:00	MFE	McAllen-Miller International	American Airlines	Passenger Property Loss	Checked Baggage		Cosmetics		0.0	Deny
201057	2015082125028	2015-08-19 00:00:00	2015-08-05 00:00:00	MFE	McAllen-Miller International	Allegiant Air	Passenger Property Loss	Checked Baggage		Cosmetics		7.48	Approve in Full
209588	2016030229277	2016-02-02 00:00:00	2016-01-08 14:01:00	MFE	McAllen-Miller International McAllen-Miller International	UAL	Passenger Property Loss	Checked Baggage		Electronics		53.99	Approve in Full
209589	2016101834813	2016-08-31 00:00:00	2016-08-28 15:30:00	MFE	McAllen-Miller International McAllen-Miller International	American Airlines	Passenger Property Loss	Checked Baggage		Watches & Jewelry			In Review
209590	2016101434661	2016-09-07 00:00:00	2016-09-01 11:45:00	MFE	McAllen-Miller International McAllen-Miller International	Allegiant Air	Passenger Property Loss	Checked Baggage		Cosmetics		25.0	Settle
217835	2017082442453	2017-07-01 00:00:00	2017-06-17 07:00:00	MFE	McAllen-Miller International McAllen-Miller International	American Airlines	Passenger Property Loss	Checked Baggage		Clothing & Accessories			In Review