id	claim_number	date_received	incident_date	airport_code	airport_name	airline	claim_type	claim_site	claim_amount	items	status	close_amount	disposition
12174	0731119M	2003-07-31 00:00:00	2003-07-11 00:00:00	MFR	Rogue Valley International	Horizon Air	Passenger Property Loss	Checked Baggage	90.0	Clothing & Accessories	Approved	90.0	Approve in Full
29409	0305150M	2004-03-05 00:00:00	2004-02-19 00:00:00	MFR	Rogue Valley International		Passenger Property Loss	Checkpoint	300.0	Watches & Jewelry	Denied	0.0	Deny
38034	2004070858840	2004-06-16 00:00:00	2003-12-06 00:00:00	MFR	Rogue Valley International		Passenger Property Loss	Checkpoint	39.95	Other	Denied	0.0	Deny
38506	2004071259091	2004-06-22 00:00:00	2004-06-14 00:00:00	MFR	Rogue Valley International	Northwest Airlines	Passenger Property Loss	Checked Baggage	150.0	Outdoors Supplies	Denied	0.0	Deny
49158	2004122069532	2004-11-04 00:00:00	2004-10-04 00:00:00	MFR	Rogue Valley International	Horizon Air	Passenger Property Loss	Checked Baggage	180.0	Electronics	Denied	0.0	Deny
53755	2005012674363	2005-01-07 00:00:00	2004-12-26 00:00:00	MFR	Rogue Valley International	UAL	Passenger Property Loss	Checked Baggage	80.0	Other	Approved	80.0	Approve in Full
54172	2005012874714	2005-01-11 00:00:00	2004-12-22 00:00:00	MFR	Rogue Valley International	UAL	Passenger Property Loss	Checked Baggage	1991.0	Other	Denied	0.0	Deny
55551	2005021175986	2005-01-26 00:00:00	2005-01-14 00:00:00	MFR	Rogue Valley International		Passenger Property Loss	Checked Baggage	366.06	Electronics	Denied		Deny
57814	2005032178966	2005-02-24 00:00:00	2004-10-13 00:00:00	MFR	Rogue Valley International	UAL	Passenger Property Loss	Checked Baggage	27.7	Clothing & Accessories	Approved	27.7	Approve in Full
60427	2005040481346	2005-03-30 00:00:00	2005-03-13 00:00:00	MFR	Rogue Valley International	Delta Air Lines	Passenger Property Loss	Checked Baggage	8.95	Tools & Machines	Approved	8.95	Approve in Full
60456	2005040581448	2005-03-30 00:00:00	2005-03-03 00:00:00	MFR	Rogue Valley International	UAL	Passenger Property Loss	Checked Baggage	47.5	Other	Approved	47.5	Approve in Full
65049	2005060685814	2005-05-31 00:00:00	2005-05-01 00:00:00	MFR	Rogue Valley International	UAL	Passenger Property Loss	Checked Baggage	573.82	Electronics	Settled	317.33	Settle
67684	2005071188633	2005-07-08 00:00:00	2005-05-13 00:00:00	MFR	Rogue Valley International		Passenger Property Loss	Checked Baggage	350.0	Watches & Jewelry	Denied	0.0	Deny
67987	2005071589081	2005-07-13 00:00:00	2005-06-29 00:00:00	MFR	Rogue Valley International		Passenger Property Loss	Checked Baggage	20.0	Tools & Machines	Denied	0.0	Deny
68405	2005072189344	2005-07-20 00:00:00	2005-07-07 00:00:00	MFR	Rogue Valley International		Passenger Property Loss	Checkpoint	44.37	Other	Denied	0.0	Deny
71680	2005091992684	2005-09-09 00:00:00	2005-08-11 00:00:00	MFR	Rogue Valley International	UAL	Passenger Property Loss	Checked Baggage	104.94	Other	Denied	0.0	Deny
71887	2005092693266	2005-09-14 00:00:00	2005-08-23 00:00:00	MFR	Rogue Valley International	US Express	Passenger Property Loss	Checkpoint	4000.0	Watches & Jewelry	Canceled	0.0	
75573	2005112896556	2005-11-15 00:00:00	2005-10-15 00:00:00	MFR	Rogue Valley International	American Eagle	Passenger Property Loss	Checked Baggage	899.94	Electronics	Settled	236.01	Settle
76046	2005120797131	2005-11-28 00:00:00	2005-10-15 00:00:00	MFR	Rogue Valley International	Alaska Airlines	Passenger Property Loss	Checked Baggage	54.4	Clothing & Accessories	Approved	54.4	Approve in Full
80125	2006020801191	2006-02-03 00:00:00	2005-12-14 00:00:00	MFR	Rogue Valley International	UAL	Passenger Property Loss	Checked Baggage	307.98	Electronics	Settled	227.46	Settle
81323	2006030602516	2006-02-27 00:00:00	2006-02-07 00:00:00	MFR	Rogue Valley International	UAL	Passenger Property Loss	Checked Baggage	21.25	Tools & Machines	Denied	0.0	Deny
81840	2006031302943	2006-03-07 00:00:00	2006-02-21 00:00:00	MFR	Rogue Valley International	UAL	Passenger Property Loss	Checked Baggage	100.0	Other	Settled	45.0	Settle
81854	2006031503104	2006-03-07 00:00:00	2006-01-23 00:00:00	MFR	Rogue Valley International	UAL	Passenger Property Loss	Checked Baggage	251.98	Electronics	Settled	119.77	Settle
84676	2006051005807	2006-05-02 00:00:00	2006-04-24 00:00:00	MFR	Rogue Valley International	Delta Air Lines	Passenger Property Loss	Checkpoint	95.0	Watches & Jewelry	Denied	0.0	Deny
86747	2006061407974	2006-06-13 00:00:00	2005-12-02 00:00:00	MFR	Rogue Valley International		Passenger Property Loss	Checked Baggage	250.0	Containers	Settled	125.0	Settle
86965	2006061908136	2006-06-16 00:00:00	2006-05-05 00:00:00	MFR	Rogue Valley International	Delta Air Lines	Passenger Property Loss	Checked Baggage	50.0	Household Decor	Settled	25.0	Settle
87061	2006062108369	2006-06-20 00:00:00	2006-06-09 00:00:00	MFR	Rogue Valley International	UAL	Passenger Property Loss	Checkpoint	245.0	Clothing & Accessories	Approved	245.0	Approve in Full
87361	2006062708603	2006-06-27 00:00:00	2006-05-08 00:00:00	MFR	Rogue Valley International	Alaska Airlines	Passenger Property Loss	Checked Baggage	18.99	Tools & Machines	Approved	18.99	Approve in Full
88407	2006071809687	2006-07-14 00:00:00	2006-05-04 00:00:00	MFR	Rogue Valley International	UAL	Passenger Property Loss	Checked Baggage	507.99	Electronics,Clothing & Accessories	Denied	0.0	Deny
89678	2006081110904	2006-08-10 00:00:00	2006-08-08 00:00:00	MFR	Rogue Valley International	American Airlines	Passenger Property Loss	Checked Baggage	170.0	Clothing & Accessories,Containers	Denied	0.0	Deny
91329	2006091812698	2006-09-11 00:00:00	2006-08-21 00:00:00	MFR	Rogue Valley International	UAL	Passenger Property Loss	Checkpoint	12.0	Clothing & Accessories	Approved	12.0	Approve in Full
92941	2006101914181	2006-10-12 00:00:00	2006-09-14 00:00:00	MFR	Rogue Valley International	Alaska Airlines	Passenger Property Loss	Checked Baggage	35.45	Household Decor,Cosmetics	Denied	0.0	Deny
93917	2006110715284	2006-10-31 00:00:00	2006-10-17 00:00:00	MFR	Rogue Valley International	UAL	Passenger Property Loss	Checkpoint	1720.0	Watches & Jewelry	Canceled	0.0	
95273	2006120616732	2006-11-27 00:00:00	2006-11-10 00:00:00	MFR	Rogue Valley International	Delta Air Lines	Passenger Property Loss	Checked Baggage	90.99	Clothing & Accessories,Tools & Machines	Settled	45.5	Settle
95738	2006121317001	2006-12-05 00:00:00	2006-11-04 00:00:00	MFR	Rogue Valley International	UAL	Passenger Property Loss	Checked Baggage		Cosmetics	Insufficient, one of the following items required: sum certain, statement of fact, signature, location of incident, and date.		
96831	2006122818047	2006-12-27 00:00:00	2006-10-22 00:00:00	MFR	Rogue Valley International	UAL	Passenger Property Loss	Checked Baggage	208.0	Electronics	Settled	98.86	Settle
97580	2007011118653	2007-01-08 00:00:00	2006-12-18 00:00:00	MFR	Rogue Valley International		Passenger Property Loss	Checked Baggage	250.0	Clothing & Accessories,Scientific Intruments	Denied	0.0	Deny
98606	2007012619628	2007-01-23 00:00:00	2006-12-09 00:00:00	MFR	Rogue Valley International	UAL	Passenger Property Loss	Checked Baggage	75.0	Other	Denied	0.0	Deny
99237	2007020620295	2007-02-02 00:00:00	2007-01-22 00:00:00	MFR	Rogue Valley International	Delta Air Lines	Passenger Property Loss	Checkpoint	175.0	Electronics	Denied	0.0	Deny
101489	2007032222727	2007-03-19 00:00:00	2007-02-09 00:00:00	MFR	Rogue Valley International	UAL	Passenger Property Loss	Checked Baggage	630.0	Electronics	Denied	0.0	Deny
102563	2007041223885	2007-04-09 00:00:00	2007-03-23 00:00:00	MFR	Rogue Valley International	UAL	Passenger Property Loss	Checked Baggage	12.87	Tools & Machines	Denied	0.0	Deny
102886	2007041824157	2007-04-16 00:00:00	2007-03-29 00:00:00	MFR	Rogue Valley International	American Airlines	Passenger Property Loss	Checked Baggage	69.0	Electronics	Canceled	0.0	
105081	2007060626340	2007-06-01 00:00:00	2007-05-22 00:00:00	MFR	Rogue Valley International	UAL	Passenger Property Loss	Checked Baggage	22.0	Clothing & Accessories,Other	Approved	22.0	Approve in Full
105206	2007060726460	2007-06-04 00:00:00	2007-04-23 00:00:00	MFR	Rogue Valley International	Horizon Air	Passenger Property Loss	Checked Baggage	0.0	Watches & Jewelry	Canceled	0.0	
106853	2007071228180	2007-07-06 00:00:00	2007-06-13 00:00:00	MFR	Rogue Valley International	Alaska Airlines	Passenger Property Loss	Checked Baggage	15.0	Tools & Machines	Approved	15.0	Approve in Full
107313	2007071628440	2007-07-16 00:00:00	2007-06-13 00:00:00	MFR	Rogue Valley International		Passenger Property Loss	Checked Baggage	400.0	Cosmetics,Containers	Denied	0.0	Deny
108060	2007073129381	2007-07-27 00:00:00	2007-07-15 00:00:00	MFR	Rogue Valley International	UAL	Passenger Property Loss	Checkpoint	20.0	Other	Denied	0.0	Deny
109680	2007082931061	2007-08-27 00:00:00	2007-08-19 00:00:00	MFR	Rogue Valley International	UAL	Passenger Property Loss	Checked Baggage	185.19	Clothing & Accessories,Cosmetics	Approved	185.19	Approve in Full
112550	2007102634004	2007-10-22 00:00:00	2007-10-07 00:00:00	MFR	Rogue Valley International		Passenger Property Loss	Checked Baggage	25.98	Tools & Machines	Denied	0.0	Deny
117108	2008012838692	2008-01-22 00:00:00	2008-01-06 00:00:00	MFR	Rogue Valley International	Alaska Airlines	Passenger Property Loss	Checked Baggage	75.0	Containers	Denied	0.0	Deny
124681	2008070146476	2008-06-25 00:00:00	2008-06-08 00:00:00	MFR	Rogue Valley International	USAir	Passenger Property Loss	Checked Baggage	23.0	Food & Drink,Clothing & Accessories	Denied	0.0	Deny
125304	2008071747051	2008-07-10 00:00:00	2008-03-25 00:00:00	MFR	Rogue Valley International	USAir	Passenger Property Loss	Checked Baggage	76.0	Clothing & Accessories,Watches & Jewelry,Supplies	Denied	0.0	Deny
125389	2008072247220	2008-07-11 00:00:00	2008-03-25 00:00:00	MFR	Rogue Valley International	USAir	Passenger Property Loss	Checkpoint	250.0	Watches & Jewelry	Denied	0.0	Deny
125990	2008073047690	2008-07-24 00:00:00	2008-07-11 00:00:00	MFR	Rogue Valley International	Allegiant Air	Passenger Property Loss	Checked Baggage	145.0	Watches & Jewelry,Watches & Jewelry	Settled	72.5	Settle
126323	2008081148329	2008-07-31 00:00:00	2008-07-23 00:00:00	MFR	Rogue Valley International	USAir	Passenger Property Loss	Checked Baggage	885.0	Electronics,Household Items	Denied	0.0	Deny
127650	2008090349394	2008-09-02 00:00:00	2008-08-17 00:00:00	MFR	Rogue Valley International	Alaska Airlines	Passenger Property Loss	Checked Baggage	430.0	Cosmetics,Tools & Machines	Denied	0.0	Deny
128329	2008091850106	2008-09-16 00:00:00	2008-08-17 00:00:00	MFR	Rogue Valley International	Alaska Airlines	Passenger Property Loss	Checked Baggage	301.65	Clothing & Accessories	Denied	0.0	Deny
128429	2008090549588	2008-09-18 00:00:00	2008-07-25 00:00:00	MFR	Rogue Valley International		Passenger Property Loss	Other	35.0	Electronics	Denied	0.0	Deny
130360	2008111452233	2008-11-07 00:00:00	2008-10-22 00:00:00	MFR	Rogue Valley International	UAL	Passenger Property Loss	Checked Baggage	860.0	Electronics	Canceled	0.0	
138180	2009062260487	2009-06-09 00:00:00	2009-05-19 00:00:00	MFR	Rogue Valley International	UAL	Passenger Property Loss	Checked Baggage	59.5	Cosmetics	Insufficient, one of the following items required: sum certain, statement of fact, signature, location of incident, and date.		
142036	2009092864075	2009-09-23 00:00:00	2009-09-11 00:00:00	MFR	Rogue Valley International	Alaska Airlines	Passenger Property Loss	Checked Baggage	830.0	Watches & Jewelry	Denied	0.0	Deny
142288	2009100164235	2009-09-30 00:00:00	2009-09-20 00:00:00	MFR	Rogue Valley International	Delta Air Lines	Passenger Property Loss	Checked Baggage	265.0	Other	Settled	216.0	Settle
143586	2009111365372	2009-11-13 00:00:00	2009-10-06 09:00:00	MFR	Rogue Valley International	Alaska Airlines	Passenger Property Loss	Checked Baggage	180.0	Electronics	Denied	0.0	Deny
144140	2009120866209	2009-12-01 00:00:00	2009-10-13 00:00:00	MFR	Rogue Valley International	Horizon Air	Passenger Property Loss	Checked Baggage	50.0	Other	Canceled		
144224	2009121066356	2009-12-02 00:00:00	2009-10-15 10:00:00	MFR	Rogue Valley International	Allegiant Air	Passenger Property Loss	Checked Baggage	55.0	Clothing & Accessories	Approved	55.0	Approve in Full
144290	2009121466456	2009-12-02 00:00:00	2009-10-02 16:00:00	MFR	Rogue Valley International	Allegiant Air	Passenger Property Loss	Checked Baggage		Other	Insufficient, one of the following items required: sum certain, statement of fact, signature, location of incident, and date.		
144646	2009122866795	2009-12-15 00:00:00	2009-11-02 00:00:00	MFR	Rogue Valley International	Allegiant Air	Passenger Property Loss	Checkpoint	30.0	Electronics,Other	Approved	30.0	Approve in Full
147936	2010042271088	2010-04-21 00:00:00	2010-04-06 07:33:00	MFR	Rogue Valley International	UAL	Passenger Property Loss	Checked Baggage		Cosmetics		26.95	Approve in Full
150040	2010070773419	2010-06-28 00:00:00	2010-05-17 06:00:00	MFR	Rogue Valley International	Horizon Air	Passenger Property Loss	Checked Baggage		Watches & Jewelry		0.0	Deny
150626	2010071773852	2010-07-14 00:00:00	2010-06-19 00:00:00	MFR	Rogue Valley International	Alaska Airlines	Passenger Property Loss	Checked Baggage		Food & Drink			
155511	2010122178975	2010-12-10 00:00:00	2010-12-09 00:00:00	MFR	Rogue Valley International	UAL	Passenger Property Loss	Checked Baggage		Electronics		0.0	Deny
155813	2010122779084	2010-12-22 00:00:00	2010-12-09 00:00:00	MFR	Rogue Valley International	UAL	Passenger Property Loss	Checked Baggage		Electronics			
155871	2011010779232	2010-12-27 00:00:00	2010-12-19 16:37:00	MFR	Rogue Valley International	Alaska Airlines	Passenger Property Loss	Checked Baggage		Electronics		0.0	Deny
158160	2011040281782	2011-03-08 00:00:00	2011-02-23 00:00:00	MFR	Rogue Valley International	UAL	Passenger Property Loss	Checked Baggage		Clothing & Accessories			
159562	2011042683001	2011-04-25 00:00:00	2011-04-13 05:15:00	MFR	Rogue Valley International	Alaska Airlines	Passenger Property Loss	Checkpoint		Other		0.0	Deny
161452	2011070184939	2011-06-24 00:00:00	2011-06-13 05:30:00	MFR	Rogue Valley International	Delta Air Lines	Passenger Property Loss	Checkpoint		Watches & Jewelry		0.0	Deny
162972	2011083086548	2011-08-11 00:00:00	2011-07-31 00:00:00	MFR	Rogue Valley International	Alaska Airlines	Passenger Property Loss	Checked Baggage		Office Supplies		112.25	Approve in Full
167695	2012022891350	2012-01-23 00:00:00	2011-11-30 00:00:00	MFR	Rogue Valley International	Horizon Air	Passenger Property Loss	Checkpoint		Electronics		36.44	Approve in Full
167872	2012030691537	2012-01-26 00:00:00	2012-01-02 00:00:00	MFR	Rogue Valley International	Allegiant Air	Passenger Property Loss	Checked Baggage		Electronics		437.12	Settle
168994	2012040592566	2012-03-06 00:00:00	2012-02-23 11:18:00	MFR	Rogue Valley International	Alaska Airlines	Passenger Property Loss	Checked Baggage		Cosmetics		54.0	Approve in Full
172509	2012082896244	2012-07-12 00:00:00	2012-07-01 10:43:00	MFR	Rogue Valley International	UAL	Passenger Property Loss	Checked Baggage		Cosmetics		0.0	Deny
178800	2013031102497	2013-03-04 00:00:00	2013-02-02 06:00:00	MFR	Rogue Valley International	American Airlines	Passenger Property Loss	Checkpoint		Other			
179269	2013040202947	2013-03-20 00:00:00	2013-03-10 00:00:00	MFR	Rogue Valley International	Allegiant Air	Passenger Property Loss	Checkpoint		Clothing & Accessories		0.0	Deny
180481	2013061704420	2013-05-07 00:00:00	2013-03-28 00:00:00	MFR	Rogue Valley International	Allegiant Air	Passenger Property Loss	Checkpoint		Clothing & Accessories		0.0	Deny
184533	2013110208592	2013-09-25 00:00:00	2013-09-02 00:00:00	MFR	Rogue Valley International	UAL	Passenger Property Loss	Checked Baggage		Cosmetics		0.0	Deny
187935	2014021411701	2014-02-11 00:00:00	2014-01-23 00:00:00	MFR	Rogue Valley International	Allegiant Air	Passenger Property Loss	Checkpoint		Electronics		128.88	Approve in Full
193403	2014100217285	2014-09-23 00:00:00	2014-09-15 00:00:00	MFR	Rogue Valley International	Delta Air Lines	Passenger Property Loss	Checked Baggage		Watches & Jewelry			
194594	2014112418500	2014-11-13 00:00:00	2014-11-06 00:00:00	MFR	Rogue Valley International	Alaska Airlines	Passenger Property Loss	Checkpoint		Cosmetics			
195500	2014123019449	2014-12-30 00:00:00	2014-11-04 00:00:00	MFR	Rogue Valley International	UAL	Passenger Property Loss	Checkpoint		Electronics			
201061	2015041721995	2015-04-15 00:00:00	2015-03-31 00:00:00	MFR	Rogue Valley International	Alaska Airlines	Passenger Property Loss	Checked Baggage		Cosmetics		0.0	Deny
201062	2015080524569	2015-07-28 00:00:00	2015-07-02 00:00:00	MFR	Rogue Valley International	UAL	Passenger Property Loss	Checkpoint		Electronics		39.22	Approve in Full
209592	2016100634457	2016-08-29 00:00:00	2016-08-17 10:00:00	MFR	Rogue Valley International Rogue Valley International	UAL	Passenger Property Loss	Checked Baggage		Electronics		0.0	Deny
217839	2017111745232	2017-10-20 00:00:00	2017-10-11 05:30:00	MFR	Rogue Valley International Rogue Valley International	UAL	Passenger Property Loss	Checked Baggage		Household Items			In Review