id	claim_number	date_received	incident_date	airport_code	airport_name	airline	claim_type	claim_site	claim_amount	items	status	close_amount	disposition
3905	0318113L	2003-03-18 00:00:00	2003-01-25 00:00:00	MLI	Quad City (Moline)International Airport	UAL	Passenger Property Loss	Checked Baggage	446.0	Clothing & Accessories	Settled	223.0	Settle
5185	0416048L	2003-04-16 00:00:00	2003-03-16 00:00:00	MLI	Quad City (Moline)International Airport	UAL	Passenger Property Loss	Checked Baggage		Other	Insufficient, one of the following items required: sum certain, statement of fact, signature, location of incident, and date.		
6651	0520074L	2003-05-20 00:00:00	2003-04-30 00:00:00	MLI	Quad City (Moline)International Airport		Passenger Property Loss	Checked Baggage	70.0	Clothing & Accessories	Approved	70.0	Approve in Full
9137	0624130M	2003-06-24 00:00:00	2003-06-06 00:00:00	MLI	Quad City (Moline)International Airport		Passenger Property Loss	Checkpoint	50.0	Other	Approved	50.0	Approve in Full
9627	0630008M	2003-06-30 00:00:00	2003-06-12 00:00:00	MLI	Quad City (Moline)International Airport	UAL	Passenger Property Loss	Checked Baggage	250.0	Clothing & Accessories	Canceled	0.0	
9648	0630026M	2003-06-30 00:00:00	2003-06-22 00:00:00	MLI	Quad City (Moline)International Airport	AirTran Airlines	Passenger Property Loss	Checked Baggage	250.0	Cosmetics	Settled	125.0	Settle
11037	0716035M	2003-07-16 00:00:00	2003-06-12 00:00:00	MLI	Quad City (Moline)International Airport		Passenger Property Loss	Checked Baggage	140.0	Clothing & Accessories	Canceled	0.0	
12721	0806133M	2003-08-06 00:00:00	2003-07-17 00:00:00	MLI	Quad City (Moline)International Airport	American Airlines	Passenger Property Loss	Checked Baggage	25.55	Other	Settled	12.77	Settle
13214	0813182M	2003-08-13 00:00:00	2003-08-01 00:00:00	MLI	Quad City (Moline)International Airport	AirTran Airlines	Passenger Property Loss	Checked Baggage	20.0	Electronics	Settled	10.0	Settle
28236	2004050450444	2004-02-19 00:00:00	2003-09-21 00:00:00	MLI	Quad City (Moline)International Airport	American Airlines	Passenger Property Loss	Checked Baggage	255.0	Other	Denied	0.0	Deny
43494	2004092263532	2004-08-27 00:00:00	2004-08-09 00:00:00	MLI	Quad City (Moline)International Airport		Passenger Property Loss	Checked Baggage	20.0	Clothing & Accessories	Denied	0.0	Deny
47301	2004113068045	2004-10-14 00:00:00	2004-07-21 00:00:00	MLI	Quad City (Moline)International Airport		Passenger Property Loss	Checkpoint	180.0	Electronics	Denied	0.0	Deny
47819	2004120568608	2004-10-20 00:00:00	2004-10-03 00:00:00	MLI	Quad City (Moline)International Airport		Passenger Property Loss	Checked Baggage	125.0	Other	Canceled	0.0	
51901	2005010372330	2004-12-13 00:00:00	2004-11-26 00:00:00	MLI	Quad City (Moline)International Airport	American Airlines	Passenger Property Loss	Checked Baggage	250.0	Other	Settled	157.62	Settle
53807	2005012674399	2005-01-07 00:00:00	2004-11-29 00:00:00	MLI	Quad City (Moline)International Airport	AirTran Airlines	Passenger Property Loss	Checked Baggage	483.68	Electronics	Denied	0.0	Deny
55061	2005020475665	2005-01-19 00:00:00	2004-05-19 00:00:00	MLI	Quad City (Moline)International Airport	Northwest Airlines	Passenger Property Loss	Checked Baggage	770.0	Watches & Jewelry	Settled	643.94	Settle
61851	2005041882765	2005-04-15 00:00:00	2005-04-01 00:00:00	MLI	Quad City (Moline)International Airport	UAL	Passenger Property Loss	Checked Baggage	51.11	Other	Denied	0.0	Deny
66147	2005062387052	2005-06-14 00:00:00	2005-05-15 00:00:00	MLI	Quad City (Moline)International Airport		Passenger Property Loss	Checked Baggage	228.5	Clothing & Accessories	Denied	0.0	Deny
70462	2005082591522	2005-08-19 00:00:00	2005-08-06 00:00:00	MLI	Quad City (Moline)International Airport	American Airlines	Passenger Property Loss	Checked Baggage	50.0	Other	Denied	0.0	Deny
71582	2005092092887	2005-09-08 00:00:00	2005-08-11 00:00:00	MLI	Quad City (Moline)International Airport	Delta Air Lines	Passenger Property Loss	Checked Baggage	1597.0	Watches & Jewelry	Denied	0.0	Deny
75707	2005120196802	2005-11-18 00:00:00	2005-05-22 00:00:00	MLI	Quad City (Moline)International Airport		Passenger Property Loss	Checkpoint	90.85	Other	Denied	0.0	Deny
79431	2006013000516	2006-01-24 00:00:00	2005-10-26 00:00:00	MLI	Quad City (Moline)International Airport	Northwest Airlines	Passenger Property Loss	Checked Baggage	90.0	Clothing & Accessories	Denied	0.0	Deny
83339	2006041304487	2006-04-04 00:00:00	2006-11-07 00:00:00	MLI	Quad City (Moline)International Airport	Allegiant Air	Passenger Property Loss	Checked Baggage	45.0	Other	Denied	0.0	Deny
88307	2006071709628	2006-07-13 00:00:00	2006-05-15 00:00:00	MLI	Quad City (Moline)International Airport	Northwest Airlines	Passenger Property Loss	Checked Baggage	100.0	Household Items	Approved	100.0	Approve in Full
91028	2006091112322	2006-09-05 00:00:00	2006-07-02 00:00:00	MLI	Quad City (Moline)International Airport	American Airlines	Passenger Property Loss	Checked Baggage	581.94	Electronics	Denied	0.0	Deny
92712	2006101614032	2006-10-10 00:00:00	2006-09-17 00:00:00	MLI	Quad City (Moline)International Airport	UAL	Passenger Property Loss	Checked Baggage	35.0	Supplies	Approved	35.0	Approve in Full
93955	2006110215081	2006-11-01 00:00:00	2006-08-17 00:00:00	MLI	Quad City (Moline)International Airport	AirTran Airlines	Passenger Property Loss	Checked Baggage	178.13	Electronics	Denied	0.0	Deny
97165	0909803M		2002-11-25 00:00:00	MLI	Quad City (Moline)International Airport	UAL	Passenger Property Loss	Checkpoint	20.0	Other	Denied	0.0	Deny
106085	2007062127304	2007-06-20 00:00:00	2007-05-02 00:00:00	MLI	Quad City (Moline)International Airport		Passenger Property Loss	Checked Baggage	200.0	Other	Denied	0.0	Deny
106602	2007070927997	2007-06-29 00:00:00	2007-04-28 00:00:00	MLI	Quad City (Moline)International Airport	Delta Air Lines	Passenger Property Loss	Checked Baggage	25.38	Other	Denied	0.0	Deny
108829	2007081430236	2007-08-10 00:00:00	2007-08-02 00:00:00	MLI	Quad City (Moline)International Airport	Delta Air Lines	Passenger Property Loss	Checked Baggage	341.99	Electronics	Canceled	0.0	
110398	2007091231688	2007-09-10 00:00:00	2007-07-24 00:00:00	MLI	Quad City (Moline)International Airport	American Airlines	Passenger Property Loss	Checked Baggage	275.0	Electronics,Games & Toys,Games & Toys	Denied	0.0	Deny
111245	2007092632569	2007-09-25 00:00:00	2007-09-17 00:00:00	MLI	Quad City (Moline)International Airport	Delta Air Lines	Passenger Property Loss	Checkpoint	50.0	Cosmetics	Denied	0.0	Deny
120910	2008041642579	2008-04-07 00:00:00	2008-03-16 00:00:00	MLI	Quad City (Moline)International Airport	Delta Air Lines	Passenger Property Loss	Checked Baggage	149.95	Electronics	Denied	0.0	Deny
121558	2008042243177	2008-04-18 00:00:00	2008-04-08 00:00:00	MLI	Quad City (Moline)International Airport	AirTran Airlines	Passenger Property Loss	Checked Baggage	31.5	Watches & Jewelry	Denied	0.0	Deny
132423	2008112852889	2009-01-05 00:00:00	2008-11-15 00:00:00	MLI	Quad City (Moline)International Airport	Delta Air Lines	Passenger Property Loss	Checked Baggage	1500.0	Other	Denied	0.0	Deny
136391	2009051158490	2009-04-20 00:00:00	2009-03-07 00:00:00	MLI	Quad City (Moline)International Airport		Passenger Property Loss	Checked Baggage	176.1	Tools & Machines,Clothing & Accessories,Household Items	Denied	0.0	Deny
142385	2009100764425	2009-10-05 00:00:00	2009-09-17 00:00:00	MLI	Quad City (Moline)International Airport	AirTran Airlines	Passenger Property Loss	Checked Baggage	60.0	Electronics	Denied	0.0	Deny
145067	2010010667207	2009-12-30 00:00:00	2009-12-04 00:00:00	MLI	Quad City (Moline)International Airport	American Airlines	Passenger Property Loss	Checked Baggage	9.98	Tools & Machines	Approved	9.98	Approve in Full
146483	2010031869691	2010-03-08 00:00:00	2010-02-19 05:30:00	MLI	Quad City (Moline)International Airport	American Airlines	Passenger Property Loss	Checked Baggage		Cosmetics		0.0	Deny
148186	2010050471482	2010-04-28 00:00:00	2010-03-25 09:00:00	MLI	Quad City (Moline)International Airport	UAL	Passenger Property Loss	Checked Baggage		Other,Electronics		0.0	Deny
149950	2010063073283	2010-06-24 00:00:00	2010-06-07 00:00:00	MLI	Quad City (Moline)International Airport	Delta Air Lines	Passenger Property Loss	Checked Baggage		Cosmetics,Watches & Jewelry		0.0	Deny
152972	2010092276325	2010-09-20 00:00:00	2010-09-10 14:30:00	MLI	Quad City (Moline)International Airport		Passenger Property Loss	Checkpoint		Watches & Jewelry		50.0	Approve in Full
154968	2010120878608	2010-11-22 00:00:00	2010-11-04 00:00:00	MLI	Quad City (Moline)International Airport		Passenger Property Loss	Checked Baggage		Cosmetics		0.0	Deny
155513	2011011179437	2010-12-10 00:00:00	2010-10-22 08:15:00	MLI	Quad City (Moline)International Airport	UAL	Passenger Property Loss	Checkpoint		Electronics		0.0	Deny
156028	2011010979365	2010-12-30 00:00:00	2010-12-20 16:00:00	MLI	Quad City (Moline)International Airport	UAL	Passenger Property Loss	Checkpoint		Watches & Jewelry		0.0	Deny
159319	2011042182829	2011-04-15 00:00:00	2011-04-01 18:00:00	MLI	Quad City (Moline)International Airport	Delta Air Lines	Passenger Property Loss	Checked Baggage		Watches & Jewelry		0.0	Deny
160066	2011052083610	2011-05-09 00:00:00	2011-04-07 00:00:00	MLI	Quad City (Moline)International Airport	Allegiant Air	Passenger Property Loss	Checked Baggage		Electronics		0.0	Deny
160327	2011052783828	2011-05-18 00:00:00	2011-04-23 07:30:00	MLI	Quad City (Moline)International Airport	UAL	Passenger Property Loss	Checked Baggage		Cosmetics		0.0	Deny
165768	2011120189307	2011-11-15 00:00:00	2011-11-09 00:00:00	MLI	Quad City (Moline)International Airport		Passenger Property Loss	Checked Baggage		Other		40.0	Approve in Full
166655	2012011890235	2011-12-19 00:00:00	2011-12-04 00:00:00	MLI	Quad City (Moline)International Airport	Delta Air Lines	Passenger Property Loss	Checked Baggage		Other		0.0	Deny
166921	2012012690453	2011-12-29 00:00:00	2011-12-10 12:40:00	MLI	Quad City (Moline)International Airport	American Airlines	Passenger Property Loss	Checked Baggage		Cosmetics		120.0	Approve in Full
167211	2012021090906	2012-01-09 00:00:00	2011-12-23 00:00:00	MLI	Quad City (Moline)International Airport	AirTran Airlines	Passenger Property Loss	Checked Baggage		Electronics		0.0	Deny
167412	2012021491050	2012-01-12 00:00:00	2011-12-31 00:00:00	MLI	Quad City (Moline)International Airport	American Airlines	Passenger Property Loss	Checked Baggage		Electronics		0.0	Deny
175068	2012111698724	2012-10-15 00:00:00	2012-10-10 20:00:00	MLI	Quad City (Moline)International Airport	American Airlines	Passenger Property Loss	Checked Baggage		Cosmetics		0.0	Deny
176731	2012120799167	2012-12-18 00:00:00	2012-10-15 00:00:00	MLI	Quad City (Moline)International Airport	American Airlines	Passenger Property Loss	Checked Baggage		Electronics		251.69	Approve in Full
177458	2013020701099	2013-01-16 00:00:00	2012-02-05 00:00:00	MLI	Quad City (Moline)International Airport	American Airlines	Passenger Property Loss	Checked Baggage		Electronics,Watches & Jewelry		0.0	Deny
183388	2013101807472	2013-08-15 00:00:00	2013-07-14 00:00:00	MLI	Quad City (Moline)International Airport	UAL	Passenger Property Loss	Checked Baggage		Cosmetics			
184041	2013102207619	2013-09-10 00:00:00	2013-07-29 00:00:00	MLI	Quad City (Moline)International Airport	Delta Air Lines	Passenger Property Loss	Checked Baggage		Scientific Intruments			
192672	2014091216542	2014-08-19 00:00:00	2014-08-04 00:00:00	MLI	Quad City (Moline)International Airport	American Airlines	Passenger Property Loss	Checked Baggage		Other,Electronics			
195309	2014121719250	2014-12-17 00:00:00	2014-11-23 00:00:00	MLI	Quad City (Moline)International Airport	UAL	Passenger Property Loss	Checked Baggage		Clothing & Accessories,Cosmetics		0.0	Deny
201447	2015070223638	2015-06-25 00:00:00	2015-05-09 00:00:00	MLI	Quad City (Moline)International Airport	American Airlines	Passenger Property Loss	Checkpoint		Watches & Jewelry		0.0	Deny
201448	2015080424517	2015-08-03 00:00:00	2015-06-05 00:00:00	MLI	Quad City (Moline)International Airport	Delta Air Lines	Passenger Property Loss	Checkpoint		Cosmetics,Cosmetics,Cosmetics,Scientific Intruments		690.88	Settle
201450	2015090125217	2015-08-25 00:00:00	2015-06-02 00:00:00	MLI	Quad City (Moline)International Airport	UAL	Passenger Property Loss	Checked Baggage		Watches & Jewelry		0.0	Deny
210003	2016102034930	2016-09-15 00:00:00	2016-09-12 18:00:00	MLI	Quad City (Moline)International Airport	UAL	Passenger Property Loss	Checked Baggage		Clothing & Accessories,Watches & Jewelry,Clothing & Accessories		0.0	Deny