id	claim_number	date_received	incident_date	airport_code	airport_name	airline	claim_type	claim_site	claim_amount	items	status	close_amount	disposition
4070	0325057L	2003-03-25 00:00:00	2003-02-12 00:00:00	MSO	Missoula International		Passenger Property Loss	Checked Baggage	75.0	Other	Approved	75.0	Approve in Full
5524	0422027L	2003-04-22 00:00:00	2003-03-06 00:00:00	MSO	Missoula International	Delta Air Lines	Passenger Property Loss	Checked Baggage	99.0	Other	Settled	49.5	Settle
22582	1217162M	2003-12-17 00:00:00	2003-12-10 00:00:00	MSO	Missoula International		Passenger Property Loss	Checkpoint	100.0	Other	Approved	100.0	Approve in Full
24028	0105448M	2004-01-05 00:00:00	2003-12-10 00:00:00	MSO	Missoula International	Continental Airlines	Passenger Property Loss	Checked Baggage	795.0	Electronics	Settled	400.0	Settle
24098	0107039M	2004-01-07 00:00:00	2003-10-23 00:00:00	MSO	Missoula International		Passenger Property Loss	Checked Baggage	250.0	Watches & Jewelry	Approved	250.0	Approve in Full
25696	0129176M	2004-01-29 00:00:00	2004-01-05 00:00:00	MSO	Missoula International		Passenger Property Loss	Checked Baggage	12.0	Other	Approved	12.0	Approve in Full
29929	2004050650619	2004-03-11 00:00:00	2004-01-13 00:00:00	MSO	Missoula International	Delta Air Lines	Passenger Property Loss	Checked Baggage	15.0	Tools & Machines	Approved	15.0	Approve in Full
34280	2004051251247	2004-05-04 00:00:00	2004-02-06 00:00:00	MSO	Missoula International	Delta Air Lines	Passenger Property Loss	Checked Baggage	175.0	Clothing & Accessories	Denied	0.0	Deny
36595	2004062256855	2004-05-28 00:00:00	2004-05-15 00:00:00	MSO	Missoula International	Northwest Airlines	Passenger Property Loss	Checked Baggage	730.45	Electronics	Denied	0.0	Deny
43622	2004092763934	2004-08-31 00:00:00	2004-08-08 00:00:00	MSO	Missoula International	Delta Air Lines	Passenger Property Loss	Checked Baggage	74.78	Other	Approved	74.78	Approve in Full
44059	2004100664768	2004-09-09 00:00:00	2004-08-23 00:00:00	MSO	Missoula International	Alaska Airlines	Passenger Property Loss	Checked Baggage	125.5	Other	Approved	125.5	Approve in Full
44684	2004092964168	2004-09-13 00:00:00	2004-08-01 00:00:00	MSO	Missoula International		Passenger Property Loss	Checked Baggage	74.95	Other	Denied	0.0	Deny
48032	2004120768801	2004-10-22 00:00:00	2004-10-16 00:00:00	MSO	Missoula International		Passenger Property Loss	Checked Baggage	25.0	Other	Approved	25.0	Approve in Full
48819	2004122069347	2004-11-02 00:00:00	2004-07-11 00:00:00	MSO	Missoula International		Passenger Property Loss	Checked Baggage	50.0	Tools & Machines	Approved	50.0	Approve in Full
50237	2004122871409	2004-11-18 00:00:00	2004-09-10 00:00:00	MSO	Missoula International		Passenger Property Loss	Checked Baggage	100.0	Other	Denied	0.0	Deny
60794	2005040681754	2005-04-05 00:00:00	2005-03-17 00:00:00	MSO	Missoula International	Alaska Airlines	Passenger Property Loss	Checked Baggage	500.0	Other	Approved	500.0	Approve in Full
62877	2005042983641	2005-04-29 00:00:00	2005-01-08 00:00:00	MSO	Missoula International	Alaska Airlines	Passenger Property Loss	Checked Baggage	85.96	Electronics	Denied	0.0	Deny
65707	2005062186813	2005-06-07 00:00:00	2005-05-20 00:00:00	MSO	Missoula International	UAL	Passenger Property Loss	Checked Baggage	1200.0	Supplies	Denied	0.0	Deny
66533	2005062787326	2005-06-20 00:00:00	2005-06-06 00:00:00	MSO	Missoula International	UAL	Passenger Property Loss	Checked Baggage	132.99	Clothing & Accessories	Settled	79.79	Settle
67145	2005070188062	2005-06-28 00:00:00	2005-05-16 00:00:00	MSO	Missoula International	Northwest Airlines	Passenger Property Loss	Checked Baggage	154.0	Cosmetics	Settled	77.0	Settle
72258	2005092893334	2005-09-19 00:00:00	2005-09-01 00:00:00	MSO	Missoula International	Delta Air Lines	Passenger Property Loss	Checkpoint	17.64	Other	Denied	0.0	Deny
74435	2005110395601	2005-10-25 00:00:00	2005-07-03 00:00:00	MSO	Missoula International	Allegiant Air	Passenger Property Loss	Checked Baggage	508.0	Cosmetics	Denied	0.0	Deny
76258	2005120897290	2005-11-29 00:00:00	2005-11-19 00:00:00	MSO	Missoula International	Alaska Airlines	Passenger Property Loss	Checked Baggage	9.99	Other	Denied	0.0	Deny
76579	2005121397632	2005-12-05 00:00:00	2005-11-28 00:00:00	MSO	Missoula International	Alaska Airlines	Passenger Property Loss	Checked Baggage	300.0	Electronics	Settled	226.23	Settle
77273	2005122898459	2005-12-19 00:00:00	2005-12-09 00:00:00	MSO	Missoula International	Delta Air Lines	Passenger Property Loss	Checked Baggage	50.0	Other	Approved	50.0	Approve in Full
79858	2006020600977	2006-01-31 00:00:00	2006-01-23 00:00:00	MSO	Missoula International	Delta Air Lines	Passenger Property Loss	Checked Baggage	30.0	Tools & Machines	Denied	0.0	Deny
87712	2006070508937	2006-07-03 00:00:00	2006-05-16 00:00:00	MSO	Missoula International	Northwest Airlines	Passenger Property Loss	Checked Baggage	332.0	Electronics	Denied	0.0	Deny
89025	2006073110233	2006-07-27 00:00:00	2006-07-15 00:00:00	MSO	Missoula International	UAL	Passenger Property Loss	Checked Baggage	1215.0	Outdoors Supplies,Outdoors Supplies	Denied	0.0	Deny
89135	2006080310450	2006-07-31 00:00:00	2006-07-20 00:00:00	MSO	Missoula International	UAL	Passenger Property Loss	Checked Baggage	75.84	Other	Canceled	0.0	
89227	2006080210350	2006-08-01 00:00:00	2006-07-21 00:00:00	MSO	Missoula International	Alaska Airlines	Passenger Property Loss	Checked Baggage	21.7	Other	Approved	21.7	Approve in Full
89478	2006081110862	2006-08-07 00:00:00	2006-07-19 00:00:00	MSO	Missoula International	UAL	Passenger Property Loss	Checked Baggage	7.44	Other	Approved	7.44	Approve in Full
89985	2006081811284	2006-08-16 00:00:00	2006-08-08 00:00:00	MSO	Missoula International	UAL	Passenger Property Loss	Checked Baggage	94.98	Clothing & Accessories	Approved	94.98	Approve in Full
90533	2006083011773	2006-08-25 00:00:00	2006-08-05 00:00:00	MSO	Missoula International	UAL	Passenger Property Loss	Checked Baggage	74.99	Electronics	Denied	0.0	Deny
94123	2006110715293	2006-11-03 00:00:00	2006-10-26 00:00:00	MSO	Missoula International	Alaska Airlines	Passenger Property Loss	Checkpoint	82.38	Cosmetics	Settled	41.19	Settle
95464	2006120616683	2006-11-30 00:00:00	2006-11-02 00:00:00	MSO	Missoula International	Allegiant Air	Passenger Property Loss	Checked Baggage	1089.0	Watches & Jewelry	Settled	109.0	Settle
96379	2006122117619	2006-12-18 00:00:00	2006-11-23 00:00:00	MSO	Missoula International	Alaska Airlines	Passenger Property Loss	Checked Baggage	374.74	Electronics,Electronics	Settled	261.11	Settle
101319	2007031922518	2007-03-15 00:00:00	2007-03-09 00:00:00	MSO	Missoula International	Northwest Airlines	Passenger Property Loss	Checked Baggage	4.99	Tools & Machines	Denied	0.0	Deny
102079	2007040223322	2007-03-29 00:00:00	2007-02-15 00:00:00	MSO	Missoula International	Delta Air Lines	Passenger Property Loss	Checked Baggage	130.0	Cosmetics	Denied	0.0	Deny
102095	2007040223376	2007-03-29 00:00:00	2006-12-23 00:00:00	MSO	Missoula International	Delta Air Lines	Passenger Property Loss	Checked Baggage	1600.0	Electronics	Denied	0.0	Deny
104658	2007052925942	2007-05-21 00:00:00	2007-05-06 00:00:00	MSO	Missoula International	Delta Air Lines	Passenger Property Loss	Checked Baggage	489.48	Electronics,Other	Settled	244.74	Settle
108816	2007081330176	2007-08-09 00:00:00	2007-07-12 00:00:00	MSO	Missoula International	Alaska Airlines	Passenger Property Loss	Checked Baggage	284.97	Electronics,Other	Settled	146.99	Settle
109341	2007082130539	2007-08-21 00:00:00	2007-08-05 00:00:00	MSO	Missoula International	Delta Air Lines	Passenger Property Loss	Checked Baggage	280.0	Games & Toys	Denied	0.0	Deny
111389	2007100132814	2007-09-27 00:00:00	2007-09-04 00:00:00	MSO	Missoula International	Northwest Airlines	Passenger Property Loss	Checked Baggage	1065.0	Electronics,Electronics	Denied	0.0	Deny
113471	2007111334816	2007-11-09 00:00:00	2007-10-25 00:00:00	MSO	Missoula International	Alaska Airlines	Passenger Property Loss	Checked Baggage	239.0	Cosmetics,Other	Denied	0.0	Deny
113831	2007112035238	2007-11-16 00:00:00	2007-11-14 00:00:00	MSO	Missoula International	UAL	Passenger Property Loss	Checkpoint	9000.0	Watches & Jewelry	Denied	0.0	Deny
115664	2008010337228	2007-12-26 00:00:00	2007-08-09 00:00:00	MSO	Missoula International	UAL	Passenger Property Loss	Checked Baggage	62.0	Cosmetics	Denied	0.0	Deny
119420	2008022039803	2008-03-10 00:00:00	2008-01-19 00:00:00	MSO	Missoula International	Alaska Airlines	Passenger Property Loss	Checked Baggage	300.0	Watches & Jewelry	Denied	0.0	Deny
119717	2008032141380	2008-03-14 00:00:00	2008-01-11 00:00:00	MSO	Missoula International	UAL	Passenger Property Loss	Checked Baggage	273.4	Electronics,Electronics,Other	Denied	0.0	Deny
121251	2008042243110	2008-04-14 00:00:00	2008-04-06 00:00:00	MSO	Missoula International	Delta Air Lines	Passenger Property Loss	Checked Baggage	395.0	Clothing & Accessories	Canceled	0.0	
124093	2008061645733	2008-06-12 00:00:00	2008-05-30 00:00:00	MSO	Missoula International	Delta Air Lines	Passenger Property Loss	Checked Baggage	3073.57	Clothing & Accessories,Watches & Jewelry,Outdoors Supplies	Denied	0.0	Deny
128923	2008100850913	2008-09-30 00:00:00	2008-09-28 00:00:00	MSO	Missoula International	Allegiant Air	Passenger Property Loss	Checked Baggage	150.0	Weapons & Knives	Denied	0.0	Deny
129339	2008102751566	2008-10-12 00:00:00	2008-09-18 00:00:00	MSO	Missoula International	Allegiant Air	Passenger Property Loss	Checked Baggage	1728.25	Watches & Jewelry	Denied	0.0	Deny
130114	2008110551969	2008-10-31 00:00:00	2008-09-13 00:00:00	MSO	Missoula International		Passenger Property Loss	Checkpoint	7102.0	Watches & Jewelry	Denied	0.0	Deny
138201	2009061560156	2009-06-10 00:00:00	2009-05-13 00:00:00	MSO	Missoula International	Northwest Airlines	Passenger Property Loss	Checked Baggage	245.11	Clothing & Accessories,Other,Games & Toys	Denied	0.0	Deny
138765	2009062960688	2009-06-25 00:00:00	2009-05-27 00:00:00	MSO	Missoula International	Horizon Air	Passenger Property Loss	Checked Baggage	249.0	Electronics	Canceled	0.0	
140455	2006081110901	2009-08-09 00:00:00	2006-07-29 00:00:00	MSO	Missoula International	Northwest Airlines	Passenger Property Loss	Checked Baggage	8.49	Tools & Machines	Approved	8.49	Approve in Full
141241	2009090363312	2009-08-31 00:00:00	2009-07-25 00:00:00	MSO	Missoula International	Horizon Air	Passenger Property Loss	Checked Baggage	150.0	Outdoors Supplies	Denied	0.0	Deny
142590	2009102364659	2009-10-13 00:00:00	2009-09-28 00:00:00	MSO	Missoula International	Northwest Airlines	Passenger Property Loss	Checked Baggage	35.0	Watches & Jewelry	Denied	0.0	Deny
144087	2009120766126	2009-11-30 00:00:00	2009-11-26 00:00:00	MSO	Missoula International	Horizon Air	Passenger Property Loss	Checked Baggage	350.0	Clothing & Accessories	Denied	0.0	Deny
147285	2010040670464	2010-04-01 00:00:00	2010-03-09 11:15:00	MSO	Missoula International	Allegiant Air	Passenger Property Loss	Checked Baggage		Household Items,Other,Electronics		0.0	Deny
151318	2010080774668	2010-08-03 00:00:00	2010-07-21 00:00:00	MSO	Missoula International	Allegiant Air	Passenger Property Loss	Checked Baggage		Electronics		0.0	Deny
151377	2010081374815	2010-08-04 00:00:00	2010-07-31 12:20:00	MSO	Missoula International	UAL	Passenger Property Loss	Checkpoint		Clothing & Accessories		440.0	Settle
160070	2011052083627	2011-05-09 00:00:00	2011-03-23 10:30:00	MSO	Missoula International	Allegiant Air	Passenger Property Loss	Checked Baggage		Other		90.0	Approve in Full
163015	2011090186601	2011-08-12 00:00:00	2011-07-25 12:00:00	MSO	Missoula International	Horizon Air	Passenger Property Loss	Checked Baggage		Outdoors Supplies		139.99	Approve in Full
171844	2012071995525	2012-06-18 00:00:00	2012-06-08 00:00:00	MSO	Missoula International	Delta Air Lines	Passenger Property Loss	Checked Baggage		Watches & Jewelry		15.0	Approve in Full
173677	2012100397395	2012-08-21 00:00:00	2012-07-24 06:00:00	MSO	Missoula International	Delta Air Lines	Passenger Property Loss	Checkpoint		Clothing & Accessories		301.58	Settle
179855	2013051503689	2013-04-12 00:00:00	2013-03-06 06:15:00	MSO	Missoula International	Alaska Airlines	Passenger Property Loss	Checked Baggage		Cosmetics			
183038	2013091706970	2013-08-06 00:00:00	2013-06-06 18:00:00	MSO	Missoula International	Alaska Airlines	Passenger Property Loss	Checkpoint		Clothing & Accessories		0.0	Deny
185453	2013111309225	2013-11-06 00:00:00	2013-09-19 00:00:00	MSO	Missoula International	Delta Air Lines	Passenger Property Loss	Checked Baggage		Outdoors Supplies			
186422	2013122410247	2013-12-17 00:00:00	2013-12-05 00:00:00	MSO	Missoula International	Delta Air Lines	Passenger Property Loss	Checked Baggage		Watches & Jewelry			
187782	2014020711543	2014-02-04 00:00:00	2014-01-17 00:00:00	MSO	Missoula International	Alaska Airlines	Passenger Property Loss	Checked Baggage		Games & Toys		0.0	Deny
193797	2014101517686	2014-09-02 00:00:00	2014-08-07 00:00:00	MSO	Missoula International	Allegiant Air	Passenger Property Loss	Checked Baggage		Outdoors Supplies			
195175	2014121019105	2014-12-10 00:00:00	2014-08-23 00:00:00	MSO	Missoula International	Delta Air Lines	Passenger Property Loss	Checked Baggage		Watches & Jewelry			
201472	2015121527571	2015-11-30 00:00:00	2015-11-06 00:00:00	MSO	Missoula International	UAL	Passenger Property Loss	Checkpoint		Electronics,Electronics			
210021	2016030129249	2016-02-08 00:00:00	2016-01-31 05:40:00	MSO	Missoula International Missoula International	Delta Air Lines	Passenger Property Loss	Checked Baggage		Clothing & Accessories,Electronics,Cosmetics		0.0	Deny
210022	2016102535105	2016-09-15 00:00:00	2016-08-18 00:00:00	MSO	Missoula International Missoula International	Alaska Airlines	Passenger Property Loss	Checked Baggage		Watches & Jewelry		0.0	Deny
210023	2016110435553	2016-09-29 00:00:00	2016-09-15 10:00:00	MSO	Missoula International Missoula International		Passenger Property Loss	Checked Baggage		Cosmetics			In Review
210024	2016111035704	2016-10-17 00:00:00	2016-10-09 14:00:00	MSO	Missoula International Missoula International	Alaska Airlines	Passenger Property Loss	Checkpoint		Electronics			In Review