id	claim_number	date_received	incident_date	airport_code	airport_name	airline	claim_type	claim_site	claim_amount	items	status	close_amount	disposition
11193	0718015M	2003-07-18 00:00:00	2003-07-06 00:00:00	MYR	Myrtle Beach International	USAir	Passenger Property Loss	Checked Baggage	29.97	Clothing & Accessories	Approved	29.97	Approve in Full
11252	0721100M	2003-07-21 00:00:00	2003-06-28 00:00:00	MYR	Myrtle Beach International	USAir	Passenger Property Loss	Checked Baggage	417.0	Other	Approved	417.0	Approve in Full
25342	0115217M	2004-01-15 00:00:00	2003-11-25 00:00:00	MYR	Myrtle Beach International		Passenger Property Loss	Checked Baggage	81.95	Other	Denied	0.0	Deny
27516	0210321M	2004-02-10 00:00:00	2004-01-29 00:00:00	MYR	Myrtle Beach International	Spirit Airlines	Passenger Property Loss	Checkpoint	100.0	Electronics	Denied	100.0	Deny
28557	0223230M	2004-02-23 00:00:00	2004-01-16 00:00:00	MYR	Myrtle Beach International		Passenger Property Loss	Checkpoint	60.0	Other	Denied	0.0	Deny
30428	2004051852657	2004-03-15 00:00:00	2003-12-22 00:00:00	MYR	Myrtle Beach International	Continental Airlines	Passenger Property Loss	Checked Baggage	25.0	Clothing & Accessories	Approved	25.0	Approve in Full
31376	2004051251364	2004-03-24 00:00:00	2004-03-14 00:00:00	MYR	Myrtle Beach International	Spirit Airlines	Passenger Property Loss	Checked Baggage	48.0	Clothing & Accessories	Settled	24.0	Settle
35358	2004061756063	2004-05-13 00:00:00	2004-04-30 00:00:00	MYR	Myrtle Beach International		Passenger Property Loss	Checked Baggage	1000.0	Electronics	Settled	288.06	Settle
35576	2004062156723	2004-05-19 00:00:00	2004-05-09 00:00:00	MYR	Myrtle Beach International		Passenger Property Loss	Checked Baggage	179.0	Clothing & Accessories	Approved	179.0	Approve in Full
36853	2004072259882	2004-06-03 00:00:00	2003-10-14 00:00:00	MYR	Myrtle Beach International	AirTran Airlines	Passenger Property Loss	Checked Baggage	35.0	Other	Approved	35.0	Approve in Full
40866	2004082661421	2004-07-23 00:00:00	2004-07-07 00:00:00	MYR	Myrtle Beach International	Spirit Airlines	Passenger Property Loss	Checked Baggage	499.0	Electronics	Denied	0.0	Deny
41154	2004083061608	2004-07-27 00:00:00	2004-07-11 00:00:00	MYR	Myrtle Beach International	Hooters Air (PACE)	Passenger Property Loss	Checked Baggage	1000.0	Other	Denied	0.0	Deny
43192	2004100464362	2004-08-24 00:00:00	2004-08-07 00:00:00	MYR	Myrtle Beach International	Delta Air Lines	Passenger Property Loss	Checked Baggage	73.03	Other	Denied	0.0	Deny
43550	2004092263524	2004-08-27 00:00:00	2004-07-16 00:00:00	MYR	Myrtle Beach International		Passenger Property Loss	Checked Baggage	346.49	Other	Settled	311.84	Settle
43831	2004101364878	2004-08-31 00:00:00	2004-07-12 00:00:00	MYR	Myrtle Beach International	Spirit Airlines	Passenger Property Loss	Checked Baggage	150.0	Clothing & Accessories	Settled	50.0	Settle
45216	2004102065337	2004-09-17 00:00:00	2004-08-20 00:00:00	MYR	Myrtle Beach International	Continental Airlines	Passenger Property Loss	Checked Baggage	140.0	Clothing & Accessories	Canceled	0.0	
45511	2004101565080	2004-09-21 00:00:00	2004-09-05 00:00:00	MYR	Myrtle Beach International		Passenger Property Loss	Checked Baggage	36.74	Clothing & Accessories	Approved	37.5	Approve in Full
47791	2004120768684	2004-10-20 00:00:00	2004-08-31 00:00:00	MYR	Myrtle Beach International	Continental Airlines	Passenger Property Loss	Checked Baggage	60.89	Other	Approved	60.89	Approve in Full
51453	2004123071921	2004-12-07 00:00:00	2004-11-23 00:00:00	MYR	Myrtle Beach International	Spirit Airlines	Passenger Property Loss	Checked Baggage	675.0	Clothing & Accessories	Denied	0.0	Deny
51609	2005010372176	2004-12-10 00:00:00	2004-10-30 00:00:00	MYR	Myrtle Beach International		Passenger Property Loss	Checked Baggage	164.0	Other	Approved	164.0	Approve in Full
52299	2005010572886	2004-12-17 00:00:00	2004-11-24 00:00:00	MYR	Myrtle Beach International	Spirit Airlines	Passenger Property Loss	Checked Baggage	325.86	Electronics	Approved	325.86	Approve in Full
52757	2005011073358	2004-12-21 00:00:00	2004-11-22 00:00:00	MYR	Myrtle Beach International		Passenger Property Loss	Checked Baggage	1200.0	Other	Settled	960.0	Settle
53362	2005012574225	2005-01-03 00:00:00	2004-12-04 00:00:00	MYR	Myrtle Beach International		Passenger Property Loss	Checked Baggage	1499.99	Electronics	Settled	196.87	Settle
54732	2005020175158	2005-01-18 00:00:00	2005-10-08 00:00:00	MYR	Myrtle Beach International		Passenger Property Loss	Checked Baggage	90.0	Clothing & Accessories	Denied	0.0	Deny
56122	2005022876862	2005-02-01 00:00:00	2004-11-08 00:00:00	MYR	Myrtle Beach International	USAir	Passenger Property Loss	Checked Baggage	225.0	Other	Denied		Deny
56300	2005031077506	2005-02-01 00:00:00	2004-09-04 00:00:00	MYR	Myrtle Beach International	AirTran Airlines	Passenger Property Loss	Checked Baggage	550.0	Watches & Jewelry	Settled	275.0	Settle
59688	2005033080455	2005-03-18 00:00:00	2005-02-07 00:00:00	MYR	Myrtle Beach International	USAir	Passenger Property Loss	Other	200.0	Clothing & Accessories	Settled	100.0	Settle
60073	2005033180885	2005-03-23 00:00:00	2004-12-22 00:00:00	MYR	Myrtle Beach International	UAL	Passenger Property Loss	Checked Baggage	300.0	Watches & Jewelry	Settled	150.0	Settle
61670	2005041382473	2005-04-12 00:00:00	2005-04-04 00:00:00	MYR	Myrtle Beach International	USAir	Passenger Property Loss	Checked Baggage	324.74	Other	Settled	293.37	Settle
61874	2005041982826	2005-04-18 00:00:00	2005-03-24 00:00:00	MYR	Myrtle Beach International	Spirit Airlines	Passenger Property Loss	Checked Baggage	100.0	Other	Approved	100.0	Approve in Full
62305	2005042583329	2005-04-22 00:00:00	2005-04-16 00:00:00	MYR	Myrtle Beach International	USAir	Passenger Property Loss	Checked Baggage	43.1	Electronics	Approved	43.1	Approve in Full
63284	2005040781819	2005-05-05 00:00:00	2005-03-21 00:00:00	MYR	Myrtle Beach International		Passenger Property Loss	Checked Baggage	300.0	Other	Settled	244.29	Settle
63476	2005051084425	2005-05-09 00:00:00	2005-05-01 00:00:00	MYR	Myrtle Beach International		Passenger Property Loss	Checked Baggage	256.0	Other	Settled	26.25	Settle
64601	2005060185602	2005-05-24 00:00:00	2005-05-06 00:00:00	MYR	Myrtle Beach International	UAL	Passenger Property Loss	Checked Baggage	150.0	Watches & Jewelry	Approved	150.0	Approve in Full
66593	2005063087810	2005-06-21 00:00:00	2005-05-20 00:00:00	MYR	Myrtle Beach International	Delta Air Lines	Passenger Property Loss	Checked Baggage	75.42	Clothing & Accessories	Approved	75.42	Approve in Full
66669	2005062887646	2005-06-21 00:00:00	2005-04-11 00:00:00	MYR	Myrtle Beach International	UAL	Passenger Property Loss	Checked Baggage	250.0	Electronics	Denied	0.0	Deny
71527	2005091592578	2005-09-08 00:00:00	2005-05-03 00:00:00	MYR	Myrtle Beach International	USAir	Passenger Property Loss	Checked Baggage	334.7	Other	Denied	0.0	Deny
73663	2005101894812	2005-10-12 00:00:00	2005-09-13 00:00:00	MYR	Myrtle Beach International	USAir	Passenger Property Loss	Checked Baggage	185.0	Cosmetics	Denied	0.0	Deny
74098	2005102695213	2005-10-18 00:00:00	2005-09-26 00:00:00	MYR	Myrtle Beach International	Northwest Airlines	Passenger Property Loss	Checked Baggage	369.9	Electronics	Settled	159.0	Settle
74166	2005102795289	2005-10-20 00:00:00	2005-10-01 00:00:00	MYR	Myrtle Beach International	USAir	Passenger Property Loss	Checked Baggage	1229.0	Watches & Jewelry	Denied	0.0	Deny
74169	2005102795293	2005-10-20 00:00:00	2005-10-13 00:00:00	MYR	Myrtle Beach International	UAL	Passenger Property Loss	Checked Baggage	109.99	Other	Denied	0.0	Deny
74226	2005102895337	2005-10-21 00:00:00	2005-10-02 00:00:00	MYR	Myrtle Beach International	UAL	Passenger Property Loss	Checked Baggage	140.0	Other	Denied	0.0	Deny
74348	2005110195464	2005-10-25 00:00:00	2005-10-05 00:00:00	MYR	Myrtle Beach International	Northwest Airlines	Passenger Property Loss	Checked Baggage	52.49	Clothing & Accessories	Approved	52.49	Approve in Full
75719	2005120196848	2005-11-18 00:00:00	2005-10-31 00:00:00	MYR	Myrtle Beach International	Continental Airlines	Passenger Property Loss	Checked Baggage	98.0	Other	Denied	0.0	Deny
75913	2005120697015	2005-11-22 00:00:00	2005-11-19 00:00:00	MYR	Myrtle Beach International	Delta Air Lines	Passenger Property Loss	Checkpoint	69.95	Other	Denied	0.0	Deny
76159	2005121397688	2005-11-28 00:00:00	2005-10-26 00:00:00	MYR	Myrtle Beach International	Spirit Airlines	Passenger Property Loss	Checkpoint	413.37	Electronics	Denied	0.0	Deny
76284	2005121297535	2005-11-29 00:00:00	2005-10-30 00:00:00	MYR	Myrtle Beach International	Delta Air Lines	Passenger Property Loss	Checked Baggage	289.0	Clothing & Accessories	Denied	0.0	Deny
76454	2005121297555	2005-12-02 00:00:00	2005-11-20 00:00:00	MYR	Myrtle Beach International	USAir	Passenger Property Loss	Checked Baggage	300.0	Electronics	Denied	0.0	Deny
83709	2006051506345	2006-04-11 00:00:00	2006-03-17 00:00:00	MYR	Myrtle Beach International	Continental Airlines	Passenger Property Loss	Checked Baggage	165.0	Clothing & Accessories	Denied	0.0	Deny
85024	2006051206105	2006-05-09 00:00:00	2006-04-28 00:00:00	MYR	Myrtle Beach International	Spirit Airlines	Passenger Property Loss	Checked Baggage	1000.0	Other	Denied	0.0	Deny
85328	2006051806558	2006-05-16 00:00:00	2006-05-02 00:00:00	MYR	Myrtle Beach International		Passenger Property Loss	Checked Baggage	212.99	Electronics	Denied	0.0	Deny
86479	2006060907679	2006-06-07 00:00:00	2006-05-20 00:00:00	MYR	Myrtle Beach International	Spirit Airlines	Passenger Property Loss	Checked Baggage	385.0	Scientific Intruments	Settled	346.5	Settle
86922	2006061908161	2006-06-16 00:00:00	2006-04-21 00:00:00	MYR	Myrtle Beach International	Spirit Airlines	Passenger Property Loss	Checkpoint	242.0	Watches & Jewelry,Watches & Jewelry	Canceled	0.0	
86936	2006061908162	2006-06-16 00:00:00	2006-04-21 00:00:00	MYR	Myrtle Beach International	Spirit Airlines	Passenger Property Loss	Checkpoint	242.0	Watches & Jewelry,Watches & Jewelry	Denied	0.0	Deny
86993	2006062008228	2006-06-19 00:00:00	2006-06-04 00:00:00	MYR	Myrtle Beach International	Spirit Airlines	Passenger Property Loss	Checked Baggage	468.42	Electronics,Electronics	Denied	0.0	Deny
87582	2006070308822	2006-06-29 00:00:00	2006-06-18 00:00:00	MYR	Myrtle Beach International		Passenger Property Loss	Checkpoint	7.66	Other	Denied	0.0	Deny
87872	2006070709129	2006-07-06 00:00:00	2006-06-21 00:00:00	MYR	Myrtle Beach International		Passenger Property Loss	Checked Baggage	116.0	Containers,Clothing & Accessories,Watches & Jewelry	Denied	0.0	Deny
87949	2006071009178	2006-07-07 00:00:00	2006-06-11 00:00:00	MYR	Myrtle Beach International	Northwest Airlines	Passenger Property Loss	Checked Baggage	47.0	Cosmetics	Denied	0.0	Deny
90305	2006082311442	2006-08-22 00:00:00	2006-08-12 00:00:00	MYR	Myrtle Beach International	USAir	Passenger Property Loss	Checked Baggage	14.98	Tools & Machines	Approved	14.98	Approve in Full
92247	2006100213543	2006-09-27 00:00:00	2006-09-20 00:00:00	MYR	Myrtle Beach International	USAir	Passenger Property Loss	Checked Baggage	32.5	Other,Outdoors Supplies	Settled	16.25	Settle
92347	2006100513649	2006-09-29 00:00:00	2006-02-06 00:00:00	MYR	Myrtle Beach International	USAir	Passenger Property Loss	Checked Baggage	330.25	Electronics	Denied	0.0	Deny
93103	2006102314414	2006-10-16 00:00:00	2006-09-30 00:00:00	MYR	Myrtle Beach International	Spirit Airlines	Passenger Property Loss	Checked Baggage	95.4	Tools & Machines	Denied	0.0	Deny
95187	2006113016473	2006-11-27 00:00:00	2006-11-18 00:00:00	MYR	Myrtle Beach International		Passenger Property Loss	Checked Baggage	54.0	Clothing & Accessories	Canceled	0.0	
96718	2006122818121	2006-12-26 00:00:00	2006-06-10 00:00:00	MYR	Myrtle Beach International	Delta Air Lines	Passenger Property Loss	Checked Baggage	240.0	Watches & Jewelry,Containers	Denied	0.0	Deny
98467	2007012519503	2007-01-22 00:00:00	2006-11-18 00:00:00	MYR	Myrtle Beach International	USAir	Passenger Property Loss	Checked Baggage	11.0	Tools & Machines	Approved	11.0	Approve in Full
98849	2007013119904	2007-01-26 00:00:00	2007-01-20 00:00:00	MYR	Myrtle Beach International	Northwest Airlines	Passenger Property Loss	Checkpoint	252.0	Other	Approved	252.0	Approve in Full
98978	2007020220078	2007-01-29 00:00:00	2006-10-08 00:00:00	MYR	Myrtle Beach International	UAL	Passenger Property Loss	Checked Baggage	481.0	Tools & Machines,Watches & Jewelry	Denied	0.0	Deny
102403	2007041023672	2007-04-05 00:00:00	2007-02-19 00:00:00	MYR	Myrtle Beach International	Delta Air Lines	Passenger Property Loss	Checked Baggage	100.0	Clothing & Accessories	Denied	0.0	Deny
103025	2007042024273	2007-04-18 00:00:00	2007-04-14 00:00:00	MYR	Myrtle Beach International	Delta Air Lines	Passenger Property Loss	Checked Baggage	75.6	Other	Denied	0.0	Deny
103846	2007050925195	2007-05-04 00:00:00	2007-04-27 00:00:00	MYR	Myrtle Beach International		Passenger Property Loss	Checkpoint	250.0	Electronics	Denied	0.0	Deny
105262	2007060826578	2007-06-04 00:00:00	2007-05-28 00:00:00	MYR	Myrtle Beach International	UAL	Passenger Property Loss	Checked Baggage	600.0	Other	Denied	0.0	Deny
106871	2007071128131	2007-07-06 00:00:00	2007-06-27 00:00:00	MYR	Myrtle Beach International	Spirit Airlines	Passenger Property Loss	Checked Baggage	641.98	Clothing & Accessories,Containers	Denied	0.0	Deny
106959	2007071128149	2007-07-09 00:00:00	2007-07-07 00:00:00	MYR	Myrtle Beach International	USAir	Passenger Property Loss	Checked Baggage	100.0	Electronics,Outdoors Supplies	Denied	0.0	Deny
108382	2007080729723	2007-08-02 00:00:00	2007-04-27 00:00:00	MYR	Myrtle Beach International	USAir	Passenger Property Loss	Checked Baggage	2800.0	Containers,Cosmetics,Watches & Jewelry	Denied	0.0	Deny
109002	2007081430256	2007-08-14 00:00:00	2007-07-26 00:00:00	MYR	Myrtle Beach International	Delta Air Lines	Passenger Property Loss	Checked Baggage	150.0	Cosmetics	Denied	0.0	Deny
109493	2007082931055	2007-08-22 00:00:00	2007-08-12 00:00:00	MYR	Myrtle Beach International		Passenger Property Loss	Checked Baggage	304.3	Clothing & Accessories	Denied	0.0	Deny
109894	2007083131260	2007-08-29 00:00:00	2007-08-12 00:00:00	MYR	Myrtle Beach International	USAir	Passenger Property Loss	Checked Baggage	272.83	Electronics	Denied	0.0	Deny
109907	2007090431294	2007-08-29 00:00:00	2007-08-02 00:00:00	MYR	Myrtle Beach International	Delta Air Lines	Passenger Property Loss	Checked Baggage	475.0	Watches & Jewelry	Denied	0.0	Deny
109938	2007083031202	2007-08-30 00:00:00	2007-08-23 00:00:00	MYR	Myrtle Beach International	USAir	Passenger Property Loss	Checkpoint	5425.0	Watches & Jewelry	Denied	0.0	Deny
110735	2007091832112	2007-09-14 00:00:00	2007-09-01 00:00:00	MYR	Myrtle Beach International		Passenger Property Loss	Checkpoint	1777.68	Scientific Intruments	Denied	0.0	Deny
112004	2007101633472	2007-10-11 00:00:00	2007-10-08 00:00:00	MYR	Myrtle Beach International	Spirit Airlines	Passenger Property Loss	Checked Baggage	179.0	Clothing & Accessories	Canceled	0.0	
112668	2007102934053	2007-10-24 00:00:00	2007-10-12 00:00:00	MYR	Myrtle Beach International	USAir	Passenger Property Loss	Checked Baggage	400.0	Clothing & Accessories	Denied	0.0	Deny
113347	2007110834748	2007-11-07 00:00:00	2007-10-22 00:00:00	MYR	Myrtle Beach International	Spirit Airlines	Passenger Property Loss	Checked Baggage	205.97	Outdoors Supplies	Approved	205.97	Approve in Full
113964	2007112735467	2007-11-19 00:00:00	2007-11-03 00:00:00	MYR	Myrtle Beach International	USAir	Passenger Property Loss	Checked Baggage	50.0	Watches & Jewelry	Denied	0.0	Deny
117082	2008012538626	2008-01-22 00:00:00	2008-01-15 00:00:00	MYR	Myrtle Beach International	UAL	Passenger Property Loss	Checked Baggage	500.0	Other	Denied	0.0	Deny
119171	2008031140814	2008-03-03 00:00:00	2008-01-18 00:00:00	MYR	Myrtle Beach International	Spirit Airlines	Passenger Property Loss	Checked Baggage	19.16	Tools & Machines	Denied	0.0	Deny
119283	2008062746286	2008-03-05 00:00:00	2008-02-21 00:00:00	MYR	Myrtle Beach International	Northwest Airlines	Passenger Property Loss	Checked Baggage	243.92	Clothing & Accessories,Electronics	Denied	0.0	Deny
119394	2008031340994	2008-03-07 00:00:00	2008-03-06 00:00:00	MYR	Myrtle Beach International	Northwest Airlines	Passenger Property Loss	Checked Baggage	385.15	Clothing & Accessories	Settled	192.58	Settle
120230	2008040341822	2008-03-25 00:00:00	2008-02-24 00:00:00	MYR	Myrtle Beach International	Delta Air Lines	Passenger Property Loss	Checked Baggage	15.0	Watches & Jewelry	Denied	0.0	Deny
120672	2008041042318	2008-04-02 00:00:00	2008-03-30 00:00:00	MYR	Myrtle Beach International	US Express	Passenger Property Loss	Checked Baggage	441.78	Tools & Machines,Other,Outdoors Supplies	Denied	0.0	Deny
120934	2008041642621	2008-04-07 00:00:00	2008-03-27 00:00:00	MYR	Myrtle Beach International	Northwest Airlines	Passenger Property Loss	Checked Baggage	478.83	Electronics,Electronics,Office Supplies	Denied	0.0	Deny
120969	2008041742759	2008-04-07 00:00:00	2008-03-27 00:00:00	MYR	Myrtle Beach International	Northwest Airlines	Passenger Property Loss	Checked Baggage	125.0	Other	Denied	0.0	Deny
121096	2008041742794	2008-04-09 00:00:00	2008-04-04 00:00:00	MYR	Myrtle Beach International	Delta Air Lines	Passenger Property Loss	Checked Baggage	600.0	Electronics,Electronics,Tools & Machines	Denied	0.0	Deny
121228	2008041742827	2008-04-11 00:00:00	2008-04-08 00:00:00	MYR	Myrtle Beach International	Spirit Airlines	Passenger Property Loss	Checked Baggage	450.0	Electronics	Settled	225.0	Settle
121572	2008042343230	2008-04-18 00:00:00	2008-03-12 00:00:00	MYR	Myrtle Beach International	USAir	Passenger Property Loss	Checked Baggage	441.0	Containers,Watches & Jewelry	Denied	0.0	Deny
123395	2008053045006	2008-05-28 00:00:00	2008-04-26 00:00:00	MYR	Myrtle Beach International	Continental Airlines	Passenger Property Loss	Checked Baggage	563.71	Watches & Jewelry	Denied	0.0	Deny
123808	2008061145521	2008-06-05 00:00:00	2008-05-09 00:00:00	MYR	Myrtle Beach International	USAir	Passenger Property Loss	Checked Baggage	114.24	Cosmetics	Settled	57.12	Settle
124213	2008061845847	2008-06-16 00:00:00	2008-06-13 00:00:00	MYR	Myrtle Beach International	Continental Airlines	Passenger Property Loss	Checked Baggage	10800.0	Watches & Jewelry,Watches & Jewelry	Denied	0.0	Deny
124669	2008070146423	2008-06-25 00:00:00	2008-06-18 00:00:00	MYR	Myrtle Beach International	USAir	Passenger Property Loss	Checked Baggage	35.0	Supplies	Denied	0.0	Deny
126037	2008073147803	2008-07-25 00:00:00	2008-07-21 00:00:00	MYR	Myrtle Beach International	USAir	Passenger Property Loss	Checkpoint	150.0	Watches & Jewelry	Denied	0.0	Deny
127754	2008090449484	2008-09-03 00:00:00	2008-09-01 00:00:00	MYR	Myrtle Beach International		Passenger Property Loss	Checked Baggage	224.97	Electronics,Containers	Denied	0.0	Deny
127879	2008091049717	2008-09-05 00:00:00	2008-08-31 00:00:00	MYR	Myrtle Beach International	UAL	Passenger Property Loss	Checked Baggage	512.0	Outdoors Supplies	Denied	0.0	Deny
127886	2008091249852	2008-09-05 00:00:00	2008-05-22 00:00:00	MYR	Myrtle Beach International		Passenger Property Loss	Checked Baggage	49.0	Watches & Jewelry	Denied	0.0	Deny
127930	2008090949682	2008-09-08 00:00:00	2008-08-30 00:00:00	MYR	Myrtle Beach International	Delta Air Lines	Passenger Property Loss	Checked Baggage	12.99	Tools & Machines	Denied	0.0	Deny
128580	2008092450331	2008-09-22 00:00:00	2008-05-30 00:00:00	MYR	Myrtle Beach International	Northwest Airlines	Passenger Property Loss	Checked Baggage	500.0	Watches & Jewelry	Denied	0.0	Deny
128847	2008100150671	2008-09-29 00:00:00	2008-09-17 00:00:00	MYR	Myrtle Beach International	Spirit Airlines	Passenger Property Loss	Checked Baggage	30.0	Outdoors Supplies	Denied	0.0	Deny
129136	2008100650804	2008-10-07 00:00:00	2008-09-27 00:00:00	MYR	Myrtle Beach International		Passenger Property Loss	Checkpoint	149.0	Clothing & Accessories	Approved	149.0	Approve in Full
129689	2008102251444	2008-10-20 00:00:00	2008-10-13 00:00:00	MYR	Myrtle Beach International	Spirit Airlines	Passenger Property Loss	Checked Baggage	196.0	Clothing & Accessories	Settled	98.0	Settle
130550	2008111952545	2008-11-13 00:00:00	2008-10-28 00:00:00	MYR	Myrtle Beach International	Delta Air Lines	Passenger Property Loss	Checked Baggage	150.0	Clothing & Accessories	Approved	150.0	Approve in Full
131540	2008121553433	2008-12-09 00:00:00	2008-11-28 00:00:00	MYR	Myrtle Beach International	Spirit Airlines	Passenger Property Loss	Checked Baggage	407.0	Watches & Jewelry,Tools & Machines	Denied	0.0	Deny
133930	2009012254744	2009-02-10 00:00:00	2008-09-03 00:00:00	MYR	Myrtle Beach International	Delta Air Lines	Passenger Property Loss	Checked Baggage	320.23	Electronics	Settled	105.68	Settle
134697	2009032056518	2009-03-05 00:00:00	2009-02-28 00:00:00	MYR	Myrtle Beach International	USAir	Passenger Property Loss	Checked Baggage	40.0	Food & Drink	Denied	0.0	Deny
134828	2009032056695	2009-03-09 00:00:00	2009-01-26 00:00:00	MYR	Myrtle Beach International	Spirit Airlines	Passenger Property Loss	Checked Baggage	29.5	Other	Denied	0.0	Deny
136273	2009050458305	2009-04-15 00:00:00	2009-03-12 00:00:00	MYR	Myrtle Beach International	USAir	Passenger Property Loss	Checkpoint	379.83	Electronics	Denied	0.0	Deny
136349	2009050558375	2009-04-17 00:00:00	2009-04-09 00:00:00	MYR	Myrtle Beach International	USAir	Passenger Property Loss	Checked Baggage	1200.0	Electronics	Denied	0.0	Deny
140509	2009081462622	2009-08-10 00:00:00	2009-07-18 00:00:00	MYR	Myrtle Beach International	USAir	Passenger Property Loss	Checkpoint	4.94	Other	Denied	0.0	Deny
140666	2009082462890	2009-08-13 00:00:00	2009-07-10 00:00:00	MYR	Myrtle Beach International	Spirit Airlines	Passenger Property Loss	Checked Baggage	1248.0	Other	Denied	0.0	Deny
141430	2009090863453	2009-09-08 00:00:00	2009-09-06 00:00:00	MYR	Myrtle Beach International	Direct Air	Passenger Property Loss	Checked Baggage	52.99	Food & Drink,Containers	Canceled		
142426	2009100864443	2009-10-06 00:00:00	2009-09-13 00:00:00	MYR	Myrtle Beach International	USAir	Passenger Property Loss	Checked Baggage	270.0	Clothing & Accessories	Denied	0.0	Deny
142666	2009102264637	2009-10-15 00:00:00	2009-10-04 15:00:00	MYR	Myrtle Beach International	USAir	Passenger Property Loss	Checked Baggage	1161.93	Electronics,Other	Denied	0.0	Deny
142986	2009110265023	2009-10-26 00:00:00	2009-09-20 00:00:00	MYR	Myrtle Beach International	USAir	Passenger Property Loss	Checked Baggage	980.38	Electronics	Denied	0.0	Deny
144885	2009010754203	2009-12-23 00:00:00	2008-12-04 00:00:00	MYR	Myrtle Beach International	Delta Air Lines	Passenger Property Loss	Checked Baggage	600.0	Watches & Jewelry	Denied	0.0	Deny
145157	2011011379555	2010-01-06 00:00:00	2010-12-19 13:31:00	MYR	Myrtle Beach International		Passenger Property Loss	Checkpoint		Other		0.0	Deny
147239	2010040270325	2010-03-31 00:00:00	2010-03-14 10:00:00	MYR	Myrtle Beach International	Continental Airlines	Passenger Property Loss	Checked Baggage		Other,Electronics			
148989	2010060272290	2010-05-24 00:00:00	2010-04-27 05:00:00	MYR	Myrtle Beach International	USAir	Passenger Property Loss	Checked Baggage		Containers,Cosmetics,Outdoors Supplies,Other,Other		0.0	Deny
149246	2010060372349	2010-06-02 00:00:00	2010-05-17 12:15:00	MYR	Myrtle Beach International	Allegiant Air	Passenger Property Loss	Checkpoint		Electronics		0.0	Deny
149512	2010061772739	2010-06-10 00:00:00	2010-05-07 09:15:00	MYR	Myrtle Beach International	USAir	Passenger Property Loss	Checkpoint		Other		0.0	Deny
152431	2010090875781	2010-09-02 00:00:00	2010-08-23 18:00:00	MYR	Myrtle Beach International	USAir	Passenger Property Loss	Checked Baggage		Watches & Jewelry			
155008	2010113078364	2010-11-23 00:00:00	2010-11-20 09:20:00	MYR	Myrtle Beach International	USAir	Passenger Property Loss	Checked Baggage		Other			
155059	2010120278429	2010-11-24 00:00:00	2010-11-07 14:00:00	MYR	Myrtle Beach International	Direct Air	Passenger Property Loss	Checked Baggage		Other		0.0	Deny
155772	2011010379175	2010-12-21 00:00:00	2010-11-13 00:00:00	MYR	Myrtle Beach International	Spirit Airlines	Passenger Property Loss	Checked Baggage		Cosmetics		14.5	Approve in Full
159241	2011041582693	2011-04-12 00:00:00	2011-04-03 00:00:00	MYR	Myrtle Beach International	USAir	Passenger Property Loss	Checked Baggage		Clothing & Accessories,Other			
160103	2011052083617	2011-05-10 00:00:00	2011-04-26 22:00:00	MYR	Myrtle Beach International	Spirit Airlines	Passenger Property Loss	Checked Baggage		Clothing & Accessories		47.99	Approve in Full
160358	2011060183867	2011-05-19 00:00:00	2011-05-17 00:00:00	MYR	Myrtle Beach International	Spirit Airlines	Passenger Property Loss	Checkpoint		Other		5.0	Approve in Full
161400	2011063084820	2011-06-23 00:00:00	2011-06-12 06:30:00	MYR	Myrtle Beach International	Spirit Airlines	Passenger Property Loss	Checkpoint		Electronics		199.0	Settle
161545	2011070885053	2011-06-28 00:00:00	2011-06-12 00:00:00	MYR	Myrtle Beach International	Spirit Airlines	Passenger Property Loss	Checkpoint		Electronics			
161599	2011062384596	2011-06-29 00:00:00	2011-05-26 00:00:00	MYR	Myrtle Beach International	Delta Air Lines	Passenger Property Loss	Checked Baggage		Watches & Jewelry		0.0	Deny
163056	2011090186637	2011-08-15 00:00:00	2011-08-12 15:00:00	MYR	Myrtle Beach International	Direct Air	Passenger Property Loss	Checked Baggage		Other		0.0	Deny
164326	2011102488309	2011-09-28 00:00:00	2011-09-16 14:20:00	MYR	Myrtle Beach International	Spirit Airlines	Passenger Property Loss	Checkpoint		Watches & Jewelry		0.0	Deny
164927	2011102288289	2011-10-18 00:00:00	2011-09-20 12:50:00	MYR	Myrtle Beach International	USAir	Passenger Property Loss	Checked Baggage		Clothing & Accessories		0.0	Deny
165562	2011111789110	2011-11-08 00:00:00	2011-10-27 06:30:00	MYR	Myrtle Beach International	Direct Air	Passenger Property Loss	Checkpoint		Watches & Jewelry		0.0	Deny
166046	2011121389569	2011-11-28 00:00:00	2011-11-19 00:00:00	MYR	Myrtle Beach International	Spirit Airlines	Passenger Property Loss	Checked Baggage		Scientific Intruments		0.0	Deny
166152	2011113089239	2011-11-30 00:00:00	2011-10-25 06:30:00	MYR	Myrtle Beach International	Delta Air Lines	Passenger Property Loss	Checked Baggage		Cosmetics		0.0	Deny
169698	2012042793320	2012-04-03 00:00:00	2012-03-29 14:10:00	MYR	Myrtle Beach International	Porter Airlines	Passenger Property Loss	Checked Baggage		Electronics		0.0	Deny
169863	2012050293466	2012-04-09 00:00:00	2012-03-14 00:00:00	MYR	Myrtle Beach International	USAir	Passenger Property Loss	Checked Baggage		Outdoors Supplies		0.0	Deny
170440	2012051794076	2012-04-30 00:00:00	2012-03-27 00:00:00	MYR	Myrtle Beach International	USAir	Passenger Property Loss	Checkpoint		Electronics		0.0	Deny
170904	2012060494513	2012-05-14 00:00:00	2012-05-11 13:30:00	MYR	Myrtle Beach International	USAir	Passenger Property Loss	Checked Baggage		Cosmetics		17.99	Approve in Full
170950	2012060694566	2012-05-15 00:00:00	2012-05-05 00:00:00	MYR	Myrtle Beach International	UAL	Passenger Property Loss	Checked Baggage		Electronics		500.0	Settle
171722	2012071895497	2012-06-12 00:00:00	2012-05-05 00:00:00	MYR	Myrtle Beach International	UAL	Passenger Property Loss	Checked Baggage		Electronics			
173187	2012091796915	2012-08-06 00:00:00	2012-07-11 10:00:00	MYR	Myrtle Beach International		Passenger Property Loss	Checkpoint		Electronics		0.0	Deny
175217	2012112798890	2012-10-18 00:00:00	2012-10-09 00:00:00	MYR	Myrtle Beach International	USAir	Passenger Property Loss	Checked Baggage		Clothing & Accessories		94.99	Approve in Full
176118	2013011099804	2012-11-21 00:00:00	2012-11-19 14:00:00	MYR	Myrtle Beach International	Delta Air Lines	Passenger Property Loss	Checked Baggage		Cosmetics		0.0	Deny
179952	2013051403660	2013-04-17 00:00:00	2013-03-17 14:45:00	MYR	Myrtle Beach International	USAir	Passenger Property Loss	Checkpoint		Clothing & Accessories		0.0	Deny
182121	2013081906050	2013-07-04 00:00:00	2013-06-29 11:30:00	MYR	Myrtle Beach International	Spirit Airlines	Passenger Property Loss	Checked Baggage		Watches & Jewelry		0.0	Deny
182665	2013082906398	2013-07-24 00:00:00	2013-07-20 16:55:00	MYR	Myrtle Beach International	Delta Air Lines	Passenger Property Loss	Checked Baggage		Cosmetics		0.0	Deny
184120	2013102207621	2013-09-12 00:00:00	2013-09-08 00:00:00	MYR	Myrtle Beach International	Allegiant Air	Passenger Property Loss	Checked Baggage		Scientific Intruments		0.0	Deny
191866	2014080515715	2014-08-05 00:00:00	2014-07-09 00:00:00	MYR	Myrtle Beach International	Spirit Airlines	Passenger Property Loss	Checked Baggage		Cosmetics		6.86	Approve in Full
193956	2014102017849	2014-10-20 00:00:00	2014-10-05 00:00:00	MYR	Myrtle Beach International	USAir	Passenger Property Loss	Checked Baggage		Outdoors Supplies			
201642	2015031021145	2015-03-11 00:00:00	2015-02-23 00:00:00	MYR	Myrtle Beach International	USAir	Passenger Property Loss	Checked Baggage		Games & Toys		30.0	Approve in Full
201645	2015092325553	2015-09-02 00:00:00	2015-08-09 00:00:00	MYR	Myrtle Beach International	Spirit Airlines	Passenger Property Loss	Checkpoint		Containers			
210183	2016071332658	2016-06-22 00:00:00	2016-05-18 09:35:00	MYR	Myrtle Beach International Myrtle Beach International	Spirit Airlines	Passenger Property Loss	Checkpoint		Other		0.0	Deny
218393	2017121245902	2017-12-04 00:00:00	2017-11-15 00:00:00	MYR	Myrtle Beach International Myrtle Beach International	American Airlines	Passenger Property Loss	Pre-Check		Electronics			In Review
218396	2017052439916	2017-04-06 00:00:00	2017-03-02 00:00:00	MYR	Myrtle Beach International Myrtle Beach International	Spirit Airlines	Passenger Property Loss	Checked Baggage		Cosmetics		0.0	Deny
218401	2017101244326	2017-09-19 00:00:00	2017-09-18 09:30:00	MYR	Myrtle Beach International Myrtle Beach International	Delta Air Lines	Passenger Property Loss	Checked Baggage		Watches & Jewelry			Insufficient
218403	2017122246240	2017-11-21 00:00:00	2017-10-07 13:03:00	MYR	Myrtle Beach International Myrtle Beach International	Spirit Airlines	Passenger Property Loss	Checked Baggage		Electronics			In Review