id	claim_number	date_received	incident_date	airport_code	airport_name	airline	claim_type	claim_site	claim_amount	items	status	close_amount	disposition
4318	0328049L	2003-03-28 00:00:00	2003-02-27 00:00:00	OKC	Will Rogers World		Passenger Property Loss	Checkpoint	25.0	Watches & Jewelry	Approved	25.0	Approve in Full
10026	0703036M	2003-07-03 00:00:00	2003-06-29 00:00:00	OKC	Will Rogers World	Delta Air Lines	Passenger Property Loss	Checked Baggage	9175.0	Watches & Jewelry	Settled	2000.0	Settle
12204	0731060M	2003-07-31 00:00:00	2003-06-22 00:00:00	OKC	Will Rogers World	American Airlines	Passenger Property Loss	Checkpoint	249.99	Electronics	Denied	0.0	Deny
12983	0812034M	2003-08-12 00:00:00	2003-07-14 00:00:00	OKC	Will Rogers World	Delta Air Lines	Passenger Property Loss	Checkpoint	85.0	Other	Denied	0.0	Deny
13448	0815073M	2003-08-15 00:00:00	2003-07-18 00:00:00	OKC	Will Rogers World		Passenger Property Loss	Checkpoint	550.0	Clothing & Accessories	Canceled		
14275	0826130M	2003-08-26 00:00:00	2003-07-23 00:00:00	OKC	Will Rogers World	American Airlines	Passenger Property Loss	Checked Baggage	100.0	Other	Approved	100.0	Approve in Full
15624	0909185M	2003-09-09 00:00:00	2003-08-14 00:00:00	OKC	Will Rogers World	Southwest Airlines	Passenger Property Loss	Checked Baggage	163.0	Other	Settled	81.5	Settle
19013	1023803M	2003-10-23 00:00:00	2002-12-18 00:00:00	OKC	Will Rogers World	American Airlines	Passenger Property Loss	Checkpoint	4944.0	Watches & Jewelry	Denied	0.0	Deny
23116	1217421M	2003-12-17 00:00:00	2003-11-13 00:00:00	OKC	Will Rogers World		Passenger Property Loss	Other	292.59	Clothing & Accessories	Settled	145.0	Settle
27431	0210227M	2004-02-10 00:00:00	2003-12-22 00:00:00	OKC	Will Rogers World		Passenger Property Loss	Checked Baggage	100.0	Other	Canceled		
29762	2004051852686	2004-03-10 00:00:00	2004-12-12 00:00:00	OKC	Will Rogers World	American Airlines	Passenger Property Loss	Checkpoint	25.0	Other	Approved	25.0	Approve in Full
30481	2004042350054	2004-03-15 00:00:00	2004-03-04 00:00:00	OKC	Will Rogers World	Southwest Airlines	Passenger Property Loss	Checked Baggage	260.0	Other	Settled	130.0	Settle
31822	2004051752427	2004-04-01 00:00:00	2004-03-13 00:00:00	OKC	Will Rogers World	Southwest Airlines	Passenger Property Loss	Checked Baggage	282.49	Other	Canceled		
33007	2004060254264	2004-04-21 00:00:00	2004-03-23 00:00:00	OKC	Will Rogers World	Delta Air Lines	Passenger Property Loss	Checkpoint	120.0	Other	Canceled		
33511	2004061555792	2004-04-23 00:00:00	2004-04-08 00:00:00	OKC	Will Rogers World		Passenger Property Loss	Checked Baggage	55.0	Clothing & Accessories	Approved	55.0	Approve in Full
35719	2004061455593	2004-05-19 00:00:00	2004-04-29 00:00:00	OKC	Will Rogers World	American Airlines	Passenger Property Loss	Checked Baggage	475.0	Electronics	Settled	175.0	Settle
39740	2004081261273	2004-07-09 00:00:00	2004-06-23 00:00:00	OKC	Will Rogers World	Southwest Airlines	Passenger Theft	Checked Baggage	269.0	Other	Denied	0.0	Deny
40945	2004072760047	2004-07-25 00:00:00	2004-09-04 00:00:00	OKC	Will Rogers World		Passenger Property Loss	Checkpoint	150.0	Clothing & Accessories	Approved	150.0	Approve in Full
42012	2004091663127	2004-08-09 00:00:00	2004-07-31 00:00:00	OKC	Will Rogers World		Passenger Property Loss	Checked Baggage	55.64	Other	Approved	55.64	Approve in Full
44168	2004100664784	2004-09-09 00:00:00	2004-07-23 00:00:00	OKC	Will Rogers World	UAL	Passenger Property Loss	Checked Baggage	120.0	Other	Canceled	0.0	
45895	2004101965119	2004-09-28 00:00:00	2004-09-06 00:00:00	OKC	Will Rogers World	American Airlines	Passenger Property Loss	Checked Baggage	241.95	Other	Approved	241.95	Approve in Full
46624	2004112067488	2004-10-05 00:00:00	2004-09-11 00:00:00	OKC	Will Rogers World	Southwest Airlines	Passenger Property Loss	Checkpoint	48.95	Cosmetics	Approved	48.95	Approve in Full
47353	2004112967950	2004-10-14 00:00:00	2004-09-12 00:00:00	OKC	Will Rogers World	American Airlines	Passenger Property Loss	Checked Baggage	764.0	Electronics	Settled	244.37	Settle
48099	2004120768829	2004-10-25 00:00:00	2004-09-18 00:00:00	OKC	Will Rogers World	UAL	Passenger Property Loss	Checkpoint	144.25	Other	Approved	144.25	Approve in Full
48463	2004121469125	2004-10-27 00:00:00	2004-10-14 00:00:00	OKC	Will Rogers World	Delta Air Lines	Passenger Property Loss	Checked Baggage	161.0	Other	Denied	0.0	Deny
49285	2004122069509	2004-11-05 00:00:00	2004-10-28 00:00:00	OKC	Will Rogers World	Delta Air Lines	Passenger Property Loss	Checkpoint	50.0	Other	Approved	50.0	Approve in Full
49360	2005020275435	2004-11-05 00:00:00	2004-08-18 00:00:00	OKC	Will Rogers World		Passenger Property Loss	Checked Baggage	259.99	Electronics	Denied	0.0	Deny
49592	2004122169831	2004-11-09 00:00:00	2004-10-20 00:00:00	OKC	Will Rogers World	UAL	Passenger Property Loss	Checked Baggage	23.95	Other	Denied		Deny
49846	2004122170219	2004-11-15 00:00:00	2004-11-04 00:00:00	OKC	Will Rogers World	Continental Airlines	Passenger Property Loss	Checked Baggage	28.87	Tools & Machines	Approved	28.87	Approve in Full
50252	2005010672936	2004-11-18 00:00:00	2004-10-17 00:00:00	OKC	Will Rogers World	Delta Air Lines	Passenger Property Loss	Checked Baggage	358.22	Other	Denied	0.0	Deny
50924	2004122771051	2004-11-29 00:00:00	2004-11-14 00:00:00	OKC	Will Rogers World		Passenger Property Loss	Checked Baggage	529.44	Cosmetics	Settled	132.36	Settle
51673	2005010472710	2004-12-10 00:00:00	2004-09-29 00:00:00	OKC	Will Rogers World		Passenger Property Loss	Checked Baggage	20.0	Other	Canceled	0.0	
52589	2005011073299	2004-12-21 00:00:00	2004-11-30 00:00:00	OKC	Will Rogers World	Delta Air Lines	Passenger Property Loss	Checked Baggage	9.0	Other	Approved	9.0	Approve in Full
53416	2005012674314	2005-01-04 00:00:00	2004-12-22 00:00:00	OKC	Will Rogers World		Passenger Property Loss	Checked Baggage	63.6	Electronics	Approved	63.6	Approve in Full
53562	2005020275300	2005-01-04 00:00:00	2004-12-15 00:00:00	OKC	Will Rogers World	American Airlines	Passenger Property Loss	Checked Baggage	300.0	Electronics	Denied	0.0	Deny
53741	2005012574294	2005-01-06 00:00:00	2004-11-25 00:00:00	OKC	Will Rogers World	UAL	Passenger Property Loss	Checked Baggage	726.74	Watches & Jewelry	Settled	363.37	Settle
55710	2005022276539	2005-01-27 00:00:00	2004-12-22 00:00:00	OKC	Will Rogers World		Passenger Property Loss	Checked Baggage	75.0	Watches & Jewelry	Approved	75.0	Approve in Full
56055	2005030877266	2005-02-01 00:00:00	2005-01-04 00:00:00	OKC	Will Rogers World	Northwest Airlines	Passenger Property Loss	Checked Baggage	120.0	Other	Approved	120.0	Approve in Full
58268	2005032279158	2005-03-04 00:00:00	2005-02-19 00:00:00	OKC	Will Rogers World	Delta Air Lines	Passenger Property Loss	Checked Baggage	21.73	Tools & Machines	Approved	21.73	Approve in Full
58551	2005032379401	2005-03-07 00:00:00	2005-02-09 00:00:00	OKC	Will Rogers World		Passenger Property Loss	Checked Baggage	325.3	Electronics	Denied	0.0	Deny
60225	2005040481249	2005-03-29 00:00:00	2005-03-16 00:00:00	OKC	Will Rogers World	Delta Air Lines	Passenger Property Loss	Checked Baggage	33.71	Other	Approved	33.71	Approve in Full
60269	2005040180989	2005-03-29 00:00:00	2005-03-20 00:00:00	OKC	Will Rogers World	Delta Air Lines	Passenger Property Loss	Checked Baggage	56.0	Electronics	Denied	0.0	Deny
60667	2005040581569	2005-04-01 00:00:00	2005-03-07 00:00:00	OKC	Will Rogers World	Southwest Airlines	Passenger Property Loss	Checked Baggage	315.0	Watches & Jewelry	Denied	0.0	Deny
62700	2005042883559	2005-04-27 00:00:00	2005-04-08 00:00:00	OKC	Will Rogers World	Continental Airlines	Passenger Property Loss	Checked Baggage	365.44	Cosmetics	Denied	0.0	Deny
63261	2005050584148	2005-05-04 00:00:00	2005-04-16 00:00:00	OKC	Will Rogers World	Southwest Airlines	Passenger Property Loss	Checked Baggage	170.97	Electronics	Settled	85.46	Settle
63374	2005051084348	2005-05-09 00:00:00	2005-04-26 00:00:00	OKC	Will Rogers World	Delta Air Lines	Passenger Property Loss	Checked Baggage	130.21	Clothing & Accessories	Approved	130.21	Approve in Full
63836	2005051684783	2005-05-13 00:00:00	2005-04-27 00:00:00	OKC	Will Rogers World	Southwest Airlines	Passenger Property Loss	Checkpoint	25.0	Other	Approved	25.0	Approve in Full
64371	2005060185658	2005-05-19 00:00:00	2005-03-31 00:00:00	OKC	Will Rogers World	Delta Air Lines	Passenger Property Loss	Checked Baggage		Other	Insufficient, one of the following items required: sum certain, statement of fact, signature, location of incident, and date.		
64974	2005060885975	2005-05-31 00:00:00	2005-05-01 00:00:00	OKC	Will Rogers World		Passenger Property Loss	Checked Baggage	329.95	Electronics	Denied	0.0	Deny
65677	2005062086653	2005-06-07 00:00:00	2005-05-27 00:00:00	OKC	Will Rogers World	UAL	Passenger Property Loss	Checkpoint	160.0	Watches & Jewelry	Denied	0.0	Deny
65740	2005062086695	2005-06-08 00:00:00	2005-05-26 00:00:00	OKC	Will Rogers World	UAL	Passenger Property Loss	Checked Baggage	50.0	Other	Approved	50.0	Approve in Full
66783	2005063087874	2005-06-23 00:00:00	2005-05-31 00:00:00	OKC	Will Rogers World	Delta Air Lines	Passenger Property Loss	Checked Baggage	183.95	Clothing & Accessories	Approved	183.95	Approve in Full
66844	2005062987710	2005-06-24 00:00:00	2005-05-25 00:00:00	OKC	Will Rogers World	American Airlines	Passenger Property Loss	Checked Baggage	75.66	Clothing & Accessories	Approved	75.66	Approve in Full
67100	2005070188081	2005-06-28 00:00:00	2005-05-30 00:00:00	OKC	Will Rogers World	Continental Airlines	Passenger Property Loss	Checked Baggage	30.0	Other	Denied	0.0	Deny
67301	2005070188089	2005-07-01 00:00:00	2005-06-12 00:00:00	OKC	Will Rogers World	America West	Passenger Property Loss	Checked Baggage	85.0	Other	Denied	0.0	Deny
67354	2005070688338	2005-07-05 00:00:00	2005-06-03 00:00:00	OKC	Will Rogers World	UAL	Passenger Property Loss	Checked Baggage	20.0	Tools & Machines	Approved	20.0	Approve in Full
67467	2005071188544	2005-07-06 00:00:00	2005-06-09 00:00:00	OKC	Will Rogers World		Passenger Property Loss	Checked Baggage	12.5	Containers	Approved	12.5	Approve in Full
67783	2005071288703	2005-07-11 00:00:00	2005-06-15 00:00:00	OKC	Will Rogers World	Delta Air Lines	Passenger Property Loss	Checkpoint	139.0	Clothing & Accessories	Denied	0.0	Deny
68532	2005072289473	2005-07-20 00:00:00	2005-07-02 00:00:00	OKC	Will Rogers World	UAL	Passenger Property Loss	Checked Baggage	399.98	Electronics	Settled	379.58	Settle
69202	2005080990284	2005-08-01 00:00:00	2005-07-22 00:00:00	OKC	Will Rogers World	Northwest Airlines	Passenger Property Loss	Checked Baggage	90.3	Electronics	Denied	0.0	Deny
69680	2005081790771	2005-08-08 00:00:00	2005-07-20 00:00:00	OKC	Will Rogers World	Southwest Airlines	Passenger Property Loss	Checked Baggage	79.0	Clothing & Accessories	Approved	79.0	Approve in Full
70010	2005082291058	2005-08-12 00:00:00	2005-07-16 00:00:00	OKC	Will Rogers World	Northwest Airlines	Passenger Property Loss	Checked Baggage	60.0	Clothing & Accessories	Canceled	0.0	
70321	2005082491362	2005-08-17 00:00:00	2005-07-10 00:00:00	OKC	Will Rogers World	Southwest Airlines	Passenger Property Loss	Checked Baggage	30.0	Clothing & Accessories	Approved	30.0	Approve in Full
70622	2005082991683	2005-08-23 00:00:00	2005-08-12 00:00:00	OKC	Will Rogers World	Southwest Airlines	Passenger Property Loss	Checked Baggage	71.27	Other	Denied	0.0	Deny
71016	2005090192047	2005-08-29 00:00:00	2005-08-02 00:00:00	OKC	Will Rogers World	Northwest Airlines	Passenger Property Loss	Checked Baggage	142.0	Clothing & Accessories	Settled	71.0	Settle
72150	2005092793305	2005-09-16 00:00:00	2005-08-13 00:00:00	OKC	Will Rogers World	American Airlines	Passenger Property Loss	Checked Baggage	299.99	Electronics	Denied	0.0	Deny
72372	2005093093569	2005-09-20 00:00:00	2005-09-17 00:00:00	OKC	Will Rogers World	Delta Air Lines	Passenger Property Loss	Checked Baggage	5.0	Tools & Machines	Approved	5.0	Approve in Full
72746	2005100493862	2005-09-27 00:00:00	2005-09-09 00:00:00	OKC	Will Rogers World	Southwest Airlines	Passenger Property Loss	Checked Baggage	75.0	Watches & Jewelry	Approved	75.0	Approve in Full
73276	2005100694198	2005-10-04 00:00:00	2005-09-11 00:00:00	OKC	Will Rogers World	Continental Airlines	Passenger Property Loss	Checked Baggage	5000.0	Watches & Jewelry	Settled	2500.0	Settle
73676	2005102094913	2005-10-12 00:00:00	2005-08-26 00:00:00	OKC	Will Rogers World	American Airlines	Passenger Property Loss	Checked Baggage	107.17	Electronics	Denied	0.0	Deny
74359	2005110395554	2005-10-25 00:00:00	2005-09-21 00:00:00	OKC	Will Rogers World	American Airlines	Passenger Property Loss	Checked Baggage	10.0	Tools & Machines	Approved	10.0	Approve in Full
74505	2005110495628	2005-10-26 00:00:00	2005-10-14 00:00:00	OKC	Will Rogers World	UAL	Passenger Property Loss	Checked Baggage	200.0	Other	Settled	129.99	Settle
74794	2005110995859	2005-11-01 00:00:00	2005-08-27 00:00:00	OKC	Will Rogers World	UAL	Passenger Property Loss	Checked Baggage	753.86	Clothing & Accessories	Denied	0.0	Deny
74868	2005110995899	2005-11-01 00:00:00	2005-08-15 00:00:00	OKC	Will Rogers World		Passenger Property Loss	Checked Baggage		Musical Intruments	Insufficient, one of the following items required: sum certain, statement of fact, signature, location of incident, and date.		
75087	2005111896230	2005-11-07 00:00:00	2005-10-19 00:00:00	OKC	Will Rogers World	Southwest Airlines	Passenger Property Loss	Checked Baggage	20.0	Other	Denied	0.0	Deny
75278	2005112596466	2005-11-10 00:00:00	2005-09-09 00:00:00	OKC	Will Rogers World	Southwest Airlines	Passenger Property Loss	Checked Baggage	11.83	Tools & Machines	Approved	11.83	Approve in Full
76679	2005121997984	2005-12-06 00:00:00	2005-11-12 00:00:00	OKC	Will Rogers World	Delta Air Lines	Passenger Property Loss	Checkpoint	589.93	Electronics	Denied	0.0	Deny
77240	2005122798366	2005-12-16 00:00:00	2005-10-22 00:00:00	OKC	Will Rogers World	Delta Air Lines	Passenger Property Loss	Checked Baggage	371.0	Watches & Jewelry	Denied	0.0	Deny
77939	2006010999131	2006-01-03 00:00:00	2005-11-07 00:00:00	OKC	Will Rogers World	Northwest Airlines	Passenger Property Loss	Checked Baggage	249.88	Electronics	Denied	0.0	Deny
77948	2006010698993	2006-01-03 00:00:00	2005-11-28 00:00:00	OKC	Will Rogers World	Southwest Airlines	Passenger Property Loss	Checked Baggage	100.0	Clothing & Accessories	Settled	50.0	Settle
79621	2006020100771	2006-01-26 00:00:00	2005-12-15 00:00:00	OKC	Will Rogers World	Northwest Airlines	Passenger Property Loss	Checked Baggage	225.65	Clothing & Accessories	Denied	0.0	Deny
79796	2006020701012	2006-01-30 00:00:00	2006-01-03 00:00:00	OKC	Will Rogers World	Southwest Airlines	Passenger Property Loss	Checked Baggage	89.01	Clothing & Accessories	Denied	0.0	Deny
80077	2006020901310	2006-02-03 00:00:00	2006-01-24 00:00:00	OKC	Will Rogers World	UAL	Passenger Property Loss	Checked Baggage	76.0	Watches & Jewelry	Approved	76.0	Approve in Full
81149	2006022802282	2006-02-23 00:00:00	2006-01-12 00:00:00	OKC	Will Rogers World	Delta Air Lines	Passenger Property Loss	Checked Baggage		Clothing & Accessories	Insufficient, one of the following items required: sum certain, statement of fact, signature, location of incident, and date.		
81298	2006030202347	2006-02-27 00:00:00	2005-10-29 00:00:00	OKC	Will Rogers World	Southwest Airlines	Passenger Property Loss	Checked Baggage	100.0	Other	Denied	0.0	Deny
81405	2006030602589	2006-02-28 00:00:00	2006-02-22 00:00:00	OKC	Will Rogers World	Delta Air Lines	Passenger Property Loss	Checked Baggage	1900.0	Watches & Jewelry	Denied	0.0	Deny
81829	2006032003364	2006-03-07 00:00:00	2006-01-23 00:00:00	OKC	Will Rogers World	Northwest Airlines	Passenger Property Loss	Checked Baggage	845.0	Other	Denied	0.0	Deny
81921	2006031403096	2006-03-09 00:00:00	2006-02-17 00:00:00	OKC	Will Rogers World	Southwest Airlines	Passenger Property Loss	Checkpoint	176.36	Electronics	Canceled	0.0	
82466	2006032103432	2006-03-20 00:00:00	2005-05-25 00:00:00	OKC	Will Rogers World	American Airlines	Passenger Property Loss	Checked Baggage	400.0	Clothing & Accessories	Denied	0.0	Deny
82752	2006040303894	2006-03-23 00:00:00	2006-03-15 00:00:00	OKC	Will Rogers World	American Airlines	Passenger Property Loss	Checked Baggage	338.0	Electronics	Settled	258.0	Settle
82856	2006040504092	2006-03-27 00:00:00	2006-02-07 00:00:00	OKC	Will Rogers World	Southwest Airlines	Passenger Property Loss	Checked Baggage	14.0	Tools & Machines	Approved	14.0	Approve in Full
84051	2006042405073	2006-04-18 00:00:00	2006-03-26 00:00:00	OKC	Will Rogers World	UAL	Passenger Property Loss	Checked Baggage	207.7	Clothing & Accessories	Settled	165.06	Settle
84915	2006062208449	2006-05-08 00:00:00	2006-04-13 00:00:00	OKC	Will Rogers World	American Airlines	Passenger Property Loss	Checked Baggage	108.14	Electronics	Approved	108.14	Approve in Full
84932	2006051105957	2006-05-08 00:00:00	2006-04-13 00:00:00	OKC	Will Rogers World	American Airlines	Passenger Property Loss	Checked Baggage	1789.0	Electronics	Denied	0.0	Deny
84997	2006051105993	2006-05-09 00:00:00	2006-03-23 00:00:00	OKC	Will Rogers World	Southwest Airlines	Passenger Property Loss	Checkpoint	373.94	Watches & Jewelry	Denied	0.0	Deny
85564	2006060207256	2006-05-21 00:00:00	2005-12-25 00:00:00	OKC	Will Rogers World	American Airlines	Passenger Property Loss	Checked Baggage	80.0	Containers	Settled	40.0	Settle
86598	2006061307816	2006-06-12 00:00:00	2006-05-26 00:00:00	OKC	Will Rogers World	Northwest Airlines	Passenger Property Loss	Checked Baggage	230.0	Clothing & Accessories	Denied	0.0	Deny
86631	2006061307884	2006-06-12 00:00:00	2006-05-05 00:00:00	OKC	Will Rogers World	American Airlines	Passenger Property Loss	Checkpoint	1014.74	Electronics,Electronics,Electronics	Denied	0.0	Deny
86695	2006061407964	2006-06-13 00:00:00	2006-03-26 00:00:00	OKC	Will Rogers World	Southwest Airlines	Passenger Property Loss	Checked Baggage	269.0	Watches & Jewelry	Canceled	0.0	
87600	2006062908759	2006-06-29 00:00:00	2006-04-18 00:00:00	OKC	Will Rogers World	Continental Airlines	Passenger Property Loss	Checked Baggage	314.28	Clothing & Accessories	Settled	188.56	Settle
88474	2006071909705	2006-07-17 00:00:00	2006-07-01 00:00:00	OKC	Will Rogers World	American Airlines	Passenger Property Loss	Checkpoint	140.89	Electronics	Denied	0.0	Deny
88899	2006072710159	2006-07-25 00:00:00	2006-06-24 00:00:00	OKC	Will Rogers World	Southwest Airlines	Passenger Property Loss	Checked Baggage	3197.99	Watches & Jewelry,Other	Denied	0.0	Deny
89121	2006080210421	2006-07-31 00:00:00	2006-07-24 00:00:00	OKC	Will Rogers World	UAL	Passenger Property Loss	Checked Baggage	40.95	Cosmetics	Approved	40.95	Approve in Full
89125	2006080310486	2006-07-31 00:00:00	2006-07-21 00:00:00	OKC	Will Rogers World		Passenger Property Loss	Checked Baggage	10.0	Tools & Machines	Approved	10.0	Approve in Full
89433	2006080910617	2006-08-04 00:00:00	2006-07-24 00:00:00	OKC	Will Rogers World	American Airlines	Passenger Property Loss	Checked Baggage	2977.67	Electronics	Denied	0.0	Deny
89440	2006080910638	2006-08-04 00:00:00	2006-07-21 00:00:00	OKC	Will Rogers World	Southwest Airlines	Passenger Property Loss	Checked Baggage	34.13	Clothing & Accessories	Denied	0.0	Deny
89905	2006081711251	2006-08-14 00:00:00	2006-08-05 00:00:00	OKC	Will Rogers World	Southwest Airlines	Passenger Property Loss	Checkpoint	2600.0	Watches & Jewelry	Denied	0.0	Deny
90158	2006082311424	2006-08-18 00:00:00	2005-11-15 00:00:00	OKC	Will Rogers World	American West	Passenger Property Loss	Checked Baggage	350.0	Electronics	Denied	0.0	Deny
90711	2006090712063	2006-08-29 00:00:00	2006-08-09 00:00:00	OKC	Will Rogers World	Southwest Airlines	Passenger Property Loss	Checked Baggage	493.0	Watches & Jewelry	Approved	493.0	Approve in Full
91001	2006090812170	2006-09-05 00:00:00	2006-08-25 00:00:00	OKC	Will Rogers World	Southwest Airlines	Passenger Property Loss	Checked Baggage	300.0	Electronics	Denied	0.0	Deny
91177	2006091312451	2006-09-07 00:00:00	2006-07-26 00:00:00	OKC	Will Rogers World	Southwest Airlines	Passenger Property Loss	Checked Baggage	94.85	Scientific Intruments	Approved	94.85	Approve in Full
91352	2006091812656	2006-09-11 00:00:00	2006-09-09 00:00:00	OKC	Will Rogers World	UAL	Passenger Property Loss	Checked Baggage	99.99	Containers	Denied	0.0	Deny
92621	2006101213947	2006-10-05 00:00:00	2006-09-24 00:00:00	OKC	Will Rogers World	Continental Airlines	Passenger Property Loss	Checked Baggage	820.0	Electronics	Denied	0.0	Deny
93928	2006111315451	2006-10-31 00:00:00	2006-10-08 00:00:00	OKC	Will Rogers World	UAL	Passenger Property Loss	Checked Baggage	1112.99	Electronics	Denied	0.0	Deny
94128	2006110915372	2006-11-03 00:00:00	2006-10-27 00:00:00	OKC	Will Rogers World	USAir	Passenger Property Loss	Checked Baggage	43.4	Office Supplies	Settled	43.4	Settle
95532	2006120816856	2006-12-01 00:00:00	2006-09-10 00:00:00	OKC	Will Rogers World	Southwest Airlines	Passenger Property Loss	Checked Baggage	389.64	Other	Denied	0.0	Deny
95628	2006121116891	2006-12-04 00:00:00	2006-11-10 00:00:00	OKC	Will Rogers World	Southwest Airlines	Passenger Property Loss	Checked Baggage	165.0	Watches & Jewelry	Settled	82.5	Settle
95970	2006121517251	2006-12-11 00:00:00	2006-11-14 00:00:00	OKC	Will Rogers World	Southwest Airlines	Passenger Property Loss	Checkpoint	129.89	Electronics	Denied	0.0	Deny
96208	2006122217752	2006-12-13 00:00:00	2006-12-10 00:00:00	OKC	Will Rogers World	Southwest Airlines	Passenger Property Loss	Checked Baggage	774.0	Clothing & Accessories,Cosmetics,Watches & Jewelry,Electronics	Denied	0.0	Deny
96305	2006122117620	2006-12-18 00:00:00	2006-11-27 00:00:00	OKC	Will Rogers World	US Express	Passenger Property Loss	Checked Baggage	17.0	Other	Approved	17.0	Approve in Full
96519	2006122217794	2006-12-20 00:00:00	2006-12-12 00:00:00	OKC	Will Rogers World	UAL	Passenger Property Loss	Checkpoint	325.11	Watches & Jewelry	Denied	0.0	Deny
98363	2007012519442	2007-01-18 00:00:00	2006-11-16 00:00:00	OKC	Will Rogers World	Southwest Airlines	Passenger Property Loss	Checked Baggage	451.45	Containers,Cosmetics,Watches & Jewelry	Denied	0.0	Deny
99948	2007021420931	2007-02-14 00:00:00	2007-02-09 00:00:00	OKC	Will Rogers World	Southwest Airlines	Passenger Property Loss	Checked Baggage	30.0	Clothing & Accessories	Denied	0.0	Deny
100133	2007022221317	2007-02-20 00:00:00	2007-02-09 00:00:00	OKC	Will Rogers World	Northwest Airlines	Passenger Property Loss	Checked Baggage	609.03	Electronics,Cosmetics,Clothing & Accessories,Watches & Jewelry	Denied	0.0	Deny
100160	2007022221343	2007-02-20 00:00:00	2007-12-26 00:00:00	OKC	Will Rogers World	American Airlines	Passenger Property Loss	Checked Baggage	440.0	Electronics	Settled	72.36	Settle
101153	2007031622395	2007-03-12 00:00:00	2007-02-23 00:00:00	OKC	Will Rogers World		Passenger Property Loss	Checked Baggage	8000.0	Other	Denied	0.0	Deny
102216	2007040323427	2007-04-02 00:00:00	2007-03-19 00:00:00	OKC	Will Rogers World	American Airlines	Passenger Property Loss	Checked Baggage	3000.0	Electronics	Denied	0.0	Deny
103363	2007042624538	2007-04-24 00:00:00	2007-01-02 00:00:00	OKC	Will Rogers World		Passenger Property Loss	Checked Baggage	40.0	Tools & Machines	Settled	10.0	Settle
103622	2007050324932	2007-05-01 00:00:00	2007-04-24 00:00:00	OKC	Will Rogers World	American Airlines	Passenger Property Loss	Checked Baggage	9.93	Tools & Machines	Approved	9.93	Approve in Full
106413	2007070227741	2007-06-26 00:00:00	2007-06-24 00:00:00	OKC	Will Rogers World	Frontier Airlines	Passenger Property Loss	Checked Baggage	273.05	Electronics	Denied	0.0	Deny
107440	2007071928702	2007-07-17 00:00:00	2007-07-12 00:00:00	OKC	Will Rogers World		Passenger Property Loss	Checkpoint	555.0	Watches & Jewelry,Watches & Jewelry	Canceled	0.0	
107560	2007072028825	2007-07-19 00:00:00	2007-05-16 00:00:00	OKC	Will Rogers World		Passenger Property Loss	Checked Baggage	58.0	Other	Denied	0.0	Deny
108868	2007081530259	2007-08-10 00:00:00	2007-07-03 00:00:00	OKC	Will Rogers World	UAL	Passenger Property Loss	Checked Baggage	6.7	Tools & Machines	Denied	0.0	Deny
108908	2007081430182	2007-08-13 00:00:00	2007-08-09 00:00:00	OKC	Will Rogers World	UAL	Passenger Property Loss	Checked Baggage	310.0	Clothing & Accessories	Canceled	0.0	
109531	2007082730934	2007-08-23 00:00:00	2007-07-26 00:00:00	OKC	Will Rogers World	Delta Air Lines	Passenger Property Loss	Checkpoint	65.0	Watches & Jewelry	Approved	65.0	Approve in Full
110437	2007091331823	2007-09-10 00:00:00	2007-08-18 00:00:00	OKC	Will Rogers World	UAL	Passenger Property Loss	Checkpoint	70.0	Electronics	Denied	0.0	Deny
110742	2007091832133	2007-09-14 00:00:00	2007-08-15 00:00:00	OKC	Will Rogers World	Northwest Airlines	Passenger Property Loss	Checkpoint	1569.62	Watches & Jewelry,Other	Denied	0.0	Deny
112069	2007101533402	2007-10-12 00:00:00	2007-10-10 00:00:00	OKC	Will Rogers World		Passenger Property Loss	Checked Baggage	125.0	Tools & Machines	Denied	0.0	Deny
113325	2007110934764	2007-11-06 00:00:00	2007-10-19 00:00:00	OKC	Will Rogers World	American Airlines	Passenger Property Loss	Checked Baggage	250.0	Clothing & Accessories	Denied	0.0	Deny
113344	2007111635110	2007-11-06 00:00:00	2007-10-22 00:00:00	OKC	Will Rogers World	Delta Air Lines	Passenger Property Loss	Checkpoint	675.0	Watches & Jewelry	Settled	475.49	Settle
114843	2007121036255	2007-12-06 00:00:00	2007-11-04 00:00:00	OKC	Will Rogers World	UAL	Passenger Property Loss	Checkpoint	249.5	Cosmetics	Settled	124.75	Settle
115563	2007122837081	2007-12-26 00:00:00	2007-12-19 00:00:00	OKC	Will Rogers World	Southwest Airlines	Passenger Property Loss	Checked Baggage	860.0	Other	Canceled	0.0	
116697	2008011838164	2008-01-14 00:00:00	2007-11-30 00:00:00	OKC	Will Rogers World	American Airlines	Passenger Property Loss	Checked Baggage	1068.94	Electronics	Denied	0.0	Deny
117576	2008020739252	2008-01-29 00:00:00	2008-01-23 00:00:00	OKC	Will Rogers World	American Airlines	Passenger Property Loss	Checked Baggage	150.0	Clothing & Accessories,Cosmetics	Denied	0.0	Deny
117620	2008020739240	2008-01-31 00:00:00	2008-01-27 00:00:00	OKC	Will Rogers World	Delta Air Lines	Passenger Property Loss	Checked Baggage	216.41	Electronics	Approved	216.41	Approve in Full
117901	2008021239455	2008-02-05 00:00:00	2008-02-01 00:00:00	OKC	Will Rogers World	Delta Air Lines	Passenger Property Loss	Checked Baggage	35.0	Cosmetics	Denied	0.0	Deny
120305	2008040441937	2008-03-26 00:00:00	2008-03-20 00:00:00	OKC	Will Rogers World	Southwest Airlines	Passenger Property Loss	Checked Baggage	103.38	Supplies	Denied	0.0	Deny
121341	2008042243098	2008-04-14 00:00:00	2008-02-25 00:00:00	OKC	Will Rogers World	USAir	Passenger Property Loss	Checkpoint	240.0	Electronics	Denied	0.0	Deny
122304	2008050643909	2008-05-05 00:00:00	2008-04-10 00:00:00	OKC	Will Rogers World	Continental Airlines	Passenger Property Loss	Checked Baggage	572.7	Electronics,Household Decor,Cosmetics,Containers,Supplies	Denied	0.0	Deny
122430	2008050844006	2008-05-06 00:00:00	2008-02-29 00:00:00	OKC	Will Rogers World	Southwest Airlines	Passenger Property Loss	Checked Baggage		Watches & Jewelry	Insufficient, one of the following items required: sum certain, statement of fact, signature, location of incident, and date.		
123783	2008060545308	2008-06-05 00:00:00	2008-05-14 00:00:00	OKC	Will Rogers World	American Airlines	Passenger Property Loss	Checked Baggage	19.51	Tools & Machines	Denied	0.0	Deny
123933	2008061345662	2008-06-09 00:00:00	2008-05-29 00:00:00	OKC	Will Rogers World	American Airlines	Passenger Property Loss	Checked Baggage	240.0	Electronics	Denied	0.0	Deny
125621	2008072447374	2008-07-17 00:00:00	2008-07-10 00:00:00	OKC	Will Rogers World	UAL	Passenger Property Loss	Checked Baggage	69.0	Other	Denied	0.0	Deny
126003	2008073047698	2008-07-25 00:00:00	2008-06-29 00:00:00	OKC	Will Rogers World		Passenger Property Loss	Checked Baggage	21.95	Clothing & Accessories	Denied	0.0	Deny
127043	2008082048824	2008-08-18 00:00:00	2008-07-01 00:00:00	OKC	Will Rogers World	American Airlines	Passenger Property Loss	Checked Baggage	400.0	Clothing & Accessories,Cosmetics	Denied	0.0	Deny
127091	2008082148912	2008-08-18 00:00:00	2008-06-08 00:00:00	OKC	Will Rogers World	USAir	Passenger Property Loss	Checked Baggage	312.28	Electronics	Denied	0.0	Deny
127254	2008082549075	2008-08-21 00:00:00	2008-08-14 00:00:00	OKC	Will Rogers World	Southwest Airlines	Passenger Property Loss	Checked Baggage	6.99	Tools & Machines	Denied	0.0	Deny
128891	2008092550405	2008-09-30 00:00:00	2008-09-19 00:00:00	OKC	Will Rogers World	American Airlines	Passenger Property Loss	Checked Baggage	1552.71	Electronics	Denied	0.0	Deny
129258	2008101051035	2008-10-08 00:00:00	2008-09-19 00:00:00	OKC	Will Rogers World	Continental Airlines	Passenger Property Loss	Checked Baggage	650.0	Containers,Cosmetics,Watches & Jewelry	Settled	500.0	Settle
130023	2008110451744	2008-10-28 00:00:00	2008-10-23 00:00:00	OKC	Will Rogers World	Delta Air Lines	Passenger Property Loss	Checked Baggage	270.0	Electronics	Settled	135.0	Settle
130082	2008110551956	2008-10-31 00:00:00	2008-10-29 00:00:00	OKC	Will Rogers World	Southwest Airlines	Passenger Property Loss	Checked Baggage	10.0	Tools & Machines	Approved	10.0	Approve in Full
130112	2008110551964	2008-10-31 00:00:00	2008-10-17 00:00:00	OKC	Will Rogers World	American Airlines	Passenger Property Loss	Checked Baggage	600.0	Electronics	Denied	0.0	Deny
130344	2008111452203	2008-11-06 00:00:00	2008-08-09 00:00:00	OKC	Will Rogers World	Northwest Airlines	Passenger Property Loss	Checked Baggage	1544.56	Clothing & Accessories,Cosmetics,Supplies,Other	Denied	0.0	Deny
131218	2008120453104	2008-12-01 00:00:00	2008-08-05 00:00:00	OKC	Will Rogers World	Southwest Airlines	Passenger Property Loss	Checked Baggage	15000.0	Watches & Jewelry	Denied	0.0	Deny
131569	2008121553424	2008-12-10 00:00:00	2008-11-07 00:00:00	OKC	Will Rogers World	American Airlines	Passenger Property Loss	Checked Baggage	50.0	Weapons & Knives	Approved	50.0	Approve in Full
132020	2008123053836	2008-12-22 00:00:00	2008-12-14 00:00:00	OKC	Will Rogers World	Delta Air Lines	Passenger Property Loss	Checked Baggage	37.59	Watches & Jewelry,Other	Denied	0.0	Deny
132291	2009010854218	2008-12-30 00:00:00	2008-12-23 00:00:00	OKC	Will Rogers World	American Airlines	Passenger Property Loss	Checked Baggage	160.0	Containers,Clothing & Accessories,Cosmetics	Denied	0.0	Deny
135703	2009041657660	2009-03-31 00:00:00	2009-03-15 00:00:00	OKC	Will Rogers World	Southwest Airlines	Passenger Property Loss	Checked Baggage	15.89	Tools & Machines	Denied	0.0	Deny
137902	2009060259772	2009-06-02 00:00:00	2009-05-18 00:00:00	OKC	Will Rogers World	Northwest Airlines	Passenger Property Loss	Checked Baggage	175.0	Other	Settled	50.0	Settle
137937	2009060959974	2009-06-03 00:00:00	2009-01-14 00:00:00	OKC	Will Rogers World	UAL	Passenger Property Loss	Checked Baggage	320.0	Weapons & Knives	Settled	125.65	Settle
138203	2009061560164	2009-06-10 00:00:00	2009-05-05 00:00:00	OKC	Will Rogers World	Northwest Airlines	Passenger Property Loss	Checked Baggage	160.92	Electronics	Denied	0.0	Deny
139111	2009071361110	2009-07-06 00:00:00	2009-06-26 00:00:00	OKC	Will Rogers World	Southwest Airlines	Passenger Property Loss	Checked Baggage	385.0	Watches & Jewelry	Denied	0.0	Deny
139361	2009070860953	2009-07-11 00:00:00	2009-05-13 00:00:00	OKC	Will Rogers World	American Airlines	Passenger Property Loss	Checked Baggage	1650.0	Clothing & Accessories,Electronics	Denied	0.0	Deny
140010	2009071461198	2009-07-28 00:00:00	2009-05-01 00:00:00	OKC	Will Rogers World	Continental Airlines	Passenger Property Loss	Checked Baggage	1299.0	Electronics	Denied	0.0	Deny
142064	2009092964116	2009-09-24 00:00:00	2009-09-16 00:00:00	OKC	Will Rogers World	Southwest Airlines	Passenger Property Loss	Checked Baggage	500.0	Watches & Jewelry	Canceled		
142739	2009111665402	2009-10-18 00:00:00	2009-10-18 00:00:00	OKC	Will Rogers World	Southwest Airlines	Passenger Property Loss	Checked Baggage	299.99	Electronics	Denied	0.0	Deny
142802	2009102864833	2009-10-20 00:00:00	2009-09-30 00:00:00	OKC	Will Rogers World	Continental Airlines	Passenger Property Loss	Checked Baggage	158.49	Outdoors Supplies	Denied	0.0	Deny
143504	2009112465694	2009-11-12 00:00:00	2009-10-08 15:24:00	OKC	Will Rogers World	Southwest Airlines	Passenger Property Loss	Checked Baggage	9.73	Other	Approved	9.73	Approve in Full
144838	2009122866837	2009-12-22 00:00:00	2009-12-16 00:00:00	OKC	Will Rogers World	Southwest Airlines	Passenger Property Loss	Checked Baggage	180.0	Electronics	Denied	0.0	Deny
145243	2011021680236	2010-01-18 00:00:00	2010-11-21 00:00:00	OKC	Will Rogers World	American Airlines	Passenger Property Loss	Checked Baggage		Containers,Household Items,Household Items,Other,Games & Toys		0.0	Deny
145280	2010012567840	2010-01-19 00:00:00	2010-01-13 15:29:00	OKC	Will Rogers World	Northwest Airlines	Passenger Property Loss	Checked Baggage		Electronics		0.0	Deny
145699	2010021968554	2010-02-12 00:00:00	2010-01-15 18:35:00	OKC	Will Rogers World	Southwest Airlines	Passenger Property Loss	Checkpoint		Other		0.0	Deny
146864	2010032469991	2010-03-19 00:00:00	2010-02-24 12:30:00	OKC	Will Rogers World	Southwest Airlines	Passenger Property Loss	Checkpoint		Watches & Jewelry		0.0	Deny
147147	2010040670469	2010-03-29 00:00:00	2010-03-09 05:45:00	OKC	Will Rogers World	American Airlines	Passenger Property Loss	Checked Baggage		Cosmetics		0.0	Deny
148805	2010052172047	2010-05-18 00:00:00	2010-04-29 06:15:00	OKC	Will Rogers World	Southwest Airlines	Passenger Property Loss	Checked Baggage		Electronics,Other		0.0	Deny
149773	2010062473063	2010-06-18 00:00:00	2010-06-13 05:00:00	OKC	Will Rogers World	Southwest Airlines	Passenger Property Loss	Checked Baggage		Cosmetics		12.0	Approve in Full
149942	2010063073251	2010-06-24 00:00:00	2010-05-30 17:30:00	OKC	Will Rogers World	American Airlines	Passenger Property Loss	Checkpoint		Electronics		0.0	Deny
150044	2010070773432	2010-06-28 00:00:00	2010-06-02 05:00:00	OKC	Will Rogers World	UAL	Passenger Property Loss	Checked Baggage		Cosmetics,Cosmetics,Cosmetics,Other		0.0	Deny
150956	2010080374353	2010-07-23 00:00:00	2010-06-13 00:00:00	OKC	Will Rogers World	Delta Air Lines	Passenger Property Loss	Checked Baggage		Electronics			
152608	2010091576015	2010-09-08 00:00:00	2010-08-14 05:00:00	OKC	Will Rogers World	American Airlines	Passenger Property Loss	Checkpoint		Watches & Jewelry		0.0	Deny
152718	2010090775729	2010-09-13 00:00:00	2010-08-24 16:30:00	OKC	Will Rogers World	Southwest Airlines	Passenger Property Loss	Checked Baggage		Cosmetics		0.0	Deny
153045	2010092976516	2010-09-21 00:00:00	2010-08-22 17:10:00	OKC	Will Rogers World	Continental Airlines	Passenger Property Loss	Checkpoint		Clothing & Accessories		0.0	Deny
153351	2010100976804	2010-09-30 00:00:00	2010-09-27 11:30:00	OKC	Will Rogers World	UAL	Passenger Property Loss	Checkpoint		Watches & Jewelry		0.0	Deny
154637	2010112678230	2010-11-10 00:00:00	2010-10-31 10:00:00	OKC	Will Rogers World	Southeast Airlines	Passenger Property Loss	Checkpoint		Outdoors Supplies		0.0	Deny
154676	2010112478140	2010-11-12 00:00:00	2010-11-10 14:00:00	OKC	Will Rogers World	UAL	Passenger Property Loss	Checked Baggage		Other		0.0	Deny
154788	2010112678172	2010-11-16 00:00:00	2010-10-13 12:20:00	OKC	Will Rogers World	Delta Air Lines	Passenger Property Loss	Checkpoint		Watches & Jewelry		500.0	Settle
155013	2010120178403	2010-11-23 00:00:00	2010-08-04 17:30:00	OKC	Will Rogers World	UAL	Passenger Property Loss	Checked Baggage		Other			
155198	2010121078703	2010-11-30 00:00:00	2010-11-15 14:45:00	OKC	Will Rogers World	Delta Air Lines	Passenger Property Loss	Checked Baggage		Electronics		0.0	Deny
155679	2010122879124	2010-12-16 00:00:00	2010-11-30 16:44:00	OKC	Will Rogers World	Southwest Airlines	Passenger Property Loss	Checked Baggage		Other		0.0	Deny
155743	2011010379169	2010-12-20 00:00:00	2010-12-09 16:30:00	OKC	Will Rogers World	Continental Airlines	Passenger Property Loss	Checked Baggage		Cosmetics		0.0	Deny
156905	2011022280324	2011-01-25 00:00:00	2010-12-16 13:50:00	OKC	Will Rogers World	American Airlines	Passenger Property Loss	Checked Baggage		Cosmetics		0.0	Deny
157274	2011030180651	2011-02-07 00:00:00	2011-01-24 12:00:00	OKC	Will Rogers World	Southwest Airlines	Passenger Property Loss	Checked Baggage		Electronics		0.0	Deny
158516	2011040681933	2011-03-21 00:00:00	2011-03-10 09:00:00	OKC	Will Rogers World	Southwest Airlines	Passenger Property Loss	Checked Baggage		Other		21.66	Approve in Full
159471	2011042282915	2011-04-20 00:00:00	2011-04-19 05:14:00	OKC	Will Rogers World	UAL	Passenger Property Loss	Checked Baggage		Electronics,Electronics,Other		0.0	Deny
160152	2011052383664	2011-05-12 00:00:00	2011-05-10 06:30:00	OKC	Will Rogers World	Southwest Airlines	Passenger Property Loss	Checked Baggage		Watches & Jewelry		0.0	Deny
160277	2011052683795	2011-05-17 00:00:00	2011-05-10 00:00:00	OKC	Will Rogers World	Delta Air Lines	Passenger Property Loss	Checked Baggage		Electronics		395.75	Settle
161330	2011063084870	2011-06-21 00:00:00	2011-06-07 00:00:00	OKC	Will Rogers World	American Airlines	Passenger Property Loss	Checkpoint		Other		0.0	Deny
161797	2011072085361	2011-07-06 00:00:00	2011-06-21 15:00:00	OKC	Will Rogers World	Southwest Airlines	Passenger Property Loss	Checked Baggage		Other		0.0	Deny
162504	2011081286092	2011-07-28 00:00:00	2011-07-15 00:00:00	OKC	Will Rogers World		Passenger Property Loss	Checked Baggage		Cosmetics		0.0	Deny
162816	2011080585782	2011-08-08 00:00:00	2011-06-14 00:00:00	OKC	Will Rogers World	UAL	Passenger Property Loss	Checked Baggage		Cosmetics,Household Decor,Watches & Jewelry,Electronics		0.0	Deny
163337	2011082386367	2011-08-23 00:00:00	2011-07-21 00:00:00	OKC	Will Rogers World	American Airlines	Passenger Property Loss	Checked Baggage		Electronics,Other,Electronics		0.0	Deny
164017	2011091687002	2011-09-16 00:00:00	2011-08-02 12:00:00	OKC	Will Rogers World	Continental Airlines	Passenger Property Loss	Checked Baggage		Watches & Jewelry		0.0	Deny
164689	2011101988121	2011-10-11 00:00:00	2011-08-20 00:00:00	OKC	Will Rogers World	American Airlines	Passenger Property Loss	Checked Baggage		Other		21.4	Approve in Full
165206	2012030991634	2011-10-26 00:00:00	2011-10-11 00:00:00	OKC	Will Rogers World	Southwest Airlines	Passenger Property Loss	Checked Baggage		Watches & Jewelry		0.0	Deny
165458	2011110488664	2011-11-04 00:00:00	2011-09-11 00:00:00	OKC	Will Rogers World	American Airlines	Passenger Property Loss	Checked Baggage		Containers		0.0	Deny
165494	2011111588997	2011-11-07 00:00:00	2011-10-17 00:00:00	OKC	Will Rogers World	Southwest Airlines	Passenger Property Loss	Checkpoint		Clothing & Accessories		0.0	Deny
165766	2011120189305	2011-11-15 00:00:00	2011-11-10 07:19:00	OKC	Will Rogers World	UAL	Passenger Property Loss	Checked Baggage		Cosmetics		0.0	Deny
168735	2012040392389	2012-02-27 00:00:00	2012-02-16 00:00:00	OKC	Will Rogers World	Southwest Airlines	Passenger Property Loss	Checked Baggage		Electronics,Other		0.0	Deny
169013	2012040992659	2012-03-06 00:00:00	2012-01-09 17:55:00	OKC	Will Rogers World		Passenger Property Loss	Checked Baggage		Clothing & Accessories,Electronics		0.0	Deny
169233	2012041192795	2012-03-15 00:00:00	2012-03-05 00:00:00	OKC	Will Rogers World	Southwest Airlines	Passenger Property Loss	Checked Baggage		Other		0.0	Deny
169810	2012042393117	2012-04-06 00:00:00	2012-03-15 00:00:00	OKC	Will Rogers World	American Airlines	Passenger Property Loss	Checked Baggage		Electronics		0.0	Deny
171290	2012062794987	2012-05-29 00:00:00	2012-05-19 11:00:00	OKC	Will Rogers World	UAL	Passenger Property Loss	Checked Baggage		Watches & Jewelry		0.0	Deny
171673	2012071695388	2012-06-11 00:00:00	2012-05-22 08:25:00	OKC	Will Rogers World	Southwest Airlines	Passenger Property Loss	Checked Baggage		Electronics		0.0	Deny
172445	2012082696184	2012-07-10 00:00:00	2012-04-09 14:30:00	OKC	Will Rogers World	Delta Air Lines	Passenger Property Loss	Checked Baggage		Cosmetics		14.03	Approve in Full
173008	2012091396788	2012-07-30 00:00:00	2012-07-04 00:00:00	OKC	Will Rogers World	Southwest Airlines	Passenger Property Loss	Checked Baggage		Scientific Intruments			
175397	2012120599080	2012-10-24 00:00:00	2012-10-09 00:00:00	OKC	Will Rogers World		Passenger Property Loss	Checkpoint		Electronics		0.0	Deny
176627	2013020400940	2012-12-11 00:00:00	2012-12-02 07:00:00	OKC	Will Rogers World	American Airlines	Passenger Property Loss	Checked Baggage		Cosmetics		0.0	Deny
177226	2013020100836	2013-01-08 00:00:00	2012-12-26 00:00:00	OKC	Will Rogers World	Delta Air Lines	Passenger Property Loss	Checkpoint		Other		0.0	Deny
179442	2013041103145	2013-03-27 00:00:00	2013-03-18 00:00:00	OKC	Will Rogers World		Passenger Property Loss	Checkpoint		Other		368.03	Approve in Full
179887	2013050703551	2013-04-15 00:00:00	2013-03-24 00:00:00	OKC	Will Rogers World	UAL	Passenger Property Loss	Checked Baggage		Clothing & Accessories		0.0	Deny
180407	2013061204283	2013-05-03 00:00:00	2013-04-16 15:30:00	OKC	Will Rogers World	UAL	Passenger Property Loss	Checked Baggage		Containers		0.0	Deny
180953	2013062604791	2013-05-24 00:00:00	2013-05-13 00:00:00	OKC	Will Rogers World	Southwest Airlines	Passenger Property Loss	Checked Baggage		Watches & Jewelry		645.0	Settle
181502	2013080105568	2013-06-14 00:00:00	2013-06-01 00:00:00	OKC	Will Rogers World		Passenger Property Loss	Checkpoint		Other		0.0	Deny
182397	2013082206173	2013-07-16 00:00:00	2013-05-22 07:24:00	OKC	Will Rogers World	Southwest Airlines	Passenger Property Loss	Checked Baggage		Cosmetics		0.0	Deny
182852	2013081305881	2013-07-31 00:00:00	2013-01-10 00:00:00	OKC	Will Rogers World		Passenger Property Loss	Checked Baggage		Clothing & Accessories		0.0	Deny
183252	2013091907105	2013-08-13 00:00:00	2013-04-10 00:00:00	OKC	Will Rogers World		Passenger Property Loss	Checkpoint		Watches & Jewelry		231.5	Settle
184057	2013102307735	2013-09-10 00:00:00	2013-08-19 00:00:00	OKC	Will Rogers World	UAL	Passenger Property Loss	Checked Baggage		Household Decor		0.0	Deny
184538	2013110608735	2013-09-25 00:00:00	2012-07-30 16:40:00	OKC	Will Rogers World	UAL	Passenger Property Loss	Checkpoint		Cosmetics			
185085	2013103108449	2013-10-23 00:00:00	2013-10-14 10:07:00	OKC	Will Rogers World	Delta Air Lines	Passenger Property Loss	Checked Baggage		Watches & Jewelry		0.0	Deny
185717	2013111909552	2013-11-15 00:00:00	2013-11-14 00:00:00	OKC	Will Rogers World	Southwest Airlines	Passenger Property Loss	Checkpoint		Watches & Jewelry		0.0	Deny
187983	2014021911750	2014-02-10 00:00:00	2014-01-26 00:00:00	OKC	Will Rogers World	Frontier Airlines	Passenger Property Loss	Checked Baggage		Cosmetics,Other		0.0	Deny
188900	2014032412692	2014-03-23 00:00:00	2014-02-21 00:00:00	OKC	Will Rogers World	Southwest Airlines	Passenger Property Loss	Checked Baggage		Cosmetics		0.0	Deny
188960	2014032612752	2014-03-21 00:00:00	2014-03-10 00:00:00	OKC	Will Rogers World	Delta Air Lines	Passenger Property Loss	Checkpoint		Scientific Intruments		39.95	Approve in Full
190472	2014052914291	2014-05-21 00:00:00	2014-05-13 00:00:00	OKC	Will Rogers World	Southwest Airlines	Passenger Property Loss	Checked Baggage		Electronics		0.0	Deny
190646	2014060614467	2014-06-05 00:00:00	2014-06-02 00:00:00	OKC	Will Rogers World	Delta Air Lines	Passenger Property Loss	Checkpoint		Electronics		0.0	Deny
195460	2014122919407	2014-12-29 00:00:00	2014-12-27 00:00:00	OKC	Will Rogers World	Southwest Airlines	Passenger Property Loss	Checked Baggage		Clothing & Accessories			
201782	2015022620886	2015-02-26 00:00:00	2013-12-03 00:00:00	OKC	Will Rogers World	Delta Air Lines	Passenger Property Loss	Checked Baggage		Watches & Jewelry		370.0	Approve in Full
201783	2015031021109	2015-03-10 00:00:00	2015-01-12 00:00:00	OKC	Will Rogers World	UAL	Passenger Property Loss	Checked Baggage		Cosmetics		10.95	Approve in Full
201785	2015050522303	2015-05-05 00:00:00	2015-04-01 00:00:00	OKC	Will Rogers World	Delta Air Lines	Passenger Property Loss	Checked Baggage		Electronics		0.0	Deny
201787	2015052122628	2015-05-21 00:00:00	2015-04-13 00:00:00	OKC	Will Rogers World	American Airlines	Passenger Property Loss	Checked Baggage		Scientific Intruments		0.0	Deny
201789	2015072424187	2015-07-15 00:00:00	2015-06-15 00:00:00	OKC	Will Rogers World	USAir	Passenger Property Loss	Checked Baggage		Watches & Jewelry,Watches & Jewelry		0.0	Deny
201793	2015111026766	2015-10-22 00:00:00	2015-10-14 00:00:00	OKC	Will Rogers World	Southwest Airlines	Passenger Property Loss	Checked Baggage		Cosmetics		113.0	Approve in Full
201795	2015121027452	2015-11-26 00:00:00	2015-11-14 00:00:00	OKC	Will Rogers World	Delta Air Lines	Passenger Property Loss	Checked Baggage		Cosmetics		0.0	Deny
201797	2015122227812	2015-12-10 00:00:00	2015-10-19 00:00:00	OKC	Will Rogers World	Virgin America	Passenger Property Loss			Clothing & Accessories,Cosmetics,Watches & Jewelry			
201798	2015122927916	2015-12-14 00:00:00	2015-06-29 00:00:00	OKC	Will Rogers World	Southwest Airlines	Passenger Property Loss	Checked Baggage		Electronics		21.27	Approve in Full
210305	2016110435558	2016-10-11 00:00:00	2016-07-29 07:45:00	OKC	Will Rogers World Will Rogers World	UAL	Passenger Property Loss	Checked Baggage		Clothing & Accessories			Closed:Canceled
210307	2016052031574	2016-05-06 00:00:00	2016-04-24 00:00:00	OKC	Will Rogers World Will Rogers World	UAL	Passenger Property Loss	Checked Baggage		Cosmetics		0.0	Deny
210308	2016090633456	2016-07-21 00:00:00	2016-05-23 00:00:00	OKC	Will Rogers World Will Rogers World	Southwest Airlines	Passenger Property Loss	Checked Baggage		Watches & Jewelry		0.0	Deny
210310	2016111035698	2016-10-14 00:00:00	2016-09-12 00:00:00	OKC	Will Rogers World Will Rogers World	Southwest Airlines	Passenger Property Loss	Checked Baggage		Clothing & Accessories		0.0	Deny
210311	2017011036402	2016-11-30 00:00:00	2016-01-05 13:13:00	OKC	Will Rogers World Will Rogers World	Southwest Airlines	Passenger Property Loss	Checked Baggage		Clothing & Accessories,Cosmetics			In Review
210313	2016102535151	2016-09-06 00:00:00	2016-08-15 00:00:00	OKC	Will Rogers World Will Rogers World	Delta Air Lines	Passenger Property Loss	Checked Baggage		Scientific Intruments,Outdoors Supplies			In Review
210316	2017020337288	2016-12-21 00:00:00	2016-12-09 11:20:00	OKC	Will Rogers World Will Rogers World	American Airlines	Passenger Property Loss	Checked Baggage		Cosmetics			In Review
210317	2016071232578	2016-06-17 00:00:00	2016-05-16 17:40:00	OKC	Will Rogers World Will Rogers World	Southwest Airlines	Passenger Property Loss	Checked Baggage		Clothing & Accessories		22.0	Settle
218507	2017050839253	2017-03-02 00:00:00	2017-02-19 00:00:00	OKC	Will Rogers World Will Rogers World	Southwest Airlines	Passenger Property Loss	Checked Baggage		Watches & Jewelry			Insufficient
218510	2018011246769	2017-12-11 00:00:00	2017-11-06 00:00:00	OKC	Will Rogers World Will Rogers World	Southwest Airlines	Passenger Property Loss	Checkpoint		Electronics			In Review
218513	2017083142536	2017-07-20 00:00:00	2017-05-06 00:00:00	OKC	Will Rogers World Will Rogers World	Not Provided	Passenger Property Loss	Checked Baggage		Electronics			Insufficient
218514	2017090642752	2017-07-21 00:00:00	2017-07-05 00:00:00	OKC	Will Rogers World Will Rogers World	American Airlines	Passenger Property Loss	Checkpoint		Electronics			In Review
218519	2017080742105	2017-06-28 00:00:00	2017-06-11 00:00:00	OKC	Will Rogers World Will Rogers World	UAL	Passenger Property Loss	Checked Baggage		Electronics			In Review