id	claim_number	date_received	incident_date	airport_code	airport_name	airline	claim_type	claim_site	claim_amount	items	status	close_amount	disposition
501	20254	2002-12-05 00:00:00	2002-10-24 00:00:00	ONT	Ontario International	Continental Airlines	Passenger Property Loss	Checkpoint	150.0	Clothing & Accessories	Approved	150.0	Approve in Full
683	121300HL	2002-12-13 00:00:00	2002-10-25 00:00:00	ONT	Ontario International		Passenger Property Loss	Checkpoint	200.0	Clothing & Accessories	Settled	120.0	Settle
1836	0127002L	2003-01-27 00:00:00	2003-01-05 00:00:00	ONT	Ontario International		Passenger Property Loss	Checked Baggage	85.52	Clothing & Accessories	Approved		Approve in Full
3519	0311022L	2003-03-11 00:00:00	2003-02-02 00:00:00	ONT	Ontario International	Delta Air Lines	Passenger Property Loss	Checked Baggage	52.0	Cosmetics	Settled	26.0	Settle
4216	0326024L	2003-03-26 00:00:00	2003-01-31 00:00:00	ONT	Ontario International	Delta Air Lines	Passenger Property Loss	Checkpoint	18.92	Other	Approved	19.0	Approve in Full
4507	0401091L	2003-04-01 00:00:00	2003-03-01 00:00:00	ONT	Ontario International		Passenger Property Loss	Checkpoint	200.0	Watches & Jewelry	Settled	100.0	Settle
7378	0602075L	2003-06-02 00:00:00	2003-12-30 00:00:00	ONT	Ontario International	Delta Air Lines	Passenger Property Loss	Checked Baggage		Electronics	Insufficient, one of the following items required: sum certain, statement of fact, signature, location of incident, and date.		
7748	0606173L	2003-06-03 00:00:00	2003-05-29 00:00:00	ONT	Ontario International	UAL	Passenger Property Loss	Checked Baggage	150.0	Other	Settled	75.0	Settle
12062	0729213M	2003-07-29 00:00:00	2003-06-17 00:00:00	ONT	Ontario International	USAir	Passenger Property Loss	Checked Baggage	85.0	Clothing & Accessories	Settled	42.5	Settle
12596	0806075M	2003-08-06 00:00:00	2003-07-15 00:00:00	ONT	Ontario International	Alaska Airlines	Passenger Property Loss	Checked Baggage	30.0	Watches & Jewelry	Approved	30.0	Approve in Full
14793	0902057M	2003-09-02 00:00:00	2003-08-27 00:00:00	ONT	Ontario International	Alaska Airlines	Passenger Property Loss	Checkpoint	500.0	Other	Denied	0.0	Deny
15272	0905179M	2003-09-05 00:00:00	2003-08-14 00:00:00	ONT	Ontario International	Southwest Airlines	Passenger Property Loss	Checked Baggage	250.0	Other	Settled	125.0	Settle
20677	1119075M	2003-11-19 00:00:00	2003-11-09 00:00:00	ONT	Ontario International		Passenger Property Loss	Checked Baggage	20.0	Other	Approved	20.0	Approve in Full
22088	1208142M	2003-12-08 00:00:00	2003-07-26 00:00:00	ONT	Ontario International	Continental Airlines	Passenger Property Loss	Checkpoint	100.0	Clothing & Accessories	Approved	100.0	Approve in Full
22413	1208150M	2003-12-08 00:00:00	2003-09-22 00:00:00	ONT	Ontario International		Passenger Property Loss	Checked Baggage	310.0	Clothing & Accessories	Settled	155.0	Settle
22799	1217120M	2003-12-17 00:00:00	2003-06-16 00:00:00	ONT	Ontario International	Delta Air Lines	Passenger Property Loss	Checked Baggage	600.0	Electronics	Denied	0.0	Deny
26028	0130199M	2004-01-30 00:00:00	2003-10-03 00:00:00	ONT	Ontario International		Passenger Property Loss	Checked Baggage	2500.0	Watches & Jewelry	Denied	2500.0	Deny
29502	2004050750697	2004-03-05 00:00:00	2004-01-18 00:00:00	ONT	Ontario International		Passenger Property Loss	Checkpoint		Other	Insufficient, one of the following items required: sum certain, statement of fact, signature, location of incident, and date.		
30989	2004051251418	2004-03-22 00:00:00	2004-02-05 00:00:00	ONT	Ontario International	UAL	Passenger Property Loss	Checkpoint	572.5	Other	Denied	0.0	Deny
30995	2004051251471	2004-03-22 00:00:00	2004-03-09 00:00:00	ONT	Ontario International	Jet Blue	Passenger Property Loss	Checked Baggage	250.0	Electronics	Denied	0.0	Deny
31506	2004050550557	2004-03-30 00:00:00	2004-01-25 00:00:00	ONT	Ontario International	Southwest Airlines	Passenger Property Loss	Checked Baggage	329.27	Cosmetics	Approved	329.27	Approve in Full
33155	2004060254292	2004-04-21 00:00:00	2003-09-24 00:00:00	ONT	Ontario International		Passenger Property Loss	Checked Baggage	14075.0	Watches & Jewelry	Denied	0.0	Deny
33901	2004051050816	2004-05-03 00:00:00	2004-03-30 00:00:00	ONT	Ontario International	American Airlines	Passenger Property Loss	Checked Baggage	630.0	Other	Denied	630.0	Deny
34515	2004060754955	2004-05-04 00:00:00	2004-04-11 00:00:00	ONT	Ontario International	Delta Air Lines	Passenger Property Loss	Checked Baggage	600.0	Other	Settled	300.0	Settle
35039	2004061455534	2004-05-10 00:00:00	2004-03-01 00:00:00	ONT	Ontario International		Passenger Property Loss	Checkpoint	449.03	Clothing & Accessories	Settled	426.58	Settle
35254	2004061555888	2004-05-13 00:00:00	2004-02-19 00:00:00	ONT	Ontario International		Passenger Property Loss	Checked Baggage	503.44	Electronics	Denied	0.0	Deny
36541	2004062256942	2004-05-28 00:00:00	2004-05-19 00:00:00	ONT	Ontario International	American Airlines	Passenger Property Loss	Checked Baggage	0.0	Other	Approved	179.95	Approve in Full
36645	2004062857609	2004-05-30 00:00:00	2004-05-14 00:00:00	ONT	Ontario International		Passenger Property Loss	Checked Baggage	8.65	Tools & Machines	Approved	8.65	Approve in Full
37328	2004062957732	2004-06-08 00:00:00	2004-06-01 00:00:00	ONT	Ontario International		Passenger Property Loss	Checked Baggage	500.0	Electronics	Approved	140.0	Approve in Full
39056	2004072359939	2004-06-29 00:00:00	2004-05-19 00:00:00	ONT	Ontario International		Passenger Property Loss	Checkpoint	400.0	Other	Settled	200.0	Settle
39824	2004080960849	2004-07-09 00:00:00	2004-06-14 00:00:00	ONT	Ontario International		Passenger Theft	Checked Baggage	300.0	Clothing & Accessories	Settled	241.46	Settle
41054	2004083061606	2004-07-27 00:00:00	2003-05-12 00:00:00	ONT	Ontario International	Delta Air Lines	Passenger Property Loss	Checkpoint	80.0	Other	Approved	80.0	Approve in Full
41568	2004092363769	2004-08-03 00:00:00	2004-06-01 00:00:00	ONT	Ontario International	Southwest Airlines	Passenger Property Loss	Checked Baggage	47.38	Other	Denied	0.0	Deny
41588	2004090161781	2004-08-03 00:00:00	2004-07-12 00:00:00	ONT	Ontario International	Delta Air Lines	Passenger Property Loss	Checked Baggage	105.0	Other	Settled	52.5	Settle
41971	2004090862268	2004-08-09 00:00:00	2004-07-16 00:00:00	ONT	Ontario International	American Airlines	Passenger Property Loss	Checked Baggage	40.0	Clothing & Accessories	Approved	40.0	Approve in Full
43023	2004092463856	2004-08-24 00:00:00	2004-07-07 00:00:00	ONT	Ontario International		Passenger Property Loss	Checked Baggage	40.24	Clothing & Accessories	Approved	30.33	Approve in Full
43577	2004092063201	2004-08-30 00:00:00	2004-07-11 00:00:00	ONT	Ontario International		Passenger Property Loss	Checked Baggage	7.48	Tools & Machines	Denied	7.48	Deny
43858	2004091663053	2004-09-01 00:00:00	2004-08-06 00:00:00	ONT	Ontario International	Southwest Airlines	Passenger Property Loss	Checked Baggage	49.77	Other	Approved	49.77	Approve in Full
43864	2004091663103	2004-09-01 00:00:00	2004-07-08 00:00:00	ONT	Ontario International	Southwest Airlines	Passenger Theft	Checked Baggage	50.0	Clothing & Accessories	Approved	50.0	Approve in Full
44464	2004102265631	2004-09-10 00:00:00	2004-08-23 00:00:00	ONT	Ontario International		Passenger Property Loss	Checked Baggage	13.0	Other	Approved	13.0	Approve in Full
44974	2004092363635	2004-09-16 00:00:00	2004-09-06 00:00:00	ONT	Ontario International		Passenger Property Loss	Checked Baggage	18.18	Other	Approved	18.18	Approve in Full
45046	2004092363614	2004-09-16 00:00:00	2004-07-19 00:00:00	ONT	Ontario International	Southwest Airlines	Passenger Property Loss	Checkpoint	193.26	Other	Denied		Deny
46455	2004100464409	2004-10-04 00:00:00	2004-09-22 00:00:00	ONT	Ontario International	Southwest Airlines	Passenger Property Loss	Checked Baggage	30.0	Other	Approved	30.0	Approve in Full
47113	2004112367715	2004-10-12 00:00:00	2004-07-17 00:00:00	ONT	Ontario International	Delta Air Lines	Passenger Property Loss	Checkpoint	329.06	Watches & Jewelry	Denied		Deny
47678	2004101865106	2004-10-18 00:00:00	2004-09-11 00:00:00	ONT	Ontario International	Skywest Airlines Inc USA	Passenger Property Loss	Checked Baggage	228.0	Electronics	Settled	135.05	Settle
48197	2004120768828	2004-10-25 00:00:00	2004-10-11 00:00:00	ONT	Ontario International	Alaska Airlines	Passenger Property Loss	Checked Baggage	210.0	Other	Settled	105.0	Settle
49721	2004122370820	2004-11-10 00:00:00	2004-10-10 00:00:00	ONT	Ontario International	Delta Air Lines	Passenger Property Loss	Checked Baggage	29.04	Other	Approved	29.04	Approve in Full
50443	2004122770829	2004-11-22 00:00:00	2004-11-09 00:00:00	ONT	Ontario International		Passenger Property Loss	Checked Baggage	560.0	Watches & Jewelry	Denied		Deny
50803	2004122770973	2004-11-29 00:00:00	2004-10-21 00:00:00	ONT	Ontario International		Passenger Property Loss	Checked Baggage	44.0	Other	Approved	44.0	Approve in Full
51245	2004122170128	2004-12-07 00:00:00	2004-11-15 00:00:00	ONT	Ontario International		Passenger Property Loss	Checked Baggage	75.04	Clothing & Accessories	Approved	75.04	Approve in Full
51805	2005010372349	2004-12-13 00:00:00	2004-10-24 00:00:00	ONT	Ontario International		Passenger Property Loss	Checked Baggage	40.0	Clothing & Accessories	Approved	40.0	Approve in Full
51955	2005010472495	2004-12-14 00:00:00	2004-11-18 00:00:00	ONT	Ontario International		Passenger Property Loss	Checked Baggage	200.0	Watches & Jewelry	Approved	200.0	Approve in Full
52214	2005010472537	2004-12-16 00:00:00	2004-12-05 00:00:00	ONT	Ontario International		Passenger Property Loss	Checked Baggage	72.0	Other	Approved	72.0	Approve in Full
53250	2005012173948	2004-12-30 00:00:00	2004-12-16 00:00:00	ONT	Ontario International		Passenger Property Loss	Checked Baggage	51.0	Clothing & Accessories	Approved	51.0	Approve in Full
53345	2005012574227	2005-01-03 00:00:00	2004-10-24 00:00:00	ONT	Ontario International	Southwest Airlines	Passenger Property Loss	Checked Baggage	1850.0	Supplies	Denied	0.0	Deny
53391	2005012474143	2005-01-04 00:00:00	2004-11-11 00:00:00	ONT	Ontario International	UAL	Passenger Property Loss	Checked Baggage	25.0	Other	Approved	25.0	Approve in Full
53422	2005012674347	2005-01-04 00:00:00	2004-12-18 00:00:00	ONT	Ontario International		Passenger Property Loss	Checkpoint	10.82	Tools & Machines	Approved	10.82	Approve in Full
53721	2005012674373	2005-01-06 00:00:00	2004-11-30 00:00:00	ONT	Ontario International		Passenger Property Loss	Checked Baggage	1450.0	Supplies	Denied	0.0	Deny
54068	2005020275404	2005-01-11 00:00:00	2004-11-26 00:00:00	ONT	Ontario International	UAL	Passenger Property Loss	Checked Baggage	34.47	Other	Approved	34.47	Approve in Full
54098	2005020375566	2005-01-11 00:00:00	2004-11-23 00:00:00	ONT	Ontario International		Passenger Property Loss	Checked Baggage	15.0	Containers	Approved	15.0	Approve in Full
54138	2005012874735	2005-01-11 00:00:00	2004-12-18 00:00:00	ONT	Ontario International	America West	Passenger Property Loss	Checked Baggage	40.2	Other	Canceled		
54381	2005013174925	2005-01-12 00:00:00	2004-10-18 00:00:00	ONT	Ontario International		Passenger Property Loss	Checked Baggage	240.0	Watches & Jewelry	Canceled	0.0	
54787	2005020175191	2005-01-18 00:00:00	2004-09-20 00:00:00	ONT	Ontario International	Southwest Airlines	Passenger Property Loss	Checked Baggage	200.0	Other	Settled	100.0	Settle
55847	2005022476727	2005-01-28 00:00:00	2005-01-03 00:00:00	ONT	Ontario International	Delta Air Lines	Passenger Property Loss	Checked Baggage	30.0	Tools & Machines	Approved	30.0	Approve in Full
55863	2005022476769	2005-01-28 00:00:00	2004-01-28 00:00:00	ONT	Ontario International	Southwest Airlines	Passenger Property Loss	Checkpoint	400.0	Watches & Jewelry	Canceled	0.0	
56892	2005030977402	2005-02-09 00:00:00	2005-01-03 00:00:00	ONT	Ontario International	Southwest Airlines	Passenger Property Loss	Checked Baggage	47.95	Other	Denied	0.0	Deny
56971	2005031978877	2005-02-10 00:00:00	2005-02-01 00:00:00	ONT	Ontario International		Passenger Property Loss	Checkpoint	20.0	Other	Approved	20.0	Approve in Full
57042	2005031978874	2005-02-10 00:00:00	2005-01-20 00:00:00	ONT	Ontario International		Passenger Property Loss	Checked Baggage	750.0	Clothing & Accessories	Settled	478.8	Settle
57801	2005031878714	2005-02-24 00:00:00	2005-01-30 00:00:00	ONT	Ontario International	Delta Air Lines	Passenger Property Loss	Checked Baggage	40.95	Other	Approved	40.95	Approve in Full
57841	2005032279117	2005-02-24 00:00:00	2004-12-06 00:00:00	ONT	Ontario International	Southwest Airlines	Passenger Property Loss	Checked Baggage	300.0	Electronics	Canceled	0.0	
58341	2005032279210	2005-03-04 00:00:00	2005-02-15 00:00:00	ONT	Ontario International		Passenger Property Loss	Checked Baggage	200.0	Watches & Jewelry	Denied	0.0	Deny
58645	2005032880023	2005-03-07 00:00:00	2005-02-28 00:00:00	ONT	Ontario International	Alaska Airlines	Passenger Property Loss	Checked Baggage	11.99	Tools & Machines	Denied	0.0	Deny
59689	2005033080459	2005-03-18 00:00:00	2005-03-01 00:00:00	ONT	Ontario International	Southwest Airlines	Passenger Property Loss	Checked Baggage	25.5	Other	Settled	25.5	Settle
60168	2005040181048	2005-03-29 00:00:00	2005-01-24 00:00:00	ONT	Ontario International	Jet Blue	Passenger Property Loss	Checked Baggage	238.54	Clothing & Accessories	Approved	238.54	Approve in Full
60740	2005040681677	2005-04-04 00:00:00	2005-03-05 00:00:00	ONT	Ontario International	Northwest Airlines	Passenger Property Loss	Checked Baggage	7538.0	Electronics	Denied	0.0	Deny
60832	2005040681743	2005-04-05 00:00:00	2005-03-17 00:00:00	ONT	Ontario International	America West	Passenger Property Loss	Checked Baggage	50.0	Other	Canceled	0.0	
61441	2005041382432	2005-04-12 00:00:00	2005-03-24 00:00:00	ONT	Ontario International	Southwest Airlines	Passenger Property Loss		100.0	Other	Approved	100.0	Approve in Full
61730	2005041882715	2005-04-14 00:00:00	2005-01-02 00:00:00	ONT	Ontario International	Jet Blue	Passenger Property Loss	Checkpoint	20.0	Other	Approved	20.0	Approve in Full
62507	2005042683359	2005-04-26 00:00:00	2005-03-16 00:00:00	ONT	Ontario International	Southwest Airlines	Passenger Property Loss	Checked Baggage	158.55	Clothing & Accessories	Approved	158.55	Approve in Full
62784	2005050283772	2005-04-28 00:00:00	2004-07-22 00:00:00	ONT	Ontario International	UAL	Passenger Property Loss	Checked Baggage	232.9	Other	Denied	0.0	Deny
62952	2005050383903	2005-05-02 00:00:00	2005-04-07 00:00:00	ONT	Ontario International	Southwest Airlines	Passenger Property Loss	Checked Baggage	85.88	Clothing & Accessories	Approved	85.88	Approve in Full
63471	2005051084409	2005-05-09 00:00:00	2005-04-11 00:00:00	ONT	Ontario International	America West	Passenger Property Loss	Checked Baggage	154.6	Other	Settled	92.16	Settle
63555	2005051184525	2005-05-10 00:00:00	2005-05-02 00:00:00	ONT	Ontario International	UAL	Passenger Property Loss	Checked Baggage	75.41	Electronics	Denied	0.0	Deny
64079	2005051884965	2005-05-17 00:00:00	2005-02-01 00:00:00	ONT	Ontario International	American Airlines	Passenger Property Loss	Checkpoint	2915.0	Watches & Jewelry	Denied	0.0	Deny
65435	2005061386332	2005-06-03 00:00:00	2005-05-22 00:00:00	ONT	Ontario International		Passenger Property Loss	Checked Baggage	2200.0	Watches & Jewelry	Denied	0.0	Deny
66185	2005062787367	2005-06-14 00:00:00	2005-06-07 00:00:00	ONT	Ontario International		Passenger Property Loss	Checked Baggage	25.0	Clothing & Accessories	Denied	0.0	Deny
66395	2005062787223	2005-06-17 00:00:00	2005-06-10 00:00:00	ONT	Ontario International		Passenger Property Loss	Checkpoint	125.0	Watches & Jewelry	Denied	0.0	Deny
66570	2005062887542	2005-06-21 00:00:00	2005-06-01 00:00:00	ONT	Ontario International	Northwest Airlines	Passenger Property Loss	Checkpoint	58.19	Clothing & Accessories	Approved	58.19	Approve in Full
66975	2005063087920	2005-06-27 00:00:00	2005-05-17 00:00:00	ONT	Ontario International	Northwest Airlines	Passenger Property Loss	Checked Baggage		Clothing & Accessories	Insufficient, one of the following items required: sum certain, statement of fact, signature, location of incident, and date.		
67061	2005063087832	2005-06-28 00:00:00	2005-06-18 00:00:00	ONT	Ontario International	Alaska Airlines	Passenger Property Loss	Checked Baggage	1059.58	Electronics	Denied	0.0	Deny
67157	2005071188525	2005-06-28 00:00:00	2005-06-08 00:00:00	ONT	Ontario International	Delta Air Lines	Passenger Property Loss	Checked Baggage	539.98	Electronics	Settled	390.38	Settle
67538	2005071188601	2005-07-06 00:00:00	2005-06-24 00:00:00	ONT	Ontario International		Passenger Property Loss	Checked Baggage	300.0	Other	Denied	0.0	Deny
67764	2005071288780	2005-07-11 00:00:00	2005-06-12 00:00:00	ONT	Ontario International	UAL	Passenger Property Loss	Checked Baggage	1699.99	Electronics	Canceled	0.0	
68070	2005071589021	2005-07-14 00:00:00	2005-06-18 00:00:00	ONT	Ontario International	America West	Passenger Property Loss	Checkpoint	259.98	Other	Approved	259.98	Approve in Full
68098	2005071588994	2005-07-14 00:00:00	2005-07-06 00:00:00	ONT	Ontario International	Delta Air Lines	Passenger Property Loss	Checked Baggage	3377.8	Electronics	Denied	0.0	Deny
68101	2005071589019	2005-07-14 00:00:00	2005-06-18 00:00:00	ONT	Ontario International	America West	Passenger Property Loss	Checked Baggage	64.8	Other	Denied	0.0	Deny
69065	2005080390026	2005-07-28 00:00:00	2005-07-19 00:00:00	ONT	Ontario International		Passenger Property Loss	Checked Baggage	400.0	Clothing & Accessories	Settled	200.0	Settle
69515	2005081790722	2005-08-04 00:00:00	2005-07-25 00:00:00	ONT	Ontario International	Southwest Airlines	Passenger Property Loss	Checked Baggage	26.95	Other	Denied	0.0	Deny
69739	2005081890827	2005-08-08 00:00:00	2005-06-30 00:00:00	ONT	Ontario International	America West	Passenger Property Loss	Checked Baggage	354.99	Electronics	Settled	177.49	Settle
70306	2005082491351	2005-08-16 00:00:00	2005-07-12 00:00:00	ONT	Ontario International		Passenger Property Loss	Checked Baggage	300.0	Supplies	Settled	150.0	Settle
70315	2005082491342	2005-08-17 00:00:00	2005-08-10 00:00:00	ONT	Ontario International	UAL	Passenger Property Loss	Checked Baggage	54.49	Supplies	Approved	54.49	Approve in Full
70589	2005082691588	2005-08-23 00:00:00	2005-08-11 00:00:00	ONT	Ontario International	Continental Airlines	Passenger Property Loss	Checked Baggage	653.0	Electronics	Denied	0.0	Deny
70929	2005091292332	2005-08-28 00:00:00	2005-07-17 00:00:00	ONT	Ontario International	Southwest Airlines	Passenger Property Loss	Checked Baggage	3200.69	Watches & Jewelry	Denied	0.0	Deny
71544	2005091692629	2005-09-08 00:00:00	2005-08-28 00:00:00	ONT	Ontario International	Southwest Airlines	Passenger Property Loss	Checked Baggage	1015.44	Electronics	Denied	0.0	Deny
71563	2005091992680	2005-09-08 00:00:00	2005-07-29 00:00:00	ONT	Ontario International	Southwest Airlines	Passenger Property Loss	Checked Baggage	40.0	Other	Denied	0.0	Deny
71624	2005091992663	2005-09-08 00:00:00	2005-07-31 00:00:00	ONT	Ontario International		Passenger Property Loss	Checkpoint	400.0	Watches & Jewelry	Settled	325.8	Settle
72140	2005092393213	2005-09-16 00:00:00	2005-08-27 00:00:00	ONT	Ontario International	Continental Airlines	Passenger Property Loss	Checkpoint	7000.0	Watches & Jewelry	Denied	0.0	Deny
72445	2005100393656	2005-09-20 00:00:00	2005-08-29 00:00:00	ONT	Ontario International	Continental Airlines	Passenger Property Loss	Checked Baggage	376.0	Other	Denied	0.0	Deny
72627	2005100393758	2005-09-23 00:00:00	2005-04-23 00:00:00	ONT	Ontario International	American Airlines	Passenger Property Loss	Checked Baggage	354.37	Electronics	Denied	0.0	Deny
73857	2005101994893	2005-10-17 00:00:00	2005-09-27 00:00:00	ONT	Ontario International	American Eagle	Passenger Property Loss	Checked Baggage	225.0	Other	Denied	0.0	Deny
75205	2005112196322	2005-11-09 00:00:00	2005-10-21 00:00:00	ONT	Ontario International	America West	Passenger Property Loss	Checked Baggage	110.0	Other	Denied	0.0	Deny
75735	2005120296881	2005-11-18 00:00:00	2005-10-30 00:00:00	ONT	Ontario International	Northwest Airlines	Passenger Property Loss	Checked Baggage	159.69	Clothing & Accessories	Denied	0.0	Deny
76077	2005120797073	2005-11-28 00:00:00	2005-11-14 00:00:00	ONT	Ontario International	Northwest Airlines	Passenger Property Loss	Checkpoint	316.23	Electronics	Canceled	0.0	
76207	2005121397685	2005-11-28 00:00:00	2005-11-17 00:00:00	ONT	Ontario International	America West	Passenger Property Loss	Checked Baggage	149.68	Cosmetics	Settled	74.34	Settle
76346	2005120997423	2005-11-30 00:00:00	2005-11-28 00:00:00	ONT	Ontario International	Southwest Airlines	Passenger Property Loss	Checked Baggage	978.39	Other	Settled	565.0	Settle
76836	2005121497866	2005-12-08 00:00:00	2005-11-23 00:00:00	ONT	Ontario International	UAL	Passenger Property Loss	Checked Baggage	150.0	Clothing & Accessories	Settled	75.0	Settle
77070	2005122198186	2005-12-14 00:00:00	2005-11-23 00:00:00	ONT	Ontario International		Passenger Property Loss	Checked Baggage	19.34	Tools & Machines	Approved	19.34	Approve in Full
77107	2005122298283	2005-12-14 00:00:00	2005-12-04 00:00:00	ONT	Ontario International	Delta Air Lines	Passenger Property Loss	Checked Baggage	160.0	Other	Denied	0.0	Deny
77197	2005122398302	2005-12-15 00:00:00	2005-11-05 00:00:00	ONT	Ontario International	Northwest Airlines	Passenger Property Loss	Checked Baggage	1506.98	Other	Insufficient, one of the following items required: sum certain, statement of fact, signature, location of incident, and date.		
78644	2006011899792	2006-01-11 00:00:00	2006-01-04 00:00:00	ONT	Ontario International	UAL	Passenger Property Loss	Checked Baggage	4773.77	Watches & Jewelry	Denied	0.0	Deny
79261	2006012600464	2006-01-20 00:00:00	2006-01-10 00:00:00	ONT	Ontario International	Jet Blue	Passenger Property Loss	Checked Baggage	160.55	Clothing & Accessories	Settled	80.28	Settle
80734	2006022201919	2006-02-14 00:00:00	2006-02-04 00:00:00	ONT	Ontario International	UAL	Passenger Property Loss	Checked Baggage	260.99	Other	Settled	130.5	Settle
80750	2006022201937	2006-02-15 00:00:00	2006-02-03 00:00:00	ONT	Ontario International	American Airlines	Passenger Property Loss	Checked Baggage	45.79	Supplies	Approved	45.79	Approve in Full
80850	2006022302046	2006-02-16 00:00:00	2006-01-04 00:00:00	ONT	Ontario International		Passenger Property Loss	Checked Baggage		Watches & Jewelry	Insufficient, one of the following items required: sum certain, statement of fact, signature, location of incident, and date.		
81012	2006030302470	2006-02-21 00:00:00	2006-01-11 00:00:00	ONT	Ontario International	Alaska Airlines	Passenger Property Loss	Checked Baggage		Watches & Jewelry	Insufficient, one of the following items required: sum certain, statement of fact, signature, location of incident, and date.		
81168	2006030102321	2006-02-23 00:00:00	2006-01-29 00:00:00	ONT	Ontario International	UAL	Passenger Property Loss	Checked Baggage	55.0	Clothing & Accessories	Settled	27.5	Settle
81198	2006030302431	2006-02-24 00:00:00	2006-02-14 00:00:00	ONT	Ontario International	Southwest Airlines	Passenger Property Loss	Checked Baggage	10.81	Tools & Machines	Approved	10.81	Approve in Full
81400	2006030602576	2006-02-28 00:00:00	2006-02-22 00:00:00	ONT	Ontario International	Horizon Air	Passenger Property Loss	Checked Baggage	149.77	Watches & Jewelry	Denied	0.0	Deny
81426	2006030602523	2006-02-28 00:00:00	2005-12-30 00:00:00	ONT	Ontario International	America West	Passenger Property Loss	Checked Baggage		Electronics	Insufficient, one of the following items required: sum certain, statement of fact, signature, location of incident, and date.		
81522	2006030802836	2006-03-02 00:00:00	2006-02-06 00:00:00	ONT	Ontario International	UAL	Passenger Property Loss	Checked Baggage	8.7	Other	Canceled	0.0	
81647	2006031002893	2006-03-06 00:00:00	2006-02-01 00:00:00	ONT	Ontario International	Southwest Airlines	Passenger Property Loss	Checked Baggage	378.86	Clothing & Accessories	Approved	378.86	Approve in Full
81773	2006030902862	2006-03-07 00:00:00	2006-02-14 00:00:00	ONT	Ontario International	Continental Airlines	Passenger Property Loss	Checked Baggage	3664.51	Watches & Jewelry	Denied	0.0	Deny
81938	2006031403092	2006-03-09 00:00:00	2006-02-20 00:00:00	ONT	Ontario International	Delta Air Lines	Passenger Property Loss	Checked Baggage	75.0	Clothing & Accessories	Denied	0.0	Deny
82232	2006031403035	2006-03-14 00:00:00	2006-02-09 00:00:00	ONT	Ontario International	UAL	Passenger Property Loss	Checked Baggage	431.57	Electronics	Settled	215.79	Settle
82970	2006040604122	2006-03-28 00:00:00	2006-03-05 00:00:00	ONT	Ontario International	Alaska Airlines	Passenger Property Loss	Checked Baggage	35.0	Other	Denied	0.0	Deny
83085	2006041004277	2006-03-30 00:00:00	2006-03-11 00:00:00	ONT	Ontario International	Delta Air Lines	Passenger Property Loss	Checked Baggage	25.0	Electronics	Approved	25.0	Approve in Full
83525	2006042004852	2006-04-07 00:00:00	2006-03-28 00:00:00	ONT	Ontario International	Southwest Airlines	Passenger Property Loss	Checked Baggage	1500.0	Other	Denied	0.0	Deny
83930	2006042505207	2006-04-17 00:00:00	2006-03-27 00:00:00	ONT	Ontario International		Passenger Property Loss	Checked Baggage	60.0	Containers	Denied	0.0	Deny
84940	2006051206144	2006-05-08 00:00:00	2006-04-26 00:00:00	ONT	Ontario International	Alaska Airlines	Passenger Property Loss	Checked Baggage	16.0	Other	Denied	0.0	Deny
85008	2006051206068	2006-05-09 00:00:00	2006-04-19 00:00:00	ONT	Ontario International	Delta Air Lines	Passenger Property Loss	Checked Baggage	269.58	Electronics,Tools & Machines	Denied	0.0	Deny
85139	2006051506355	2006-05-11 00:00:00	2006-04-30 00:00:00	ONT	Ontario International	UAL	Passenger Property Loss	Checked Baggage	1499.0	Electronics,Electronics	Denied	0.0	Deny
85798	2006052607048	2006-05-24 00:00:00	2006-05-04 00:00:00	ONT	Ontario International	Jet Blue	Passenger Property Loss	Checked Baggage	1100.0	Electronics	Denied	0.0	Deny
85965	2006060207241	2006-05-30 00:00:00	2006-05-10 00:00:00	ONT	Ontario International	Horizon Air	Passenger Property Loss	Checked Baggage	307.22	Other	Denied	0.0	Deny
86186	2006060607415	2006-06-02 00:00:00	2006-03-30 00:00:00	ONT	Ontario International	Southwest Airlines	Passenger Property Loss	Checked Baggage	65.24	Electronics	Denied	0.0	Deny
86232	2006060607463	2006-06-02 00:00:00	2006-05-28 00:00:00	ONT	Ontario International		Passenger Property Loss	Checked Baggage	1863.0	Electronics,Other	Settled	665.72	Settle
86357	2006061307887	2006-06-06 00:00:00	2006-05-03 00:00:00	ONT	Ontario International		Passenger Property Loss	Checked Baggage	11.5	Tools & Machines	Approved	11.5	Approve in Full
86521	2006061207762	2006-06-08 00:00:00	2006-05-12 00:00:00	ONT	Ontario International	USAir	Passenger Property Loss	Checked Baggage	6222.0	Watches & Jewelry	Denied	0.0	Deny
87768	2006070608994	2006-07-05 00:00:00	2006-06-02 00:00:00	ONT	Ontario International	Southwest Airlines	Passenger Property Loss	Checkpoint	175.0	Scientific Intruments	Denied	0.0	Deny
88683	2006072409963	2006-07-20 00:00:00	2006-06-05 00:00:00	ONT	Ontario International	Continental Airlines	Passenger Property Loss	Checked Baggage	190.0	Scientific Intruments	Approved	190.0	Approve in Full
89322	2006080810597	2006-08-02 00:00:00	2006-07-24 00:00:00	ONT	Ontario International	Continental Airlines	Passenger Property Loss	Checked Baggage	79.99	Clothing & Accessories	Denied	0.0	Deny
89607	2006081410998	2006-08-08 00:00:00	2006-04-30 00:00:00	ONT	Ontario International	American Airlines	Passenger Property Loss	Checked Baggage	422.9	Clothing & Accessories	Settled	211.45	Settle
90217	2006082111331	2006-08-21 00:00:00	2006-07-31 00:00:00	ONT	Ontario International	Jet Blue	Passenger Property Loss	Checked Baggage	1200.0	Electronics	Denied	0.0	Deny
90291	2006082411548	2006-08-21 00:00:00	2006-08-17 00:00:00	ONT	Ontario International	Southwest Airlines	Passenger Property Loss	Checked Baggage	735.0	Cosmetics,Clothing & Accessories,Other	Settled	367.5	Settle
90370	2006082811694	2006-08-22 00:00:00	2006-07-15 00:00:00	ONT	Ontario International	Southwest Airlines	Passenger Property Loss	Checked Baggage	633.26	Containers	Settled	316.63	Settle
90685	2006090111918	2006-08-28 00:00:00	2006-08-23 00:00:00	ONT	Ontario International	Continental Airlines	Passenger Property Loss	Checked Baggage	449.68	Clothing & Accessories,Cosmetics,Electronics,Other	Settled	224.84	Settle
91130	2006091212353	2006-09-06 00:00:00	2006-08-27 00:00:00	ONT	Ontario International	Southwest Airlines	Passenger Property Loss	Checked Baggage	102.34	Tools & Machines	Denied	0.0	Deny
91266	2006091312459	2006-09-08 00:00:00	2006-08-12 00:00:00	ONT	Ontario International	American Airlines	Passenger Property Loss	Checked Baggage	277.0	Tools & Machines,Cosmetics,Supplies,Other	Approved	277.0	Approve in Full
91428	2006091812634	2006-09-11 00:00:00	2006-09-02 00:00:00	ONT	Ontario International	UAL	Passenger Property Loss	Checked Baggage	400.0	Watches & Jewelry	Settled	200.0	Settle
91618	2006092113063	2006-09-15 00:00:00	2006-09-01 00:00:00	ONT	Ontario International	Alaska Airlines	Passenger Property Loss	Checked Baggage	29.99	Electronics	Approved	29.99	Approve in Full
92450	2006100613749	2006-10-02 00:00:00	2006-09-16 00:00:00	ONT	Ontario International	Alaska Airlines	Passenger Property Loss	Checked Baggage	1300.0	Electronics	Denied	0.0	Deny
92505	2006101013793	2006-10-03 00:00:00	2006-08-30 00:00:00	ONT	Ontario International	American Airlines	Passenger Property Loss	Checked Baggage	110.0	Containers,Clothing & Accessories,Tools & Machines	Approved	110.0	Approve in Full
92965	2006102014262	2006-10-12 00:00:00	2006-10-08 00:00:00	ONT	Ontario International	Jet Blue	Passenger Property Loss	Checked Baggage	200.0	Clothing & Accessories,Other	Denied	0.0	Deny
93316	2006102614646	2006-10-18 00:00:00	2006-09-24 00:00:00	ONT	Ontario International	USAir	Passenger Property Loss	Checked Baggage	41.22	Supplies	Settled	20.61	Settle
93504	2006102714741	2006-10-23 00:00:00	2006-10-12 00:00:00	ONT	Ontario International	Southwest Airlines	Passenger Property Loss	Checked Baggage	125.0	Clothing & Accessories	Denied	0.0	Deny
93555	2006102714718	2006-10-23 00:00:00	2006-10-20 00:00:00	ONT	Ontario International		Passenger Property Loss	Checked Baggage	64.93	Electronics,Household Decor	Settled	32.32	Settle
93641	2006110114967	2006-10-25 00:00:00	2006-10-14 00:00:00	ONT	Ontario International	Delta Air Lines	Passenger Property Loss	Checked Baggage	790.0	Electronics,Clothing & Accessories,Watches & Jewelry,Tools & Machines,Containers,Other	Denied	0.0	Deny
93842	2006110215082	2006-10-30 00:00:00	2006-10-09 00:00:00	ONT	Ontario International	Continental Airlines	Passenger Property Loss	Checked Baggage	136.45	Electronics	Denied	0.0	Deny
94239	2006111315431	2006-11-07 00:00:00	2006-10-27 00:00:00	ONT	Ontario International	American Airlines	Passenger Property Loss	Checked Baggage	40.0	Other	Canceled	0.0	
94635	2006111715751	2006-11-14 00:00:00	2006-10-26 00:00:00	ONT	Ontario International	Delta Air Lines	Passenger Property Loss	Checked Baggage	135.0	Electronics	Settled	65.0	Settle
94937	2006112416191	2006-11-20 00:00:00	2006-11-19 00:00:00	ONT	Ontario International	Southwest Airlines	Passenger Property Loss	Checked Baggage	442.5	Cosmetics,Clothing & Accessories,Other	Settled	155.91	Settle
95116	2006112916409	2006-11-24 00:00:00	2006-10-28 00:00:00	ONT	Ontario International		Passenger Property Loss	Checked Baggage	543.75	Electronics,Other	Denied	0.0	Deny
95132	2006120116570	2006-11-24 00:00:00	2006-10-25 00:00:00	ONT	Ontario International	UAL	Passenger Property Loss	Checked Baggage	565.68	Electronics,Electronics	Denied	0.0	Deny
95538	2006120816870	2006-12-01 00:00:00	2006-11-09 00:00:00	ONT	Ontario International	America West	Passenger Property Loss	Checked Baggage	588.0	Electronics,Clothing & Accessories,Other	Denied	0.0	Deny
95912	2006121517300	2006-12-08 00:00:00	2006-09-03 00:00:00	ONT	Ontario International		Passenger Property Loss	Checked Baggage	1730.92	Outdoors Supplies,Clothing & Accessories,Electronics,Other	Denied	0.0	Deny
96088	2006121817319	2006-12-12 00:00:00	2006-11-27 00:00:00	ONT	Ontario International	Delta Air Lines	Passenger Property Loss	Checked Baggage	8.35	Other	Denied	0.0	Deny
96229	2007010318213	2006-12-14 00:00:00	2004-11-04 00:00:00	ONT	Ontario International	Southwest Airlines	Passenger Property Loss	Checked Baggage	20.0	Tools & Machines	Approved	20.0	Approve in Full
96408	2006122217839	2006-12-19 00:00:00	2006-10-25 00:00:00	ONT	Ontario International	Delta Air Lines	Passenger Property Loss	Checked Baggage	13.76	Other	Approved	13.76	Approve in Full
96645	2006122617968	2006-12-22 00:00:00	2006-07-03 00:00:00	ONT	Ontario International	Delta Air Lines	Passenger Property Loss	Checked Baggage	183.91	Clothing & Accessories	Settled	96.91	Settle
97274	2007010518382	2007-01-03 00:00:00	2006-12-23 00:00:00	ONT	Ontario International		Passenger Property Loss	Checked Baggage	200.0	Clothing & Accessories	Denied	0.0	Deny
97448	2007010918500	2007-01-05 00:00:00	2006-12-25 00:00:00	ONT	Ontario International	Continental Airlines	Passenger Property Loss	Checked Baggage	107.98	Supplies	Denied	0.0	Deny
97655	2007011118661	2007-01-08 00:00:00		ONT	Ontario International	Southwest Airlines	Passenger Property Loss	Checked Baggage		Watches & Jewelry	Insufficient, one of the following items required: sum certain, statement of fact, signature, location of incident, and date.		
97760	2007011618852	2007-01-09 00:00:00	2006-12-17 00:00:00	ONT	Ontario International	American Airlines	Passenger Property Loss	Checked Baggage	45.02	Clothing & Accessories	Denied	0.0	Deny
98061	2007012219104	2007-01-16 00:00:00	2006-12-18 00:00:00	ONT	Ontario International		Passenger Property Loss	Checked Baggage	19.72	Other	Approved	19.72	Approve in Full
98125	2007012319164	2007-01-16 00:00:00	2006-11-26 00:00:00	ONT	Ontario International	Alaska Airlines	Passenger Property Loss	Checked Baggage	270.9	Clothing & Accessories	Denied	0.0	Deny
98635	2007013019841	2007-01-23 00:00:00	2006-12-27 00:00:00	ONT	Ontario International	Southwest Airlines	Passenger Property Loss	Checked Baggage	118.0	Cosmetics	Denied	0.0	Deny
98907	2007013119974	2007-01-26 00:00:00	2007-01-18 00:00:00	ONT	Ontario International	Alaska Airlines	Passenger Property Loss	Checked Baggage	96.99	Electronics	Settled	48.5	Settle
99204	2007021220724	2007-02-01 00:00:00	2007-01-26 00:00:00	ONT	Ontario International		Passenger Property Loss	Checked Baggage	1271.37	Electronics	Denied	0.0	Deny
99314	2007020620256	2007-02-05 00:00:00	2007-01-17 00:00:00	ONT	Ontario International	Southwest Airlines	Passenger Property Loss	Checked Baggage	2500.0	Food & Drink	Denied	0.0	Deny
99409	2007020920572	2007-02-06 00:00:00	2007-01-02 00:00:00	ONT	Ontario International	America West	Passenger Property Loss	Checked Baggage	300.0	Other	Canceled	0.0	
99745	2007021320892	2007-02-12 00:00:00	2006-11-27 00:00:00	ONT	Ontario International	Continental Airlines	Passenger Property Loss	Checkpoint	350.0	Watches & Jewelry	Denied	0.0	Deny
100074	2007022121297	2007-02-16 00:00:00	2007-02-10 00:00:00	ONT	Ontario International		Passenger Property Loss	Checked Baggage	21.54	Scientific Intruments	Denied	0.0	Deny
100422	2007022721631	2007-02-26 00:00:00	2007-02-13 00:00:00	ONT	Ontario International		Passenger Property Loss	Checked Baggage	248.0	Electronics,Other,Cosmetics	Settled	208.0	Settle
100730	2007031622423	2007-03-05 00:00:00	2007-01-28 00:00:00	ONT	Ontario International	Delta Air Lines	Passenger Property Loss	Checked Baggage	24.99	Containers	Approved	24.99	Approve in Full
101417	2007032322843	2007-03-16 00:00:00	2006-12-19 00:00:00	ONT	Ontario International		Passenger Property Loss	Checked Baggage	3500.0	Other	Denied	0.0	Deny
102648	2007041323959	2007-04-10 00:00:00	2007-03-26 00:00:00	ONT	Ontario International	UAL	Passenger Property Loss	Checked Baggage	88.98	Outdoors Supplies	Denied	0.0	Deny
103380	2007042724616	2007-04-25 00:00:00	2007-03-27 00:00:00	ONT	Ontario International	UAL	Passenger Property Loss	Checked Baggage	50.0	Watches & Jewelry	Denied	0.0	Deny
103512	2007050124766	2007-04-27 00:00:00	2007-03-17 00:00:00	ONT	Ontario International	Southwest Airlines	Passenger Property Loss	Checked Baggage	29.9	Other	Denied	0.0	Deny
104155	2007051525424	2007-05-11 00:00:00	2007-04-10 00:00:00	ONT	Ontario International	Southwest Airlines	Passenger Property Loss	Checked Baggage		Clothing & Accessories	Insufficient, one of the following items required: sum certain, statement of fact, signature, location of incident, and date.		
104588	2007052325838	2007-05-21 00:00:00	2007-05-05 00:00:00	ONT	Ontario International		Passenger Property Loss	Checked Baggage	149.77	Electronics	Denied	0.0	Deny
105083	2007060626348	2007-06-01 00:00:00	2007-05-21 00:00:00	ONT	Ontario International	Southwest Airlines	Passenger Property Loss	Checked Baggage	8.5	Tools & Machines	Approved	8.5	Approve in Full
105148	2007060626408	2007-06-01 00:00:00	2007-03-27 00:00:00	ONT	Ontario International	Continental Airlines	Passenger Property Loss	Checked Baggage	7.67	Containers	Denied	0.0	Deny
105327	2007060726551	2007-06-05 00:00:00	2007-05-28 00:00:00	ONT	Ontario International	Delta Air Lines	Passenger Property Loss	Checked Baggage	83.0	Containers,Other	Approved	83.0	Approve in Full
105339	2007060726501	2007-06-05 00:00:00	2007-05-20 00:00:00	ONT	Ontario International	Jet Blue	Passenger Property Loss	Checked Baggage	1516.35	Electronics	Denied	0.0	Deny
105467	2007061226765	2007-06-07 00:00:00	2007-05-21 00:00:00	ONT	Ontario International	Alaska Airlines	Passenger Property Loss	Checked Baggage	14.95	Tools & Machines	Approved	14.95	Approve in Full
105477	2007061126691	2007-06-07 00:00:00	2006-03-25 00:00:00	ONT	Ontario International	Southwest Airlines	Passenger Property Loss	Checkpoint	2000.0	Watches & Jewelry	Denied	0.0	Deny
105711	2007061527006	2007-06-12 00:00:00	2007-05-29 00:00:00	ONT	Ontario International	USAir	Passenger Property Loss	Checked Baggage	255.66	Electronics	Denied	0.0	Deny
105884	2007061927149	2007-06-15 00:00:00	2006-09-24 00:00:00	ONT	Ontario International	American Airlines	Passenger Property Loss	Checked Baggage	200.0	Electronics,Cosmetics,Scientific Intruments,Other	Denied	0.0	Deny
105961	2007062027228	2007-06-18 00:00:00	2007-05-15 00:00:00	ONT	Ontario International	USAir	Passenger Property Loss	Checked Baggage	1679.99	Electronics,Other	Denied	0.0	Deny
105964	2007062127278	2007-06-18 00:00:00	2007-06-12 00:00:00	ONT	Ontario International	Delta Air Lines	Passenger Property Loss	Checked Baggage	314.0	Other	Denied	0.0	Deny
106207	2007062527428	2007-06-22 00:00:00	2007-05-31 00:00:00	ONT	Ontario International	USAir	Passenger Property Loss	Checked Baggage	15.0	Tools & Machines	Approved	15.0	Approve in Full
106670	2007070927955	2007-07-02 00:00:00	2007-06-18 00:00:00	ONT	Ontario International	Southwest Airlines	Passenger Property Loss	Checked Baggage	35.53	Supplies	Denied	0.0	Deny
106784	2007071128117	2007-07-05 00:00:00	2007-06-25 00:00:00	ONT	Ontario International		Passenger Property Loss	Checked Baggage	9.13	Tools & Machines	Approved	9.13	Approve in Full
107000	2007071328278	2007-07-09 00:00:00	2007-05-21 00:00:00	ONT	Ontario International	Continental Airlines	Passenger Property Loss	Checked Baggage	1004.96	Electronics	Denied	0.0	Deny
107912	2007072729248	2007-07-25 00:00:00	2007-07-22 00:00:00	ONT	Ontario International	Southwest Airlines	Passenger Property Loss	Checked Baggage	4200.0	Watches & Jewelry	Insufficient, one of the following items required: sum certain, statement of fact, signature, location of incident, and date.		
108283	2007080329555	2007-08-01 00:00:00	2007-07-28 00:00:00	ONT	Ontario International	American Airlines	Passenger Property Loss	Checked Baggage	255.0	Cosmetics,Watches & Jewelry	Denied	0.0	Deny
109460	2007082330700	2007-08-22 00:00:00	2007-08-03 00:00:00	ONT	Ontario International	Southwest Airlines	Passenger Property Loss	Checked Baggage	300.0	Watches & Jewelry	Denied	0.0	Deny
109489	2007082830982	2007-08-22 00:00:00	2007-01-03 00:00:00	ONT	Ontario International	Southwest Airlines	Passenger Property Loss	Checkpoint	20.0	Containers	Denied	0.0	Deny
109759	2007082931084	2007-08-27 00:00:00	2007-08-12 00:00:00	ONT	Ontario International	USAir	Passenger Property Loss	Checked Baggage	239.13	Supplies	Denied	0.0	Deny
109793	2007082931150	2007-08-27 00:00:00	2007-07-11 00:00:00	ONT	Ontario International	American Airlines	Passenger Property Loss	Checked Baggage	60.0	Tools & Machines	Denied	0.0	Deny
109820	2007082931127	2007-08-27 00:00:00	2007-08-07 00:00:00	ONT	Ontario International		Passenger Property Loss	Checked Baggage	108.22	Electronics,Electronics	Settled	54.11	Settle
110526	2007091331853	2007-09-11 00:00:00	2007-09-10 00:00:00	ONT	Ontario International	Southwest Airlines	Passenger Property Loss	Checked Baggage	49.5	Cosmetics	Denied	0.0	Deny
110811	2007091832122	2007-09-17 00:00:00	2007-09-15 00:00:00	ONT	Ontario International	Jet Blue	Passenger Property Loss	Checked Baggage	400.0	Electronics	Denied	0.0	Deny
110830	2007091932208	2007-09-17 00:00:00	2007-07-25 00:00:00	ONT	Ontario International	Jet Blue	Passenger Property Loss	Checked Baggage	209.0	Watches & Jewelry	Denied	0.0	Deny
111082	2007092432433	2007-09-21 00:00:00	2007-08-11 00:00:00	ONT	Ontario International	Southwest Airlines	Passenger Property Loss	Checked Baggage	599.0	Electronics	Denied	0.0	Deny
111564	2007100232867	2007-10-02 00:00:00	2007-09-25 00:00:00	ONT	Ontario International	Southwest Airlines	Passenger Property Loss	Checked Baggage	291.0	Cosmetics,Clothing & Accessories,Other	Denied	0.0	Deny
111733	2007101133260	2007-10-04 00:00:00	2007-09-08 00:00:00	ONT	Ontario International	Delta Air Lines	Passenger Property Loss	Checked Baggage	386.44	Electronics	Denied	0.0	Deny
111873	2007101133251	2007-10-09 00:00:00	2007-10-06 00:00:00	ONT	Ontario International	Delta Air Lines	Passenger Property Loss	Checked Baggage	377.0	Electronics	Denied	0.0	Deny
112265	2007101833626	2007-10-16 00:00:00	2007-09-21 00:00:00	ONT	Ontario International	Continental Airlines	Passenger Property Loss	Checked Baggage	105.19	Clothing & Accessories	Denied	0.0	Deny
112468	2007102433829	2007-10-22 00:00:00	2007-09-15 00:00:00	ONT	Ontario International	Continental Airlines	Passenger Property Loss	Checked Baggage	20.0	Tools & Machines	Approved	20.0	Approve in Full
112863	2007110234327	2007-10-29 00:00:00	2007-06-15 00:00:00	ONT	Ontario International	Delta Air Lines	Passenger Property Loss	Checked Baggage	75.85	Other	Denied	0.0	Deny
113309	2007110834722	2007-11-06 00:00:00	2007-10-01 00:00:00	ONT	Ontario International	Aero Mexico	Passenger Property Loss	Checked Baggage	984.93	Watches & Jewelry	Denied	0.0	Deny
114408	2007113035800	2007-11-28 00:00:00	2007-11-25 00:00:00	ONT	Ontario International	Jet Blue	Passenger Property Loss	Checked Baggage	2363.66	Electronics	Settled	1095.23	Settle
114608	2007120335914	2007-12-03 00:00:00	2007-11-19 00:00:00	ONT	Ontario International	UAL	Passenger Property Loss	Checkpoint	268.99	Electronics	Denied	0.0	Deny
114628	2007120435969	2007-12-03 00:00:00	2007-11-16 00:00:00	ONT	Ontario International	Southwest Airlines	Passenger Property Loss	Checked Baggage	50.0	Other	Denied	0.0	Deny
114744	2007120636105	2007-12-05 00:00:00	2007-11-03 00:00:00	ONT	Ontario International	Southwest Airlines	Passenger Property Loss	Checkpoint	3000.0	Electronics	Approved	3000.0	Approve in Full
114832	2007121036298	2007-12-06 00:00:00	2007-09-20 00:00:00	ONT	Ontario International	Delta Air Lines	Passenger Property Loss	Checked Baggage	12.9	Tools & Machines	Denied	0.0	Deny
115941	2008010437373	2008-01-02 00:00:00	2007-12-20 00:00:00	ONT	Ontario International	Alaska Airlines	Passenger Property Loss	Checked Baggage	850.0	Cosmetics,Watches & Jewelry	Denied	0.0	Deny
116646	2009012154717	2008-01-12 00:00:00	2008-12-14 00:00:00	ONT	Ontario International	Southwest Airlines	Passenger Property Loss	Checked Baggage	20.0	Other	Denied	0.0	Deny
117162	2008012538622	2008-01-22 00:00:00	2008-01-13 00:00:00	ONT	Ontario International	Continental Airlines	Passenger Property Loss	Checked Baggage		Tools & Machines	Insufficient, one of the following items required: sum certain, statement of fact, signature, location of incident, and date.		
117946	2008021239481	2008-02-06 00:00:00	2008-02-04 00:00:00	ONT	Ontario International	Southwest Airlines	Passenger Property Loss	Checkpoint	6000.0	Watches & Jewelry	Denied	0.0	Deny
118056	2008021939734	2008-02-08 00:00:00	2007-08-11 00:00:00	ONT	Ontario International	Southwest Airlines	Passenger Property Loss	Checked Baggage	122.0	Cosmetics,Scientific Intruments	Denied	0.0	Deny
118067	2008022039813	2008-02-08 00:00:00	2007-12-24 00:00:00	ONT	Ontario International	Southwest Airlines	Passenger Property Loss	Checkpoint	205.0	Clothing & Accessories,Clothing & Accessories	Denied	0.0	Deny
118070	2008022039831	2008-02-08 00:00:00	2007-12-21 00:00:00	ONT	Ontario International	ATA Aerocondor	Passenger Property Loss	Checkpoint	1200.0	Watches & Jewelry	Denied	0.0	Deny
118189	2008022840281	2008-02-11 00:00:00	2007-12-30 00:00:00	ONT	Ontario International	Alaska Airlines	Passenger Property Loss	Checked Baggage	129.0	Watches & Jewelry	Settled	64.5	Settle
118877	2008030340343	2008-02-26 00:00:00	2008-01-19 00:00:00	ONT	Ontario International	US Express	Passenger Property Loss	Checked Baggage	85.79	Electronics	Denied	0.0	Deny
119005	2008030740596	2008-02-28 00:00:00	2007-11-09 00:00:00	ONT	Ontario International	Delta Air Lines	Passenger Property Loss	Checked Baggage	22.0	Food & Drink	Denied	0.0	Deny
119709	2008032041340	2008-03-14 00:00:00	2008-03-10 00:00:00	ONT	Ontario International	Continental Airlines	Passenger Property Loss	Checked Baggage	119.0	Other	Denied	0.0	Deny
119821	2008032741540	2008-03-17 00:00:00	2008-01-06 00:00:00	ONT	Ontario International	ATA Aerocondor	Passenger Property Loss	Checked Baggage	312.45	Electronics	Denied	0.0	Deny
119872	2008032841607	2008-03-18 00:00:00	2008-03-03 00:00:00	ONT	Ontario International	American Airlines	Passenger Property Loss	Checked Baggage	8.57	Tools & Machines	Denied	0.0	Deny
119921	2008032741539	2008-03-19 00:00:00	2008-02-17 00:00:00	ONT	Ontario International	Southwest Airlines	Passenger Property Loss	Checked Baggage	10.0	Containers	Denied	0.0	Deny
120042	2008040441909	2008-03-20 00:00:00	2008-02-15 00:00:00	ONT	Ontario International		Passenger Property Loss	Checked Baggage	113.4	Cosmetics	Settled	56.7	Settle
120385	2008050643896	2008-03-27 00:00:00	2008-03-19 00:00:00	ONT	Ontario International	Delta Air Lines	Passenger Property Loss	Checked Baggage	228.51	Clothing & Accessories	Denied	0.0	Deny
121182	2008041742823	2008-04-11 00:00:00	2008-03-31 00:00:00	ONT	Ontario International	American Airlines	Passenger Property Loss	Checked Baggage	525.0	Clothing & Accessories	Denied	0.0	Deny
121416	2008042243064	2008-04-15 00:00:00	2008-03-27 00:00:00	ONT	Ontario International	Delta Air Lines	Passenger Property Loss	Checkpoint	900.97	Electronics	Denied	0.0	Deny
122286	2008050843960	2008-05-05 00:00:00	2008-05-01 00:00:00	ONT	Ontario International	UAL	Passenger Property Loss	Checkpoint	229.0	Watches & Jewelry	Approved	229.0	Approve in Full
122361	2008050843970	2008-05-06 00:00:00	2008-05-01 00:00:00	ONT	Ontario International	USAir	Passenger Property Loss	Checked Baggage	339.74	Electronics	Denied	0.0	Deny
122440	2008051344165	2008-05-07 00:00:00	2008-04-29 00:00:00	ONT	Ontario International	UAL	Passenger Property Loss	Checked Baggage	15.0	Electronics	Approved	15.0	Approve in Full
123586	2008050543782	2008-06-02 00:00:00	2008-04-17 00:00:00	ONT	Ontario International	Alaska Airlines	Passenger Property Loss	Checked Baggage	21.75	Tools & Machines	Denied	0.0	Deny
123645	2008073047699	2008-06-02 00:00:00	2008-05-07 00:00:00	ONT	Ontario International	USAir	Passenger Property Loss	Checked Baggage	12.0	Tools & Machines,Other	Denied	0.0	Deny
123743	2008060545364	2008-06-04 00:00:00	2008-06-01 00:00:00	ONT	Ontario International	Delta Air Lines	Passenger Property Loss	Checked Baggage	68.98	Office Supplies,Electronics	Denied	0.0	Deny
124060	2008061845814	2008-06-11 00:00:00	2008-06-04 00:00:00	ONT	Ontario International	Alaska Airlines	Passenger Property Loss	Checked Baggage	900.0	Watches & Jewelry	Denied	0.0	Deny
124135	2008110652046	2008-06-13 00:00:00	2006-05-12 00:00:00	ONT	Ontario International	USAir	Passenger Property Loss	Checked Baggage	6200.0	Watches & Jewelry	Canceled	0.0	
124218	2008061845853	2008-06-16 00:00:00	2008-06-12 00:00:00	ONT	Ontario International	Southwest Airlines	Passenger Property Loss	Checked Baggage	300.0	Other	Denied	0.0	Deny
124653	2008063046365	2008-06-25 00:00:00	2008-05-29 00:00:00	ONT	Ontario International	Southwest Airlines	Passenger Property Loss	Checked Baggage	15000.0	Watches & Jewelry	Denied	0.0	Deny
124962	2008070946659	2008-07-02 00:00:00	2008-06-16 00:00:00	ONT	Ontario International	Alaska Airlines	Passenger Property Loss	Checked Baggage	300.0	Electronics	Denied	0.0	Deny
124989	2008071646977	2008-07-02 00:00:00	2008-06-19 00:00:00	ONT	Ontario International	Continental Airlines	Passenger Property Loss	Checked Baggage	5398.0	Watches & Jewelry	Denied	0.0	Deny
125277	2008072347256	2008-07-10 00:00:00	2008-06-30 00:00:00	ONT	Ontario International	Alaska Airlines	Passenger Property Loss	Checked Baggage	60.0	Other	Approved	60.0	Approve in Full
125279	2008071847131	2008-07-10 00:00:00	2008-06-22 00:00:00	ONT	Ontario International	Southwest Airlines	Passenger Property Loss	Checkpoint		Other	Canceled	0.0	
125480	2008072247217	2008-07-14 00:00:00	2008-07-02 00:00:00	ONT	Ontario International	Southwest Airlines	Passenger Property Loss	Checked Baggage	262.0	Clothing & Accessories,Watches & Jewelry	Denied	0.0	Deny
125524	2008072147155	2008-07-15 00:00:00	2008-07-01 00:00:00	ONT	Ontario International	Southwest Airlines	Passenger Property Loss	Checked Baggage	649.98	Electronics	Denied	0.0	Deny
125631	2008072547437	2008-07-17 00:00:00	2008-02-29 00:00:00	ONT	Ontario International	Jet Blue	Passenger Property Loss	Checked Baggage	1350.0	Watches & Jewelry	Denied	0.0	Deny
125849	2008073047678	2008-07-22 00:00:00	2008-07-04 00:00:00	ONT	Ontario International	EVA airlines	Passenger Property Loss	Checked Baggage	300.0	Other	Denied	0.0	Deny
126277	2008080548042	2008-07-31 00:00:00	2008-07-16 00:00:00	ONT	Ontario International	Southwest Airlines	Passenger Property Loss	Checkpoint	1161.05	Electronics	Denied	0.0	Deny
126349	2008080648141	2008-08-01 00:00:00	2008-07-17 00:00:00	ONT	Ontario International	American Airlines	Passenger Property Loss	Checked Baggage	978.73	Electronics	Denied	0.0	Deny
126366	2008081148335	2008-08-01 00:00:00	2008-07-01 00:00:00	ONT	Ontario International	UAL	Passenger Property Loss	Checkpoint	46.95	Supplies	Denied	0.0	Deny
126479	2008080748225	2008-08-05 00:00:00	2008-07-24 00:00:00	ONT	Ontario International	Southwest Airlines	Passenger Property Loss	Checked Baggage	2000.0	Electronics	Denied	0.0	Deny
126801	2008081948771	2008-08-11 00:00:00	2008-07-24 00:00:00	ONT	Ontario International	Southwest Airlines	Passenger Property Loss	Checked Baggage	320.56	Other	Denied	0.0	Deny
126862	2008081448649	2008-08-13 00:00:00	2008-07-24 00:00:00	ONT	Ontario International	Continental Airlines	Passenger Property Loss	Checkpoint	110.0	Other	Denied	0.0	Deny
126911	2008081548677	2008-08-14 00:00:00	2008-08-08 00:00:00	ONT	Ontario International	Alaska Airlines	Passenger Property Loss	Checked Baggage	317.84	Electronics,Electronics	Denied	0.0	Deny
126958	2008081848728	2008-08-14 00:00:00	2008-07-19 00:00:00	ONT	Ontario International	Southwest Airlines	Passenger Property Loss	Checked Baggage	68.97	Cosmetics	Settled	20.49	Settle
127061	2008082048859	2008-08-18 00:00:00	2008-08-04 00:00:00	ONT	Ontario International	UAL	Passenger Property Loss	Checked Baggage	2830.0	Electronics,Clothing & Accessories,Containers,Other,Watches & Jewelry	Denied	0.0	Deny
127156	2008081848745	2008-08-20 00:00:00	2008-08-11 00:00:00	ONT	Ontario International	Southwest Airlines	Passenger Property Loss	Checked Baggage	300.0	Office Supplies,Other	Canceled	0.0	
127399	2008082749181	2008-08-25 00:00:00	2008-08-18 00:00:00	ONT	Ontario International		Passenger Property Loss	Checked Baggage	129.99	Musical Intruments	Settled	64.99	Settle
127655	2008090349404	2008-09-02 00:00:00	2007-06-06 00:00:00	ONT	Ontario International	Continental Airlines	Passenger Property Loss	Checked Baggage	2705.33	Clothing & Accessories,Cosmetics,Watches & Jewelry,Watches & Jewelry,Supplies,Other	Denied	0.0	Deny
128085	2008080848278	2008-09-10 00:00:00	2008-06-26 00:00:00	ONT	Ontario International	American Airlines	Passenger Property Loss	Checked Baggage	490.41	Cosmetics,Watches & Jewelry	Denied	0.0	Deny
128302	2008091850096	2008-09-16 00:00:00	2008-09-07 00:00:00	ONT	Ontario International	Southwest Airlines	Passenger Property Loss	Checkpoint	33.6	Clothing & Accessories	Approved	33.6	Approve in Full
128486	2008092250194	2008-09-19 00:00:00	2008-07-31 00:00:00	ONT	Ontario International	Southwest Airlines	Passenger Property Loss	Checkpoint	487.13	Watches & Jewelry	Denied	0.0	Deny
128551	2008092250229	2008-09-22 00:00:00	2008-09-19 00:00:00	ONT	Ontario International	Southwest Airlines	Passenger Property Loss	Checkpoint	400.0	Electronics	Canceled	0.0	
128785	2008100150623	2008-09-26 00:00:00	2007-10-22 00:00:00	ONT	Ontario International	Southwest Airlines	Passenger Property Loss	Checkpoint	14500.0	Containers,Watches & Jewelry	Denied	0.0	Deny
128935	2008100850912	2008-09-30 00:00:00	2008-08-25 00:00:00	ONT	Ontario International	Continental Airlines	Passenger Property Loss	Checked Baggage	40.0	Electronics	Settled	20.0	Settle
129170	2008101050997	2008-10-07 00:00:00	2008-09-30 00:00:00	ONT	Ontario International	Southwest Airlines	Passenger Property Loss	Checked Baggage	300.0	Containers	Denied	0.0	Deny
129179	2008101551129	2008-10-07 00:00:00	2008-09-29 00:00:00	ONT	Ontario International	Southwest Airlines	Passenger Property Loss	Checked Baggage	249.0	Containers,Electronics	Denied	0.0	Deny
129248	2008101451087	2008-10-08 00:00:00	2008-09-23 00:00:00	ONT	Ontario International	Southwest Airlines	Passenger Property Loss	Checked Baggage	4800.0	Watches & Jewelry,Watches & Jewelry	Denied	0.0	Deny
129311	2008101451082	2008-10-10 00:00:00	2008-10-01 00:00:00	ONT	Ontario International	Delta Air Lines	Passenger Property Loss	Checked Baggage	260.0	Other	Denied	0.0	Deny
129375	2008101651200	2008-10-14 00:00:00	2008-10-10 00:00:00	ONT	Ontario International	Continental Airlines	Passenger Property Loss	Checked Baggage	154.42	Electronics	Denied	0.0	Deny
129496	2008102151338	2008-10-15 00:00:00	2008-07-16 00:00:00	ONT	Ontario International	Southwest Airlines	Passenger Property Loss	Checked Baggage		Containers,Electronics,Electronics,Cosmetics,Clothing & Accessories	Insufficient, one of the following items required: sum certain, statement of fact, signature, location of incident, and date.		
129602	2008102251435	2008-10-17 00:00:00	2008-10-01 00:00:00	ONT	Ontario International	Delta Air Lines	Passenger Property Loss	Checked Baggage	29.37	Electronics	Settled	14.69	Settle
129907	2008102351453	2008-10-27 00:00:00	2008-10-16 00:00:00	ONT	Ontario International	Alaska Airlines	Passenger Property Loss	Checked Baggage	2499.0	Electronics	Denied	0.0	Deny
130176	2008110451761	2008-11-03 00:00:00	2008-10-08 00:00:00	ONT	Ontario International	Delta Air Lines	Passenger Property Loss	Checked Baggage	7.0	Tools & Machines	Denied	0.0	Deny
130596	2008112152646	2008-11-13 00:00:00	2008-10-24 00:00:00	ONT	Ontario International	Southwest Airlines	Passenger Property Loss	Checked Baggage	290.98	Electronics	Denied	0.0	Deny
130806	2008112652807	2008-11-19 00:00:00	2008-09-16 00:00:00	ONT	Ontario International	Delta Air Lines	Passenger Property Loss	Checked Baggage	166.1	Electronics	Approved	166.1	Approve in Full
130818	2008112152634	2008-11-19 00:00:00	2008-11-03 00:00:00	ONT	Ontario International	Southwest Airlines	Passenger Property Loss	Checked Baggage	227.32	Other	Denied	0.0	Deny
130982	2008112852864	2008-11-24 00:00:00	2008-11-10 00:00:00	ONT	Ontario International	Southwest Airlines	Passenger Property Loss	Checked Baggage	18.0	Cosmetics	Denied	0.0	Deny
131224	2008120453113	2008-12-01 00:00:00	2008-11-07 00:00:00	ONT	Ontario International	Continental Airlines	Passenger Property Loss	Checked Baggage	110.0	Other	Denied	0.0	Deny
131959	2008123053877	2008-12-19 00:00:00	2008-11-20 00:00:00	ONT	Ontario International	American Airlines	Passenger Property Loss	Checked Baggage	50.0	Tools & Machines,Containers	Denied	0.0	Deny
132018	2008123053829	2008-12-22 00:00:00	2008-12-18 00:00:00	ONT	Ontario International	American Airlines	Passenger Property Loss	Checked Baggage	300.0	Other	Denied	0.0	Deny
132325	2009011354432	2008-12-31 00:00:00	2008-12-19 00:00:00	ONT	Ontario International	American Airlines	Passenger Property Loss	Checked Baggage	631.97	Electronics	Denied	0.0	Deny
132554	2009011354398	2009-01-07 00:00:00	2008-12-12 00:00:00	ONT	Ontario International	Southwest Airlines	Passenger Property Loss	Checked Baggage	344.9	Electronics	Denied	0.0	Deny
133030	2009012855020	2009-01-15 00:00:00	2009-01-04 00:00:00	ONT	Ontario International	Southwest Airlines	Passenger Property Loss	Checked Baggage	168.86	Clothing & Accessories	Settled	101.32	Settle
133502	2009021155429	2009-01-29 00:00:00	2008-10-17 00:00:00	ONT	Ontario International	Delta Air Lines	Passenger Property Loss	Checked Baggage	1702.27	Electronics	Denied	0.0	Deny
133521	2009022555802	2009-01-29 00:00:00	2008-12-06 00:00:00	ONT	Ontario International	Southwest Airlines	Passenger Property Loss	Checked Baggage	50.0	Other	Denied	0.0	Deny
133581	2009021355503	2009-02-02 00:00:00	2008-12-20 00:00:00	ONT	Ontario International	Alaska Airlines	Passenger Property Loss	Checkpoint	75.0	Watches & Jewelry	Denied	0.0	Deny
133636	2009021355532	2009-02-03 00:00:00	2009-01-05 00:00:00	ONT	Ontario International	USAir	Passenger Property Loss	Checked Baggage	170.0	Clothing & Accessories	Canceled	0.0	
133649	2009021355531	2009-02-03 00:00:00	2008-11-22 00:00:00	ONT	Ontario International		Passenger Property Loss	Checkpoint	1615.17	Watches & Jewelry	Denied	0.0	Deny
134350	2009031256157	2009-02-24 00:00:00	2009-01-20 00:00:00	ONT	Ontario International	Southwest Airlines	Passenger Property Loss	Checked Baggage	472.0	Containers,Cosmetics	Denied	0.0	Deny
134689	2009032556879	2009-03-05 00:00:00	2009-01-03 00:00:00	ONT	Ontario International	Southwest Airlines	Passenger Property Loss	Checkpoint	2500.0	Watches & Jewelry	Canceled	0.0	
135122	2009033057032	2009-03-16 00:00:00	2009-03-09 00:00:00	ONT	Ontario International	American Airlines	Passenger Property Loss	Checked Baggage	999.99	Electronics	Denied	0.0	Deny
135255	2009040257141	2009-03-18 00:00:00	2009-03-01 00:00:00	ONT	Ontario International	Southwest Airlines	Passenger Property Loss	Checked Baggage	60.0	Containers	Settled	20.0	Settle
136452	2009050758452	2009-04-21 00:00:00	2009-03-03 00:00:00	ONT	Ontario International	Continental Airlines	Passenger Property Loss	Checked Baggage	50.0	Household Items	Denied	0.0	Deny
137187	2009051558664	2009-05-12 00:00:00	2009-05-03 00:00:00	ONT	Ontario International	Southwest Airlines	Passenger Property Loss	Checked Baggage	194.11	Electronics	Canceled	0.0	
137583	2009060159640	2009-05-26 00:00:00	2009-05-12 00:00:00	ONT	Ontario International	Southwest Airlines	Passenger Property Loss	Checked Baggage	175.0	Clothing & Accessories	Approved	175.0	Approve in Full
137754	2009060259744	2009-05-28 00:00:00	2009-05-18 00:00:00	ONT	Ontario International	Southwest Airlines	Passenger Property Loss	Checked Baggage	200.0	Electronics	Denied	0.0	Deny
137970	2009060959983	2009-06-04 00:00:00	2009-05-20 00:00:00	ONT	Ontario International	Southwest Airlines	Passenger Property Loss	Checked Baggage	36.75	Clothing & Accessories	Denied	0.0	Deny
138030	2009061160069	2009-06-05 00:00:00	2009-05-03 00:00:00	ONT	Ontario International	Delta Air Lines	Passenger Property Loss	Checked Baggage	2013.68	Electronics,Clothing & Accessories,Cosmetics,Other	Denied	0.0	Deny
138454	2009062260475	2009-06-17 00:00:00	2009-06-01 00:00:00	ONT	Ontario International	Alaska Airlines	Passenger Property Loss	Checked Baggage	11.0	Tools & Machines	Approved	11.0	Approve in Full
138924	2009070760885	2009-06-30 00:00:00	2009-06-06 00:00:00	ONT	Ontario International	Southwest Airlines	Passenger Property Loss	Checked Baggage	269.99	Electronics	Denied	0.0	Deny
138985	2009071061037	2009-07-01 00:00:00	2009-06-26 00:00:00	ONT	Ontario International	Southwest Airlines	Passenger Property Loss	Checked Baggage	325.0	Electronics	Canceled	0.0	
139198	2009071761411	2009-07-07 00:00:00	2009-06-21 00:00:00	ONT	Ontario International	American Eagle	Passenger Property Loss	Checked Baggage	529.0	Electronics,Clothing & Accessories,Other	Denied	0.0	Deny
139261	2009071661273	2009-07-09 00:00:00	2009-06-27 00:00:00	ONT	Ontario International	Alaska Airlines	Passenger Property Loss	Checked Baggage	5.7	Other,Tools & Machines	Canceled	0.0	
139416	2009072161550	2009-07-13 00:00:00	2009-06-02 00:00:00	ONT	Ontario International	Delta Air Lines	Passenger Property Loss	Checked Baggage	1229.98	Clothing & Accessories,Other,Electronics	Denied	0.0	Deny
139425	2009072261584	2009-07-13 00:00:00	2009-06-10 00:00:00	ONT	Ontario International	American Airlines	Passenger Property Loss	Checked Baggage	1000.0	Supplies	Denied	0.0	Deny
139600	2009072261625	2009-07-16 00:00:00	2009-06-19 00:00:00	ONT	Ontario International	Southwest Airlines	Passenger Property Loss	Checked Baggage	10.0	Tools & Machines	Denied	0.0	Deny
139682	2009071661312	2009-07-20 00:00:00	2009-06-03 00:00:00	ONT	Ontario International	Alaska Airlines	Passenger Property Loss	Checked Baggage	35.0	Tools & Machines	Denied	0.0	Deny
140116	2009080562238	2009-07-30 00:00:00	2009-07-20 00:00:00	ONT	Ontario International	USAir	Passenger Property Loss	Checked Baggage	10.0	Tools & Machines	Approved	10.0	Approve in Full
140979	2009082763076	2009-08-24 00:00:00	2009-08-04 00:00:00	ONT	Ontario International	Southwest Airlines	Passenger Property Loss	Checked Baggage	50.0	Electronics	Denied	0.0	Deny
141202	2009090163189	2009-08-31 00:00:00	2009-07-05 00:00:00	ONT	Ontario International	UAL	Passenger Property Loss	Checkpoint	90.32	Cosmetics	Denied	0.0	Deny
141225	2009090163225	2009-08-31 00:00:00	2009-08-07 00:00:00	ONT	Ontario International	Continental Airlines	Passenger Property Loss	Checked Baggage	309.0	Other	Denied	0.0	Deny
141372	2009090363347	2009-09-03 00:00:00	2009-07-21 00:00:00	ONT	Ontario International	Southwest Airlines	Passenger Property Loss		240.0	Clothing & Accessories	Denied	0.0	Deny
141474	2009091463570	2009-09-08 00:00:00	2009-08-21 00:00:00	ONT	Ontario International	Great Lakes Airline	Passenger Property Loss	Checked Baggage	165.0	Electronics	Denied	0.0	Deny
141524	2009091663735	2009-09-09 00:00:00	2009-09-01 00:00:00	ONT	Ontario International	Southwest Airlines	Passenger Property Loss	Checked Baggage	400.0	Other	Denied	0.0	Deny
142060	2009092263940	2009-09-24 00:00:00	2009-07-21 00:00:00	ONT	Ontario International	UAL	Passenger Property Loss	Checked Baggage	320.0	Electronics	Canceled		
142360	2009100864461	2009-10-05 00:00:00	2009-09-19 00:00:00	ONT	Ontario International	Southwest Airlines	Passenger Property Loss	Checked Baggage	100.0	Clothing & Accessories	Approved	100.0	Approve in Full
142860	2009102964959	2009-10-22 00:00:00	2009-09-22 00:00:00	ONT	Ontario International	UAL	Passenger Property Loss	Checked Baggage	14.99	Tools & Machines	Approved	14.99	Approve in Full
142901	2009102964972	2009-10-22 00:00:00	2009-10-06 17:25:00	ONT	Ontario International	Southwest Airlines	Passenger Property Loss	Checked Baggage	65.0	Clothing & Accessories	Denied	0.0	Deny
143172	2009110665198	2009-10-30 00:00:00	2009-10-16 00:00:00	ONT	Ontario International	USAir	Passenger Property Loss	Checked Baggage	448.94	Outdoors Supplies	Settled	426.49	Settle
143645	2009112465657	2009-11-13 00:00:00	2009-09-29 00:00:00	ONT	Ontario International	Delta Air Lines	Passenger Property Loss	Checked Baggage	150.0	Cosmetics	Settled	75.0	Settle
144027	2009120366009	2009-11-27 00:00:00	2009-11-11 14:20:00	ONT	Ontario International	Southwest Airlines	Passenger Property Loss	Checked Baggage	500.0	Other	Denied	0.0	Deny
144150	2009120766150	2009-12-01 00:00:00	2009-09-28 09:00:00	ONT	Ontario International	UAL	Passenger Property Loss	Checkpoint	500.0	Watches & Jewelry	Denied	0.0	Deny
145697	2010021968550	2010-02-12 00:00:00	2010-02-07 13:00:00	ONT	Ontario International	Southwest Airlines	Passenger Property Loss	Checked Baggage		Electronics		0.0	Deny
145752	2010022468683	2010-02-12 00:00:00	2010-01-17 07:35:00	ONT	Ontario International	American Airlines	Passenger Property Loss	Checked Baggage		Watches & Jewelry		0.0	Deny
146555	2010031569594	2010-03-10 00:00:00	2010-03-09 09:40:00	ONT	Ontario International	Southwest Airlines	Passenger Property Loss	Checked Baggage		Other,Electronics,Electronics		0.0	Deny
146562	2010031569603	2010-03-10 00:00:00	2010-02-04 05:15:00	ONT	Ontario International	Southwest Airlines	Passenger Property Loss	Checked Baggage		Cosmetics,Other,Electronics		0.0	Deny
147564	2010040570432	2010-04-12 00:00:00	2010-03-13 00:00:00	ONT	Ontario International		Passenger Property Loss	Checked Baggage		Electronics		124.5	Settle
147622	2010041970926	2010-04-12 00:00:00	2010-04-04 16:00:00	ONT	Ontario International	Southwest Airlines	Passenger Property Loss	Checked Baggage		Clothing & Accessories		0.0	Deny
147685	2010041670890	2010-04-13 00:00:00	2010-04-01 11:30:00	ONT	Ontario International	Southwest Airlines	Passenger Property Loss	Checked Baggage		Electronics		0.0	Deny
147893	2010042271055	2010-04-20 00:00:00	2010-04-10 23:20:00	ONT	Ontario International	Delta Air Lines	Passenger Property Loss	Checked Baggage		Electronics		0.0	Deny
147986	2010042871252	2010-04-22 00:00:00	2010-04-08 07:30:00	ONT	Ontario International	American Airlines	Passenger Property Loss	Checkpoint		Other		0.0	Deny
148237	2010050371422	2010-04-30 00:00:00	2010-04-25 07:30:00	ONT	Ontario International	Southwest Airlines	Passenger Property Loss	Checked Baggage		Electronics		0.0	Deny
148251	2010050571526	2010-04-30 00:00:00	2010-04-06 00:00:00	ONT	Ontario International	American Airlines	Passenger Property Loss	Checked Baggage		Watches & Jewelry		0.0	Deny
149458	2010062473056	2010-06-08 00:00:00	2010-05-25 06:00:00	ONT	Ontario International	UAL	Passenger Property Loss	Checked Baggage		Other,Electronics			
149581	2010062172828	2010-06-14 00:00:00	2010-06-01 00:00:00	ONT	Ontario International	Alaska Airlines	Passenger Property Loss	Checked Baggage		Cosmetics		0.0	Deny
149774	2010062473065	2010-06-18 00:00:00	2010-06-16 10:46:00	ONT	Ontario International	USAir	Passenger Property Loss	Checked Baggage		Food & Drink		0.0	Deny
149857	2010062873156	2010-06-22 00:00:00	2010-05-29 00:00:00	ONT	Ontario International	Southwest Airlines	Passenger Property Loss	Checked Baggage		Clothing & Accessories		0.0	Deny
149897	2010062973212	2010-06-23 00:00:00	2010-05-25 00:00:00	ONT	Ontario International	Delta Air Lines	Passenger Property Loss	Checked Baggage		Watches & Jewelry		0.0	Deny
150125	2010070773469	2010-06-29 00:00:00	2010-06-17 00:00:00	ONT	Ontario International	Southwest Airlines	Passenger Property Loss	Checked Baggage		Electronics		0.0	Deny
150164	2010070773405	2010-06-30 00:00:00	2010-06-07 00:00:00	ONT	Ontario International	American Airlines	Passenger Property Loss	Checked Baggage		Household Decor		0.0	Deny
150311	2010071473675	2010-07-06 00:00:00	2010-06-05 09:43:00	ONT	Ontario International	American Airlines	Passenger Property Loss	Checked Baggage		Cosmetics		16.34	Approve in Full
151262	2010080774651	2010-08-02 00:00:00	2010-07-04 06:30:00	ONT	Ontario International	American Airlines	Passenger Property Loss	Checked Baggage		Clothing & Accessories			
151268	2010080774657	2010-08-02 00:00:00	2010-07-10 11:00:00	ONT	Ontario International	Southwest Airlines	Passenger Property Loss	Checked Baggage		Cosmetics		0.0	Deny
151281	2010080974686	2010-08-02 00:00:00	2010-06-23 14:10:00	ONT	Ontario International	Southwest Airlines	Passenger Property Loss	Checked Baggage		Cosmetics		79.03	Settle
151620	2010081374892	2010-08-11 00:00:00	2010-07-27 06:59:00	ONT	Ontario International	Southwest Airlines	Passenger Property Loss	Checked Baggage		Electronics			
152090	2010083075459	2010-08-24 00:00:00	2010-07-26 21:00:00	ONT	Ontario International	Delta Air Lines	Passenger Property Loss	Checkpoint		Watches & Jewelry,Clothing & Accessories		0.0	Deny
152162	2010083175527	2010-08-26 00:00:00	2010-08-10 09:00:00	ONT	Ontario International	Southwest Airlines	Passenger Property Loss	Checked Baggage		Electronics		149.99	Settle
152218	2010090275612	2010-08-27 00:00:00	2010-04-27 12:07:00	ONT	Ontario International	Southwest Airlines	Passenger Property Loss	Checked Baggage		Cosmetics		0.0	Deny
152298	2010090775748	2010-08-30 00:00:00	2010-08-04 14:10:00	ONT	Ontario International	Southwest Airlines	Passenger Property Loss	Checkpoint		Containers,Cosmetics		150.0	Settle
152475	2010091475947	2010-09-03 00:00:00	2010-08-04 06:00:00	ONT	Ontario International	Southwest Airlines	Passenger Property Loss	Checked Baggage		Electronics		73.4	Settle
153650	2010101977076	2010-10-12 00:00:00	2010-09-28 08:45:00	ONT	Ontario International	Delta Air Lines	Passenger Property Loss	Checked Baggage		Clothing & Accessories		0.0	Deny
154138	2010110677630	2010-10-25 00:00:00	2010-10-11 00:00:00	ONT	Ontario International	Southwest Airlines	Passenger Property Loss	Checked Baggage		Cosmetics		0.0	Deny
154822	2010112678174	2010-11-17 00:00:00	2010-11-05 04:34:00	ONT	Ontario International	Southwest Airlines	Passenger Property Loss	Checked Baggage		Other		0.0	Deny
155023	2010120278431	2010-11-23 00:00:00	2010-11-06 07:23:00	ONT	Ontario International	Southwest Airlines	Passenger Property Loss	Checked Baggage		Clothing & Accessories		0.0	Deny
155050	2010120178404	2010-11-24 00:00:00	2010-11-16 06:45:00	ONT	Ontario International	Continental Airlines	Passenger Property Loss	Checked Baggage		Clothing & Accessories		0.0	Deny
155074	2010120678545	2010-11-24 00:00:00	2010-12-06 00:00:00	ONT	Ontario International	Southeast Airlines	Passenger Property Loss	Checked Baggage		Clothing & Accessories		0.0	Deny
155105	2010120378469	2010-11-29 00:00:00	2010-11-26 08:12:00	ONT	Ontario International		Passenger Property Loss	Checkpoint		Watches & Jewelry		0.0	Deny
155685	2011010779218	2010-12-16 00:00:00	2010-11-07 07:00:00	ONT	Ontario International	Southwest Airlines	Passenger Property Loss	Checked Baggage		Electronics		150.0	Settle
156513	2011020379908	2011-01-14 00:00:00	2010-12-30 16:00:00	ONT	Ontario International	Delta Air Lines	Passenger Property Loss	Checked Baggage		Cosmetics		0.0	Deny
156903	2011022280321	2011-01-25 00:00:00	2011-01-15 07:30:00	ONT	Ontario International	Southwest Airlines	Passenger Property Loss	Checkpoint		Clothing & Accessories		0.0	Deny
157270	2011030180642	2011-02-07 00:00:00	2011-01-17 00:00:00	ONT	Ontario International	USAir	Passenger Property Loss	Checked Baggage		Electronics,Electronics		0.0	Deny
157660	2011030981032	2011-02-22 00:00:00	2011-02-04 19:39:00	ONT	Ontario International	Southwest Airlines	Passenger Property Loss	Checked Baggage		Other		0.0	Deny
157735	2011031181158	2011-02-23 00:00:00	2011-02-11 20:15:00	ONT	Ontario International	Southwest Airlines	Passenger Property Loss	Checked Baggage		Containers,Electronics,Other		0.0	Deny
158140	2011033181603	2011-03-08 00:00:00	2011-02-13 20:15:00	ONT	Ontario International	Alaska Airlines	Passenger Property Loss	Checked Baggage		Outdoors Supplies		120.0	Settle
158340	2011040481827	2011-03-14 00:00:00	2011-02-23 00:00:00	ONT	Ontario International	Southwest Airlines	Passenger Property Loss	Checked Baggage		Clothing & Accessories		0.0	Deny
159031	2011040681973	2011-04-06 00:00:00	2011-03-11 13:00:00	ONT	Ontario International	American Airlines	Passenger Property Loss	Checked Baggage		Outdoors Supplies		0.0	Deny
159296	2011041482614	2011-04-14 00:00:00	2011-04-14 00:00:00	ONT	Ontario International	Alaska Airlines	Passenger Property Loss	Checked Baggage		Other		0.0	Deny
159418	2011041982752	2011-04-19 00:00:00	2011-03-28 15:00:00	ONT	Ontario International	Southwest Airlines	Passenger Property Loss	Checked Baggage		Cosmetics		20.0	Approve in Full
159432	2011042082791	2011-04-19 00:00:00	2011-04-16 15:50:00	ONT	Ontario International	USAir	Passenger Property Loss	Checkpoint		Food & Drink		0.0	Deny
159632	2011042783042	2011-04-26 00:00:00	2011-04-20 00:00:00	ONT	Ontario International	Continental Airlines	Passenger Property Loss	Checked Baggage		Electronics		0.0	Deny
161203	2011062784685	2011-06-16 00:00:00	2011-06-04 06:00:00	ONT	Ontario International	Alaska Airlines	Passenger Property Loss	Checked Baggage		Clothing & Accessories		35.88	Approve in Full
161628	2011072085326	2011-06-29 00:00:00	2011-06-01 00:00:00	ONT	Ontario International	Southwest Airlines	Passenger Property Loss	Checkpoint		Scientific Intruments		1845.0	Approve in Full
161638	2011071385128	2011-06-30 00:00:00	2011-05-08 13:10:00	ONT	Ontario International	Southwest Airlines	Passenger Property Loss	Checked Baggage		Outdoors Supplies			
161689	2011071485230	2011-07-01 00:00:00	2011-06-17 05:40:00	ONT	Ontario International	Delta Air Lines	Passenger Property Loss	Checkpoint		Clothing & Accessories,Clothing & Accessories		0.0	Deny
161982	2011072885618	2011-07-12 00:00:00	2011-06-28 00:00:00	ONT	Ontario International	Southwest Airlines	Passenger Property Loss	Checked Baggage		Cosmetics		0.0	Deny
162503	2011081286091	2011-07-28 00:00:00	2011-05-08 13:10:00	ONT	Ontario International	Southwest Airlines	Passenger Property Loss	Checked Baggage		Outdoors Supplies		100.0	Approve in Full
163386	2011091686992	2011-08-24 00:00:00	2011-08-02 20:00:00	ONT	Ontario International	Alaska Airlines	Passenger Property Loss	Checked Baggage		Other		0.0	Deny
163713	2011100787629	2011-09-06 00:00:00	2011-08-26 00:00:00	ONT	Ontario International	Continental Airlines	Passenger Property Loss	Checked Baggage		Electronics		0.0	Deny
163910	2011100587546	2011-09-12 00:00:00	2011-08-06 00:00:00	ONT	Ontario International	American Airlines	Passenger Property Loss	Checkpoint		Other		0.0	Deny
164918	2011110288642	2011-10-17 00:00:00	2011-09-10 00:00:00	ONT	Ontario International	Continental Airlines	Passenger Property Loss	Checked Baggage		Clothing & Accessories		0.0	Deny
165659	2011112889179	2011-11-14 00:00:00	2011-10-19 05:00:00	ONT	Ontario International	American Airlines	Passenger Property Loss	Checked Baggage		Electronics		0.0	Deny
166007	2011121389564	2011-11-23 00:00:00	2011-11-09 00:00:00	ONT	Ontario International	Delta Air Lines	Passenger Property Loss	Checked Baggage		Electronics		0.0	Deny
166534	2012011190125	2011-12-13 00:00:00	2011-11-19 07:30:00	ONT	Ontario International	Southwest Airlines	Passenger Property Loss	Checked Baggage		Outdoors Supplies		0.0	Deny
166543	2012012490358	2011-12-13 00:00:00	2011-09-13 00:00:00	ONT	Ontario International	Southwest Airlines	Passenger Property Loss	Checked Baggage		Watches & Jewelry			
168599	2012033092299	2012-02-21 00:00:00	2012-02-12 19:00:00	ONT	Ontario International	Southwest Airlines	Passenger Property Loss	Checked Baggage		Cosmetics		0.0	Deny
169068	2012040992662	2012-03-08 00:00:00	2012-02-28 00:00:00	ONT	Ontario International	Southwest Airlines	Passenger Property Loss	Checked Baggage		Other		0.0	Deny
169587	2012042393097	2012-03-28 00:00:00	2012-03-20 14:00:00	ONT	Ontario International	UAL	Passenger Property Loss	Checkpoint		Household Decor,Scientific Intruments		107.93	Approve in Full
169837	2012040992649	2012-04-09 00:00:00	2012-02-26 00:00:00	ONT	Ontario International	Southwest Airlines	Passenger Property Loss	Checked Baggage		Cosmetics		0.0	Deny
169900	2012050293521	2012-04-10 00:00:00	2012-04-08 09:00:00	ONT	Ontario International	Southwest Airlines	Passenger Property Loss	Checked Baggage		Clothing & Accessories			
169996	2012050793604	2012-04-12 00:00:00	2012-02-07 00:00:00	ONT	Ontario International	USAir	Passenger Property Loss	Checked Baggage		Watches & Jewelry		0.0	Deny
171217	2012060794627	2012-05-25 00:00:00	2012-02-25 00:00:00	ONT	Ontario International	Southwest Airlines	Passenger Property Loss	Checked Baggage		Cosmetics,Watches & Jewelry		0.0	Deny
171433	2012070595083	2012-06-04 00:00:00	2012-05-19 12:10:00	ONT	Ontario International	Southwest Airlines	Passenger Property Loss	Checked Baggage		Cosmetics		0.0	Deny
172229	2012081495929	2012-07-02 00:00:00	2012-06-03 00:00:00	ONT	Ontario International	Aero Mexico	Passenger Property Loss	Checkpoint		Other		0.0	Deny
172930	2012090696590	2012-07-26 00:00:00	2012-07-04 08:00:00	ONT	Ontario International	Southwest Airlines	Passenger Property Loss	Checked Baggage		Cosmetics,Watches & Jewelry,Watches & Jewelry,Watches & Jewelry		0.0	Deny
173692	2012082296124	2012-08-22 00:00:00	2012-07-25 15:30:00	ONT	Ontario International		Passenger Property Loss	Checkpoint		Electronics,Other,Electronics			
173825	2012101597581	2012-08-27 00:00:00	2012-08-20 00:00:00	ONT	Ontario International	Alaska Airlines	Passenger Property Loss	Checked Baggage		Containers,Food & Drink		0.0	Deny
174136	2012111098554	2012-09-07 00:00:00	2012-09-07 00:00:00	ONT	Ontario International	Southwest Airlines	Passenger Property Loss	Checked Baggage		Clothing & Accessories			
174741	2012111298599	2012-09-28 00:00:00	2012-09-20 00:00:00	ONT	Ontario International	Southwest Airlines	Passenger Property Loss	Checked Baggage		Outdoors Supplies		0.0	Deny
174834	2012111298575	2012-10-02 00:00:00	2012-09-16 00:00:00	ONT	Ontario International	Southwest Airlines	Passenger Property Loss	Checked Baggage		Other		0.0	Deny
175293	2012120499024	2012-10-22 00:00:00	2012-09-23 00:00:00	ONT	Ontario International	Alaska Airlines	Passenger Property Loss	Checked Baggage		Electronics		0.0	Deny
176563	2013012500438	2012-12-10 00:00:00	2012-09-08 13:30:00	ONT	Ontario International	Southwest Airlines	Passenger Property Loss	Checked Baggage		Clothing & Accessories,Cosmetics,Watches & Jewelry			
176865	2013012300128	2012-12-26 00:00:00	2012-11-18 10:15:00	ONT	Ontario International		Passenger Property Loss	Checkpoint		Clothing & Accessories		39.0	Approve in Full
177092	2013013000653	2013-01-03 00:00:00	2012-12-04 00:00:00	ONT	Ontario International	Southwest Airlines	Passenger Property Loss	Checked Baggage		Clothing & Accessories,Cosmetics		84.96	Approve in Full
177460	2013020701112	2013-01-16 00:00:00	2012-12-25 00:00:00	ONT	Ontario International	UAL	Passenger Property Loss	Checked Baggage		Games & Toys		0.0	Deny
177798	2013021301383	2013-01-28 00:00:00	2012-12-24 00:00:00	ONT	Ontario International	Southwest Airlines	Passenger Property Loss	Checked Baggage		Other		0.0	Deny
178046	2013022101765	2013-02-04 00:00:00	2013-01-26 12:30:00	ONT	Ontario International	Southwest Airlines	Passenger Property Loss	Checked Baggage		Cosmetics		0.0	Deny
179141	2013032702799	2013-03-15 00:00:00	2013-03-04 07:40:00	ONT	Ontario International	American Airlines	Passenger Property Loss	Checked Baggage		Cosmetics		0.0	Deny
182112	2013081906025	2013-07-03 00:00:00	2013-06-24 19:00:00	ONT	Ontario International	Southwest Airlines	Passenger Property Loss	Checked Baggage		Games & Toys		0.0	Deny
182520	2013082806340	2013-07-19 00:00:00	2013-06-26 00:00:00	ONT	Ontario International	Southwest Airlines	Passenger Property Loss	Checked Baggage		Outdoors Supplies		0.0	Deny
182560	2013090306471	2013-07-19 00:00:00	2013-06-26 07:00:00	ONT	Ontario International	Alaska Airlines	Passenger Property Loss	Checked Baggage		Cosmetics		0.0	Deny
183051	2013091907104	2013-08-06 00:00:00	2013-07-18 12:10:00	ONT	Ontario International	Southwest Airlines	Passenger Property Loss	Checkpoint		Other		0.0	Deny
183139	2013091206861	2013-08-08 00:00:00	2012-12-28 00:00:00	ONT	Ontario International	Delta Air Lines	Passenger Property Loss	Checkpoint		Electronics		300.0	Settle
183143	2013091306889	2013-08-08 00:00:00	2013-07-02 18:00:00	ONT	Ontario International	Southwest Airlines	Passenger Property Loss	Checked Baggage		Electronics		0.0	Deny
183213	2013090406512	2013-08-12 00:00:00	2013-07-07 00:00:00	ONT	Ontario International	Alaska Airlines	Passenger Property Loss	Checked Baggage		Cosmetics		241.86	Settle
183608	2013102307654	2013-08-23 00:00:00	2013-08-11 05:30:00	ONT	Ontario International	Alaska Airlines	Passenger Property Loss	Checked Baggage		Other		0.0	Deny
183885	2013091807083	2013-09-03 00:00:00	2013-08-07 00:00:00	ONT	Ontario International	American Airlines	Passenger Property Loss	Checked Baggage		Outdoors Supplies		0.0	Deny
184218	2013091506920	2013-09-16 00:00:00	2013-07-28 14:10:00	ONT	Ontario International	Alaska Airlines	Passenger Property Loss	Checked Baggage		Cosmetics			
185003	2013110108517	2013-10-21 00:00:00	2013-08-31 09:22:00	ONT	Ontario International	Southwest Airlines	Passenger Property Loss	Checked Baggage		Clothing & Accessories		45.0	Approve in Full
185294	2013111509374	2013-10-30 00:00:00	2013-09-24 07:00:00	ONT	Ontario International	Southwest Airlines	Passenger Property Loss	Checked Baggage		Containers,Clothing & Accessories,Cosmetics		0.0	Deny
186088	2013120509902	2013-12-03 00:00:00	2013-01-15 00:00:00	ONT	Ontario International	American Airlines	Passenger Property Loss	Checkpoint		Cosmetics		12.96	Approve in Full
186454	2013122710287	2013-12-18 00:00:00	2013-11-21 00:00:00	ONT	Ontario International	Delta Air Lines	Passenger Property Loss	Checked Baggage		Office Supplies,Cosmetics		78.0	Settle
187226	2014012110978	2014-01-13 00:00:00	2013-12-12 00:00:00	ONT	Ontario International	Southwest Airlines	Passenger Property Loss	Checked Baggage		Other		119.0	Approve in Full
188704	2014031412490	2014-03-13 00:00:00	2014-02-24 00:00:00	ONT	Ontario International	Southwest Airlines	Passenger Property Loss	Checked Baggage		Food & Drink		0.0	Deny
189162	2014040312960	2014-04-01 00:00:00	2014-03-14 00:00:00	ONT	Ontario International	Southwest Airlines	Passenger Property Loss	Checked Baggage		Cosmetics		10.69	Approve in Full
190238	2014051914053	2014-05-14 00:00:00	2014-05-10 00:00:00	ONT	Ontario International		Passenger Property Loss	Checked Baggage		Clothing & Accessories		129.5	Settle
190439	2014052814257	2014-05-27 00:00:00	2014-05-08 00:00:00	ONT	Ontario International	Southwest Airlines	Passenger Property Loss	Checked Baggage		Outdoors Supplies		44.49	Settle
190509	2014060214329	2014-05-23 00:00:00	2014-04-25 00:00:00	ONT	Ontario International		Passenger Property Loss	Checked Baggage		Electronics		0.0	Deny
192069	2014081515922	2014-08-01 00:00:00	2014-07-07 00:00:00	ONT	Ontario International	Southwest Airlines	Passenger Property Loss	Checked Baggage		Electronics,Scientific Intruments			
193387	2014100117269	2014-09-19 00:00:00	2014-09-09 00:00:00	ONT	Ontario International	Southwest Airlines	Passenger Property Loss	Checked Baggage		Containers		14.81	Approve in Full
193634	2014100917520	2014-10-01 00:00:00	2014-09-25 00:00:00	ONT	Ontario International	USAir	Passenger Property Loss	Checked Baggage		Food & Drink,Other			
201821	2015010719685	2015-01-07 00:00:00	2014-12-02 00:00:00	ONT	Ontario International	Southwest Airlines	Passenger Property Loss	Checked Baggage		Other		0.0	Deny
201822	2015010819718	2015-01-08 00:00:00	2014-11-07 00:00:00	ONT	Ontario International	Alaska Airlines	Passenger Property Loss	Checked Baggage		Cosmetics		0.0	Deny
201825	2015030521038	2015-03-05 00:00:00	2015-02-19 00:00:00	ONT	Ontario International		Passenger Property Loss	Checked Baggage		Electronics		0.0	Deny
201828	2015050522320	2015-04-23 00:00:00	2015-03-23 00:00:00	ONT	Ontario International	American Airlines	Passenger Property Loss	Checked Baggage		Other		0.0	Deny
201831	2015062223296	2015-06-12 00:00:00	2015-05-19 00:00:00	ONT	Ontario International	Southwest Airlines	Passenger Property Loss	Checked Baggage		Watches & Jewelry		0.0	Deny
201832	2015062323373	2015-06-16 00:00:00	2015-05-20 00:00:00	ONT	Ontario International	UAL	Passenger Property Loss	Checked Baggage		Containers,Clothing & Accessories		0.0	Deny
201833	2015081024747	2015-08-10 00:00:00	2015-07-29 00:00:00	ONT	Ontario International	Southwest Airlines	Passenger Property Loss	Checkpoint		Watches & Jewelry		300.0	Approve in Full
201835	2015092325547	2015-09-09 00:00:00	2015-09-08 00:00:00	ONT	Ontario International	Southwest Airlines	Passenger Property Loss	Checked Baggage		Cosmetics		8.55	Approve in Full
201838	2015102926391	2015-10-29 00:00:00	2015-09-02 00:00:00	ONT	Ontario International	Southwest Airlines	Passenger Property Loss	Checkpoint		Watches & Jewelry		0.0	Deny
201841	2015120727343	2015-11-23 00:00:00	2015-11-16 00:00:00	ONT	Ontario International	Alaska Airlines	Passenger Property Loss	Checkpoint		Other			
201843	2015122127716	2015-12-21 00:00:00	2015-11-23 00:00:00	ONT	Ontario International	UAL	Passenger Property Loss	Checked Baggage		Outdoors Supplies		50.0	Settle
210344	2017011836626	2016-12-14 00:00:00	2016-12-09 00:00:00	ONT	Ontario International Ontario International	Alaska Airlines	Passenger Property Loss	Checked Baggage		Outdoors Supplies			Insufficient
210348	2016012528525	2016-01-13 00:00:00	2016-01-01 16:00:00	ONT	Ontario International Ontario International	Southwest Airlines	Passenger Property Loss	Checked Baggage		Other		25.0	Closed:Canceled
210349	2017010336210	2017-01-03 00:00:00	2016-10-31 00:00:00	ONT	Ontario International Ontario International	Southwest Airlines	Passenger Property Loss	Checked Baggage		Other			Closed:Canceled
210352	2016060632023	2016-05-24 00:00:00	2016-05-08 17:45:00	ONT	Ontario International Ontario International	Southwest Airlines	Passenger Property Loss	Checked Baggage		Clothing & Accessories,Clothing & Accessories,Clothing & Accessories		0.0	Deny
210353	2016060932141	2016-05-26 00:00:00	2016-05-10 00:00:00	ONT	Ontario International Ontario International	Southwest Airlines	Passenger Property Loss	Checked Baggage		Clothing & Accessories		0.0	Deny
210354	2016060732063	2016-05-31 00:00:00	2016-05-27 17:00:00	ONT	Ontario International Ontario International	Southwest Airlines	Passenger Property Loss	Checked Baggage		Outdoors Supplies		0.0	Deny
210355	2016072832885	2016-06-29 00:00:00	2016-06-11 00:00:00	ONT	Ontario International Ontario International	American Airlines	Passenger Property Loss	Checked Baggage		Watches & Jewelry		0.0	Deny
210358	2016070132508	2016-06-15 00:00:00	2016-05-18 17:25:00	ONT	Ontario International Ontario International	Alaska Airlines	Passenger Property Loss	Checked Baggage		Household Decor			In Review
210359	2016061332186	2016-06-07 00:00:00	2016-05-22 00:00:00	ONT	Ontario International Ontario International	UAL	Passenger Property Loss	Checked Baggage		Watches & Jewelry			In Review
210361	2016102635203	2016-09-21 00:00:00	2016-07-31 00:00:00	ONT	Ontario International Ontario International	Southwest Airlines	Passenger Property Loss	Checked Baggage		Clothing & Accessories			In Review
210362	2016092934097	2016-08-04 00:00:00	2016-08-01 00:00:00	ONT	Ontario International Ontario International	Southwest Airlines	Passenger Property Loss	Checked Baggage		Containers			In Review
210363	2017011736587	2016-12-14 00:00:00	2016-08-30 00:00:00	ONT	Ontario International Ontario International	Southwest Airlines	Passenger Property Loss	Checkpoint		Electronics			In Review
210367	2017012636909	2016-11-28 00:00:00	2016-11-19 14:30:00	ONT	Ontario International Ontario International	Southwest Airlines	Passenger Property Loss	Checked Baggage		Clothing & Accessories,Watches & Jewelry,Watches & Jewelry,Scientific Intruments			In Review
210368	2017012536845	2016-12-05 00:00:00	2016-11-25 00:00:00	ONT	Ontario International Ontario International	UAL	Passenger Property Loss	Checked Baggage		Containers			In Review
210370	2016030229275	2016-02-02 00:00:00	2016-01-15 11:00:00	ONT	Ontario International Ontario International	Southwest Airlines	Passenger Property Loss	Checked Baggage		Clothing & Accessories		60.0	Settle
218534	2017040338326	2017-04-03 00:00:00	2017-01-22 06:00:00	ONT	Ontario International Ontario International	American Airlines	Passenger Property Loss	Checked Baggage		Clothing & Accessories,Cosmetics			In Review
218535	2017102544685	2017-10-05 00:00:00	2017-09-10 14:30:00	ONT	Ontario International Ontario International	Southwest Airlines	Passenger Property Loss	Checked Baggage		Cosmetics			In Review
218540	2017041138483	2017-02-09 00:00:00	2017-01-13 00:00:00	ONT	Ontario International Ontario International	Southwest Airlines	Passenger Property Loss	Checked Baggage		Food & Drink		7.99	Approve in Full
218542	2017100444002	2017-09-11 00:00:00	2017-08-22 00:00:00	ONT	Ontario International Ontario International	Southwest Airlines	Passenger Property Loss	Checked Baggage		Other			In Review
218545	2017071341559	2017-07-13 00:00:00	2017-04-13 00:00:00	ONT	Ontario International Ontario International	Southwest Airlines	Passenger Property Loss	Checked Baggage		Other			Insufficient
218547	2017091443145	2017-09-14 00:00:00	2017-06-11 00:00:00	ONT	Ontario International Ontario International	Southwest Airlines	Passenger Property Loss	Checked Baggage		Household Items,Outdoors Supplies			In Review
218548	2017021537557	2017-02-15 00:00:00	2017-02-15 00:00:00	ONT	Ontario International Ontario International	Southwest Airlines	Passenger Property Loss	Checked Baggage		Clothing & Accessories,Watches & Jewelry			In Review
218549	2017070341169	2017-05-15 00:00:00	2017-05-01 00:00:00	ONT	Ontario International Ontario International	Southwest Airlines	Passenger Property Loss	Checked Baggage		Cosmetics		20.0	Approve in Full
218552	2017042738998	2017-02-21 00:00:00	2017-01-07 00:00:00	ONT	Ontario International Ontario International	Southwest Airlines	Passenger Property Loss	Checked Baggage		Electronics			Closed: Canceled
218553	2017062240957	2017-06-21 00:00:00	2017-06-16 18:00:00	ONT	Ontario International Ontario International	Southwest Airlines	Passenger Property Loss	Checked Baggage		Outdoors Supplies			Insufficient
218554	2017101844561	2017-09-22 00:00:00	2017-09-08 00:00:00	ONT	Ontario International Ontario International	American Airlines	Passenger Property Loss	Checked Baggage		Other			In Review
218556	2017121245868	2017-11-27 00:00:00	2017-11-27 10:00:00	ONT	Ontario International Ontario International	American Airlines	Passenger Property Loss	Checked Baggage		Containers,Clothing & Accessories,Food & Drink,Other			In Review