id	claim_number	date_received	incident_date	airport_code	airport_name	airline	claim_type	claim_site	claim_amount	items	status	close_amount	disposition
146123	2010030669147	2010-02-25 00:00:00	2010-02-22 07:15:00	PGD	Charlotte County		Passenger Property Loss	Checked Baggage		Clothing & Accessories		0.0	Deny
157858	2011032181356	2011-02-28 00:00:00	2011-02-19 00:00:00	PGD	Charlotte County	Direct Air	Passenger Property Loss	Checked Baggage		Cosmetics			
164648	2011110488665	2011-10-07 00:00:00	2011-08-21 00:00:00	PGD	Charlotte County	Allegiant Air	Passenger Property Loss	Checkpoint		Other		167.04	Approve in Full
166512	2012011090085	2011-12-13 00:00:00	2011-12-01 00:00:00	PGD	Charlotte County		Passenger Property Loss	Checked Baggage		Other		0.0	Deny
180253	2013060704039	2013-04-29 00:00:00	2013-03-17 00:00:00	PGD	Charlotte County	Allegiant Air	Passenger Property Loss	Other		Other		0.0	Deny
189044	2014033112837	2014-03-28 00:00:00	2014-03-10 00:00:00	PGD	Charlotte County	Allegiant Air	Passenger Property Loss	Checked Baggage		Cosmetics		15.0	Approve in Full
202263	2015051322502	2015-05-13 00:00:00	2015-03-15 00:00:00	PGD	Charlotte County	Allegiant Air	Passenger Property Loss	Checked Baggage		Clothing & Accessories		0.0	Deny
210742	2016031029538	2016-02-16 00:00:00	2016-01-25 13:00:00	PGD	Charlotte County Charlotte County	Allegiant Air	Passenger Property Loss	Checked Baggage		Clothing & Accessories			Closed:Canceled
210743	2016030729396	2016-03-07 00:00:00	2016-02-10 00:00:00	PGD	Charlotte County Charlotte County	Allegiant Air	Passenger Property Loss	Checkpoint		Cosmetics		0.0	Deny