id	claim_number	date_received	incident_date	airport_code	airport_name	airline	claim_type	claim_site	claim_amount	items	status	close_amount	disposition
39836	2004081161121	2004-07-09 00:00:00	2004-07-12 00:00:00	RDM	Roberts Field	UAL	Passenger Theft	Checked Baggage	143.6	Other	Settled	100.0	Settle
39913	2004080360473	2004-07-12 00:00:00	2004-06-21 00:00:00	RDM	Roberts Field	Northwest Airlines	Passenger Property Loss	Checkpoint	25.0	Other	Denied	0.0	Deny
46425	2004111767299	2004-10-01 00:00:00	2004-08-20 00:00:00	RDM	Roberts Field		Passenger Property Loss	Checkpoint	50.0	Other	Denied		Deny
47581	2004120368460	2004-10-18 00:00:00	2004-10-06 00:00:00	RDM	Roberts Field		Passenger Property Loss	Checkpoint	41.0	Other	Approved	41.0	Approve in Full
49257	2004122370706	2004-11-04 00:00:00	2004-08-16 00:00:00	RDM	Roberts Field	Horizon Air	Passenger Property Loss	Checked Baggage	330.0	Watches & Jewelry	Settled	165.0	Settle
50889	2004122871128	2004-11-29 00:00:00	2004-10-10 00:00:00	RDM	Roberts Field	UAL	Passenger Property Loss	Checked Baggage	79.97	Other	Denied	0.0	Deny
62139	2005042082957	2005-04-19 00:00:00		RDM	Roberts Field		Passenger Property Loss	Checked Baggage	63.0	Other	Insufficient, one of the following items required: sum certain, statement of fact, signature, location of incident, and date.		
63942	2005051784908	2005-05-16 00:00:00	2005-04-17 00:00:00	RDM	Roberts Field	Alaska Airlines	Passenger Property Loss	Checked Baggage	50.0	Clothing & Accessories	Approved	50.0	Approve in Full
65454	2005062086627	2005-06-03 00:00:00	2005-05-25 00:00:00	RDM	Roberts Field	UAL	Passenger Property Loss	Checked Baggage	80.0	Electronics	Denied	0.0	Deny
68180	2005071889137	2005-07-15 00:00:00	2005-07-06 00:00:00	RDM	Roberts Field	UAL	Passenger Property Loss	Checked Baggage	217.95	Other	Denied	0.0	Deny
69252	2005081190355	2005-08-02 00:00:00	2005-07-22 00:00:00	RDM	Roberts Field	Delta Air Lines	Passenger Property Loss	Checked Baggage	45.0	Electronics	Approved	45.0	Approve in Full
72724	2005100393765	2005-09-26 00:00:00	2005-09-06 00:00:00	RDM	Roberts Field	Alaska Airlines	Passenger Property Loss	Checked Baggage	115.0	Other	Settled	57.5	Settle
77908	2006010699025	2006-01-03 00:00:00	2005-12-23 00:00:00	RDM	Roberts Field		Passenger Property Loss	Checked Baggage	15.0	Other	Denied	0.0	Deny
84354	2006042805440	2006-04-25 00:00:00	2006-03-10 00:00:00	RDM	Roberts Field	Alaska Airlines	Passenger Property Loss	Checked Baggage	648.99	Other	Denied	0.0	Deny
87941	2006071009236	2006-07-07 00:00:00	2006-05-29 00:00:00	RDM	Roberts Field	Northwest Airlines	Passenger Property Loss	Checked Baggage	170.0	Cosmetics	Canceled	0.0	
91560	2006091812781	2006-09-14 00:00:00	2006-09-03 00:00:00	RDM	Roberts Field	Horizon Air	Passenger Property Loss	Checked Baggage	7500.0	Watches & Jewelry	Denied	0.0	Deny
93910	2006110815317	2006-10-30 00:00:00	2006-09-08 00:00:00	RDM	Roberts Field	Delta Air Lines	Passenger Property Loss	Checked Baggage	81.56	Supplies	Settled	8.16	Settle
97962	2007011919049	2007-01-11 00:00:00	2006-12-30 00:00:00	RDM	Roberts Field	Alaska Airlines	Passenger Property Loss	Checked Baggage	49.99	Other	Denied	0.0	Deny
109330	2007082330784	2007-08-21 00:00:00	2007-08-10 00:00:00	RDM	Roberts Field	Horizon Air	Passenger Property Loss	Checked Baggage	5.0	Tools & Machines	Approved	5.0	Approve in Full
110103	2007090631480	2007-09-04 00:00:00	2007-08-20 00:00:00	RDM	Roberts Field	Alaska Airlines	Passenger Property Loss	Checked Baggage	152.0	Clothing & Accessories	Denied	0.0	Deny
110739	2007091832123	2007-09-14 00:00:00	2007-08-18 00:00:00	RDM	Roberts Field	Horizon Air	Passenger Property Loss	Checked Baggage	599.99	Tools & Machines	Denied	0.0	Deny
128308	2008091950172	2008-09-16 00:00:00	2008-07-29 00:00:00	RDM	Roberts Field	UAL	Passenger Property Loss	Checkpoint	50.0	Clothing & Accessories	Approved	50.0	Approve in Full
131222	2008120453111	2008-12-01 00:00:00	2008-10-23 00:00:00	RDM	Roberts Field	Delta Air Lines	Passenger Property Loss	Checkpoint	417.98	Clothing & Accessories,Watches & Jewelry,Watches & Jewelry	Denied	0.0	Deny
131692	2008121953595	2008-12-12 00:00:00		RDM	Roberts Field		Passenger Property Loss	Checked Baggage		Other	Insufficient, one of the following items required: sum certain, statement of fact, signature, location of incident, and date.		
134257	2009031056005	2009-02-20 00:00:00	2009-02-14 00:00:00	RDM	Roberts Field		Passenger Property Loss	Checked Baggage	10.0	Tools & Machines	Denied	0.0	Deny
135518	2009041457483	2009-03-26 00:00:00	2009-01-24 00:00:00	RDM	Roberts Field	Northwest Airlines	Passenger Property Loss	Checked Baggage	122.11	Electronics	Denied	0.0	Deny
139035	2009071361114	2009-07-01 00:00:00	2009-06-07 00:00:00	RDM	Roberts Field	Alaska Airlines	Passenger Property Loss	Checked Baggage	115.0	Cosmetics,Containers,Other	Denied	0.0	Deny
153326	2010100776776	2010-09-29 00:00:00	2010-08-24 13:00:00	RDM	Roberts Field	Delta Air Lines	Passenger Property Loss	Checked Baggage		Cosmetics			
154731	2010112678180	2010-11-15 00:00:00	2010-09-30 07:26:00	RDM	Roberts Field	Alaska Airlines	Passenger Property Loss	Checked Baggage		Outdoors Supplies		0.0	Deny
159039	2011041382439	2011-04-06 00:00:00	2011-03-20 06:00:00	RDM	Roberts Field	UAL	Passenger Property Loss	Checked Baggage		Cosmetics		14.5	Approve in Full
166207	2011122289787	2011-12-02 00:00:00	2011-11-07 00:00:00	RDM	Roberts Field	UAL	Passenger Property Loss	Checked Baggage		Watches & Jewelry,Scientific Intruments		0.0	Deny
169540	2012042093085	2012-03-27 00:00:00	2012-02-02 00:00:00	RDM	Roberts Field	Alaska Airlines	Passenger Property Loss	Checked Baggage		Electronics			
173439	2012100597416	2012-08-13 00:00:00	2012-07-26 00:00:00	RDM	Roberts Field	Alaska Airlines	Passenger Property Loss	Checked Baggage		Outdoors Supplies		12.0	Approve in Full
173592	2012100197274	2012-08-20 00:00:00	2012-06-17 04:54:00	RDM	Roberts Field	UAL	Passenger Property Loss	Checked Baggage		Scientific Intruments		0.0	Deny
174349	2012102498031	2012-09-14 00:00:00	2012-08-20 00:00:00	RDM	Roberts Field	Alaska Airlines	Passenger Property Loss	Checked Baggage		Clothing & Accessories		0.0	Deny
177678	2013021201331	2013-01-23 00:00:00	2012-12-22 00:00:00	RDM	Roberts Field	Delta Air Lines	Passenger Property Loss	Checked Baggage		Cosmetics		13.99	Approve in Full
182319	2013081906064	2013-07-15 00:00:00	2013-06-10 10:34:00	RDM	Roberts Field	Alaska Airlines	Passenger Property Loss	Checked Baggage		Outdoors Supplies		40.63	Settle
188649	2014031312431	2014-03-12 00:00:00	2014-01-08 00:00:00	RDM	Roberts Field		Passenger Property Loss	Checked Baggage		Clothing & Accessories		0.0	Deny
188908	2014032412700	2014-03-20 00:00:00	2014-01-25 00:00:00	RDM	Roberts Field	Alaska Airlines	Passenger Property Loss	Checked Baggage		Clothing & Accessories		94.95	Approve in Full
202820	2015081024730	2015-08-05 00:00:00	2015-07-28 00:00:00	RDM	Roberts Field	Delta Air Lines	Passenger Property Loss	Checkpoint		Watches & Jewelry		0.0	Deny
202823	2016010828196	2015-12-29 00:00:00	2015-12-22 00:00:00	RDM	Roberts Field	UAL	Passenger Property Loss	Checked Baggage		Watches & Jewelry,Watches & Jewelry,Watches & Jewelry,Watches & Jewelry			
211202	2016012928631	2016-01-14 00:00:00	2016-01-10 08:13:00	RDM	Roberts Field Roberts Field	Alaska Airlines	Passenger Property Loss	Checked Baggage		Watches & Jewelry		0.0	Closed:Canceled
211203	2016020128668	2016-01-15 00:00:00	2016-01-10 08:13:00	RDM	Roberts Field Roberts Field	Horizon Air	Passenger Property Loss	Checked Baggage		Watches & Jewelry			Closed:Canceled
211205	2016052631777	2016-05-16 00:00:00	2016-05-01 08:00:00	RDM	Roberts Field Roberts Field	Alaska Airlines	Passenger Property Loss	Checked Baggage		Electronics		0.0	Deny
211206	2016082233186	2016-07-07 00:00:00	2016-06-21 00:00:00	RDM	Roberts Field Roberts Field	Alaska Airlines	Passenger Property Loss	Checkpoint		Watches & Jewelry,Electronics		0.0	Deny
211207	2016100634502	2016-08-10 00:00:00	2016-06-21 00:00:00	RDM	Roberts Field Roberts Field	Alaska Airlines	Passenger Property Loss	Checkpoint		Watches & Jewelry,Electronics			In Review
219470	2017082442442	2017-07-05 00:00:00	2017-07-01 00:00:00	RDM	Roberts Field Roberts Field	Alaska Airlines	Passenger Property Loss	Checkpoint		Watches & Jewelry,Scientific Intruments			In Review