id	claim_number	date_received	incident_date	airport_code	airport_name	airline	claim_type	claim_site	claim_amount	items	status	close_amount	disposition
3273	0305057L	2003-03-05 00:00:00	2003-02-10 00:00:00	SAV	Savannah International	Delta Air Lines	Passenger Property Loss	Checked Baggage	300.0	Other	Denied	0.0	Deny
4956	0410040L	2003-04-10 00:00:00	2003-04-03 00:00:00	SAV	Savannah International	Delta Air Lines	Passenger Property Loss	Checked Baggage	2540.0	Electronics	Denied	0.0	Deny
15005	0904045M	2003-09-04 00:00:00	2003-08-11 00:00:00	SAV	Savannah International	Delta Air Lines	Passenger Property Loss	Checked Baggage	1500.0	Watches & Jewelry	Approved	1500.0	Approve in Full
20109	1117115M	2003-11-17 00:00:00	2003-10-25 00:00:00	SAV	Savannah International	USAir	Passenger Property Loss	Checkpoint	203.19	Electronics	Approved	203.19	Approve in Full
24588	0114028M	2004-01-14 00:00:00	2003-12-27 00:00:00	SAV	Savannah International	Continental Airlines	Passenger Property Loss	Checked Baggage	199.99	Other	Approved	199.0	Approve in Full
24879	0114305M	2004-01-14 00:00:00	2003-10-12 00:00:00	SAV	Savannah International	AirTran Airlines	Passenger Property Loss	Checked Baggage	3386.37	Watches & Jewelry	Denied	0.0	Deny
25534	0120066M	2004-01-20 00:00:00	2003-11-22 00:00:00	SAV	Savannah International	USAir	Passenger Property Loss	Checked Baggage	1827.33	Other	Denied	0.0	Deny
29884	2004051050776	2004-03-10 00:00:00	2004-02-06 00:00:00	SAV	Savannah International	Delta Air Lines	Passenger Property Loss	Checkpoint	476.0	Other	Settled	200.0	Settle
30461	2004043050366	2004-03-15 00:00:00	2004-02-22 00:00:00	SAV	Savannah International	Delta Air Lines	Passenger Property Loss	Checked Baggage	1864.77	Other	Denied	0.0	Deny
31211	2004053053883	2004-03-24 00:00:00	2003-12-27 00:00:00	SAV	Savannah International	Continental Airlines	Passenger Property Loss	Checked Baggage	199.99	Other	Approved	199.99	Approve in Full
31454	2004053053874	2004-03-24 00:00:00	2004-03-07 00:00:00	SAV	Savannah International	Continental Express Inc	Passenger Property Loss	Checked Baggage	75.5	Clothing & Accessories	Settled	35.0	Settle
32560	2004051852842	2004-04-15 00:00:00	2004-03-17 00:00:00	SAV	Savannah International	USAir	Passenger Property Loss	Checked Baggage	1049.36	Electronics	Settled	921.95	Settle
33313	2004052853853	2004-04-21 00:00:00	2004-04-02 00:00:00	SAV	Savannah International	Delta Air Lines	Passenger Property Loss	Checked Baggage	90.0	Other	Settled	45.0	Settle
33657	2004060254196	2004-04-23 00:00:00	2004-04-13 00:00:00	SAV	Savannah International	Continental Airlines	Passenger Property Loss	Checked Baggage	20.0	Other	Settled	15.47	Settle
34733	2004061455646	2004-05-05 00:00:00	2004-04-22 00:00:00	SAV	Savannah International	USAir	Passenger Property Loss	Checked Baggage	588.96	Electronics	Settled	294.48	Settle
34909	2004051351585	2004-05-10 00:00:00	2004-04-30 00:00:00	SAV	Savannah International	USAir	Passenger Property Loss	Checked Baggage	1499.99	Electronics	Canceled	0.0	
35887	2004061055432	2004-05-27 00:00:00	2004-05-16 00:00:00	SAV	Savannah International	USAir	Passenger Property Loss	Checked Baggage	200.0	Electronics	Approved	200.0	Approve in Full
35941	2004061856357	2004-05-27 00:00:00	2004-02-03 00:00:00	SAV	Savannah International		Passenger Property Loss	Checked Baggage	32.55	Other	Approved	32.55	Approve in Full
36058	2004062256803	2004-05-27 00:00:00	2004-04-16 00:00:00	SAV	Savannah International		Passenger Property Loss	Checked Baggage	85.0	Other	Approved	85.0	Approve in Full
36148	2004062156699	2004-05-27 00:00:00	2004-05-02 00:00:00	SAV	Savannah International	USAir	Passenger Property Loss	Checked Baggage	1667.2	Electronics	Canceled	0.0	
36482	2004062256888	2004-05-27 00:00:00	2004-04-27 00:00:00	SAV	Savannah International	Delta Air Lines	Passenger Property Loss	Checked Baggage	499.68	Electronics	Settled	249.84	Settle
36880	2004062256936	2004-06-03 00:00:00	2004-05-11 00:00:00	SAV	Savannah International	Delta Air Lines	Passenger Property Loss	Checkpoint	299.0	Other	Denied	0.0	Deny
37385	2004070158180	2004-06-08 00:00:00	2004-03-28 00:00:00	SAV	Savannah International		Passenger Property Loss	Checked Baggage	60.0	Clothing & Accessories	Approved	60.0	Approve in Full
37454	2004063057866	2004-06-08 00:00:00	2004-05-02 00:00:00	SAV	Savannah International	USAir	Passenger Property Loss	Checked Baggage	1700.0	Electronics	Denied	0.0	Deny
37564	2004070158157	2004-06-08 00:00:00	2004-05-27 00:00:00	SAV	Savannah International		Passenger Property Loss	Checked Baggage	1260.0	Electronics	Settled	420.0	Settle
38002	2004070658326	2004-06-16 00:00:00	2004-06-09 00:00:00	SAV	Savannah International		Passenger Property Loss	Checkpoint	500.0	Watches & Jewelry	Denied	0.0	Deny
38110	2004070658560	2004-06-16 00:00:00	2004-05-31 00:00:00	SAV	Savannah International	USAir	Passenger Property Loss	Checked Baggage	493.82	Electronics	Settled	246.91	Settle
38214	2004070758673	2004-06-21 00:00:00	2004-05-31 00:00:00	SAV	Savannah International	Delta Air Lines	Passenger Property Loss	Checked Baggage	100.0	Clothing & Accessories	Approved	100.0	Approve in Full
39437	2004071959697	2004-07-07 00:00:00	2004-06-29 00:00:00	SAV	Savannah International	AirTran Airlines	Passenger Property Loss	Checked Baggage	40.46	Electronics	Settled	20.23	Settle
39656	2004072960221	2004-07-09 00:00:00	2004-05-20 00:00:00	SAV	Savannah International	USAir	Passenger Property Loss	Checked Baggage	896.0	Watches & Jewelry	Denied	0.0	Deny
40776	2004082661395	2004-07-21 00:00:00	2004-06-20 00:00:00	SAV	Savannah International	USAir	Passenger Property Loss	Checked Baggage	1329.0	Electronics	Settled	744.34	Settle
42212	2004100764814	2004-08-10 00:00:00	2004-06-03 00:00:00	SAV	Savannah International	Delta Air Lines	Passenger Property Loss	Checked Baggage	12.8	Tools & Machines	Approved	12.8	Approve in Full
42400	2004091062598	2004-08-10 00:00:00	2004-07-20 00:00:00	SAV	Savannah International	Delta Air Lines	Passenger Theft	Checked Baggage	229.0	Other	Settled	58.0	Settle
42850	2004092763978	2004-08-19 00:00:00	2002-08-07 00:00:00	SAV	Savannah International		Passenger Property Loss	Checked Baggage	2246.69	Watches & Jewelry	Denied	0.0	Deny
43030	2004092763937	2004-08-24 00:00:00	2004-08-13 00:00:00	SAV	Savannah International		Passenger Property Loss	Checked Baggage	67.5	Other	Approved	67.5	Approve in Full
43454	2004091362790	2004-08-27 00:00:00	2004-07-08 00:00:00	SAV	Savannah International		Passenger Property Loss	Checked Baggage	500.0	Watches & Jewelry	Canceled	500.0	
43457	2004092263497	2004-08-27 00:00:00	2004-08-22 00:00:00	SAV	Savannah International		Passenger Property Loss	Checked Baggage		Other	Canceled		
44376	2004101465022	2004-09-09 00:00:00	2004-08-18 00:00:00	SAV	Savannah International	Delta Air Lines	Passenger Property Loss	Checked Baggage	331.0	Electronics	Settled	196.06	Settle
45092	2004103166010	2004-09-16 00:00:00	2004-08-25 00:00:00	SAV	Savannah International	USAir	Passenger Property Loss	Checked Baggage	3350.0	Electronics	Denied	0.0	Deny
45124	2004092263584	2004-09-16 00:00:00	2004-08-14 00:00:00	SAV	Savannah International	USAir	Passenger Property Loss	Checked Baggage	749.99	Other	Settled	178.74	Settle
45498	2004102165502	2004-09-20 00:00:00	2004-08-12 00:00:00	SAV	Savannah International		Passenger Property Loss	Checked Baggage	350.0	Watches & Jewelry	Settled	175.0	Settle
45815	2004092363649	2004-09-23 00:00:00	2004-08-14 00:00:00	SAV	Savannah International	USAir	Passenger Property Loss	Checked Baggage	4510.0	Watches & Jewelry	Settled	990.0	Settle
45866	2004111266886	2004-09-23 00:00:00	2004-06-07 00:00:00	SAV	Savannah International	AirTran Airlines	Passenger Property Loss	Checked Baggage	623.93	Outdoors Supplies	Settled	425.89	Settle
48501	2004122169797	2004-10-27 00:00:00	2004-10-03 00:00:00	SAV	Savannah International	Delta Air Lines	Passenger Property Loss	Checked Baggage	1500.0	Electronics	Denied		Deny
48773	2004122169779	2004-10-29 00:00:00	2004-10-15 00:00:00	SAV	Savannah International		Passenger Property Loss	Checkpoint	500.0	Watches & Jewelry	Settled	126.51	Settle
52429	2005010673031	2004-12-18 00:00:00	2004-10-16 00:00:00	SAV	Savannah International	Delta Air Lines	Passenger Property Loss	Checked Baggage	179.97	Clothing & Accessories	Settled	170.97	Settle
53133	2005012474067	2004-12-28 00:00:00	2004-12-03 00:00:00	SAV	Savannah International	Delta Air Lines	Passenger Property Loss	Checked Baggage	207.93	Other	Denied	0.0	Deny
54168	2005012874702	2005-01-11 00:00:00	2004-12-01 00:00:00	SAV	Savannah International		Passenger Property Loss	Checked Baggage	4530.0	Clothing & Accessories	Denied	0.0	Deny
54673	2005020175115	2005-01-18 00:00:00	2004-12-28 00:00:00	SAV	Savannah International	Delta Air Lines	Passenger Property Loss	Checked Baggage	150.0	Other	Approved	150.0	Approve in Full
55193	2005021175958	2005-01-21 00:00:00	2004-11-21 00:00:00	SAV	Savannah International	USAir	Passenger Property Loss	Checked Baggage	500.08	Watches & Jewelry	Settled	482.13	Settle
55289	2005021776437	2005-01-24 00:00:00	2004-10-14 00:00:00	SAV	Savannah International	US Express	Passenger Property Loss	Checked Baggage	50.0	Watches & Jewelry	Approved	50.0	Approve in Full
55376	2005021776375	2005-01-24 00:00:00	2004-12-29 00:00:00	SAV	Savannah International	AirTran Airlines	Passenger Property Loss	Checked Baggage	205.0	Watches & Jewelry	Denied	0.0	Deny
57208	2005031277956	2005-02-11 00:00:00	2004-12-13 00:00:00	SAV	Savannah International		Passenger Property Loss	Checked Baggage	70.0	Watches & Jewelry	Settled	7.0	Settle
57958	2005031778596	2005-02-24 00:00:00	2005-02-01 00:00:00	SAV	Savannah International	Delta Air Lines	Passenger Property Loss	Checked Baggage	920.0	Watches & Jewelry	Settled	460.0	Settle
58287	2005032279382	2005-03-04 00:00:00	2005-01-27 00:00:00	SAV	Savannah International		Passenger Property Loss	Checked Baggage	20.0	Other	Approved	20.0	Approve in Full
58849	2005033180975	2005-03-08 00:00:00	2005-01-06 00:00:00	SAV	Savannah International	Air France	Passenger Property Loss	Checked Baggage	2000.0	Electronics	Denied	0.0	Deny
58940	2005032679952	2005-03-09 00:00:00	2005-01-27 00:00:00	SAV	Savannah International	Delta Air Lines	Passenger Property Loss	Checked Baggage	200.0	Electronics	Approved	200.0	Approve in Full
59720	2005033080571	2005-03-22 00:00:00	2005-03-09 00:00:00	SAV	Savannah International	USAir	Passenger Property Loss	Checked Baggage	34.92	Other	Approved	34.92	Approve in Full
60005	2005040181029	2005-03-23 00:00:00	2005-03-04 00:00:00	SAV	Savannah International	Independence Air	Passenger Property Loss	Checked Baggage	53.0	Watches & Jewelry	Denied	0.0	Deny
60106	2005042082986	2005-03-24 00:00:00	2005-03-24 00:00:00	SAV	Savannah International	Delta Air Lines	Passenger Property Loss	Checkpoint	830.0	Watches & Jewelry	Denied	0.0	Deny
60420	2005040481292	2005-03-30 00:00:00	2005-03-04 00:00:00	SAV	Savannah International	USAir	Passenger Property Loss	Checked Baggage	84.4	Clothing & Accessories	Approved	84.4	Approve in Full
61167	2005041182127	2005-04-06 00:00:00	2005-03-16 00:00:00	SAV	Savannah International	UAL	Passenger Property Loss	Checked Baggage	166.9	Cosmetics	Settled	136.91	Settle
61366	2005041182243	2005-04-08 00:00:00	2005-02-21 00:00:00	SAV	Savannah International	Delta Air Lines	Passenger Property Loss	Checked Baggage	52.99	Other	Settled	10.0	Settle
62315	2005042583280	2005-04-22 00:00:00	2005-04-02 00:00:00	SAV	Savannah International		Passenger Property Loss	Checked Baggage	49.99	Other	Canceled	0.0	
62857	2005050283839	2005-04-29 00:00:00	2004-12-11 00:00:00	SAV	Savannah International		Passenger Property Loss	Checked Baggage	50.37	Other	Approved	50.37	Approve in Full
62858	2005050283841	2005-04-29 00:00:00	2005-03-19 00:00:00	SAV	Savannah International	Delta Air Lines	Passenger Property Loss	Checked Baggage	112.0	Other	Approved	112.0	Approve in Full
64526	2005052485389	2005-05-23 00:00:00	2005-04-16 00:00:00	SAV	Savannah International	USAir	Passenger Property Loss	Checked Baggage	129.99	Watches & Jewelry	Denied	0.0	Deny
64672	2005053185567	2005-05-24 00:00:00	2005-04-26 00:00:00	SAV	Savannah International	Independence Air	Passenger Property Loss	Checked Baggage	60.0	Cosmetics	Denied	0.0	Deny
65068	2005060785929	2005-05-31 00:00:00	2005-05-09 00:00:00	SAV	Savannah International	Delta Air Lines	Passenger Property Loss	Checked Baggage	206.23	Watches & Jewelry	Settled	103.12	Settle
65468	2005061386309	2005-06-03 00:00:00	2005-05-13 00:00:00	SAV	Savannah International	UAL	Passenger Property Loss	Checked Baggage		Watches & Jewelry	Insufficient, one of the following items required: sum certain, statement of fact, signature, location of incident, and date.		
65700	2005062186798	2005-06-07 00:00:00	2005-05-30 00:00:00	SAV	Savannah International	Delta Air Lines	Passenger Property Loss	Checked Baggage	7.95	Containers	Denied	0.0	Deny
66133	2005062286909	2005-06-14 00:00:00	2005-05-15 00:00:00	SAV	Savannah International		Passenger Property Loss	Checked Baggage	209.98	Other	Denied	0.0	Deny
66333	2005062787314	2005-06-16 00:00:00	2005-05-08 00:00:00	SAV	Savannah International	Air Tran Airlines(do not use)	Passenger Property Loss	Checked Baggage	83.87	Clothing & Accessories	Denied	0.0	Deny
66478	2005062787301	2005-06-20 00:00:00	2005-05-24 00:00:00	SAV	Savannah International	Independence Air	Passenger Property Loss	Checkpoint	70.0	Watches & Jewelry	Denied	0.0	Deny
68282	2005071989252	2005-07-18 00:00:00	2005-06-30 00:00:00	SAV	Savannah International	Delta Air Lines	Passenger Property Loss	Checked Baggage	5.0	Tools & Machines	Denied	0.0	Deny
69563	2005081790706	2005-08-05 00:00:00	2005-06-22 00:00:00	SAV	Savannah International	Delta Air Lines	Passenger Property Loss	Checked Baggage	25.8	Tools & Machines	Approved	25.8	Approve in Full
70280	2005082391218	2005-08-16 00:00:00	2005-08-07 00:00:00	SAV	Savannah International	Northwest Airlines	Passenger Property Loss	Checked Baggage	123.0	Clothing & Accessories	Settled	73.8	Settle
70495	2005082591521	2005-08-22 00:00:00	2005-06-22 00:00:00	SAV	Savannah International	USAir	Passenger Property Loss	Checked Baggage	86.0	Clothing & Accessories	Denied	0.0	Deny
71397	2005091492493	2005-09-06 00:00:00	2005-07-19 00:00:00	SAV	Savannah International	Air Tran Airlines(do not use)	Passenger Property Loss	Checkpoint	126.86	Other	Denied	0.0	Deny
71530	2005091592588	2005-09-08 00:00:00	2005-08-29 00:00:00	SAV	Savannah International	USAir	Passenger Property Loss	Checked Baggage	3172.0	Electronics	Denied	0.0	Deny
73898	2005102195027	2005-10-17 00:00:00	2005-10-02 00:00:00	SAV	Savannah International	Independence Air	Passenger Property Loss	Checkpoint	550.0	Watches & Jewelry	Denied	0.0	Deny
74912	2005111496015	2005-11-02 00:00:00	2005-11-01 00:00:00	SAV	Savannah International	Delta Air Lines	Passenger Property Loss	Checked Baggage	784.0	Watches & Jewelry	Denied	0.0	Deny
77635	2006010598855	2005-12-27 00:00:00	2005-12-17 00:00:00	SAV	Savannah International	USAir	Passenger Property Loss	Checked Baggage	69.0	Clothing & Accessories	Canceled	0.0	
78035	2006010999118	2006-01-04 00:00:00	2005-12-18 00:00:00	SAV	Savannah International	American Airlines	Passenger Property Loss	Checked Baggage	50.0	Other	Denied	0.0	Deny
78966	2006012400201	2006-01-18 00:00:00	2005-12-31 00:00:00	SAV	Savannah International		Passenger Property Loss	Checked Baggage	100.0	Other	Approved	100.0	Approve in Full
79345	2006013000603	2006-01-23 00:00:00	2005-12-23 00:00:00	SAV	Savannah International	Delta Air Lines	Passenger Property Loss	Checked Baggage	1849.99	Electronics	Denied	0.0	Deny
79794	2006020701009	2006-01-30 00:00:00	2006-01-20 00:00:00	SAV	Savannah International	Delta Air Lines	Passenger Property Loss	Checked Baggage	1599.99	Electronics	Denied	0.0	Deny
84985	2006051506310	2006-05-09 00:00:00	2006-03-30 00:00:00	SAV	Savannah International	Delta Air Lines	Passenger Property Loss	Checked Baggage	125.0	Clothing & Accessories,Cosmetics	Approved	125.0	Approve in Full
89789	2006081511083	2006-08-11 00:00:00	2005-03-06 00:00:00	SAV	Savannah International	Delta Air Lines	Passenger Property Loss	Checked Baggage	319.31	Electronics,Electronics	Settled	132.88	Settle
90621	2006083111854	2006-08-28 00:00:00	2006-08-23 00:00:00	SAV	Savannah International	Delta Air Lines	Passenger Property Loss	Checked Baggage	206.0	Clothing & Accessories	Denied	0.0	Deny
91340	2006091812650	2006-09-11 00:00:00	2006-09-01 00:00:00	SAV	Savannah International	Continental Airlines	Passenger Property Loss	Checked Baggage	1000.0	Electronics,Clothing & Accessories,Containers	Canceled	0.0	
91436	2006091812699	2006-09-11 00:00:00	2006-08-12 00:00:00	SAV	Savannah International	Continental Airlines	Passenger Property Loss	Checked Baggage	414.43	Cosmetics	Settled	103.61	Settle
92844	2006101213910	2006-10-11 00:00:00	2006-10-02 00:00:00	SAV	Savannah International	USAir	Passenger Property Loss	Checked Baggage	439.0	Electronics,Other	Denied	0.0	Deny
92875	2006102314447	2006-10-11 00:00:00	2006-10-10 00:00:00	SAV	Savannah International	Delta Air Lines	Passenger Property Loss	Checked Baggage	2500.0	Electronics	Denied	0.0	Deny
95266	2006113016519	2006-11-27 00:00:00	2006-11-22 00:00:00	SAV	Savannah International	Delta Air Lines	Passenger Property Loss	Checked Baggage	64.19	Electronics	Settled	32.1	Settle
95309	2006113016481	2006-11-28 00:00:00	2006-11-11 00:00:00	SAV	Savannah International	Delta Air Lines	Passenger Property Loss	Checked Baggage	196.4	Electronics	Denied	0.0	Deny
95635	2006121216944	2006-12-04 00:00:00	2006-11-12 00:00:00	SAV	Savannah International	Delta Air Lines	Passenger Property Loss	Checked Baggage	1400.0	Electronics	Settled	1112.78	Settle
95927	2006121517212	2006-12-08 00:00:00	2006-11-12 00:00:00	SAV	Savannah International	Continental Airlines	Passenger Property Loss	Checked Baggage	193.9	Other	Settled	57.56	Settle
96145	2006121817337	2006-12-12 00:00:00	2006-11-22 00:00:00	SAV	Savannah International	Delta Air Lines	Passenger Property Loss	Checked Baggage	1423.0	Electronics,Electronics	Settled	708.72	Settle
96504	2006122217879	2006-12-19 00:00:00	2006-10-11 00:00:00	SAV	Savannah International	Delta Air Lines	Passenger Property Loss	Checked Baggage	59.99	Watches & Jewelry	Settled	30.0	Settle
97875	2007011818969	2007-01-10 00:00:00	2006-11-24 00:00:00	SAV	Savannah International	Delta Air Lines	Passenger Property Loss	Checked Baggage	116.76	Containers	Denied	0.0	Deny
99246	2007020620325	2007-02-02 00:00:00	2006-11-05 00:00:00	SAV	Savannah International	Northwest Airlines	Passenger Property Loss	Checked Baggage	483.36	Electronics,Electronics	Denied	0.0	Deny
99349	2007020820499	2007-02-05 00:00:00	2006-12-17 00:00:00	SAV	Savannah International	Delta Air Lines	Passenger Property Loss	Checked Baggage	534.6	Electronics,Electronics	Denied	0.0	Deny
99496	2007020720419	2007-02-06 00:00:00	2006-12-14 00:00:00	SAV	Savannah International	UAL	Passenger Property Loss	Checkpoint	59.34	Cosmetics,Other	Settled	41.17	Settle
99748	2007021520977	2007-02-12 00:00:00	2007-02-04 00:00:00	SAV	Savannah International	Delta Air Lines	Passenger Property Loss	Checked Baggage	200.0	Electronics	Denied	0.0	Deny
99900	2007021621133	2007-02-13 00:00:00	2007-02-05 00:00:00	SAV	Savannah International	UAL	Passenger Property Loss	Checked Baggage	10.0	Tools & Machines	Denied	0.0	Deny
101321	2007031922522	2007-03-15 00:00:00	2007-03-01 00:00:00	SAV	Savannah International	Continental Airlines	Passenger Property Loss	Checkpoint	195.0	Watches & Jewelry	Denied	0.0	Deny
102566	2007041223889	2007-04-09 00:00:00	2007-03-26 00:00:00	SAV	Savannah International	Delta Air Lines	Passenger Property Loss	Checked Baggage	8.39	Tools & Machines	Denied	0.0	Deny
105593	2007061426874	2007-06-11 00:00:00	2007-05-25 00:00:00	SAV	Savannah International	Delta Air Lines	Passenger Property Loss	Checked Baggage	83.25	Other	Approved	83.25	Approve in Full
105648	2007061426935	2007-06-11 00:00:00	2007-05-20 00:00:00	SAV	Savannah International	Delta Air Lines	Passenger Property Loss	Checked Baggage	424.94	Outdoors Supplies	Denied	0.0	Deny
105660	2007061426965	2007-06-11 00:00:00	2007-06-02 00:00:00	SAV	Savannah International	Delta Air Lines	Passenger Property Loss	Checked Baggage	399.0	Other	Denied	0.0	Deny
105747	2007061527034	2007-06-13 00:00:00	2007-05-27 00:00:00	SAV	Savannah International	Continental Airlines	Passenger Property Loss	Checked Baggage	46.53	Clothing & Accessories	Denied	0.0	Deny
107096	2007071628411	2007-07-10 00:00:00	2007-06-15 00:00:00	SAV	Savannah International	Delta Air Lines	Passenger Property Loss	Checked Baggage	30.07	Cosmetics	Denied	0.0	Deny
107506	2007072328850	2007-07-18 00:00:00	2007-07-16 00:00:00	SAV	Savannah International	AirTran Airlines	Passenger Property Loss	Checked Baggage	6.3	Tools & Machines	Denied	0.0	Deny
107512	2007072328905	2007-07-18 00:00:00	2007-05-30 00:00:00	SAV	Savannah International		Passenger Property Loss	Checkpoint	1200.0	Watches & Jewelry	Denied	0.0	Deny
109133	2007082030441	2007-08-16 00:00:00	2007-07-13 00:00:00	SAV	Savannah International	Delta Air Lines	Passenger Property Loss	Checked Baggage	302.0	Electronics	Denied	0.0	Deny
109392	2007082430845	2007-08-21 00:00:00	2007-08-12 00:00:00	SAV	Savannah International		Passenger Property Loss	Checked Baggage	1800.0	Electronics	Denied	0.0	Deny
110529	2007091331870	2007-09-11 00:00:00	2007-09-08 00:00:00	SAV	Savannah International	Delta Air Lines	Passenger Property Loss	Checked Baggage	820.0	Electronics,Electronics,Other	Denied	0.0	Deny
111017	2007092132364	2007-09-19 00:00:00	2007-09-12 00:00:00	SAV	Savannah International	Delta Air Lines	Passenger Property Loss	Checked Baggage	767.9	Electronics	Settled	124.5	Settle
111329	2007092832759	2007-09-26 00:00:00	2007-09-16 00:00:00	SAV	Savannah International	Delta Air Lines	Passenger Property Loss	Checked Baggage	193.77	Watches & Jewelry	Denied	0.0	Deny
111381	2007100132801	2007-09-27 00:00:00	2007-09-13 00:00:00	SAV	Savannah International	Delta Air Lines	Passenger Property Loss	Checked Baggage	120.0	Electronics,Supplies	Denied	0.0	Deny
112638	2007103034161	2007-10-23 00:00:00	2007-09-24 00:00:00	SAV	Savannah International	USAir	Passenger Property Loss	Checked Baggage	430.0	Other	Settled	150.0	Settle
113021	2007110534463	2007-10-31 00:00:00	2005-11-26 00:00:00	SAV	Savannah International	American Airlines	Passenger Property Loss	Checked Baggage	1280.0	Watches & Jewelry,Other	Denied	0.0	Deny
113361	2007110834743	2007-11-07 00:00:00	2007-10-27 00:00:00	SAV	Savannah International	Delta Air Lines	Passenger Property Loss	Checkpoint	89.99	Electronics	Denied	0.0	Deny
114374	2007113035773	2007-11-28 00:00:00	2007-09-08 00:00:00	SAV	Savannah International	Delta Air Lines	Passenger Property Loss	Checked Baggage	827.26	Electronics	Denied	0.0	Deny
114387	2007113035844	2007-11-28 00:00:00	2007-11-08 00:00:00	SAV	Savannah International	Delta Air Lines	Passenger Property Loss	Checked Baggage	214.0	Electronics	Denied	0.0	Deny
114820	2007121036263	2007-12-06 00:00:00	2007-12-03 00:00:00	SAV	Savannah International	Delta Air Lines	Passenger Property Loss	Checked Baggage	890.0	Electronics,Electronics,Electronics	Denied	0.0	Deny
114822	2007121036268	2007-12-06 00:00:00	2007-08-26 00:00:00	SAV	Savannah International	Delta Air Lines	Passenger Property Loss	Checked Baggage	1589.31	Watches & Jewelry	Denied	0.0	Deny
115465	2007122636905	2007-12-20 00:00:00	2005-12-20 00:00:00	SAV	Savannah International	UAL	Passenger Property Loss	Checked Baggage	276.85	Clothing & Accessories,Cosmetics,Other,Tools & Machines	Denied	0.0	Deny
117764	2008031741166	2008-02-01 00:00:00	2007-08-23 00:00:00	SAV	Savannah International	Delta Air Lines	Passenger Property Loss	Checked Baggage	1093.15	Electronics	Denied	0.0	Deny
119979	2008030540429	2008-03-20 00:00:00	2008-02-01 00:00:00	SAV	Savannah International	Delta Air Lines	Passenger Property Loss	Checked Baggage	2500.0	Electronics	Denied	0.0	Deny
120264	2008040441867	2008-03-25 00:00:00	2008-01-20 00:00:00	SAV	Savannah International	AirTran Airlines	Passenger Property Loss	Checked Baggage	108.19	Electronics	Settled	54.1	Settle
120595	2008040842075	2008-04-01 00:00:00	2008-03-29 00:00:00	SAV	Savannah International	American Airlines	Passenger Property Loss	Checked Baggage	15.0	Other	Denied	0.0	Deny
121072	2008040942263	2008-04-09 00:00:00	2008-03-24 00:00:00	SAV	Savannah International	American Airlines	Passenger Property Loss	Checked Baggage	40.99	Other	Denied	0.0	Deny
122271	2008051244122	2008-05-02 00:00:00	2008-04-07 00:00:00	SAV	Savannah International	UAL	Passenger Property Loss	Checked Baggage	1163.41	Electronics,Other	Denied	0.0	Deny
122369	2008050843991	2008-05-06 00:00:00	2008-03-18 00:00:00	SAV	Savannah International	USAir	Passenger Property Loss	Checked Baggage	224.95	Clothing & Accessories	Denied	0.0	Deny
122603	2008051544279	2008-05-12 00:00:00	2008-04-30 00:00:00	SAV	Savannah International	Delta Air Lines	Passenger Property Loss	Checked Baggage	250.0	Electronics	Canceled	0.0	
123083	2008052244690	2008-05-21 00:00:00	2008-04-11 00:00:00	SAV	Savannah International	Delta Air Lines	Passenger Property Loss	Checked Baggage	1547.52	Electronics,Electronics	Denied	0.0	Deny
124120	2008062045979	2008-06-12 00:00:00	2008-05-04 00:00:00	SAV	Savannah International	American Airlines	Passenger Property Loss	Checked Baggage	1586.61	Watches & Jewelry	Denied	0.0	Deny
124882	2008070746590	2008-07-01 00:00:00	2008-06-29 00:00:00	SAV	Savannah International	USAir	Passenger Property Loss	Checked Baggage	1260.0	Clothing & Accessories,Household Items,Tools & Machines	Denied	0.0	Deny
125329	2008072147158	2008-07-10 00:00:00	2008-03-22 00:00:00	SAV	Savannah International	UAL	Passenger Property Loss	Checked Baggage	1196.65	Electronics	Denied	0.0	Deny
126890	2008081848744	2008-08-13 00:00:00	2008-07-24 00:00:00	SAV	Savannah International	Delta Air Lines	Passenger Property Loss	Checked Baggage	578.94	Games & Toys	Denied	0.0	Deny
127268	2008082248971	2008-08-21 00:00:00	2008-08-10 00:00:00	SAV	Savannah International	Delta Air Lines	Passenger Property Loss	Checked Baggage	70.0	Other	Insufficient, one of the following items required: sum certain, statement of fact, signature, location of incident, and date.		
127305	2008082549085	2008-08-22 00:00:00	2008-06-15 00:00:00	SAV	Savannah International	Continental Airlines	Passenger Property Loss	Checked Baggage	674.95	Electronics,Electronics,Cosmetics,Other	Denied	0.0	Deny
128114	2008091549934	2008-09-10 00:00:00	2008-08-27 00:00:00	SAV	Savannah International	USAir	Passenger Property Loss	Checked Baggage	12.0	Tools & Machines	Denied	0.0	Deny
128168	2008091649979	2008-09-11 00:00:00	2008-07-02 00:00:00	SAV	Savannah International	UAL	Passenger Property Loss	Checked Baggage	150.0	Containers	Settled	75.0	Settle
128424	2008092250189	2008-09-18 00:00:00	2008-09-03 00:00:00	SAV	Savannah International	UAL	Passenger Property Loss	Checked Baggage	144.99	Cosmetics	Canceled	0.0	
128621	2008092450387	2008-09-23 00:00:00	2008-09-10 00:00:00	SAV	Savannah International	UAL	Passenger Property Loss	Checked Baggage	500.0	Other	Denied	0.0	Deny
129355	2008102151389	2008-10-14 00:00:00	2008-09-10 00:00:00	SAV	Savannah International	Delta Air Lines	Passenger Property Loss	Checked Baggage	4213.58	Electronics,Containers,Watches & Jewelry	Canceled	0.0	
129606	2008102351481	2008-10-17 00:00:00	2008-09-12 00:00:00	SAV	Savannah International		Passenger Property Loss	Checkpoint	121.9	Clothing & Accessories	Settled	97.52	Settle
131200	2008120253043	2008-12-01 00:00:00	2008-11-29 00:00:00	SAV	Savannah International	Northwest Airlines	Passenger Property Loss	Checked Baggage	1337.0	Other	Denied	0.0	Deny
131396	2008121053235	2008-12-04 00:00:00	2008-11-30 00:00:00	SAV	Savannah International	Delta Air Lines	Passenger Property Loss	Checked Baggage	101.64	Cosmetics,Containers	Denied	0.0	Deny
132147	2009010654085	2008-12-24 00:00:00	2008-12-20 00:00:00	SAV	Savannah International	UAL	Passenger Property Loss	Checked Baggage	437.32	Electronics	Denied	0.0	Deny
132435	2009010854288	2009-01-05 00:00:00	2009-01-03 00:00:00	SAV	Savannah International	Delta Air Lines	Passenger Property Loss	Checked Baggage	12.42	Tools & Machines	Denied	0.0	Deny
132973	2008121553398	2009-01-15 00:00:00	2008-09-19 00:00:00	SAV	Savannah International	Delta Air Lines	Passenger Property Loss	Checked Baggage	144.48	Containers	Denied	0.0	Deny
134833	2009032056718	2009-03-09 00:00:00	2009-02-15 00:00:00	SAV	Savannah International	Delta Air Lines	Passenger Property Loss	Checked Baggage	15.0	Tools & Machines	Denied	0.0	Deny
135125	2009040157079	2009-03-16 00:00:00	2008-10-22 00:00:00	SAV	Savannah International	UAL	Passenger Property Loss	Checked Baggage	350.0	Clothing & Accessories	Denied	0.0	Deny
135338	2009041157379	2009-03-20 00:00:00	2009-02-10 00:00:00	SAV	Savannah International	Delta Air Lines	Passenger Property Loss	Checkpoint	149.79	Other	Denied	0.0	Deny
135601	2009041657593	2009-03-27 00:00:00	2009-03-02 00:00:00	SAV	Savannah International	USAir	Passenger Property Loss	Checked Baggage	15.0	Tools & Machines	Denied	0.0	Deny
137151	2009051959008	2009-05-11 00:00:00	2009-05-05 00:00:00	SAV	Savannah International	UAL	Passenger Property Loss	Checked Baggage	2000.0	Electronics	Denied	0.0	Deny
138884	2009070860929	2009-06-29 00:00:00	2009-06-25 00:00:00	SAV	Savannah International	Delta Air Lines	Passenger Property Loss	Checked Baggage	400.0	Cosmetics,Games & Toys	Denied	0.0	Deny
141211	2009090163199	2009-08-31 00:00:00	2009-08-12 00:00:00	SAV	Savannah International	Delta Air Lines	Passenger Property Loss	Checked Baggage	11.15	Tools & Machines	Denied	0.0	Deny
141977	2009092463969	2009-09-22 00:00:00	2009-09-06 00:00:00	SAV	Savannah International	Delta Air Lines	Passenger Property Loss	Checked Baggage	275.0	Electronics,Electronics	Denied	0.0	Deny
142347	2009100664346	2009-10-02 00:00:00	2009-09-20 00:00:00	SAV	Savannah International	USAir	Passenger Property Loss	Checked Baggage	471.99	Electronics	Denied	0.0	Deny
142496	2009100964493	2009-10-08 00:00:00	2009-08-29 00:00:00	SAV	Savannah International	Delta Air Lines	Passenger Property Loss	Checked Baggage	129.29	Watches & Jewelry	Denied	0.0	Deny
143808	2009112565758	2009-11-19 00:00:00	2009-10-29 06:15:00	SAV	Savannah International	American Airlines	Passenger Property Loss	Checked Baggage	719.76	Electronics,Clothing & Accessories	Approved	719.76	Approve in Full
144536	2009121766664	2009-12-10 00:00:00	2009-11-19 09:00:00	SAV	Savannah International	USAir	Passenger Property Loss	Checked Baggage	73.18	Tools & Machines	Denied	0.0	Deny
145891	2010030168891	2010-02-17 00:00:00	2010-02-15 11:35:00	SAV	Savannah International	Delta Air Lines	Passenger Property Loss	Checked Baggage		Electronics,Electronics,Cosmetics		0.0	Deny
146269	2010030969260	2010-03-02 00:00:00	2010-02-28 15:15:00	SAV	Savannah International	Delta Air Lines	Passenger Property Loss	Checked Baggage		Containers		0.0	Deny
146764	2010032369928	2010-03-16 00:00:00	2010-02-18 10:30:00	SAV	Savannah International	Delta Air Lines	Passenger Property Loss	Checked Baggage		Clothing & Accessories,Watches & Jewelry			
146832	2010032369940	2010-03-18 00:00:00	2010-02-24 00:00:00	SAV	Savannah International	Delta Air Lines	Passenger Property Loss	Checked Baggage		Electronics,Other		0.0	Deny
147245	2010040270337	2010-03-31 00:00:00	2010-03-22 05:17:00	SAV	Savannah International	Delta Air Lines	Passenger Property Loss	Checked Baggage		Electronics		0.0	Deny
147692	2010041970939	2010-04-13 00:00:00	2010-03-11 00:00:00	SAV	Savannah International	American Airlines	Passenger Property Loss	Checked Baggage		Cosmetics		0.0	Deny
148188	2010050471494	2010-04-28 00:00:00	2010-04-13 17:00:00	SAV	Savannah International	USAir	Passenger Property Loss	Checked Baggage		Electronics		0.0	Deny
148269	2010050471491	2010-05-03 00:00:00	2010-04-27 10:30:00	SAV	Savannah International	Delta Air Lines	Passenger Property Loss	Checked Baggage		Other		0.0	Deny
148370	2010051071621	2010-05-04 00:00:00	2010-04-17 11:00:00	SAV	Savannah International	USAir	Passenger Property Loss	Checked Baggage		Clothing & Accessories,Clothing & Accessories,Electronics		0.0	Deny
149061	2010060372362	2010-05-25 00:00:00	2010-05-05 19:30:00	SAV	Savannah International	USAir	Passenger Property Loss	Checked Baggage		Watches & Jewelry,Watches & Jewelry,Watches & Jewelry		0.0	Deny
149640	2010062372984	2010-06-14 00:00:00	2010-06-06 00:00:00	SAV	Savannah International	Delta Air Lines	Passenger Property Loss	Checked Baggage		Clothing & Accessories		0.0	Deny
149694	2010062272932	2010-06-16 00:00:00	2010-04-21 16:05:00	SAV	Savannah International	USAir	Passenger Property Loss	Checked Baggage		Electronics		0.0	Deny
149812	2010062573101	2010-06-21 00:00:00	2010-06-10 06:30:00	SAV	Savannah International	UAL	Passenger Property Loss	Checked Baggage		Containers,Watches & Jewelry			
150516	2010072073909	2010-07-12 00:00:00	2010-06-17 00:00:00	SAV	Savannah International	Delta Air Lines	Passenger Property Loss	Checked Baggage		Electronics		0.0	Deny
152243	2010082475287	2010-08-30 00:00:00	2010-08-12 06:45:00	SAV	Savannah International	Delta Air Lines	Passenger Property Loss	Checked Baggage		Watches & Jewelry		0.0	Deny
153796	2010102377216	2010-10-14 00:00:00	2010-09-16 11:00:00	SAV	Savannah International	Delta Air Lines	Passenger Property Loss	Checked Baggage		Watches & Jewelry		0.0	Deny
155337	2010121578775	2010-12-06 00:00:00	2010-10-27 14:23:00	SAV	Savannah International	American Airlines	Passenger Property Loss	Checked Baggage		Other		0.0	Deny
160554	2011060684072	2011-05-25 00:00:00	2011-05-06 00:00:00	SAV	Savannah International	Delta Air Lines	Passenger Property Loss	Checkpoint		Electronics		0.0	Deny
161192	2011062884701	2011-06-15 00:00:00	2011-06-04 06:30:00	SAV	Savannah International	Delta Air Lines	Passenger Property Loss	Checked Baggage		Cosmetics		0.0	Deny
162172	2011080585792	2011-07-18 00:00:00	2011-06-26 00:00:00	SAV	Savannah International	Delta Air Lines	Passenger Property Loss	Checked Baggage		Cosmetics		8.79	Approve in Full
163511	2011092287108	2011-08-29 00:00:00	2011-08-02 00:00:00	SAV	Savannah International	Delta Air Lines	Passenger Property Loss	Checked Baggage		Cosmetics		31.35	Approve in Full
165184	2011102788485	2011-10-26 00:00:00	2011-10-19 00:00:00	SAV	Savannah International		Passenger Property Loss	Checked Baggage		Clothing & Accessories,Watches & Jewelry		0.0	Deny
165484	2011111088903	2011-11-07 00:00:00	2011-11-01 18:05:00	SAV	Savannah International	Delta Air Lines	Passenger Property Loss	Checked Baggage		Other		150.0	Approve in Full
170218	2012051493937	2012-04-20 00:00:00	2012-04-18 05:39:00	SAV	Savannah International		Passenger Property Loss	Checkpoint		Office Supplies		0.0	Deny
171849	2012071995533	2012-06-18 00:00:00	2012-06-04 00:00:00	SAV	Savannah International	American Airlines	Passenger Property Loss	Checked Baggage		Clothing & Accessories		60.0	Approve in Full
171878	2012071995578	2012-06-18 00:00:00	2012-06-08 12:04:00	SAV	Savannah International	USAir	Passenger Property Loss	Checked Baggage		Clothing & Accessories,Other		204.5	Settle
175974	2013010999691	2012-11-15 00:00:00	2012-11-11 00:00:00	SAV	Savannah International	American Airlines	Passenger Property Loss	Checked Baggage		Food & Drink		22.0	Approve in Full
177526	2013020701143	2013-01-17 00:00:00	2012-12-25 00:00:00	SAV	Savannah International	Delta Air Lines	Passenger Property Loss	Checked Baggage		Watches & Jewelry		0.0	Deny
179722	2013050703550	2013-04-08 00:00:00	2013-04-07 00:00:00	SAV	Savannah International	Delta Air Lines	Passenger Property Loss	Checkpoint		Electronics		0.0	Deny
180235	2013060503955	2013-04-29 00:00:00	2013-04-19 00:00:00	SAV	Savannah International	Delta Air Lines	Passenger Property Loss	Checkpoint		Watches & Jewelry			
181083	2013060904078	2013-05-31 00:00:00	2013-05-07 00:00:00	SAV	Savannah International	UAL	Passenger Property Loss	Checked Baggage		Clothing & Accessories		0.0	Deny
181501	2013080105567	2013-06-14 00:00:00	2013-05-15 13:30:00	SAV	Savannah International	UAL	Passenger Property Loss	Checked Baggage		Cosmetics		34.5	Approve in Full
185526	2013110808920	2013-11-08 00:00:00	2013-09-07 07:51:00	SAV	Savannah International	Delta Air Lines	Passenger Property Loss	Checked Baggage		Containers			
186390	2013123010300	2013-12-16 00:00:00	2013-12-12 18:59:00	SAV	Savannah International	UAL	Passenger Property Loss	Checked Baggage		Other			
187563	2014013111321	2014-01-27 00:00:00	2013-11-09 00:00:00	SAV	Savannah International	UAL	Passenger Property Loss	Checked Baggage		Clothing & Accessories,Outdoors Supplies		174.04	Approve in Full
188223	2014022611995	2014-02-24 00:00:00	2014-02-02 00:00:00	SAV	Savannah International	USAir	Passenger Property Loss	Checked Baggage		Cosmetics		0.0	Deny
188325	2014022812099	2014-02-24 00:00:00	2014-02-15 00:00:00	SAV	Savannah International	Jet Blue	Passenger Property Loss	Checked Baggage		Clothing & Accessories		0.0	Deny
188568	2014031112345	2014-03-10 00:00:00	2014-02-23 00:00:00	SAV	Savannah International	Jet Blue	Passenger Property Loss	Checked Baggage		Electronics		251.6	Settle
188794	2014031912585	2014-03-18 00:00:00	2014-03-14 00:00:00	SAV	Savannah International	Jet Blue	Passenger Property Loss	Checked Baggage		Electronics			
188940	2014032612732	2014-03-24 00:00:00	2014-03-23 00:00:00	SAV	Savannah International	Delta Air Lines	Passenger Property Loss	Checked Baggage		Electronics			
189017	2014032812810	2014-03-27 00:00:00	2014-03-11 00:00:00	SAV	Savannah International	Delta Air Lines	Passenger Property Loss	Checked Baggage		Electronics		599.99	Settle
189053	2014033112847	2014-03-28 00:00:00	2014-03-23 00:00:00	SAV	Savannah International	Delta Air Lines	Passenger Property Loss	Checked Baggage		Electronics			
189469	2014041513271	2014-04-08 00:00:00	2014-03-25 00:00:00	SAV	Savannah International	Delta Air Lines	Passenger Property Loss	Checked Baggage		Electronics			
190035	2014051213848	2014-05-07 00:00:00	2014-04-22 00:00:00	SAV	Savannah International	Jet Blue	Passenger Property Loss	Checked Baggage		Electronics		0.0	Deny
190589	2014060314410	2014-05-27 00:00:00	2014-05-13 00:00:00	SAV	Savannah International	Delta Air Lines	Passenger Property Loss	Checked Baggage		Cosmetics		16.85	Approve in Full
190687	2014061014510	2014-06-24 00:00:00	2014-05-25 00:00:00	SAV	Savannah International	UAL	Passenger Property Loss	Checked Baggage		Cosmetics		13.0	Approve in Full
191799	2014080415647	2014-07-18 00:00:00	2014-07-11 00:00:00	SAV	Savannah International	Delta Air Lines	Passenger Property Loss	Checked Baggage		Clothing & Accessories		0.0	Deny
191903	2014080615752	2014-07-23 00:00:00	2014-05-23 00:00:00	SAV	Savannah International	Delta Air Lines	Passenger Property Loss	Checkpoint		Scientific Intruments,Scientific Intruments		0.0	Deny
192198	2014082016052	2014-08-05 00:00:00	2014-07-16 00:00:00	SAV	Savannah International	USAir	Passenger Property Loss	Checkpoint		Watches & Jewelry			
192225	2014082016079	2014-08-05 00:00:00	2014-07-28 00:00:00	SAV	Savannah International	Jet Blue	Passenger Property Loss	Checked Baggage		Electronics			
193135	2014092517014	2014-09-03 00:00:00	2014-08-19 00:00:00	SAV	Savannah International	UAL	Passenger Property Loss	Checked Baggage		Clothing & Accessories		70.0	Approve in Full
195319	2014121719261	2014-12-17 00:00:00	2014-11-07 00:00:00	SAV	Savannah International	Delta Air Lines	Passenger Property Loss	Checked Baggage		Scientific Intruments			
203181	2015012320129	2015-01-21 00:00:00	2015-01-05 00:00:00	SAV	Savannah International	Jet Blue	Passenger Property Loss	Checked Baggage		Clothing & Accessories		0.0	Deny
203182	2015012220061	2015-01-22 00:00:00	2014-12-04 00:00:00	SAV	Savannah International	Delta Air Lines	Passenger Property Loss	Checked Baggage		Clothing & Accessories		0.0	Deny
203184	2015030320973	2015-03-03 00:00:00	2015-02-01 00:00:00	SAV	Savannah International	Jet Blue	Passenger Property Loss	Checked Baggage		Watches & Jewelry		0.0	Deny
203186	2015032021419	2015-03-20 00:00:00	2015-01-16 00:00:00	SAV	Savannah International	UAL	Passenger Property Loss	Checked Baggage		Other		69.0	Approve in Full
203188	2015061223099	2015-06-12 00:00:00	2015-05-06 00:00:00	SAV	Savannah International	Jet Blue	Passenger Property Loss	Checked Baggage		Watches & Jewelry		189.95	Approve in Full
203190	2015090825284	2015-08-27 00:00:00	2015-08-15 00:00:00	SAV	Savannah International	UAL	Passenger Property Loss	Checked Baggage		Cosmetics		20.0	Approve in Full
203198	2016010828209	2015-12-28 00:00:00	2015-12-12 00:00:00	SAV	Savannah International	Delta Air Lines	Passenger Property Loss	Checked Baggage		Outdoors Supplies			
211531	2016032830151	2016-03-11 00:00:00	2016-03-10 13:00:00	SAV	Savannah International Savannah International	Delta Air Lines	Passenger Property Loss	Checked Baggage		Cosmetics		25.0	Approve in Full
211535	2017011236470	2016-11-30 00:00:00	2016-11-15 07:39:00	SAV	Savannah International Savannah International	American Airlines	Passenger Property Loss	Checked Baggage		Cosmetics			Closed:Canceled
211536	2016031029580	2016-02-23 00:00:00	2016-01-01 00:00:00	SAV	Savannah International Savannah International	Delta Air Lines	Passenger Property Loss	Checked Baggage		Clothing & Accessories		0.0	Deny
211537	2016092633878	2016-07-28 00:00:00	2016-03-19 08:00:00	SAV	Savannah International Savannah International	UAL	Passenger Property Loss	Checkpoint		Watches & Jewelry		0.0	Deny
211540	2016102735288	2016-10-27 00:00:00	2016-08-08 00:00:00	SAV	Savannah International Savannah International	Jet Blue	Passenger Property Loss	Checked Baggage		Electronics			In Review
211541	2017010936387	2016-11-02 00:00:00	2016-10-05 06:50:00	SAV	Savannah International Savannah International	Delta Air Lines	Passenger Property Loss	Checked Baggage		Clothing & Accessories			In Review
211542	2017010336217	2016-11-02 00:00:00	2016-10-27 00:00:00	SAV	Savannah International Savannah International	Delta Air Lines	Passenger Property Loss	Checked Baggage		Containers			In Review
211543	2017010636313	2016-11-07 00:00:00	2016-11-03 00:00:00	SAV	Savannah International Savannah International	American Airlines	Passenger Property Loss	Checked Baggage		Cosmetics			In Review
211545	2017011236500	2016-11-22 00:00:00	2016-11-21 00:00:00	SAV	Savannah International Savannah International	UAL	Passenger Property Loss	Checked Baggage		Clothing & Accessories			In Review
211546	2017012736979	2016-12-05 00:00:00	2016-11-21 00:00:00	SAV	Savannah International Savannah International	UAL	Passenger Property Loss	Checked Baggage		Clothing & Accessories			In Review
211547	2016060231951	2016-05-20 00:00:00	2016-05-01 09:30:00	SAV	Savannah International Savannah International	UAL	Passenger Property Loss	Checked Baggage		Clothing & Accessories,Clothing & Accessories,Watches & Jewelry		668.01	Settle
219810	2017060640268	2017-04-05 00:00:00	2017-03-23 04:30:00	SAV	Savannah International Savannah International	Delta Air Lines	Passenger Property Loss	Checked Baggage		Cosmetics		8.95	Approve in Full
219813	2017080842115	2017-08-08 00:00:00	2017-08-05 00:00:00	SAV	Savannah International Savannah International	Jet Blue	Passenger Property Loss	Checked Baggage		Electronics			Insufficient
219819	2017063041153	2017-06-20 00:00:00	2017-06-19 00:00:00	SAV	Savannah International Savannah International	Jet Blue	Passenger Property Loss	Checked Baggage		Cosmetics			Insufficient
219820	2017120545722	2017-11-20 00:00:00	2017-11-05 05:00:00	SAV	Savannah International Savannah International	American Airlines	Passenger Property Loss	Checked Baggage		Cosmetics			In Review
219822	2017091142869	2017-07-27 00:00:00	2017-06-27 09:33:00	SAV	Savannah International Savannah International	UAL	Passenger Theft	Checkpoint		Watches & Jewelry			In Review
219823	2017050239176	2017-03-27 00:00:00	2017-03-05 06:00:00	SAV	Savannah International Savannah International	American Airlines	Passenger Property Loss	Checkpoint		Electronics			In Review
219824	2017083142631	2017-08-28 00:00:00	2017-08-03 00:00:00	SAV	Savannah International Savannah International	Jet Blue	Passenger Theft	Checked Baggage		Electronics			In Review
219825	2017101844578	2017-09-29 00:00:00	2017-09-27 00:00:00	SAV	Savannah International Savannah International	UAL	Passenger Property Loss	Checked Baggage		Cosmetics			In Review