id	claim_number	date_received	incident_date	airport_code	airport_name	airline	claim_type	claim_site	claim_amount	items	status	close_amount	disposition
9765	0701178M	2003-07-01 00:00:00	2003-04-03 00:00:00	SBA	Santa Barbara Municipal	American Airlines	Passenger Property Loss	Checkpoint	500.0	Other	Denied	0.0	Deny
11834	0729065M	2003-07-29 00:00:00	2003-07-03 00:00:00	SBA	Santa Barbara Municipal	American Airlines	Passenger Property Loss	Checked Baggage	110.0	Cosmetics	Approved	110.0	Approve in Full
16370	0925156M	2003-09-25 00:00:00	2003-08-24 00:00:00	SBA	Santa Barbara Municipal	Delta Air Lines	Passenger Property Loss	Checked Baggage	200.0	Cosmetics	Approved	200.0	Approve in Full
17464	1006108M	2003-10-06 00:00:00	2003-09-04 00:00:00	SBA	Santa Barbara Municipal		Passenger Property Loss	Checked Baggage	250.0	Electronics	Settled	125.0	Settle
35119	2004061055328	2004-05-13 00:00:00	2004-04-25 00:00:00	SBA	Santa Barbara Municipal	Delta Air Lines	Passenger Property Loss	Checked Baggage	75.0	Other	Approved	75.0	Approve in Full
35368	2004061756132	2004-05-13 00:00:00	2004-05-01 00:00:00	SBA	Santa Barbara Municipal		Passenger Property Loss	Checked Baggage	25.0	Other	Settled	12.5	Settle
35707	2004060955252	2004-05-19 00:00:00	2004-05-05 00:00:00	SBA	Santa Barbara Municipal		Passenger Property Loss	Checked Baggage	242.0	Clothing & Accessories	Settled	121.0	Settle
36004	2004062156602	2004-05-27 00:00:00	2004-04-14 00:00:00	SBA	Santa Barbara Municipal	American Airlines	Passenger Property Loss	Checked Baggage	100.0	Other	Approved	100.0	Approve in Full
37593	2004063057921	2004-06-09 00:00:00	2004-05-05 00:00:00	SBA	Santa Barbara Municipal	UAL	Passenger Property Loss	Checked Baggage	242.0	Clothing & Accessories	Canceled		
41550	2004091663047	2004-08-03 00:00:00	2004-06-18 00:00:00	SBA	Santa Barbara Municipal	Continental Airlines	Passenger Property Loss	Checked Baggage	45.0	Other	Denied	0.0	Deny
41615	2004091562932	2004-08-03 00:00:00	2004-07-25 00:00:00	SBA	Santa Barbara Municipal		Passenger Property Loss	Checkpoint	379.98	Electronics	Settled	185.24	Settle
44213	2004100664744	2004-09-09 00:00:00	2004-07-31 00:00:00	SBA	Santa Barbara Municipal	American Airlines	Passenger Property Loss	Checkpoint	45.0	Clothing & Accessories	Denied		Deny
46116	2004110166028	2004-09-29 00:00:00	2004-07-17 00:00:00	SBA	Santa Barbara Municipal		Passenger Property Loss	Checked Baggage	45.0	Clothing & Accessories	Approved	45.0	Approve in Full
47566	2004120368400	2004-10-18 00:00:00	2004-10-01 00:00:00	SBA	Santa Barbara Municipal	America West	Passenger Property Loss	Checked Baggage	440.0	Clothing & Accessories	Approved	440.0	Approve in Full
47622	2004120268308	2004-10-18 00:00:00	2004-09-22 00:00:00	SBA	Santa Barbara Municipal		Passenger Property Loss	Checkpoint	250.0	Watches & Jewelry	Denied	0.0	Deny
58667	2005061486354	2005-03-07 00:00:00	2005-02-10 00:00:00	SBA	Santa Barbara Municipal		Passenger Property Loss	Checked Baggage	3000.0	Electronics	Denied	0.0	Deny
62788	2005050283865	2005-04-28 00:00:00	2005-03-20 00:00:00	SBA	Santa Barbara Municipal	UAL	Passenger Property Loss	Checked Baggage	800.0	Electronics	Denied	0.0	Deny
63231	2005050584204	2005-05-04 00:00:00	2005-03-17 00:00:00	SBA	Santa Barbara Municipal		Passenger Property Loss	Checked Baggage	5000.0	Other	Denied	0.0	Deny
64807	2005060685818	2005-05-31 00:00:00	2005-05-16 00:00:00	SBA	Santa Barbara Municipal	Lufthansa	Passenger Property Loss	Checked Baggage	155.0	Other	Approved	155.0	Approve in Full
65521	2005061486384	2005-06-06 00:00:00	2005-05-28 00:00:00	SBA	Santa Barbara Municipal	American Airlines	Passenger Property Loss	Checked Baggage	300.0	Electronics	Denied	0.0	Deny
67420	2005070588256	2005-07-05 00:00:00	2004-10-19 00:00:00	SBA	Santa Barbara Municipal	UAL	Passenger Property Loss	Checkpoint	193.32	Other	Settled	174.65	Settle
68313	2005071989270	2005-07-18 00:00:00	2005-06-14 00:00:00	SBA	Santa Barbara Municipal	UAL	Passenger Property Loss	Checked Baggage	569.82	Electronics	Settled	276.88	Settle
69453	2005081590556	2005-08-04 00:00:00	2005-07-27 00:00:00	SBA	Santa Barbara Municipal	American Airlines	Passenger Property Loss	Checked Baggage	5.32	Tools & Machines	Approved	5.32	Approve in Full
70550	2005083091831	2005-08-23 00:00:00	2005-07-21 00:00:00	SBA	Santa Barbara Municipal	UAL	Passenger Property Loss	Checked Baggage	5.0	Tools & Machines	Approved	5.0	Approve in Full
70840	2005083091890	2005-08-25 00:00:00	2005-07-28 00:00:00	SBA	Santa Barbara Municipal	American Eagle	Passenger Property Loss	Checked Baggage	50.0	Other	Denied	0.0	Deny
72213	2005092993468	2005-09-19 00:00:00	2005-07-29 00:00:00	SBA	Santa Barbara Municipal	UAL	Passenger Property Loss	Checked Baggage	88.89	Clothing & Accessories	Approved	88.89	Approve in Full
76651	2005121497817	2005-12-06 00:00:00	2005-10-22 00:00:00	SBA	Santa Barbara Municipal	American Eagle	Passenger Property Loss	Checked Baggage	205.0	Other	Denied	0.0	Deny
78065	2006011099221	2006-01-04 00:00:00	2005-12-09 00:00:00	SBA	Santa Barbara Municipal	UAL	Passenger Property Loss	Checkpoint	2747.62	Watches & Jewelry	Denied	0.0	Deny
79047	2006012400239	2006-01-18 00:00:00	2005-12-30 00:00:00	SBA	Santa Barbara Municipal	American West	Passenger Property Loss	Checked Baggage	7.5	Tools & Machines	Denied	0.0	Deny
79672	2006020200859	2006-01-27 00:00:00	2006-01-13 00:00:00	SBA	Santa Barbara Municipal	America West	Passenger Property Loss	Checked Baggage	238.84	Electronics	Approved	238.84	Approve in Full
80089	2006020801181	2006-02-03 00:00:00	2005-12-01 00:00:00	SBA	Santa Barbara Municipal		Passenger Property Loss	Checkpoint	1367.03	Other	Denied	0.0	Deny
80397	2006021501613	2006-02-07 00:00:00	2006-01-08 00:00:00	SBA	Santa Barbara Municipal	UAL	Passenger Property Loss	Checked Baggage	200.0	Watches & Jewelry	Settled	100.0	Settle
81145	2006030302415	2006-02-23 00:00:00	2006-02-04 00:00:00	SBA	Santa Barbara Municipal	UAL	Passenger Property Loss	Checked Baggage	720.0	Other	Denied	0.0	Deny
81195	2006030302411	2006-02-24 00:00:00	2006-01-27 00:00:00	SBA	Santa Barbara Municipal	Alaska Airlines	Passenger Property Loss	Checked Baggage	10.0	Tools & Machines	Approved	10.0	Approve in Full
81377	2006030602600	2006-02-28 00:00:00	2006-02-20 00:00:00	SBA	Santa Barbara Municipal	UAL	Passenger Property Loss	Checked Baggage	863.95	Electronics	Canceled	0.0	
81652	2006031302933	2006-03-06 00:00:00	2006-02-06 00:00:00	SBA	Santa Barbara Municipal	America West	Passenger Property Loss	Checked Baggage	11.8	Tools & Machines	Approved	11.8	Approve in Full
85430	2006052306801	2006-05-17 00:00:00	2006-04-17 00:00:00	SBA	Santa Barbara Municipal	American West	Passenger Property Loss	Checkpoint	150.0	Watches & Jewelry	Denied	0.0	Deny
87215	2006062308483	2006-06-22 00:00:00	2006-02-12 00:00:00	SBA	Santa Barbara Municipal	UAL	Passenger Property Loss	Checked Baggage	700.0	Electronics,Electronics,Other	Denied	0.0	Deny
89798	2006081511048	2006-08-14 00:00:00	2006-08-07 00:00:00	SBA	Santa Barbara Municipal	Horizon Air	Passenger Property Loss	Checked Baggage	15.0	Containers	Approved	15.0	Approve in Full
90147	2006082311379	2006-08-18 00:00:00	2006-07-27 00:00:00	SBA	Santa Barbara Municipal	USAir	Passenger Property Loss	Checked Baggage	275.57	Clothing & Accessories	Denied	0.0	Deny
92314	2006100513643	2006-09-29 00:00:00	2006-08-01 00:00:00	SBA	Santa Barbara Municipal	American Airlines	Passenger Property Loss	Checked Baggage	20.0	Tools & Machines	Approved	20.0	Approve in Full
96114	2006122017453	2006-12-12 00:00:00	2006-10-14 00:00:00	SBA	Santa Barbara Municipal		Passenger Property Loss	Checked Baggage	700.0	Electronics,Watches & Jewelry,Watches & Jewelry	Denied	0.0	Deny
98534	2007012519510	2007-01-22 00:00:00	2006-09-25 00:00:00	SBA	Santa Barbara Municipal	American Airlines	Passenger Property Loss	Checked Baggage	51.94	Office Supplies	Settled	25.97	Settle
98631	2007013019781	2007-01-23 00:00:00	2007-01-13 00:00:00	SBA	Santa Barbara Municipal	American Airlines	Passenger Property Loss	Checked Baggage	212.42	Cosmetics	Denied	0.0	Deny
102494	2007041223850	2007-04-09 00:00:00	2007-03-12 00:00:00	SBA	Santa Barbara Municipal	American Eagle	Passenger Property Loss	Checked Baggage	19.85	Tools & Machines	Approved	19.85	Approve in Full
103857	2007050825076	2007-05-04 00:00:00	2007-04-25 00:00:00	SBA	Santa Barbara Municipal	UAL	Passenger Property Loss	Checked Baggage	95.0	Outdoors Supplies	Settled	47.5	Settle
104472	2007051825686	2007-05-17 00:00:00	2007-04-16 00:00:00	SBA	Santa Barbara Municipal	UAL	Passenger Property Loss	Checked Baggage	52.8	Clothing & Accessories	Settled	26.4	Settle
107860	2007072729189	2007-07-24 00:00:00	2007-06-10 00:00:00	SBA	Santa Barbara Municipal	UAL	Passenger Property Loss	Checked Baggage	352.5	Clothing & Accessories	Settled	176.25	Settle
107943	2007072629144	2007-07-26 00:00:00	2007-07-10 00:00:00	SBA	Santa Barbara Municipal	Delta Air Lines	Passenger Property Loss	Checked Baggage	550.0	Other	Denied	0.0	Deny
110558	2007091431955	2007-09-11 00:00:00	2007-05-31 00:00:00	SBA	Santa Barbara Municipal	American Airlines	Passenger Property Loss	Checked Baggage	169.47	Tools & Machines,Clothing & Accessories,Cosmetics,Other	Denied	0.0	Deny
112361	2007101933702	2007-10-18 00:00:00	2007-10-16 00:00:00	SBA	Santa Barbara Municipal	USAir	Passenger Property Loss	Checked Baggage	2109.98	Electronics,Other	Canceled	0.0	
112413	2007102533893	2007-10-19 00:00:00	2007-10-09 00:00:00	SBA	Santa Barbara Municipal	UAL	Passenger Property Loss	Checked Baggage	20.0	Tools & Machines	Approved	20.0	Approve in Full
113880	2007112735497	2007-11-19 00:00:00	2007-10-31 00:00:00	SBA	Santa Barbara Municipal	UAL	Passenger Property Loss	Checked Baggage	10.76	Tools & Machines	Approved	10.76	Approve in Full
114494	2007120435957	2007-11-30 00:00:00	2007-11-05 00:00:00	SBA	Santa Barbara Municipal	UAL	Passenger Property Loss	Checked Baggage	60.0	Containers	Denied	0.0	Deny
114809	2007121036240	2007-12-06 00:00:00	2007-11-24 00:00:00	SBA	Santa Barbara Municipal	American Airlines	Passenger Property Loss	Checked Baggage	300.0	Electronics	Denied	0.0	Deny
114962	2007122136789	2007-12-10 00:00:00	2007-08-17 00:00:00	SBA	Santa Barbara Municipal	USAir	Passenger Property Loss	Checked Baggage	506.0	Other	Denied	0.0	Deny
115763	2008010437315	2007-12-27 00:00:00	2007-12-15 00:00:00	SBA	Santa Barbara Municipal	Alaska Airlines	Passenger Property Loss	Checkpoint	75.0	Clothing & Accessories,Watches & Jewelry	Denied	0.0	Deny
117735	2008020839310	2008-02-01 00:00:00	2008-01-02 00:00:00	SBA	Santa Barbara Municipal	UAL	Passenger Property Loss	Checked Baggage	118.0	Cosmetics	Denied	0.0	Deny
118947	2008030640570	2008-02-27 00:00:00	2008-01-19 00:00:00	SBA	Santa Barbara Municipal		Passenger Property Loss	Checkpoint	5000.0	Electronics	Denied	0.0	Deny
119031	2008031040696	2008-02-28 00:00:00	2007-12-18 00:00:00	SBA	Santa Barbara Municipal	Delta Air Lines	Passenger Property Loss	Checked Baggage	349.99	Electronics	Denied	0.0	Deny
119147	2008031140733	2008-03-03 00:00:00	2008-02-11 00:00:00	SBA	Santa Barbara Municipal	UAL	Passenger Property Loss	Checked Baggage	1852.68	Electronics,Tools & Machines,Other	Denied	0.0	Deny
119549	2008031841205	2008-03-11 00:00:00	2008-03-05 00:00:00	SBA	Santa Barbara Municipal	UAL	Passenger Property Loss	Checkpoint	230.0	Containers,Cosmetics	Denied	0.0	Deny
120773	2008041142477	2008-04-03 00:00:00	2008-02-27 00:00:00	SBA	Santa Barbara Municipal	UAL	Passenger Property Loss	Checked Baggage	555.25	Electronics,Other	Denied	0.0	Deny
121196	2008041842866	2008-04-11 00:00:00	2008-03-23 00:00:00	SBA	Santa Barbara Municipal	Alaska Airlines	Passenger Property Loss	Checked Baggage	362.0	Electronics	Denied	0.0	Deny
122983	2008052344744	2008-05-19 00:00:00	2008-05-05 00:00:00	SBA	Santa Barbara Municipal		Passenger Property Loss	Checkpoint	110.26	Other	Denied	0.0	Deny
125489	2008072347246	2008-07-14 00:00:00	2008-06-03 00:00:00	SBA	Santa Barbara Municipal	USAir	Passenger Property Loss	Checkpoint	450.0	Clothing & Accessories	Denied	0.0	Deny
126486	2008080848250	2008-08-05 00:00:00	2008-07-09 00:00:00	SBA	Santa Barbara Municipal	UAL	Passenger Property Loss	Checkpoint	12.97	Tools & Machines	Denied	0.0	Deny
127366	2008082749169	2008-08-25 00:00:00	2008-08-01 00:00:00	SBA	Santa Barbara Municipal	UAL	Passenger Property Loss	Checked Baggage	21.39	Tools & Machines	Denied	0.0	Deny
128452	2008092450356	2008-09-18 00:00:00	2008-08-08 00:00:00	SBA	Santa Barbara Municipal	Skywest Airlines Inc USA	Passenger Property Loss	Checkpoint	109.0	Electronics	Denied	0.0	Deny
128472	2008092250250	2008-09-19 00:00:00	2008-07-09 00:00:00	SBA	Santa Barbara Municipal	Delta Air Lines	Passenger Property Loss	Checkpoint	51.45	Watches & Jewelry	Approved	51.45	Approve in Full
130571	2008111852399	2008-11-13 00:00:00	2008-10-06 00:00:00	SBA	Santa Barbara Municipal		Passenger Property Loss	Checked Baggage	24.0	Tools & Machines	Denied	0.0	Deny
131429	2008121153285	2008-12-05 00:00:00	2008-11-25 00:00:00	SBA	Santa Barbara Municipal	UAL	Passenger Property Loss	Checked Baggage	209.0	Clothing & Accessories	Settled	149.0	Settle
135143	2009040757211	2009-03-16 00:00:00	2009-02-11 00:00:00	SBA	Santa Barbara Municipal	Allegiant Air	Passenger Theft	Checked Baggage	182.0	Supplies	Settled	91.0	Settle
135176	2009040257149	2009-03-17 00:00:00	2009-03-05 00:00:00	SBA	Santa Barbara Municipal	UAL	Passenger Property Loss	Checked Baggage	271.31	Electronics	Denied	0.0	Deny
136478	2009050758416	2009-04-21 00:00:00	2009-04-14 00:00:00	SBA	Santa Barbara Municipal	UAL	Passenger Property Loss	Checked Baggage	42.0	Tools & Machines	Insufficient, one of the following items required: sum certain, statement of fact, signature, location of incident, and date.		
136708	2009051858709	2009-04-28 00:00:00	2009-04-26 00:00:00	SBA	Santa Barbara Municipal	UAL	Passenger Property Loss	Checked Baggage	129.36	Clothing & Accessories	Denied	0.0	Deny
140099	2009080362135	2009-07-29 00:00:00	2009-05-25 00:00:00	SBA	Santa Barbara Municipal	US Express	Passenger Property Loss	Checked Baggage	27.63	Tools & Machines	Denied	0.0	Deny
140580	2009120365972	2009-08-11 00:00:00	2009-08-10 00:00:00	SBA	Santa Barbara Municipal	American Airlines	Passenger Property Loss	Checked Baggage	56.0	Household Items	Denied	0.0	Deny
141950	2009092564029	2009-09-21 00:00:00	2009-09-11 00:00:00	SBA	Santa Barbara Municipal	American Airlines	Passenger Property Loss	Checked Baggage	117.18	Cosmetics	Settled	58.59	Settle
143379	2009111765424	2009-11-06 00:00:00	2009-10-25 12:00:00	SBA	Santa Barbara Municipal	American Airlines	Passenger Property Loss	Checked Baggage	64.84	Clothing & Accessories	Denied	0.0	Deny
147916	2010042371111	2010-04-20 00:00:00	2010-03-04 13:45:00	SBA	Santa Barbara Municipal	American Airlines	Passenger Property Loss	Checked Baggage		Cosmetics		0.0	Deny
148900	2010060372328	2010-05-20 00:00:00	2010-04-07 05:10:00	SBA	Santa Barbara Municipal	Delta Air Lines	Passenger Property Loss	Checked Baggage		Food & Drink		0.0	Deny
149174	2010060772459	2010-06-01 00:00:00	2010-04-09 00:00:00	SBA	Santa Barbara Municipal	Horizon Air	Passenger Property Loss	Checked Baggage		Watches & Jewelry			
149338	2010061572657	2010-06-03 00:00:00	2010-04-23 11:30:00	SBA	Santa Barbara Municipal	USAir	Passenger Property Loss	Checkpoint		Clothing & Accessories		486.82	Settle
151107	2010080574580	2010-07-27 00:00:00	2010-07-06 00:00:00	SBA	Santa Barbara Municipal	American Airlines	Passenger Property Loss	Checked Baggage		Other			
151608	2010083175536	2010-08-10 00:00:00	2010-07-10 00:00:00	SBA	Santa Barbara Municipal	UAL	Passenger Property Loss	Checkpoint		Containers		0.0	Deny
151709	2010082475260	2010-08-13 00:00:00	2010-08-02 11:30:00	SBA	Santa Barbara Municipal	USAir	Passenger Property Loss	Checked Baggage		Electronics		0.0	Deny
155876	2011010779239	2010-12-27 00:00:00	2010-10-25 15:00:00	SBA	Santa Barbara Municipal	Frontier Airlines	Passenger Property Loss	Checked Baggage		Other		0.0	Deny
158480	2011042182867	2011-03-20 00:00:00	2011-03-28 21:00:00	SBA	Santa Barbara Municipal		Passenger Property Loss	Checked Baggage		Cosmetics		30.0	Approve in Full
158622	2010072974163	2011-03-24 00:00:00	2010-06-16 00:00:00	SBA	Santa Barbara Municipal		Passenger Property Loss	Checkpoint		Electronics		0.0	Deny
162588	2011081686174	2011-08-01 00:00:00	2011-06-16 15:00:00	SBA	Santa Barbara Municipal	American Airlines	Passenger Property Loss	Checked Baggage		Outdoors Supplies		3870.0	Settle
165489	2011111588964	2011-11-07 00:00:00	2011-10-20 12:30:00	SBA	Santa Barbara Municipal	USAir	Passenger Property Loss	Checkpoint		Electronics		52.0	Approve in Full
167690	2012022891343	2012-01-23 00:00:00	2012-01-01 07:00:00	SBA	Santa Barbara Municipal	UAL	Passenger Property Loss	Checkpoint		Electronics		0.0	Deny
168070	2012031591744	2012-02-02 00:00:00	2011-08-18 00:00:00	SBA	Santa Barbara Municipal	American Airlines	Passenger Property Loss	Checked Baggage		Electronics		0.0	Deny
169927	2012030591523	2012-04-11 00:00:00	2012-01-15 00:00:00	SBA	Santa Barbara Municipal	American Airlines	Passenger Property Loss	Checkpoint		Other		311.47	Approve in Full
170653	2012052294153	2012-05-05 00:00:00	2012-04-30 00:00:00	SBA	Santa Barbara Municipal	UAL	Passenger Property Loss	Checkpoint		Watches & Jewelry		500.0	Approve in Full
171322	2012062694934	2012-05-30 00:00:00	2012-05-14 13:30:00	SBA	Santa Barbara Municipal	Alaska Airlines	Passenger Property Loss	Checked Baggage		Electronics		130.0	Approve in Full
171689	2012071795444	2012-06-11 00:00:00	2012-05-19 00:00:00	SBA	Santa Barbara Municipal	UAL	Passenger Property Loss	Checked Baggage		Containers		14.99	Approve in Full
174771	2012110898454	2012-10-01 00:00:00	2012-09-12 13:50:00	SBA	Santa Barbara Municipal	American Airlines	Passenger Property Loss	Checkpoint		Watches & Jewelry		0.0	Deny
175340	2012121499289	2012-10-22 00:00:00	2012-10-07 15:00:00	SBA	Santa Barbara Municipal	Frontier Airlines	Passenger Property Loss	Checked Baggage		Watches & Jewelry			
179799	2013051603729	2013-04-10 00:00:00	2013-03-22 00:00:00	SBA	Santa Barbara Municipal	American Airlines	Passenger Property Loss	Checked Baggage		Electronics		0.0	Deny
181613	2013011299973	2013-06-18 00:00:00	2012-09-16 00:00:00	SBA	Santa Barbara Municipal	UAL	Passenger Property Loss	Checked Baggage		Food & Drink		0.0	Deny
182643	2013082906388	2013-07-23 00:00:00	2013-05-01 08:43:00	SBA	Santa Barbara Municipal	USAir	Passenger Property Loss	Checked Baggage		Clothing & Accessories		25.0	Approve in Full
189962	2014050713774	2014-05-02 00:00:00	2014-04-25 00:00:00	SBA	Santa Barbara Municipal	Frontier Airlines	Passenger Property Loss	Checkpoint		Clothing & Accessories		213.73	Settle
193637	2014100917523	2014-09-30 00:00:00	2014-09-21 00:00:00	SBA	Santa Barbara Municipal	UAL	Passenger Property Loss	Checked Baggage		Watches & Jewelry			
203202	2015051322487	2015-05-07 00:00:00	2015-03-18 00:00:00	SBA	Santa Barbara Municipal	UAL	Passenger Property Loss	Checkpoint		Watches & Jewelry,Watches & Jewelry,Watches & Jewelry,Watches & Jewelry			
211548	2016032530086	2016-03-08 00:00:00	2016-02-12 12:15:00	SBA	Santa Barbara Municipal Santa Barbara Municipal	UAL	Passenger Property Loss	Checkpoint		Electronics		159.0	Approve in Full
219827	2018010946631	2017-01-02 00:00:00	2017-12-30 00:00:00	SBA	Santa Barbara Municipal Santa Barbara Municipal	UAL	Passenger Property Loss	Checked Baggage		Cosmetics			In Review
219828	2017112845542	2017-11-03 00:00:00	2017-10-18 00:00:00	SBA	Santa Barbara Municipal Santa Barbara Municipal	UAL	Passenger Property Loss	Checked Baggage		Clothing & Accessories,Food & Drink			In Review
219829	2018011246775	2017-12-08 00:00:00	2017-11-09 00:00:00	SBA	Santa Barbara Municipal Santa Barbara Municipal	Alaska Airlines	Passenger Property Loss	Checked Baggage		Clothing & Accessories			In Review
219831	2017082342395	2017-07-14 00:00:00	2017-07-05 00:00:00	SBA	Santa Barbara Municipal Santa Barbara Municipal	Alaska Airlines	Passenger Property Loss	Checked Baggage		Clothing & Accessories			In Review
219832	2017051839671	2017-03-21 00:00:00	2017-02-26 09:30:00	SBA	Santa Barbara Municipal Santa Barbara Municipal	UAL	Passenger Property Loss	Checked Baggage		Outdoors Supplies			In Review