id	claim_number	date_received	incident_date	airport_code	airport_name	airline	claim_type	claim_site	claim_amount	items	status	close_amount	disposition
5777	0428079L	2003-04-28 00:00:00	2003-04-07 00:00:00	SBP	San Luis Obispo	UAL	Passenger Property Loss	Checked Baggage	2000.0	Other	Settled	50.0	Settle
17532	1008030M	2003-10-08 00:00:00	2003-07-30 00:00:00	SBP	San Luis Obispo		Passenger Property Loss	Checked Baggage	1000.0	Other	Denied	0.0	Deny
30732	2004051752452	2004-03-18 00:00:00	2004-01-11 00:00:00	SBP	San Luis Obispo		Passenger Property Loss	Checked Baggage	150.0	Watches & Jewelry	Denied	0.0	Deny
37567	2004070158193	2004-06-08 00:00:00	2004-05-24 00:00:00	SBP	San Luis Obispo		Passenger Property Loss	Checkpoint	225.0	Clothing & Accessories	Settled	175.0	Settle
40675	2004080960904	2004-07-20 00:00:00	2004-03-21 00:00:00	SBP	San Luis Obispo	UAL	Passenger Property Loss	Checked Baggage	614.64	Electronics	Settled	239.27	Settle
42376	2004111867314	2004-08-10 00:00:00	2004-07-12 00:00:00	SBP	San Luis Obispo		Passenger Property Loss	Checked Baggage	1745.0	Electronics	Denied	0.0	Deny
42897	2004120168176	2004-08-19 00:00:00	2004-07-17 00:00:00	SBP	San Luis Obispo		Passenger Property Loss	Checked Baggage	223.93	Other	Denied	0.0	Deny
46540	2004110866735	2004-10-05 00:00:00	2004-09-20 00:00:00	SBP	San Luis Obispo	American Airlines	Passenger Property Loss	Checked Baggage	334.49	Watches & Jewelry	Approved	334.49	Approve in Full
50904	2004122871294	2004-11-29 00:00:00	2004-08-20 00:00:00	SBP	San Luis Obispo	American Airlines	Passenger Property Loss	Checkpoint	400.0	Other	Denied	0.0	Deny
50947	2004122971772	2004-11-29 00:00:00	2004-10-25 00:00:00	SBP	San Luis Obispo	America West	Passenger Property Loss	Checked Baggage	1004.31	Clothing & Accessories	Settled	327.89	Settle
51519	2004122270599	2004-12-07 00:00:00	2004-11-25 00:00:00	SBP	San Luis Obispo	American Airlines	Passenger Property Loss	Checked Baggage	107.25	Clothing & Accessories	Settled	100.0	Settle
54624	2005013174939	2005-01-14 00:00:00	2004-12-26 00:00:00	SBP	San Luis Obispo	UAL	Passenger Property Loss	Checked Baggage	659.02	Electronics	Settled	370.42	Settle
54983	2005020475653	2005-01-19 00:00:00	2004-12-10 00:00:00	SBP	San Luis Obispo		Passenger Property Loss	Checked Baggage	812.0	Electronics	Denied	0.0	Deny
60306	2005040181121	2005-03-29 00:00:00	2005-03-05 00:00:00	SBP	San Luis Obispo	American Airlines	Passenger Property Loss	Checked Baggage	200.0	Watches & Jewelry	Denied	0.0	Deny
77568	2006010498709	2005-12-23 00:00:00	2005-12-16 00:00:00	SBP	San Luis Obispo		Passenger Property Loss	Checked Baggage	150.0	Cosmetics	Denied	0.0	Deny
78578	2006011299517	2006-01-10 00:00:00	2006-01-02 00:00:00	SBP	San Luis Obispo	UAL	Passenger Property Loss	Checked Baggage	60.0	Clothing & Accessories	Settled	30.0	Settle
86849	2006061608124	2006-06-15 00:00:00	2006-06-04 00:00:00	SBP	San Luis Obispo	American Airlines	Passenger Property Loss	Checked Baggage	20.0	Tools & Machines	Approved	20.0	Approve in Full
87775	2006070609008	2006-07-05 00:00:00	2006-06-17 00:00:00	SBP	San Luis Obispo	American Eagle	Passenger Property Loss	Checked Baggage	4800.0	Watches & Jewelry	Denied	0.0	Deny
89006	2006080310482	2006-07-26 00:00:00	2006-07-08 00:00:00	SBP	San Luis Obispo	American West	Passenger Property Loss	Checked Baggage	130.0	Clothing & Accessories	Settled	65.0	Settle
90914	2006090812257	2006-09-01 00:00:00	2006-07-29 00:00:00	SBP	San Luis Obispo		Passenger Property Loss	Checked Baggage	97.72	Watches & Jewelry	Denied	0.0	Deny
94738	2006112216009	2006-11-16 00:00:00	2006-10-23 00:00:00	SBP	San Luis Obispo	UAL	Passenger Property Loss	Checked Baggage	490.0	Watches & Jewelry,Other	Denied	0.0	Deny
95525	2006120716834	2006-12-01 00:00:00	2006-11-19 00:00:00	SBP	San Luis Obispo	UAL	Passenger Property Loss	Checked Baggage	299.99	Electronics	Denied	0.0	Deny
96841	2006122918162	2006-12-27 00:00:00	2006-12-05 00:00:00	SBP	San Luis Obispo	UAL	Passenger Property Loss	Checked Baggage	48.0	Electronics,Clothing & Accessories	Settled	24.0	Settle
97890	2007011818992	2007-01-10 00:00:00	2006-12-28 00:00:00	SBP	San Luis Obispo	American Airlines	Passenger Property Loss	Checked Baggage	500.0	Watches & Jewelry	Denied	0.0	Deny
98514	2007012919738	2007-01-22 00:00:00	2007-01-05 00:00:00	SBP	San Luis Obispo	American Airlines	Passenger Property Loss	Checked Baggage	450.0	Electronics	Denied	0.0	Deny
100212	2007022321404	2007-02-21 00:00:00	2007-01-29 00:00:00	SBP	San Luis Obispo	Alaska Airlines	Passenger Property Loss	Checked Baggage	300.0	Electronics,Electronics,Electronics	Denied	0.0	Deny
103050	2007042324356	2007-04-18 00:00:00	2007-03-27 00:00:00	SBP	San Luis Obispo	American Eagle	Passenger Property Loss	Checked Baggage	259.51	Electronics,Electronics	Denied	0.0	Deny
103114	2007042424394	2007-04-19 00:00:00	2007-04-13 00:00:00	SBP	San Luis Obispo	US Express	Passenger Property Loss	Checked Baggage	360.0	Clothing & Accessories	Denied	0.0	Deny
104818	2007060726479	2007-05-25 00:00:00	2007-05-06 00:00:00	SBP	San Luis Obispo	UAL	Passenger Property Loss	Checked Baggage	82.48	Clothing & Accessories,Other	Denied	0.0	Deny
105893	2007061927176	2007-06-15 00:00:00	2007-05-24 00:00:00	SBP	San Luis Obispo	USAir	Passenger Property Loss	Checked Baggage	6.43	Tools & Machines	Denied	0.0	Deny
111722	2007100933121	2007-10-04 00:00:00	2007-09-09 00:00:00	SBP	San Luis Obispo	UAL	Passenger Property Loss	Checked Baggage	1374.0	Clothing & Accessories	Denied	0.0	Deny
113295	2007110834744	2007-11-06 00:00:00	2007-10-09 00:00:00	SBP	San Luis Obispo	USAir	Passenger Property Loss	Checkpoint	125.0	Cosmetics,Watches & Jewelry	Approved	125.0	Approve in Full
116047	2008011037674	2008-01-03 00:00:00	2007-12-13 00:00:00	SBP	San Luis Obispo	American Eagle	Passenger Property Loss	Checked Baggage	78.0	Clothing & Accessories	Denied	0.0	Deny
117073	2008012538608	2008-01-22 00:00:00	2008-01-16 00:00:00	SBP	San Luis Obispo	UAL	Passenger Property Loss	Checked Baggage	43.09	Electronics	Denied	0.0	Deny
121241	2008042142998	2008-04-14 00:00:00	2006-10-04 00:00:00	SBP	San Luis Obispo		Passenger Property Loss	Checkpoint	130.91	Cosmetics,Scientific Intruments,Supplies,Other	Approved	130.91	Approve in Full
128670	2008092550424	2008-09-23 00:00:00	2008-08-30 00:00:00	SBP	San Luis Obispo	American Airlines	Passenger Property Loss	Checked Baggage	150.0	Clothing & Accessories	Settled	75.0	Settle
129457	2008101651193	2008-10-15 00:00:00	2008-09-16 00:00:00	SBP	San Luis Obispo	American Airlines	Passenger Property Loss	Checked Baggage	30000.0	Clothing & Accessories,Containers,Watches & Jewelry	Denied	0.0	Deny
129616	2008102451513	2008-10-20 00:00:00	2008-09-29 00:00:00	SBP	San Luis Obispo	UAL	Passenger Property Loss	Checked Baggage	689.0	Other	Approved	689.0	Approve in Full
129865	2008110451723	2008-10-24 00:00:00	2008-10-11 00:00:00	SBP	San Luis Obispo	UAL	Passenger Property Loss	Checked Baggage	610.0	Watches & Jewelry	Denied	0.0	Deny
137310	2009052159216	2009-05-15 00:00:00	2009-04-25 00:00:00	SBP	San Luis Obispo	UAL	Passenger Property Loss	Checked Baggage	299.0	Electronics	Denied	0.0	Deny
137509	2009052659478	2009-05-21 00:00:00	2009-05-03 00:00:00	SBP	San Luis Obispo	UAL	Passenger Property Loss	Checked Baggage	980.0	Clothing & Accessories,Watches & Jewelry	Denied	0.0	Deny
138547	2009062460580	2009-06-18 00:00:00	2009-06-13 00:00:00	SBP	San Luis Obispo	USAir	Passenger Property Loss	Checked Baggage	153.95	Other	Denied	0.0	Deny
142740	2009102664737	2009-10-19 00:00:00	2009-10-09 05:00:00	SBP	San Luis Obispo	USAir	Passenger Property Loss	Checked Baggage	20.0	Clothing & Accessories	Approved	20.0	Approve in Full
143856	2009120766135	2009-11-20 00:00:00	2009-11-09 15:48:00	SBP	San Luis Obispo		Passenger Property Loss	Checked Baggage	107.95	Household Items	Canceled		
144191	2009120966289	2009-12-01 00:00:00	2009-09-30 00:00:00	SBP	San Luis Obispo	UAL	Passenger Property Loss	Checked Baggage	200.0	Other	Denied	0.0	Deny
146559	2010031569600	2010-03-10 00:00:00	2010-03-09 06:00:00	SBP	San Luis Obispo	UAL	Passenger Property Loss	Checked Baggage		Scientific Intruments			
148311	2010051071647	2010-05-03 00:00:00	2010-04-21 00:00:00	SBP	San Luis Obispo	USAir	Passenger Property Loss	Checked Baggage		Containers,Cosmetics		60.0	Settle
149176	2010060772462	2010-06-01 00:00:00	2010-05-23 00:00:00	SBP	San Luis Obispo	UAL	Passenger Property Loss	Checked Baggage		Electronics		0.0	Deny
150089	2010070173307	2010-06-29 00:00:00	2010-06-22 12:00:00	SBP	San Luis Obispo	USAir	Passenger Property Loss	Checkpoint		Cosmetics		135.44	Settle
150132	2010070973517	2010-06-29 00:00:00	2010-06-14 16:20:00	SBP	San Luis Obispo	USAir	Passenger Property Loss	Checked Baggage		Scientific Intruments		0.0	Deny
150374	2010071573729	2010-07-07 00:00:00	2010-06-21 15:30:00	SBP	San Luis Obispo	USAir	Passenger Property Loss	Checked Baggage		Clothing & Accessories		0.0	Deny
150449	2010073074198	2010-07-08 00:00:00	2010-06-03 14:15:00	SBP	San Luis Obispo	UAL	Passenger Property Loss	Checked Baggage		Clothing & Accessories,Cosmetics,Food & Drink,Other,Other		0.0	Deny
153254	2010100476644	2010-09-28 00:00:00	2010-09-13 06:25:00	SBP	San Luis Obispo	USAir	Passenger Property Loss	Checked Baggage		Electronics		0.0	Deny
153946	2010102777410	2010-10-19 00:00:00	2010-09-24 00:00:00	SBP	San Luis Obispo	UAL	Passenger Property Loss	Checked Baggage		Watches & Jewelry		0.0	Deny
154026	2010102977458	2010-10-21 00:00:00	2010-10-18 00:00:00	SBP	San Luis Obispo	UAL	Passenger Property Loss	Checked Baggage		Clothing & Accessories		0.0	Deny
161051	2011062284548	2011-06-13 00:00:00	2011-05-27 20:44:00	SBP	San Luis Obispo	UAL	Passenger Property Loss	Checked Baggage		Electronics		0.0	Deny
162778	2011082386377	2011-08-05 00:00:00	2011-06-23 00:00:00	SBP	San Luis Obispo	USAir	Passenger Property Loss	Checkpoint		Other,Clothing & Accessories			
162780	2011082486391	2011-08-05 00:00:00	2011-07-22 00:00:00	SBP	San Luis Obispo	UAL	Passenger Property Loss	Checked Baggage		Containers,Cosmetics		35.0	Settle
165377	2011110888828	2011-11-01 00:00:00	2011-09-12 08:30:00	SBP	San Luis Obispo	UAL	Passenger Property Loss	Checked Baggage		Household Items,Outdoors Supplies		0.0	Deny
171862	2012071995556	2012-06-18 00:00:00	2012-05-26 00:00:00	SBP	San Luis Obispo	UAL	Passenger Property Loss	Checked Baggage		Cosmetics		13.99	Approve in Full
172199	2012072495659	2012-07-02 00:00:00	2012-06-22 00:00:00	SBP	San Luis Obispo	UAL	Passenger Property Loss	Checked Baggage		Watches & Jewelry		1050.0	Approve in Full
178131	2013022101775	2013-02-07 00:00:00	2013-01-31 00:00:00	SBP	San Luis Obispo	UAL	Passenger Property Loss	Checked Baggage		Clothing & Accessories			
186027	2013120409845	2013-12-02 00:00:00	2013-06-08 20:00:00	SBP	San Luis Obispo	UAL	Passenger Property Loss	Checked Baggage		Cosmetics			
190370	2014052714187	2014-05-16 00:00:00	2014-05-11 00:00:00	SBP	San Luis Obispo	UAL	Passenger Property Loss	Checked Baggage		Food & Drink		0.0	Deny
203205	2015012320104	2015-01-23 00:00:00	2014-12-29 00:00:00	SBP	San Luis Obispo	USAir	Passenger Property Loss	Checked Baggage		Watches & Jewelry		0.0	Deny
203207	2015080624626	2015-08-06 00:00:00	2015-07-30 00:00:00	SBP	San Luis Obispo	USAir	Passenger Property Loss	Checked Baggage		Watches & Jewelry		0.0	Deny
211551	2016082433277	2016-07-13 00:00:00	2016-06-27 13:30:00	SBP	San Luis Obispo San Luis Obispo	UAL	Passenger Property Loss	Checked Baggage		Cosmetics			In Review