id	claim_number	date_received	incident_date	airport_code	airport_name	airline	claim_type	claim_site	claim_amount	items	status	close_amount	disposition
11956	0729212M	2003-07-29 00:00:00	2003-07-06 00:00:00	SGF	Springfield-Branson National Airport		Passenger Property Loss	Checkpoint	889.96	Electronics	Denied	0.0	Deny
12982	0812029M	2003-08-12 00:00:00	2003-07-13 00:00:00	SGF	Springfield-Branson National Airport		Passenger Property Loss	Checked Baggage	2500.0	Electronics	Denied	0.0	Deny
40037	2004080560696	2004-07-13 00:00:00	2004-06-29 00:00:00	SGF	Springfield-Branson National Airport	UAL	Passenger Property Loss	Checked Baggage	512.99	Cosmetics	Approved	512.99	Approve in Full
45048	2004092363625	2004-09-16 00:00:00	2004-08-12 00:00:00	SGF	Springfield-Branson National Airport	American Airlines	Passenger Property Loss	Checked Baggage	172.0	Other	Denied	0.0	Deny
46966	2004112767882	2004-10-08 00:00:00	2004-09-03 00:00:00	SGF	Springfield-Branson National Airport		Passenger Property Loss	Checked Baggage	11.45	Other	Approved	11.45	Approve in Full
48227	2004121369007	2004-10-26 00:00:00	2004-07-25 00:00:00	SGF	Springfield-Branson National Airport	UAL	Passenger Property Loss	Checkpoint	529.0	Other	Approved	529.0	Approve in Full
52192	2005010472684	2004-12-14 00:00:00	2004-12-09 00:00:00	SGF	Springfield-Branson National Airport	USAir	Passenger Property Loss	Checked Baggage	2119.0	Other	Settled	1399.66	Settle
53328	2005012674354	2005-01-03 00:00:00	2004-10-20 00:00:00	SGF	Springfield-Branson National Airport		Passenger Property Loss	Checked Baggage	13.0	Other	Approved	13.0	Approve in Full
53557	2005012874826	2005-01-04 00:00:00	2005-01-02 00:00:00	SGF	Springfield-Branson National Airport	UAL	Passenger Property Loss	Checked Baggage	425.67	Other	Denied	0.0	Deny
59154	2005032579893	2005-03-11 00:00:00	2004-07-19 00:00:00	SGF	Springfield-Branson National Airport	UAL	Passenger Property Loss	Checked Baggage	400.0	Electronics	Settled	169.32	Settle
59390	2005033080441	2005-03-16 00:00:00	2005-02-25 00:00:00	SGF	Springfield-Branson National Airport	American Eagle	Passenger Property Loss	Checked Baggage	39.95	Other	Canceled		
60793	2005040681752	2005-04-05 00:00:00	2005-01-19 00:00:00	SGF	Springfield-Branson National Airport	American Airlines	Passenger Property Loss	Checked Baggage	127.18	Other	Approved	127.18	Approve in Full
65544	2005061586451	2005-06-06 00:00:00	2005-05-27 00:00:00	SGF	Springfield-Branson National Airport		Passenger Property Loss	Checkpoint	150.0	Watches & Jewelry	Denied	0.0	Deny
67035	2005070588160	2005-06-28 00:00:00	2005-06-09 00:00:00	SGF	Springfield-Branson National Airport	UAL	Passenger Property Loss	Checked Baggage	12.88	Tools & Machines	Approved	12.88	Approve in Full
67264	2005071388804	2005-06-30 00:00:00	2005-05-17 00:00:00	SGF	Springfield-Branson National Airport	Northwest Airlines	Passenger Property Loss	Checked Baggage	147.34	Watches & Jewelry	Denied	0.0	Deny
68169	2005072089288	2005-07-15 00:00:00	2005-06-13 00:00:00	SGF	Springfield-Branson National Airport	American Airlines	Passenger Property Loss	Checked Baggage	500.0	Other	Canceled	0.0	
68862	2005072989885	2005-07-26 00:00:00	2005-06-04 00:00:00	SGF	Springfield-Branson National Airport	UAL	Passenger Property Loss	Checked Baggage	37.59	Electronics	Denied	0.0	Deny
69027	2005080390023	2005-07-28 00:00:00	2005-06-09 00:00:00	SGF	Springfield-Branson National Airport	UAL	Passenger Property Loss	Checked Baggage	1500.0	Other	Denied	0.0	Deny
69199	2005080990280	2005-08-01 00:00:00	2005-07-19 00:00:00	SGF	Springfield-Branson National Airport	American Airlines	Passenger Property Loss	Checked Baggage	12.99	Tools & Machines	Denied	0.0	Deny
69485	2005081590546	2005-08-04 00:00:00	2005-05-31 00:00:00	SGF	Springfield-Branson National Airport	Delta Air Lines	Passenger Property Loss	Checked Baggage	90.59	Clothing & Accessories	Denied	0.0	Deny
69673	2005081790753	2005-08-08 00:00:00	2005-07-23 00:00:00	SGF	Springfield-Branson National Airport	American Airlines	Passenger Property Loss	Checked Baggage	45.0	Containers	Approved	45.0	Approve in Full
73322	2005101394507	2005-10-05 00:00:00	2005-09-07 00:00:00	SGF	Springfield-Branson National Airport	US Express	Passenger Property Loss	Checked Baggage	10.0	Tools & Machines	Approved	10.0	Approve in Full
73848	2005101994864	2005-10-17 00:00:00	2005-10-05 00:00:00	SGF	Springfield-Branson National Airport	Northwest Airlines	Passenger Property Loss	Checked Baggage	150.0	Other	Denied	0.0	Deny
74954	2005111496091	2005-11-03 00:00:00	2005-10-14 00:00:00	SGF	Springfield-Branson National Airport	American Airlines	Passenger Property Loss	Checked Baggage	530.0	Other	Denied	0.0	Deny
75458	2005112896632	2005-11-15 00:00:00	2005-10-23 00:00:00	SGF	Springfield-Branson National Airport	American Airlines	Passenger Property Loss	Checked Baggage	51.0	Clothing & Accessories	Canceled	0.0	
76121	2005120797234	2005-11-28 00:00:00	2005-11-02 00:00:00	SGF	Springfield-Branson National Airport	American Airlines	Passenger Property Loss	Checked Baggage	211.98	Clothing & Accessories	Denied	0.0	Deny
76902	2005121998014	2005-12-12 00:00:00	2005-08-01 00:00:00	SGF	Springfield-Branson National Airport		Passenger Property Loss	Checked Baggage	8.64	Other	Approved	8.64	Approve in Full
77460	2006010398643	2005-12-22 00:00:00	2005-12-02 00:00:00	SGF	Springfield-Branson National Airport		Passenger Property Loss	Checked Baggage	6.0	Cosmetics	Approved	6.0	Approve in Full
79753	2006020300891	2006-01-30 00:00:00	2005-11-20 00:00:00	SGF	Springfield-Branson National Airport	Northwest Airlines	Passenger Property Loss	Checked Baggage	35.0	Clothing & Accessories	Approved	35.0	Approve in Full
81002	2006030302472	2006-02-21 00:00:00	2006-02-15 00:00:00	SGF	Springfield-Branson National Airport	American Airlines	Passenger Property Loss	Checked Baggage	69.81	Other	Denied	0.0	Deny
82857	2006040604101	2006-03-27 00:00:00	2006-03-13 00:00:00	SGF	Springfield-Branson National Airport		Passenger Property Loss	Checked Baggage	45.0	Other	Approved	45.0	Approve in Full
83578	2006041904736	2006-04-10 00:00:00	2006-03-30 00:00:00	SGF	Springfield-Branson National Airport	UAL	Passenger Property Loss	Checked Baggage	25.0	Other	Denied	0.0	Deny
84955	2006051105995	2006-05-09 00:00:00	2006-04-15 00:00:00	SGF	Springfield-Branson National Airport	American Airlines	Passenger Property Loss	Checked Baggage	20.0	Tools & Machines	Approved	20.0	Approve in Full
85666	2006052406912	2006-05-23 00:00:00	2006-05-11 00:00:00	SGF	Springfield-Branson National Airport	American Airlines	Passenger Property Loss	Checked Baggage	15.0	Tools & Machines	Approved	15.0	Approve in Full
86777	2006061508072	2006-06-14 00:00:00	2006-05-29 00:00:00	SGF	Springfield-Branson National Airport	Northwest Airlines	Passenger Property Loss	Checked Baggage	58.0	Clothing & Accessories	Approved	58.0	Approve in Full
87849	2006070609063	2006-07-06 00:00:00	2006-06-29 00:00:00	SGF	Springfield-Branson National Airport	Allegiant Air	Passenger Property Loss	Checked Baggage	40.0	Tools & Machines	Denied	0.0	Deny
88612	2006072109875	2006-07-19 00:00:00	2006-06-20 00:00:00	SGF	Springfield-Branson National Airport	American Airlines	Passenger Property Loss	Checked Baggage	126.0	Clothing & Accessories,Tools & Machines	Approved	126.0	Approve in Full
91187	2006091812632	2006-09-07 00:00:00	2006-07-02 00:00:00	SGF	Springfield-Branson National Airport	American Airlines	Passenger Property Loss	Checked Baggage	529.0	Clothing & Accessories	Approved	529.0	Approve in Full
91376	2006091812719	2006-09-11 00:00:00	2006-08-27 00:00:00	SGF	Springfield-Branson National Airport	Northwest Airlines	Passenger Property Loss	Checked Baggage	1941.01	Electronics,Watches & Jewelry,Watches & Jewelry,Watches & Jewelry,Supplies	Denied	0.0	Deny
93041	2006102414483	2006-10-16 00:00:00	2006-09-30 00:00:00	SGF	Springfield-Branson National Airport		Passenger Property Loss	Checked Baggage	6.0	Tools & Machines	Approved	6.0	Approve in Full
93763	2006110215071	2006-10-27 00:00:00	2006-10-11 00:00:00	SGF	Springfield-Branson National Airport	American Airlines	Passenger Property Loss	Checked Baggage	624.17	Containers,Tools & Machines,Cosmetics,Supplies	Denied	0.0	Deny
93909	2006110715279	2006-10-30 00:00:00	2006-09-22 00:00:00	SGF	Springfield-Branson National Airport	American Airlines	Passenger Property Loss	Checked Baggage	472.17	Electronics,Supplies,Cosmetics	Settled	243.13	Settle
95661	2006121417119	2006-12-05 00:00:00	2006-11-27 00:00:00	SGF	Springfield-Branson National Airport	American Airlines	Passenger Property Loss	Checked Baggage	48.0	Clothing & Accessories	Approved	48.0	Approve in Full
95763	2006121417148	2006-12-05 00:00:00	2006-11-24 00:00:00	SGF	Springfield-Branson National Airport	US Express	Passenger Property Loss	Checked Baggage	125.0	Clothing & Accessories	Settled	100.0	Settle
96641	2006122617928	2006-12-22 00:00:00	2006-12-11 00:00:00	SGF	Springfield-Branson National Airport	American Airlines	Passenger Property Loss	Checked Baggage	40.0	Other	Settled	20.0	Settle
98739	2007013019766	2007-01-24 00:00:00	2007-01-05 00:00:00	SGF	Springfield-Branson National Airport	American Airlines	Passenger Property Loss	Checked Baggage	300.0	Electronics	Denied	0.0	Deny
99102	2007020520146	2007-01-30 00:00:00	2006-12-20 00:00:00	SGF	Springfield-Branson National Airport	Allegiant Air	Passenger Property Loss	Checked Baggage	201.0	Clothing & Accessories	Settled	140.0	Settle
99873	2007021520989	2007-02-13 00:00:00	2007-12-20 00:00:00	SGF	Springfield-Branson National Airport	American Airlines	Passenger Property Loss	Checked Baggage	968.46	Electronics,Electronics,Other	Denied	0.0	Deny
103381	2007042724619	2007-04-25 00:00:00	2007-04-16 00:00:00	SGF	Springfield-Branson National Airport	UAL	Passenger Property Loss	Checked Baggage	64.11	Tools & Machines	Denied	0.0	Deny
103718	2007050725012	2007-05-02 00:00:00	2007-04-26 00:00:00	SGF	Springfield-Branson National Airport	Delta Air Lines	Passenger Property Loss	Checked Baggage	360.0	Automobile & Mechanical	Denied	0.0	Deny
104309	2007051725544	2007-05-15 00:00:00	2007-04-29 00:00:00	SGF	Springfield-Branson National Airport	Delta Air Lines	Passenger Property Loss	Checked Baggage	800.0	Electronics,Electronics	Denied	0.0	Deny
104489	2007052225829	2007-05-18 00:00:00	2007-04-18 00:00:00	SGF	Springfield-Branson National Airport	Allegiant Air	Passenger Property Loss	Checked Baggage	65.0	Clothing & Accessories	Approved	65.0	Approve in Full
105140	2007060626361	2007-06-01 00:00:00	2006-12-12 00:00:00	SGF	Springfield-Branson National Airport	American Airlines	Passenger Property Loss	Checked Baggage	140.06	Clothing & Accessories,Tools & Machines	Denied	0.0	Deny
106028	2007062127330	2007-06-19 00:00:00	2007-05-15 00:00:00	SGF	Springfield-Branson National Airport	American Airlines	Passenger Property Loss	Checked Baggage	266.17	Electronics,Clothing & Accessories	Denied	0.0	Deny
106723	2007070927948	2007-07-02 00:00:00	2007-06-19 00:00:00	SGF	Springfield-Branson National Airport	UAL	Passenger Property Loss	Checked Baggage	50.0	Office Supplies,Cosmetics,Other	Settled	25.0	Settle
108102	2007080229500	2007-07-30 00:00:00	2007-06-03 00:00:00	SGF	Springfield-Branson National Airport	American Airlines	Passenger Property Loss	Checked Baggage	6.99	Tools & Machines	Approved	6.99	Approve in Full
109570	2007082730891	2007-08-23 00:00:00	2007-06-30 00:00:00	SGF	Springfield-Branson National Airport	American Airlines	Passenger Property Loss	Checked Baggage	382.0	Electronics,Clothing & Accessories,Electronics	Denied	0.0	Deny
111477	2007100232858	2007-10-01 00:00:00	2007-09-28 00:00:00	SGF	Springfield-Branson National Airport	American Airlines	Passenger Property Loss	Checked Baggage	2500.0	Tools & Machines,Electronics,Electronics,Electronics,Other	Denied	0.0	Deny
111652	2007100533080	2007-10-03 00:00:00	2007-08-28 00:00:00	SGF	Springfield-Branson National Airport	American Airlines	Passenger Property Loss	Checked Baggage	300.0	Electronics	Denied	0.0	Deny
114124	2007112835620	2007-11-26 00:00:00	2007-11-07 00:00:00	SGF	Springfield-Branson National Airport	American Airlines	Passenger Property Loss	Checked Baggage	22.9	Tools & Machines	Approved	22.9	Approve in Full
114595	2007120335907	2007-12-03 00:00:00	2007-11-28 00:00:00	SGF	Springfield-Branson National Airport	American Airlines	Passenger Property Loss	Checkpoint	800.0	Cosmetics,Watches & Jewelry	Canceled	0.0	
115714	2007122837045	2007-12-26 00:00:00	2007-11-17 00:00:00	SGF	Springfield-Branson National Airport	American Eagle	Passenger Property Loss	Checked Baggage	500.0	Weapons & Knives	Settled	499.0	Settle
116001	2008010837476	2008-01-03 00:00:00	2008-01-02 00:00:00	SGF	Springfield-Branson National Airport	Allegiant Air	Passenger Property Loss	Checked Baggage	2000.0	Watches & Jewelry	Canceled	0.0	
116253	2008011137800	2008-01-07 00:00:00	2007-07-06 00:00:00	SGF	Springfield-Branson National Airport	Allegiant Air	Passenger Property Loss	Checked Baggage	350.0	Tools & Machines,Tools & Machines,Cosmetics	Denied	0.0	Deny
116708	2008012238238	2008-01-14 00:00:00	2007-11-12 00:00:00	SGF	Springfield-Branson National Airport	American Airlines	Passenger Property Loss	Checked Baggage	9.72	Tools & Machines	Denied	0.0	Deny
116871	2008012438477	2008-01-16 00:00:00	2007-11-14 00:00:00	SGF	Springfield-Branson National Airport	American Airlines	Passenger Property Loss	Checked Baggage	47.54	Clothing & Accessories	Approved	47.54	Approve in Full
117607	2008021939770	2008-01-30 00:00:00	2005-12-07 00:00:00	SGF	Springfield-Branson National Airport	American Eagle	Passenger Property Loss	Checked Baggage	221.57	Clothing & Accessories	Denied	0.0	Deny
117656	2008020639194	2008-01-31 00:00:00	2008-01-21 00:00:00	SGF	Springfield-Branson National Airport	Northwest Airlines	Passenger Property Loss	Checked Baggage	100.0	Other	Denied	0.0	Deny
123455	2008060245117	2008-05-29 00:00:00	2008-05-16 00:00:00	SGF	Springfield-Branson National Airport	American Airlines	Passenger Property Loss	Checked Baggage	404.0	Clothing & Accessories	Denied	0.0	Deny
123533	2008060345171	2008-05-30 00:00:00	2008-05-16 00:00:00	SGF	Springfield-Branson National Airport	UAL	Passenger Property Loss	Checked Baggage	200.0	Clothing & Accessories	Denied	0.0	Deny
124247	2008062045963	2008-06-16 00:00:00	2008-05-23 00:00:00	SGF	Springfield-Branson National Airport	UAL	Passenger Property Loss	Checked Baggage	28.47	Tools & Machines	Denied	0.0	Deny
124501	2008062646194	2008-06-23 00:00:00	2008-04-19 00:00:00	SGF	Springfield-Branson National Airport	Delta Air Lines	Passenger Property Loss	Checked Baggage	1235.0	Watches & Jewelry	Denied	0.0	Deny
125388	2008072147166	2008-07-11 00:00:00	2008-05-04 00:00:00	SGF	Springfield-Branson National Airport	Delta Air Lines	Passenger Property Loss	Checked Baggage	200.0	Clothing & Accessories	Denied	0.0	Deny
125450	2008071847127	2008-07-14 00:00:00	2008-07-08 00:00:00	SGF	Springfield-Branson National Airport	American Airlines	Passenger Property Loss	Checked Baggage	30.0	Other	Denied	0.0	Deny
126563	2008081148393	2008-08-06 00:00:00	2008-07-12 00:00:00	SGF	Springfield-Branson National Airport	UAL	Passenger Property Loss	Checked Baggage	150.97	Clothing & Accessories,Clothing & Accessories	Denied	0.0	Deny
128444	2008092250237	2008-09-18 00:00:00	2008-09-08 00:00:00	SGF	Springfield-Branson National Airport	UAL	Passenger Property Loss	Checked Baggage	25.0	Tools & Machines	Denied	0.0	Deny
129586	2008102751591	2008-10-17 00:00:00	2008-10-01 00:00:00	SGF	Springfield-Branson National Airport	UAL	Passenger Property Loss	Checked Baggage	334.98	Electronics	Denied	0.0	Deny
130915	2008120153004	2008-11-20 00:00:00	2008-11-15 00:00:00	SGF	Springfield-Branson National Airport	American Airlines	Passenger Property Loss	Checked Baggage	75.0	Household Items,Other	Denied	0.0	Deny
131067	2008120152949	2008-11-25 00:00:00	2008-11-14 00:00:00	SGF	Springfield-Branson National Airport	Delta Air Lines	Passenger Property Loss	Checked Baggage	13.84	Tools & Machines	Denied	0.0	Deny
131179	2008121053262	2008-12-01 00:00:00	2008-11-18 00:00:00	SGF	Springfield-Branson National Airport	UAL	Passenger Property Loss	Checked Baggage	22.99	Other	Approved	22.99	Approve in Full
131398	2008121053239	2008-12-04 00:00:00	2008-11-27 00:00:00	SGF	Springfield-Branson National Airport	UAL	Passenger Property Loss	Checked Baggage	129.0	Clothing & Accessories	Denied	0.0	Deny
131870	2008122353736	2008-12-17 00:00:00	2008-12-01 00:00:00	SGF	Springfield-Branson National Airport	American Airlines	Passenger Property Loss	Checked Baggage	533.0	Clothing & Accessories,Cosmetics,Containers	Denied	0.0	Deny
131965	2008122953773	2008-12-22 00:00:00	2008-11-18 00:00:00	SGF	Springfield-Branson National Airport	Delta Air Lines	Passenger Property Loss	Checked Baggage	8.0	Tools & Machines	Approved	8.0	Approve in Full
132276	2009010654153	2008-12-30 00:00:00	2008-12-29 00:00:00	SGF	Springfield-Branson National Airport	Delta Air Lines	Passenger Property Loss	Checked Baggage	4.0	Other	Denied	0.0	Deny
134807	2009032456801	2009-03-09 00:00:00	2009-02-08 00:00:00	SGF	Springfield-Branson National Airport	UAL	Passenger Property Loss	Checked Baggage	19.99	Clothing & Accessories	Canceled	0.0	
136512	2009051158506	2009-04-22 00:00:00	2009-03-26 00:00:00	SGF	Springfield-Branson National Airport	American Airlines	Passenger Property Loss	Checked Baggage	209.97	Electronics,Electronics	Denied	0.0	Deny
136733	2009032656916	2009-04-29 00:00:00	2009-03-02 00:00:00	SGF	Springfield-Branson National Airport	American Airlines	Passenger Property Loss	Checked Baggage	237.54	Electronics	Denied	0.0	Deny
138543	2009062460562	2009-06-18 00:00:00	2009-06-08 00:00:00	SGF	Springfield-Branson National Airport	Allegiant Air	Passenger Property Loss	Checked Baggage	130.0	Other	Denied	0.0	Deny
138753	2009062660668	2009-06-25 00:00:00	2009-06-09 00:00:00	SGF	Springfield-Branson National Airport	American Airlines	Passenger Property Loss	Checked Baggage	58.31	Electronics	Approved	58.31	Approve in Full
138914	2009070760910	2009-06-30 00:00:00	2009-05-27 00:00:00	SGF	Springfield-Branson National Airport	Delta Air Lines	Passenger Property Loss	Checked Baggage	153.8	Cosmetics,Other	Approved	153.8	Approve in Full
139137	2009071361146	2009-07-07 00:00:00	2009-07-05 00:00:00	SGF	Springfield-Branson National Airport	Allegiant Air	Passenger Property Loss	Checked Baggage	442.66	Other	Approved	442.66	Approve in Full
139478	2009072061476	2009-07-14 00:00:00	2009-06-04 00:00:00	SGF	Springfield-Branson National Airport	Delta Air Lines	Passenger Property Loss	Checked Baggage	25.0	Clothing & Accessories	Denied	0.0	Deny
139780	2009072461742	2009-07-21 00:00:00	2009-07-09 00:00:00	SGF	Springfield-Branson National Airport	Delta Air Lines	Passenger Property Loss	Checked Baggage	242.89	Clothing & Accessories	Settled	121.45	Settle
139828	2009072961914	2009-07-22 00:00:00	2009-06-18 00:00:00	SGF	Springfield-Branson National Airport	Northwest Airlines	Passenger Property Loss	Checked Baggage	339.0	Containers,Watches & Jewelry	Denied	0.0	Deny
140653	2009081962730	2009-08-13 00:00:00	2009-07-20 00:00:00	SGF	Springfield-Branson National Airport	Northwest Airlines	Passenger Property Loss	Checked Baggage	124.6	Supplies	Denied	0.0	Deny
141605	2009091563676	2009-09-11 00:00:00	2009-08-13 00:00:00	SGF	Springfield-Branson National Airport	UAL	Passenger Property Loss	Checked Baggage	108.0	Other	Denied	0.0	Deny
142009	2009092463990	2009-09-23 00:00:00	2009-09-08 00:00:00	SGF	Springfield-Branson National Airport	UAL	Passenger Property Loss	Checked Baggage	40.0	Other	Denied	0.0	Deny
142070	2009092564014	2009-09-24 00:00:00	2009-09-23 00:00:00	SGF	Springfield-Branson National Airport	UAL	Passenger Property Loss	Checked Baggage	140.0	Clothing & Accessories	Denied	0.0	Deny
142199	2009100164219	2009-09-28 00:00:00	2009-09-13 00:00:00	SGF	Springfield-Branson National Airport	Allegiant Air	Passenger Property Loss	Checked Baggage	29.0	Clothing & Accessories,Cosmetics	Insufficient, one of the following items required: sum certain, statement of fact, signature, location of incident, and date.		
142826	2009102864887	2009-10-21 00:00:00	2009-10-01 08:00:00	SGF	Springfield-Branson National Airport	UAL	Passenger Property Loss	Checked Baggage	630.0	Clothing & Accessories	Canceled		
143084	2009110365075	2009-10-28 00:00:00	2009-10-20 00:00:00	SGF	Springfield-Branson National Airport	American Airlines	Passenger Property Loss		80.0	Office Supplies	Denied	0.0	Deny
143748	2009112465708	2009-11-17 00:00:00	2009-11-12 00:00:00	SGF	Springfield-Branson National Airport	American Airlines	Passenger Property Loss	Checked Baggage	236.83	Clothing & Accessories	Settled	165.78	Settle
146109	2010030669128	2010-02-25 00:00:00	2010-01-02 11:00:00	SGF	Springfield-Branson National Airport	Northwest Airlines	Passenger Property Loss	Checked Baggage		Clothing & Accessories			
146221	2010030969248	2010-03-01 00:00:00	2010-02-12 12:55:00	SGF	Springfield-Branson National Airport	American Airlines	Passenger Property Loss	Checked Baggage		Cosmetics		15.0	Approve in Full
146726	2010032670083	2010-03-15 00:00:00	2010-03-02 17:45:00	SGF	Springfield-Branson National Airport	UAL	Passenger Property Loss	Checked Baggage		Containers,Scientific Intruments		0.0	Deny
148273	2010050471498	2010-05-03 00:00:00	2010-04-23 06:00:00	SGF	Springfield-Branson National Airport	UAL	Passenger Property Loss	Checked Baggage		Other,Electronics			
148915	2010052772175	2010-05-21 00:00:00	2010-04-23 06:00:00	SGF	Springfield-Branson National Airport	UAL	Passenger Property Loss	Checked Baggage		Scientific Intruments,Electronics		140.14	Approve in Full
160155	2011052383668	2011-05-12 00:00:00	2011-04-24 20:30:00	SGF	Springfield-Branson National Airport	Allegiant Air	Passenger Property Loss	Checked Baggage		Outdoors Supplies		25.0	Approve in Full
162792	2011082586417	2011-08-05 00:00:00	2011-07-14 00:00:00	SGF	Springfield-Branson National Airport	American Airlines	Passenger Property Loss	Checked Baggage		Cosmetics		0.0	Deny
164599	2011100787635	2011-10-07 00:00:00	2011-08-22 00:00:00	SGF	Springfield-Branson National Airport	Allegiant Air	Passenger Property Loss	Checked Baggage		Cosmetics		0.0	Deny
166649	2012011790211	2011-12-19 00:00:00	2011-11-13 14:00:00	SGF	Springfield-Branson National Airport	Allegiant Air	Passenger Property Loss	Checked Baggage		Cosmetics		17.92	Approve in Full
168077	2012031691751	2012-02-02 00:00:00	2011-11-18 09:00:00	SGF	Springfield-Branson National Airport	Delta Air Lines	Passenger Property Loss	Checked Baggage		Other		0.0	Deny
172074	2012082896270	2012-06-25 00:00:00	2012-06-09 00:00:00	SGF	Springfield-Branson National Airport	Delta Air Lines	Passenger Property Loss	Checked Baggage		Watches & Jewelry		87.5	Settle
184621	2013110909009	2013-09-30 00:00:00	2013-09-14 14:00:00	SGF	Springfield-Branson National Airport	Delta Air Lines	Passenger Property Loss	Checked Baggage		Electronics			
191141	2014070114974	2014-06-19 00:00:00	2014-05-09 00:00:00	SGF	Springfield-Branson National Airport	Delta Air Lines	Passenger Property Loss	Checked Baggage		Outdoors Supplies		0.0	Deny
191173	2014070315007	2014-06-24 00:00:00	2014-06-06 00:00:00	SGF	Springfield-Branson National Airport	American Airlines	Passenger Property Loss	Checked Baggage		Electronics		0.0	Deny
194444	2014111418347	2014-11-06 00:00:00	2014-05-18 00:00:00	SGF	Springfield-Branson National Airport	Delta Air Lines	Passenger Property Loss	Checked Baggage		Cosmetics			
195484	2014122919431	2014-12-29 00:00:00	2014-12-22 00:00:00	SGF	Springfield-Branson National Airport	Allegiant Air	Passenger Property Loss	Checked Baggage		Other			
203521	2015041521934	2015-04-13 00:00:00	2014-12-02 00:00:00	SGF	Springfield-Branson National Airport	American Airlines	Passenger Property Loss	Checkpoint		Other		0.0	Deny
203522	2015061123078	2015-06-03 00:00:00	2015-05-22 00:00:00	SGF	Springfield-Branson National Airport	American Airlines	Passenger Property Loss	Checkpoint		Other		615.69	Settle
203526	2015120427305	2015-11-16 00:00:00	2015-10-18 00:00:00	SGF	Springfield-Branson National Airport	American Airlines	Passenger Property Loss	Checked Baggage		Clothing & Accessories		25.0	Settle
211808	2016041330531	2016-03-28 00:00:00	2016-03-07 15:22:00	SGF	Springfield-Branson National Airport	Allegiant Air	Passenger Property Loss	Checked Baggage		Office Supplies		13.3	Approve in Full
211809	2016041830585	2016-04-15 00:00:00	2016-01-22 12:38:00	SGF	Springfield-Branson National Airport	American Airlines	Passenger Property Loss	Checked Baggage		Office Supplies,Electronics,Electronics		0.0	Deny
211810	2016032930179	2016-03-15 00:00:00	2016-03-13 16:00:00	SGF	Springfield-Branson National Airport	American Airlines	Passenger Property Loss	Checked Baggage		Watches & Jewelry		0.0	Deny
211811	2016092733943	2016-08-06 00:00:00	2016-08-04 12:00:00	SGF	Springfield-Branson National Airport	Allegiant Air	Passenger Property Loss	Checked Baggage		Other			In Review
220116	2017103144885	2017-10-10 00:00:00	2017-10-06 00:00:00	SGF	Springfield-Branson National Airport	American Airlines	Passenger Property Loss	Checked Baggage		Scientific Intruments			In Review
220117	2017090642747	2017-07-21 00:00:00	2017-06-21 00:00:00	SGF	Springfield-Branson National Airport	Delta Air Lines	Passenger Property Loss	Checked Baggage		Clothing & Accessories			In Review
220118	2017121245948	2017-11-24 00:00:00	2017-10-24 00:00:00	SGF	Springfield-Branson National Airport	American Airlines	Passenger Property Loss	Checked Baggage		Cosmetics			In Review
220120	2017071741602	2017-05-31 00:00:00	2017-05-15 00:00:00	SGF	Springfield-Branson National Airport	American Airlines	Passenger Property Loss	Checked Baggage		Clothing & Accessories			In Review