id	claim_number	date_received	incident_date	airport_code	airport_name	airline	claim_type	claim_site	claim_amount	items	status	close_amount	disposition
2482	0211047L	2003-02-11 00:00:00	2003-02-02 00:00:00	SHV	Shreveport Regional	Continental Airlines	Passenger Property Loss	Checked Baggage	60.6	Other	Settled	30.3	Settle
3629	0313030L	2003-03-13 00:00:00	2003-02-19 00:00:00	SHV	Shreveport Regional	American Airlines	Passenger Property Loss	Checked Baggage	600.0	Containers	Settled	198.0	Settle
8345	0611007L	2003-06-11 00:00:00	2003-05-13 00:00:00	SHV	Shreveport Regional	Delta Air Lines	Passenger Property Loss	Checked Baggage	1801.43	Electronics	Denied	0.0	Deny
9811	0701045M	2003-07-01 00:00:00	2003-05-14 00:00:00	SHV	Shreveport Regional		Passenger Property Loss	Checked Baggage	704.97	Electronics	Settled	265.81	Settle
11643	0723072M	2003-07-23 00:00:00	2003-07-04 00:00:00	SHV	Shreveport Regional		Passenger Property Loss	Checked Baggage	75.72	Electronics	Settled	37.86	Settle
13731	0819028M	2003-08-19 00:00:00	2003-08-06 00:00:00	SHV	Shreveport Regional	Northwest Airlines	Passenger Property Loss	Checked Baggage		Other	Denied		Deny
15672	0910068M	2003-09-10 00:00:00	2003-08-05 00:00:00	SHV	Shreveport Regional	Delta Air Lines	Passenger Property Loss	Checked Baggage	25.0	Other	Approved	25.0	Approve in Full
17452	1006081M	2003-10-06 00:00:00	2003-09-21 00:00:00	SHV	Shreveport Regional		Passenger Property Loss	Checked Baggage	415.0	Electronics	Settled	207.5	Settle
21156	1126015M	2003-11-26 00:00:00	2003-11-01 00:00:00	SHV	Shreveport Regional		Passenger Property Loss	Checked Baggage	2200.0	Electronics	Denied	0.0	Deny
22467	1208334M	2003-12-08 00:00:00	2003-11-17 00:00:00	SHV	Shreveport Regional	American Airlines	Passenger Property Loss	Checked Baggage	5000.0	Electronics	Settled	150.0	Settle
22653	1217434M	2003-12-17 00:00:00	2003-11-01 00:00:00	SHV	Shreveport Regional	Delta Air Lines	Passenger Property Loss	Checked Baggage	81.58	Clothing & Accessories	Approved	81.58	Approve in Full
23975	0105267M	2004-01-05 00:00:00	2003-12-05 00:00:00	SHV	Shreveport Regional	Delta Air Lines	Passenger Property Loss	Checked Baggage	3000.0	Electronics	Settled	969.16	Settle
24231	0107583M	2004-01-07 00:00:00	2003-12-08 00:00:00	SHV	Shreveport Regional	Delta Air Lines	Passenger Property Loss	Checked Baggage	340.0	Clothing & Accessories	Approved	340.0	Approve in Full
25099	0114352M	2004-01-14 00:00:00	2003-12-24 00:00:00	SHV	Shreveport Regional	Delta Air Lines	Passenger Property Loss	Checked Baggage	470.43	Electronics	Settled	235.25	Settle
26081	0130262M	2004-01-30 00:00:00	2003-12-31 00:00:00	SHV	Shreveport Regional		Passenger Property Loss	Checked Baggage	140.0	Clothing & Accessories	Insufficient, one of the following items required: sum certain, statement of fact, signature, location of incident, and date.		
32865	2004052853864	2004-04-21 00:00:00	2004-03-16 00:00:00	SHV	Shreveport Regional	USAir	Passenger Property Loss	Checked Baggage	55.0	Other	Approved	55.0	Approve in Full
35528	2004061756129	2004-05-19 00:00:00	2004-05-02 00:00:00	SHV	Shreveport Regional	Continental Airlines	Passenger Property Loss	Checked Baggage	50.0	Clothing & Accessories	Approved	50.0	Approve in Full
35705	2004060955235	2004-05-19 00:00:00	2004-05-05 00:00:00	SHV	Shreveport Regional	American Airlines	Passenger Property Loss	Checked Baggage	54.99	Other	Settled	27.5	Settle
37716	2004063057906	2004-06-10 00:00:00	2004-05-15 00:00:00	SHV	Shreveport Regional	Delta Air Lines	Passenger Property Loss	Checked Baggage	890.94	Electronics	Settled	222.74	Settle
37952	2004072159851	2004-06-16 00:00:00	2004-03-23 00:00:00	SHV	Shreveport Regional	Delta Air Lines	Passenger Property Loss	Checked Baggage	277.34	Clothing & Accessories	Approved	277.34	Approve in Full
37956	2004070358250	2004-06-16 00:00:00	2004-03-23 00:00:00	SHV	Shreveport Regional	Delta Air Lines	Passenger Property Loss	Checked Baggage	277.34	Clothing & Accessories	Canceled	0.0	
38585	2004071459345	2004-06-23 00:00:00	2004-06-17 00:00:00	SHV	Shreveport Regional		Passenger Property Loss	Checked Baggage	165.0	Clothing & Accessories	Denied	0.0	Deny
39620	2004073060264	2004-07-09 00:00:00	2004-06-02 00:00:00	SHV	Shreveport Regional		Passenger Property Loss	Checked Baggage	2400.36	Other	Canceled		
41191	2004080360389	2004-07-27 00:00:00	2004-07-01 00:00:00	SHV	Shreveport Regional	Northwest Airlines	Passenger Property Loss	Checked Baggage	500.0	Watches & Jewelry	Settled	350.0	Settle
42009	2004091062621	2004-08-09 00:00:00	2004-07-03 00:00:00	SHV	Shreveport Regional	American Airlines	Passenger Property Loss	Checked Baggage	70.0	Clothing & Accessories	Approved	70.0	Approve in Full
42905	2004100564579	2004-08-19 00:00:00	2004-08-06 00:00:00	SHV	Shreveport Regional	American Airlines	Passenger Property Loss	Checked Baggage		Other	Insufficient, one of the following items required: sum certain, statement of fact, signature, location of incident, and date.		
43118	2004100664664	2004-08-24 00:00:00	2004-08-12 00:00:00	SHV	Shreveport Regional	Delta Air Lines	Passenger Property Loss	Checkpoint	45.0	Clothing & Accessories	Approved	45.0	Approve in Full
43312	2004120168097	2004-08-24 00:00:00	2004-07-24 00:00:00	SHV	Shreveport Regional		Passenger Property Loss	Checked Baggage	160.0	Clothing & Accessories	Settled	80.0	Settle
45584	2004103065837	2004-09-23 00:00:00	2004-09-19 00:00:00	SHV	Shreveport Regional	American Airlines	Passenger Property Loss	Checked Baggage	97.15	Other	Approved	97.15	Approve in Full
45596	2004103065912	2004-09-23 00:00:00	2004-08-25 00:00:00	SHV	Shreveport Regional		Passenger Property Loss	Checked Baggage	40.0	Other	Approved	40.0	Approve in Full
47981	2004121369014	2004-10-20 00:00:00	2004-10-08 00:00:00	SHV	Shreveport Regional	Delta Air Lines	Passenger Property Loss	Checked Baggage	75.0	Watches & Jewelry	Settled	37.5	Settle
49383	2005022676811	2004-11-05 00:00:00	2004-04-24 00:00:00	SHV	Shreveport Regional	Northwest Airlines	Passenger Property Loss	Checked Baggage	100.0	Cosmetics	Settled	50.0	Settle
53232	2005012173862	2004-12-30 00:00:00	2004-12-15 00:00:00	SHV	Shreveport Regional	ATA Aerocondor	Passenger Property Loss	Checked Baggage	600.0	Watches & Jewelry	Approved	600.0	Approve in Full
54100	2005020375572	2005-01-11 00:00:00	2004-12-10 00:00:00	SHV	Shreveport Regional		Passenger Property Loss	Checked Baggage	25.0	Other	Approved	25.0	Approve in Full
57960	2005031778603	2005-02-24 00:00:00	2005-01-01 00:00:00	SHV	Shreveport Regional	Continental Airlines	Passenger Property Loss	Checked Baggage	428.3	Other	Settled	274.78	Settle
59457	2005032980307	2005-03-16 00:00:00	2005-03-02 00:00:00	SHV	Shreveport Regional		Passenger Property Loss	Checkpoint	64.95	Other	Denied	0.0	Deny
61122	2005041182214	2005-04-06 00:00:00	2005-02-04 00:00:00	SHV	Shreveport Regional	Continental Airlines	Passenger Property Loss	Checked Baggage	91.13	Clothing & Accessories	Denied	0.0	Deny
61439	2005041382430	2005-04-12 00:00:00	2005-03-16 00:00:00	SHV	Shreveport Regional	Delta Air Lines	Passenger Property Loss	Checked Baggage	66.94	Other	Approved	66.94	Approve in Full
62423	2005042583309	2005-04-22 00:00:00	2004-12-02 00:00:00	SHV	Shreveport Regional		Passenger Property Loss	Checked Baggage	538.0	Watches & Jewelry	Settled	297.5	Settle
62522	2005042783466	2005-04-26 00:00:00	2005-04-05 00:00:00	SHV	Shreveport Regional	Northwest Airlines	Passenger Property Loss	Checked Baggage	7.05	Cosmetics	Approved	7.05	Approve in Full
62617	2005042783541	2005-04-26 00:00:00	2005-03-26 00:00:00	SHV	Shreveport Regional	American Airlines	Passenger Property Loss	Checkpoint	250.0	Clothing & Accessories	Denied	0.0	Deny
69857	2005081990965	2005-08-09 00:00:00	2005-06-15 00:00:00	SHV	Shreveport Regional	Continental Airlines	Passenger Property Loss	Checked Baggage	400.0	Other	Denied	0.0	Deny
70314	2005082491339	2005-08-17 00:00:00	2005-07-07 00:00:00	SHV	Shreveport Regional	American Airlines	Passenger Property Loss	Checked Baggage	50.0	Clothing & Accessories	Approved	50.0	Approve in Full
72353	2005092993419	2005-09-20 00:00:00	2005-08-03 00:00:00	SHV	Shreveport Regional		Passenger Property Loss	Checked Baggage	80.0	Clothing & Accessories	Approved	80.0	Approve in Full
72522	2005093093583	2005-09-21 00:00:00	2005-08-04 00:00:00	SHV	Shreveport Regional	Delta Air Lines	Passenger Property Loss	Checked Baggage	21.38	Clothing & Accessories	Denied	0.0	Deny
73683	2005102094991	2005-10-12 00:00:00	2005-08-21 00:00:00	SHV	Shreveport Regional		Passenger Property Loss	Checked Baggage	6.0	Tools & Machines	Denied	0.0	Deny
75075	2005111696173	2005-11-07 00:00:00	2005-10-29 00:00:00	SHV	Shreveport Regional	Continental Airlines	Passenger Property Loss	Checkpoint	50.0	Electronics	Denied	0.0	Deny
75114	2005111696149	2005-11-07 00:00:00	2005-10-30 00:00:00	SHV	Shreveport Regional	Northwest Airlines	Passenger Property Loss	Checked Baggage	125.0	Tools & Machines	Settled	55.0	Settle
75838	2005120697007	2005-11-21 00:00:00	2005-10-24 00:00:00	SHV	Shreveport Regional	American Airlines	Passenger Property Loss	Checked Baggage	204.0	Watches & Jewelry	Settled	183.6	Settle
76396	2005120997415	2005-12-01 00:00:00	2005-10-30 00:00:00	SHV	Shreveport Regional	Northwest Airlines	Passenger Property Loss	Checked Baggage	108.0	Cosmetics	Settled	27.0	Settle
76603	2005121497822	2005-12-06 00:00:00	2005-11-26 00:00:00	SHV	Shreveport Regional	American Airlines	Passenger Property Loss	Checked Baggage	100.0	Clothing & Accessories	Approved	100.0	Approve in Full
83920	2006042405059	2006-04-17 00:00:00	2006-04-10 00:00:00	SHV	Shreveport Regional	American Airlines	Passenger Property Loss	Checked Baggage	11875.0	Watches & Jewelry	Denied	0.0	Deny
84251	2006050205592	2006-04-24 00:00:00	2006-04-08 00:00:00	SHV	Shreveport Regional	American Airlines	Passenger Property Loss	Checked Baggage	331.69	Other	Denied	0.0	Deny
86502	2006060907710	2006-06-08 00:00:00	2006-06-01 00:00:00	SHV	Shreveport Regional		Passenger Property Loss	Checked Baggage	2000.0	Electronics	Denied	0.0	Deny
86657	2006061307830	2006-06-12 00:00:00	2006-05-14 00:00:00	SHV	Shreveport Regional	American Airlines	Passenger Property Loss	Checked Baggage	494.65	Clothing & Accessories,Cosmetics	Settled	330.45	Settle
86877	2006061608120	2006-06-15 00:00:00	2006-06-09 00:00:00	SHV	Shreveport Regional	Continental Airlines	Passenger Property Loss	Checked Baggage	50.8	Other	Denied	0.0	Deny
86983	2006062008253	2006-06-19 00:00:00	2006-01-06 00:00:00	SHV	Shreveport Regional	Continental Airlines	Passenger Property Loss	Checked Baggage	27.0	Other	Approved	27.0	Approve in Full
87358	2006062708599	2006-06-26 00:00:00	2006-06-16 00:00:00	SHV	Shreveport Regional	Continental Airlines	Passenger Property Loss	Checked Baggage	274.0	Other	Settled	137.0	Settle
89404	2006080910651	2006-08-03 00:00:00	2006-07-22 00:00:00	SHV	Shreveport Regional	American Airlines	Passenger Property Loss	Checked Baggage	210.0	Clothing & Accessories,Other	Settled	105.0	Settle
89497	2006081010710	2006-08-07 00:00:00	2006-07-05 00:00:00	SHV	Shreveport Regional	Northwest Airlines	Passenger Property Loss	Checked Baggage	15405.0	Watches & Jewelry	Denied	0.0	Deny
89740	2006081410963	2006-08-11 00:00:00	2006-07-13 00:00:00	SHV	Shreveport Regional	Delta Air Lines	Passenger Property Loss	Checked Baggage	35.0	Other	Denied	0.0	Deny
90235	2006082411490	2006-08-21 00:00:00	2006-07-14 00:00:00	SHV	Shreveport Regional	Northwest Airlines	Passenger Property Loss	Checked Baggage	129.99	Electronics	Denied	0.0	Deny
93736	2006110114962	2006-10-27 00:00:00	2006-10-22 00:00:00	SHV	Shreveport Regional	Delta Air Lines	Passenger Property Loss	Checked Baggage	325.0	Clothing & Accessories	Canceled	0.0	
94571	2006112216057	2006-11-13 00:00:00	2006-10-14 00:00:00	SHV	Shreveport Regional	American Airlines	Passenger Property Loss	Checked Baggage	1199.0	Watches & Jewelry	Denied	0.0	Deny
95489	2006121116900	2006-12-01 00:00:00	2006-11-20 00:00:00	SHV	Shreveport Regional	Delta Air Lines	Passenger Property Loss	Checked Baggage	99.99	Watches & Jewelry	Approved	99.99	Approve in Full
96959	2005040481403	2005-03-30 00:00:00	2005-03-20 00:00:00	SHV	Shreveport Regional	Northwest Airlines	Passenger Property Loss	Checked Baggage	45.69	Other	Approved	45.69	Approve in Full
98211	2007012319220	2007-01-16 00:00:00	2006-12-24 00:00:00	SHV	Shreveport Regional	Continental Airlines	Passenger Property Loss	Checked Baggage	535.5	Cosmetics	Settled	250.0	Settle
104672	2007052325871	2007-05-22 00:00:00	2007-05-04 00:00:00	SHV	Shreveport Regional	Continental Airlines	Passenger Property Loss	Checked Baggage	117.0	Electronics,Outdoors Supplies	Denied	0.0	Deny
105767	2007061827047	2007-06-14 00:00:00	2007-06-06 00:00:00	SHV	Shreveport Regional	Delta Air Lines	Passenger Property Loss	Checked Baggage	8.99	Tools & Machines	Approved	8.99	Approve in Full
105768	2007061827061	2007-06-14 00:00:00	2007-05-25 00:00:00	SHV	Shreveport Regional	American Airlines	Passenger Property Loss	Checked Baggage	12.57	Containers	Approved	12.57	Approve in Full
106078	2007062127316	2007-06-20 00:00:00	2007-06-08 00:00:00	SHV	Shreveport Regional	Delta Air Lines	Passenger Property Loss	Checked Baggage	28.0	Other	Canceled	0.0	
106230	2007062627489	2007-06-22 00:00:00	2007-06-04 00:00:00	SHV	Shreveport Regional	American Airlines	Passenger Property Loss	Checkpoint	459.04	Supplies	Denied	0.0	Deny
108128	2007073129430	2007-07-30 00:00:00	2007-07-22 00:00:00	SHV	Shreveport Regional	Delta Air Lines	Passenger Property Loss	Checked Baggage	50.0	Electronics	Denied	0.0	Deny
110353	2007091231739	2007-09-07 00:00:00	2007-08-27 00:00:00	SHV	Shreveport Regional	American Airlines	Passenger Property Loss	Checked Baggage	4600.0	Clothing & Accessories,Containers,Watches & Jewelry,Supplies	Denied	0.0	Deny
112783	2007103134209	2007-10-26 00:00:00	2007-09-27 00:00:00	SHV	Shreveport Regional	American Airlines	Passenger Property Loss	Checked Baggage	130.0	Clothing & Accessories	Denied	0.0	Deny
113972	2007112735529	2007-11-19 00:00:00	2007-09-01 00:00:00	SHV	Shreveport Regional	Delta (Song)	Passenger Property Loss	Checked Baggage	40.0	Other	Denied	0.0	Deny
121845	2008042843487	2008-04-24 00:00:00	2008-04-16 00:00:00	SHV	Shreveport Regional	American Airlines	Passenger Property Loss	Checked Baggage	66.5	Other	Denied	0.0	Deny
127434	2008082749153	2008-08-26 00:00:00	2008-08-02 00:00:00	SHV	Shreveport Regional	American Airlines	Passenger Property Loss	Checked Baggage	67.99	Clothing & Accessories	Denied	0.0	Deny
129127	2008101551150	2008-10-06 00:00:00	2008-10-05 00:00:00	SHV	Shreveport Regional	Continental Airlines	Passenger Property Loss	Checked Baggage	750.0	Containers	Denied	0.0	Deny
148654	2010051971932	2010-05-13 00:00:00	2010-04-24 22:00:00	SHV	Shreveport Regional	Continental Airlines	Passenger Property Loss	Checked Baggage		Cosmetics		0.0	Deny
148925	2010060172244	2010-05-21 00:00:00	2010-05-15 07:00:00	SHV	Shreveport Regional	Delta Air Lines	Passenger Property Loss	Checked Baggage		Food & Drink,Electronics		0.0	Deny
163064	2011090186646	2011-08-15 00:00:00	2011-07-28 13:18:00	SHV	Shreveport Regional	Delta Air Lines	Passenger Property Loss	Checked Baggage		Cosmetics		0.0	Deny
166970	2012013190542	2012-01-03 00:00:00	2011-12-19 05:00:00	SHV	Shreveport Regional	Continental Airlines	Passenger Property Loss	Checked Baggage		Other,Electronics		653.92	Settle
171508	2012071295329	2012-06-05 00:00:00	2012-04-09 00:00:00	SHV	Shreveport Regional	American Airlines	Passenger Property Loss	Checked Baggage		Electronics		0.0	Deny
173469	2012092797209	2012-08-14 00:00:00	2012-07-25 14:30:00	SHV	Shreveport Regional	American Airlines	Passenger Property Loss	Checked Baggage		Cosmetics		34.95	Approve in Full
189627	2014042213432	2014-04-17 00:00:00	2014-04-10 00:00:00	SHV	Shreveport Regional	American Airlines	Passenger Property Loss	Checked Baggage		Electronics		0.0	Deny
190602	2014060414423	2014-05-28 00:00:00	2014-05-15 00:00:00	SHV	Shreveport Regional	Delta Air Lines	Passenger Property Loss	Checked Baggage		Food & Drink		400.0	Approve in Full
203530	2015072324131	2015-07-17 00:00:00	2015-07-12 00:00:00	SHV	Shreveport Regional	American Airlines	Passenger Property Loss	Checked Baggage		Electronics			
211817	2016102135009	2016-09-24 00:00:00	2016-09-13 10:00:00	SHV	Shreveport Regional Shreveport Regional	American Airlines	Passenger Property Loss	Checkpoint		Electronics			In Review