id	claim_number	date_received	incident_date	airport_code	airport_name	airline	claim_type	claim_site	claim_amount	items	status	close_amount	disposition
1606	0617648L	2003-01-21 00:00:00	2003-01-04 00:00:00	SRQ	Sarasota Bradenton International	Delta Air Lines	Passenger Property Loss	Checked Baggage	206.94	Clothing & Accessories	Settled	104.0	Settle
4084	0325094L	2003-03-25 00:00:00	2003-03-04 00:00:00	SRQ	Sarasota Bradenton International	USAir	Passenger Property Loss	Checked Baggage	160.0	Clothing & Accessories	Approved	160.0	Approve in Full
4115	0325014L	2003-03-25 00:00:00	2003-03-08 00:00:00	SRQ	Sarasota Bradenton International	USAir	Passenger Property Loss	Checked Baggage	594.35	Other	Denied	0.0	Deny
4230	0326067L	2003-03-26 00:00:00	2003-02-25 00:00:00	SRQ	Sarasota Bradenton International		Passenger Property Loss	Checkpoint	29.95	Other	Approved	30.0	Approve in Full
4699	0408006L	2003-04-08 00:00:00	2003-02-18 00:00:00	SRQ	Sarasota Bradenton International	Delta Air Lines	Passenger Property Loss	Checked Baggage	10.0	Clothing & Accessories	Approved	10.0	Approve in Full
5569	0422140L	2003-04-22 00:00:00	2003-03-22 00:00:00	SRQ	Sarasota Bradenton International		Passenger Property Loss	Checked Baggage	330.0	Clothing & Accessories	Settled	165.0	Settle
7075	0528029L	2003-05-28 00:00:00		SRQ	Sarasota Bradenton International		Passenger Property Loss	Checked Baggage	150.0	Watches & Jewelry	Canceled		
9299	0625103M	2003-06-25 00:00:00	2002-09-05 00:00:00	SRQ	Sarasota Bradenton International	Delta Air Lines	Passenger Property Loss	Checked Baggage	30.0	Other	Approved	30.0	Approve in Full
10787	0715008M	2003-07-15 00:00:00	2003-05-26 00:00:00	SRQ	Sarasota Bradenton International		Passenger Property Loss	Checked Baggage	35.98	Other	Approved	35.98	Approve in Full
10875	0715227M	2003-07-15 00:00:00	2003-07-07 00:00:00	SRQ	Sarasota Bradenton International	Delta Air Lines	Passenger Property Loss	Checked Baggage	58.13	Clothing & Accessories	Canceled	0.0	
11846	0729103M	2003-07-29 00:00:00	2003-06-22 00:00:00	SRQ	Sarasota Bradenton International		Passenger Property Loss	Checked Baggage	43.29	Clothing & Accessories	Approved	43.29	Approve in Full
12399	0804039M	2003-08-04 00:00:00	2003-07-04 00:00:00	SRQ	Sarasota Bradenton International	Delta Air Lines	Passenger Property Loss	Checkpoint	930.0	Other	Approved	930.0	Approve in Full
13203	0813158M	2003-08-13 00:00:00	2003-06-13 00:00:00	SRQ	Sarasota Bradenton International		Passenger Property Loss	Checked Baggage	200.0	Clothing & Accessories	Settled	100.0	Settle
14723	0829007M	2003-08-29 00:00:00	2003-08-02 00:00:00	SRQ	Sarasota Bradenton International	Delta Air Lines	Passenger Property Loss	Checked Baggage	197.5	Other	Settled	98.75	Settle
18394	1021318M	2003-10-21 00:00:00	2003-05-01 00:00:00	SRQ	Sarasota Bradenton International	Continental Airlines	Passenger Property Loss	Checked Baggage	540.0	Watches & Jewelry	Denied	0.0	Deny
23419	1222015M	2003-12-22 00:00:00	2003-12-09 00:00:00	SRQ	Sarasota Bradenton International	Delta Air Lines	Passenger Property Loss	Checked Baggage	162.0	Containers	Settled	113.4	Settle
30097	2004060254232	2004-03-11 00:00:00	2004-02-23 00:00:00	SRQ	Sarasota Bradenton International	AirTran Airlines	Passenger Property Loss	Checked Baggage	20.0	Other	Denied	0.0	Deny
30163	2004051150913	2004-03-11 00:00:00	2004-02-18 00:00:00	SRQ	Sarasota Bradenton International		Passenger Property Loss	Checked Baggage	300.0	Other	Settled	150.0	Settle
31753	2004051452047	2004-04-01 00:00:00	2004-03-22 00:00:00	SRQ	Sarasota Bradenton International	Northwest Airlines	Passenger Property Loss	Checked Baggage	145.0	Clothing & Accessories	Approved	145.0	Approve in Full
32513	2004052453185	2004-04-15 00:00:00	2004-03-14 00:00:00	SRQ	Sarasota Bradenton International	Delta Air Lines	Passenger Property Loss	Checked Baggage	27.6	Watches & Jewelry	Denied	0.0	Deny
34148	2004060454709	2004-05-04 00:00:00	2004-03-25 00:00:00	SRQ	Sarasota Bradenton International	Delta Air Lines	Passenger Property Loss	Checked Baggage	99.95	Other	Approved	99.95	Approve in Full
36412	2004062156435	2004-05-27 00:00:00	2004-05-03 00:00:00	SRQ	Sarasota Bradenton International		Passenger Property Loss	Checked Baggage	150.0	Other	Settled	100.0	Settle
36546	2004062256965	2004-05-28 00:00:00	2004-04-29 00:00:00	SRQ	Sarasota Bradenton International	Delta Air Lines	Passenger Property Loss	Checked Baggage	99.9	Other	Approved	99.0	Approve in Full
36679	2004062357167	2004-06-02 00:00:00	2004-05-06 00:00:00	SRQ	Sarasota Bradenton International	Delta Air Lines	Passenger Property Loss	Checked Baggage	50.0	Other	Approved	50.0	Approve in Full
36852	2004070858903	2004-06-03 00:00:00	2004-04-07 00:00:00	SRQ	Sarasota Bradenton International	Delta Air Lines	Passenger Property Loss	Checked Baggage	117.8	Supplies	Approved	117.8	Approve in Full
36858	2004062357090	2004-06-03 00:00:00	2004-05-13 00:00:00	SRQ	Sarasota Bradenton International	Continental Airlines	Passenger Property Loss	Checkpoint		Other	Canceled		
37203	2004062857581	2004-06-07 00:00:00	2004-05-27 00:00:00	SRQ	Sarasota Bradenton International	Delta Air Lines	Passenger Property Loss	Checked Baggage	50.0	Other	Approved	50.0	Approve in Full
40482	2004072760063	2004-07-20 00:00:00	2004-05-29 00:00:00	SRQ	Sarasota Bradenton International	Delta Air Lines	Passenger Property Loss	Checkpoint	149.99	Other	Approved	149.99	Approve in Full
40707	2004081161104	2004-07-21 00:00:00	2004-06-20 00:00:00	SRQ	Sarasota Bradenton International	Delta Air Lines	Passenger Property Loss	Checked Baggage	12.0	Clothing & Accessories	Approved	12.0	Approve in Full
41206	2004082761496	2004-07-27 00:00:00	2004-07-03 00:00:00	SRQ	Sarasota Bradenton International	USAir	Passenger Property Loss	Checked Baggage	631.0	Other	Settled	315.5	Settle
41933	2004090962465	2004-08-05 00:00:00	2004-07-02 00:00:00	SRQ	Sarasota Bradenton International		Passenger Property Loss	Checked Baggage	400.0	Other	Settled	325.0	Settle
46698	2004111567001	2004-10-05 00:00:00	2004-05-03 00:00:00	SRQ	Sarasota Bradenton International	USAir	Passenger Property Loss	Checked Baggage	592.16	Electronics	Denied	0.0	Deny
49890	2004122270548	2004-11-15 00:00:00	2004-09-28 00:00:00	SRQ	Sarasota Bradenton International		Passenger Property Loss	Checked Baggage	35.0	Other	Approved	35.0	Approve in Full
50502	2004122771074	2004-11-23 00:00:00	2004-10-07 00:00:00	SRQ	Sarasota Bradenton International	Continental Airlines	Passenger Property Loss	Checked Baggage	50.0	Clothing & Accessories	Approved	50.0	Approve in Full
50836	2004122871300	2004-11-29 00:00:00	2004-11-07 00:00:00	SRQ	Sarasota Bradenton International	Delta Air Lines	Passenger Property Loss	Checked Baggage	312.7	Clothing & Accessories	Approved	312.7	Approve in Full
53948	2005012774577	2005-01-10 00:00:00	2004-12-18 00:00:00	SRQ	Sarasota Bradenton International		Passenger Property Loss	Checked Baggage	220.0	Electronics	Denied	0.0	Deny
55103	2005021075884	2005-01-21 00:00:00	2004-11-26 00:00:00	SRQ	Sarasota Bradenton International	Delta Air Lines	Passenger Property Loss	Checked Baggage	93.12	Other	Approved	93.12	Approve in Full
55303	2005021576158	2005-01-24 00:00:00	2005-01-10 00:00:00	SRQ	Sarasota Bradenton International	Delta Air Lines	Passenger Property Loss	Checked Baggage	250.0	Other	Canceled	0.0	
57008	2005031277886	2005-02-10 00:00:00	2005-01-30 00:00:00	SRQ	Sarasota Bradenton International		Passenger Property Loss	Checked Baggage	76.5	Cosmetics	Denied	0.0	Deny
59629	2005033080437	2005-03-18 00:00:00	2005-03-01 00:00:00	SRQ	Sarasota Bradenton International		Passenger Property Loss	Checked Baggage	72.0	Cosmetics	Denied		Deny
59650	2005033080511	2005-03-18 00:00:00	2005-03-06 00:00:00	SRQ	Sarasota Bradenton International		Passenger Property Loss	Checked Baggage	95.35	Clothing & Accessories	Denied		Deny
60359	2005040481391	2005-03-29 00:00:00	2005-03-08 00:00:00	SRQ	Sarasota Bradenton International	USAir	Passenger Property Loss	Checkpoint	25.0	Clothing & Accessories	Denied	0.0	Deny
60777	2005040681683	2005-04-05 00:00:00	2005-03-25 00:00:00	SRQ	Sarasota Bradenton International	Delta Air Lines	Passenger Property Loss	Checked Baggage	349.0	Electronics	Approved	349.0	Approve in Full
61158	2005040881981	2005-04-06 00:00:00	2005-03-16 00:00:00	SRQ	Sarasota Bradenton International	ATA Aerocondor	Passenger Property Loss	Checked Baggage	239.0	Other	Settled	128.5	Settle
62628	2005042883565	2005-04-26 00:00:00	2005-04-06 00:00:00	SRQ	Sarasota Bradenton International	Continental Airlines	Passenger Property Loss	Checked Baggage	400.0	Other	Denied	0.0	Deny
62746	2005050283777	2005-04-28 00:00:00	2005-04-11 00:00:00	SRQ	Sarasota Bradenton International	Delta Air Lines	Passenger Property Loss	Checked Baggage	75.05	Watches & Jewelry	Canceled	0.0	
63720	2005051384628	2005-05-12 00:00:00	2005-04-20 00:00:00	SRQ	Sarasota Bradenton International	Air Tran Airlines(do not use)	Passenger Property Loss	Checked Baggage	13.95	Tools & Machines	Approved	13.95	Approve in Full
63831	2005051684754	2005-05-13 00:00:00	2005-04-05 00:00:00	SRQ	Sarasota Bradenton International	Air Tran Airlines(do not use)	Passenger Property Loss	Checked Baggage	314.17	Other	Approved	314.17	Approve in Full
64855	2005061086158	2005-05-31 00:00:00	2005-04-28 00:00:00	SRQ	Sarasota Bradenton International	USAir	Passenger Property Loss	Checked Baggage	128.35	Electronics	Approved	128.35	Approve in Full
66094	2005062487091	2005-06-14 00:00:00	2005-05-22 00:00:00	SRQ	Sarasota Bradenton International	Delta Air Lines	Passenger Property Loss	Checked Baggage	39.95	Clothing & Accessories	Approved	39.95	Approve in Full
67159	2005070188001	2005-06-29 00:00:00	2005-06-12 00:00:00	SRQ	Sarasota Bradenton International		Passenger Property Loss	Checked Baggage	7.25	Tools & Machines	Approved	7.25	Approve in Full
67418	2005080189960	2005-07-05 00:00:00	2005-06-10 00:00:00	SRQ	Sarasota Bradenton International		Passenger Property Loss	Checked Baggage	100.0	Tools & Machines	Denied	0.0	Deny
67578	2005071188580	2005-07-06 00:00:00	2005-06-07 00:00:00	SRQ	Sarasota Bradenton International	Continental Airlines	Passenger Property Loss	Checked Baggage	4500.0	Watches & Jewelry	Settled	2192.47	Settle
68238	2005071889203	2005-07-15 00:00:00	2005-07-10 00:00:00	SRQ	Sarasota Bradenton International	Air Tran Airlines(do not use)	Passenger Property Loss	Checked Baggage	638.78	Electronics	Settled	319.39	Settle
73870	2005102094942	2005-10-17 00:00:00	2005-09-17 00:00:00	SRQ	Sarasota Bradenton International	AirTran Airlines	Passenger Property Loss	Checked Baggage	135.77	Other	Denied	0.0	Deny
74477	2005110395592	2005-10-25 00:00:00	2005-10-09 00:00:00	SRQ	Sarasota Bradenton International	Delta Air Lines	Passenger Property Loss	Checked Baggage	255.49	Cosmetics	Settled	127.75	Settle
74906	2005111496002	2005-11-02 00:00:00	2005-09-29 00:00:00	SRQ	Sarasota Bradenton International	Continental Airlines	Passenger Property Loss	Checked Baggage	374.48	Other	Denied	0.0	Deny
75357	2005112596496	2005-11-14 00:00:00	2005-10-29 00:00:00	SRQ	Sarasota Bradenton International		Passenger Property Loss	Checked Baggage	110.46	Other	Approved	110.46	Approve in Full
76104	2005120797140	2005-11-28 00:00:00	2005-11-03 00:00:00	SRQ	Sarasota Bradenton International	Delta Air Lines	Passenger Property Loss	Checked Baggage	4120.0	Containers	Denied	0.0	Deny
78073	2006011099241	2006-01-04 00:00:00	2005-12-17 00:00:00	SRQ	Sarasota Bradenton International	USAir	Passenger Property Loss	Checked Baggage	100.0	Other	Denied	0.0	Deny
81059	2006022702213	2006-02-23 00:00:00	2005-12-20 00:00:00	SRQ	Sarasota Bradenton International	Air Tran Airlines(do not use)	Passenger Property Loss	Checked Baggage	40.0	Clothing & Accessories	Approved	40.0	Approve in Full
81290	2006030302478	2006-02-27 00:00:00	2006-02-17 00:00:00	SRQ	Sarasota Bradenton International	AirTran Airlines	Passenger Property Loss	Checked Baggage	94.5	Clothing & Accessories	Approved	94.5	Approve in Full
82321	2006032203491	2006-03-16 00:00:00	2006-02-27 00:00:00	SRQ	Sarasota Bradenton International	Continental Airlines	Passenger Property Loss	Checkpoint	343.0	Watches & Jewelry	Denied	0.0	Deny
84715	2006051206150	2006-05-02 00:00:00	2006-04-23 00:00:00	SRQ	Sarasota Bradenton International	Delta Air Lines	Passenger Property Loss	Checked Baggage	229.1	Clothing & Accessories,Watches & Jewelry	Denied	0.0	Deny
85052	2006051206087	2006-05-09 00:00:00	2006-04-18 00:00:00	SRQ	Sarasota Bradenton International	AirTran Airlines	Passenger Property Loss	Checked Baggage	166.95	Cosmetics	Settled	83.84	Settle
85090	2006051506305	2006-05-10 00:00:00	2006-04-26 00:00:00	SRQ	Sarasota Bradenton International	USAir	Passenger Property Loss	Checked Baggage	483.5	Cosmetics,Containers	Denied	0.0	Deny
85805	2006060107119	2006-05-24 00:00:00	2006-05-19 00:00:00	SRQ	Sarasota Bradenton International	Delta Air Lines	Passenger Property Loss	Checked Baggage		Tools & Machines	Insufficient, one of the following items required: sum certain, statement of fact, signature, location of incident, and date.		
86875	2006061608118	2006-06-15 00:00:00	2006-03-26 00:00:00	SRQ	Sarasota Bradenton International	Delta Air Lines	Passenger Property Loss	Checked Baggage	10.2	Other	Denied	0.0	Deny
87370	2006071809685	2006-06-27 00:00:00	2006-05-27 00:00:00	SRQ	Sarasota Bradenton International	USAir	Passenger Property Loss	Checkpoint	187.0	Other	Approved	187.0	Approve in Full
90892	2006090812272	2006-09-01 00:00:00	2006-08-24 00:00:00	SRQ	Sarasota Bradenton International	Continental Airlines	Passenger Property Loss	Checked Baggage	24.5	Other	Approved	24.5	Approve in Full
94149	2006110815353	2006-11-06 00:00:00	2006-11-05 00:00:00	SRQ	Sarasota Bradenton International	Jet Blue	Passenger Property Loss	Checked Baggage	136.29	Containers,Office Supplies,Clothing & Accessories	Canceled	0.0	
94305	2006111515688	2006-11-08 00:00:00	2006-10-30 00:00:00	SRQ	Sarasota Bradenton International	USAir	Passenger Property Loss	Checkpoint	90.0	Watches & Jewelry	Approved	90.0	Approve in Full
94427	2006111715747	2006-11-09 00:00:00	2006-10-30 00:00:00	SRQ	Sarasota Bradenton International	Delta Air Lines	Passenger Property Loss	Checked Baggage	350.0	Electronics	Settled	231.39	Settle
97431	2007010818458	2007-01-05 00:00:00	2006-12-13 00:00:00	SRQ	Sarasota Bradenton International	Delta Air Lines	Passenger Property Loss	Checked Baggage	38.0	Cosmetics,Other	Denied	0.0	Deny
98783	2007013119953	2007-01-25 00:00:00	2007-01-07 00:00:00	SRQ	Sarasota Bradenton International	Air Tran Airlines(do not use)	Passenger Property Loss	Checked Baggage	79.99	Clothing & Accessories	Approved	79.99	Approve in Full
103800	2007050725051	2007-05-03 00:00:00	2007-04-27 00:00:00	SRQ	Sarasota Bradenton International	Air Tran Airlines(do not use)	Passenger Property Loss	Checked Baggage	1123.13	Electronics	Settled	299.0	Settle
106296	2007062827592	2007-06-25 00:00:00	2007-06-06 00:00:00	SRQ	Sarasota Bradenton International		Passenger Property Loss	Checked Baggage	700.0	Watches & Jewelry	Canceled	0.0	
106629	2007070927958	2007-07-02 00:00:00	2007-06-05 00:00:00	SRQ	Sarasota Bradenton International	Jet Blue	Passenger Property Loss	Checked Baggage	15.75	Tools & Machines	Approved	15.75	Approve in Full
106774	2007071128085	2007-07-03 00:00:00	2007-05-15 00:00:00	SRQ	Sarasota Bradenton International	Continental Airlines	Passenger Property Loss	Checkpoint	725.0	Watches & Jewelry	Denied	0.0	Deny
109142	2007082030459	2007-08-16 00:00:00	2007-07-11 00:00:00	SRQ	Sarasota Bradenton International	Delta Air Lines	Passenger Property Loss	Checked Baggage	542.46	Electronics,Electronics,Watches & Jewelry	Denied	0.0	Deny
109605	2007082831004	2007-08-24 00:00:00	2007-07-08 00:00:00	SRQ	Sarasota Bradenton International	Delta Air Lines	Passenger Property Loss	Checked Baggage	133.3	Clothing & Accessories	Approved	133.3	Approve in Full
110211	2007090731531	2007-09-05 00:00:00	2007-09-03 00:00:00	SRQ	Sarasota Bradenton International	Delta Air Lines	Passenger Property Loss	Checked Baggage	362.99	Electronics	Denied	0.0	Deny
110562	2007091431989	2007-09-11 00:00:00	2007-08-18 00:00:00	SRQ	Sarasota Bradenton International	Continental Airlines	Passenger Property Loss	Checked Baggage	2466.0	Watches & Jewelry,Watches & Jewelry	Denied	0.0	Deny
110884	2007091932260	2007-09-18 00:00:00	2007-09-07 00:00:00	SRQ	Sarasota Bradenton International	Air Tran Airlines(do not use)	Passenger Property Loss	Checked Baggage	31.94	Tools & Machines	Approved	31.94	Approve in Full
110890	2007091932287	2007-09-18 00:00:00	2007-08-18 00:00:00	SRQ	Sarasota Bradenton International	Continental Airlines	Passenger Property Loss	Checked Baggage	2466.0	Watches & Jewelry	Canceled	0.0	
111617	2007100533047	2007-10-03 00:00:00	2007-05-18 00:00:00	SRQ	Sarasota Bradenton International	Delta Air Lines	Passenger Property Loss	Checkpoint	50.0	Other	Approved	50.0	Approve in Full
111625	2007100533066	2007-10-03 00:00:00	2007-09-28 00:00:00	SRQ	Sarasota Bradenton International	Delta Air Lines	Passenger Property Loss	Checked Baggage	200.0	Clothing & Accessories	Canceled	0.0	
114288	2007120335899	2007-11-27 00:00:00	2007-11-24 00:00:00	SRQ	Sarasota Bradenton International	Delta Air Lines	Passenger Property Loss	Checkpoint	190.0	Cosmetics,Other,Watches & Jewelry	Canceled	0.0	
116621	2008011838189	2008-01-11 00:00:00	2008-01-04 00:00:00	SRQ	Sarasota Bradenton International	Air Tran Airlines(do not use)	Passenger Property Loss	Checked Baggage	20.0	Tools & Machines	Denied	0.0	Deny
118282	2008022039843	2008-02-13 00:00:00	2008-01-30 00:00:00	SRQ	Sarasota Bradenton International	Delta Air Lines	Passenger Property Loss	Checked Baggage	23.54	Tools & Machines	Denied	0.0	Deny
118323	2008022139958	2008-02-14 00:00:00	2008-02-09 00:00:00	SRQ	Sarasota Bradenton International	Air Tran Airlines(do not use)	Passenger Property Loss	Checked Baggage	30.0	Other	Canceled	0.0	
119458	2008031441078	2008-03-10 00:00:00	2008-02-25 00:00:00	SRQ	Sarasota Bradenton International	Continental Airlines	Passenger Property Loss	Checked Baggage	757.0	Watches & Jewelry	Denied	0.0	Deny
119685	2008033141611	2008-03-13 00:00:00	2008-02-22 00:00:00	SRQ	Sarasota Bradenton International	Delta Air Lines	Passenger Property Loss	Checked Baggage	181.98	Electronics	Settled	90.99	Settle
119867	2008032741551	2008-03-18 00:00:00	2008-02-24 00:00:00	SRQ	Sarasota Bradenton International	Jet Blue	Passenger Property Loss	Checked Baggage	700.0	Electronics	Denied	0.0	Deny
121581	2008043043614	2008-04-18 00:00:00	2008-04-06 00:00:00	SRQ	Sarasota Bradenton International	Continental Airlines	Passenger Property Loss	Checked Baggage	319.47	Electronics,Electronics	Denied	0.0	Deny
121836	2008042843470	2008-04-24 00:00:00	2008-04-16 00:00:00	SRQ	Sarasota Bradenton International	Delta Air Lines	Passenger Property Loss	Checked Baggage	463.24	Electronics	Denied	0.0	Deny
122284	2008050743936	2008-05-05 00:00:00	2008-04-30 00:00:00	SRQ	Sarasota Bradenton International	Delta Air Lines	Passenger Property Loss	Checkpoint	37.99	Other	Approved	37.99	Approve in Full
122530	2008051444244	2008-05-08 00:00:00	2008-05-03 00:00:00	SRQ	Sarasota Bradenton International	Air Tran Airlines(do not use)	Passenger Property Loss	Checkpoint	81.0	Watches & Jewelry	Denied	0.0	Deny
122815	2008051644445	2008-05-15 00:00:00	2008-04-30 00:00:00	SRQ	Sarasota Bradenton International		Passenger Property Loss	Checked Baggage	150.0	Clothing & Accessories	Denied	0.0	Deny
123226	2008052844920	2008-05-23 00:00:00	2008-01-05 00:00:00	SRQ	Sarasota Bradenton International	Jet Blue	Passenger Property Loss	Checked Baggage	2500.0	Electronics	Denied	0.0	Deny
124753	2008070146463	2008-06-27 00:00:00	2008-06-19 00:00:00	SRQ	Sarasota Bradenton International	Jet Blue	Passenger Property Loss	Checked Baggage	20.7	Tools & Machines	Denied	0.0	Deny
124856	2008062045923	2008-07-01 00:00:00	2008-03-17 00:00:00	SRQ	Sarasota Bradenton International	Jet Blue	Passenger Property Loss	Checkpoint	5.5	Other	Approved	5.5	Approve in Full
125215	2008071546923	2008-07-08 00:00:00	2008-05-28 00:00:00	SRQ	Sarasota Bradenton International	Air Tran Airlines(do not use)	Passenger Property Loss	Checkpoint	200.0	Other	Denied	0.0	Deny
125430	2008071847100	2008-07-14 00:00:00	2008-06-28 00:00:00	SRQ	Sarasota Bradenton International	Continental Airlines	Passenger Property Loss	Checked Baggage	235.0	Watches & Jewelry	Denied	0.0	Deny
127567	2008090249310	2008-08-28 00:00:00	2008-08-29 00:00:00	SRQ	Sarasota Bradenton International	Delta Air Lines	Passenger Property Loss	Checkpoint	200.0	Other	Denied	0.0	Deny
129539	2008102051321	2008-10-17 00:00:00	2008-10-13 00:00:00	SRQ	Sarasota Bradenton International	Delta Air Lines	Passenger Property Loss	Checked Baggage	600.0	Other,Containers	Denied	0.0	Deny
129700	2008102251409	2008-10-21 00:00:00	2008-09-25 00:00:00	SRQ	Sarasota Bradenton International	Delta Air Lines	Passenger Property Loss	Checked Baggage	650.0	Electronics,Electronics	Denied	0.0	Deny
130342	2008111352179	2008-11-06 00:00:00	2008-10-30 00:00:00	SRQ	Sarasota Bradenton International	Delta Air Lines	Passenger Property Loss	Checked Baggage	216.41	Watches & Jewelry	Denied	0.0	Deny
130574	2008111852407	2008-11-13 00:00:00	2008-10-29 00:00:00	SRQ	Sarasota Bradenton International	Delta Air Lines	Passenger Property Loss	Checked Baggage	42.79	Other	Denied	0.0	Deny
132035	2008123153935	2008-12-22 00:00:00	2008-11-26 00:00:00	SRQ	Sarasota Bradenton International		Passenger Property Loss	Checked Baggage	169.96	Clothing & Accessories	Denied	0.0	Deny
132134	2009010554055	2008-12-24 00:00:00	2008-12-18 00:00:00	SRQ	Sarasota Bradenton International	Delta Air Lines	Passenger Property Loss	Checked Baggage	229.9	Electronics	Canceled	0.0	
132319	2009010854219	2008-12-31 00:00:00	2008-12-04 00:00:00	SRQ	Sarasota Bradenton International	Jet Blue	Passenger Property Loss	Checked Baggage	457.99	Electronics	Denied	0.0	Deny
132392	2009011354406	2009-01-01 00:00:00	2008-12-05 00:00:00	SRQ	Sarasota Bradenton International	Delta Air Lines	Passenger Property Loss	Checked Baggage	195.0	Other	Settled	176.44	Settle
133112	2009013055036	2009-01-21 00:00:00	2009-01-12 00:00:00	SRQ	Sarasota Bradenton International	AirTran Airlines	Passenger Property Loss	Checked Baggage	16.2	Tools & Machines	Denied	0.0	Deny
134810	2009032056539	2009-03-09 00:00:00	2009-02-15 00:00:00	SRQ	Sarasota Bradenton International	Delta Air Lines	Passenger Property Loss	Checked Baggage	10.0	Tools & Machines	Denied	0.0	Deny
135553	2009041657588	2009-03-27 00:00:00	2009-02-17 00:00:00	SRQ	Sarasota Bradenton International	Delta Air Lines	Passenger Property Loss	Checkpoint	147.57	Supplies	Approved	147.57	Approve in Full
136639	2009051458606	2009-04-27 00:00:00	2009-04-01 00:00:00	SRQ	Sarasota Bradenton International	USAir	Passenger Property Loss	Checked Baggage	1260.0	Watches & Jewelry	Denied	0.0	Deny
136823	2009051858903	2009-04-30 00:00:00	2009-04-06 00:00:00	SRQ	Sarasota Bradenton International	Delta Air Lines	Passenger Property Loss	Checkpoint	200.0	Watches & Jewelry	Denied	0.0	Deny
137663	2009060159683	2009-05-27 00:00:00	2009-04-29 00:00:00	SRQ	Sarasota Bradenton International	Jet Blue	Passenger Property Loss	Checked Baggage	99.99	Other	Canceled	0.0	
139103	2009070760917	2009-07-06 00:00:00	2009-03-19 00:00:00	SRQ	Sarasota Bradenton International	USAir	Passenger Property Loss	Checkpoint	10000.0	Watches & Jewelry	Denied	0.0	Deny
140085	2009073162103	2009-07-29 00:00:00	2009-01-17 00:00:00	SRQ	Sarasota Bradenton International	Delta Air Lines	Passenger Property Loss	Checked Baggage	19.99	Containers	Denied	0.0	Deny
144537	2009121766666	2009-12-10 00:00:00	2009-09-23 00:00:00	SRQ	Sarasota Bradenton International	Delta Air Lines	Passenger Property Loss	Checkpoint	10000.0	Watches & Jewelry	Denied	0.0	Deny
149094	2010060272314	2010-05-26 00:00:00	2010-04-21 16:30:00	SRQ	Sarasota Bradenton International	Jet Blue	Passenger Property Loss	Checkpoint		Watches & Jewelry		0.0	Deny
150268	2010071273549	2010-07-06 00:00:00	2010-06-17 00:00:00	SRQ	Sarasota Bradenton International	Delta Air Lines	Passenger Property Loss	Checked Baggage		Cosmetics		0.0	Deny
150538	2010072173956	2010-07-12 00:00:00	2010-06-23 21:45:00	SRQ	Sarasota Bradenton International	AirTran Airlines	Passenger Property Loss	Checked Baggage		Containers,Cosmetics		0.0	Deny
153249	2010100476639	2010-09-28 00:00:00	2010-09-22 10:30:00	SRQ	Sarasota Bradenton International	USAir	Passenger Property Loss	Checked Baggage		Other		25.0	Approve in Full
154242	2010110677665	2010-10-28 00:00:00	2010-10-15 16:00:00	SRQ	Sarasota Bradenton International		Passenger Property Loss	Checked Baggage		Watches & Jewelry		0.0	Deny
154344	2010111077729	2010-11-02 00:00:00	2010-10-30 18:44:00	SRQ	Sarasota Bradenton International	AirTran Airlines	Passenger Property Loss	Checked Baggage		Clothing & Accessories,Household Decor		0.0	Deny
154401	2010100976810	2010-11-04 00:00:00	2010-06-07 11:10:00	SRQ	Sarasota Bradenton International	AirTran Airlines	Passenger Property Loss	Checked Baggage		Cosmetics,Watches & Jewelry		0.0	Deny
156823	2011021880301	2011-01-24 00:00:00	2010-10-15 21:00:00	SRQ	Sarasota Bradenton International	AirTran Airlines	Passenger Property Loss	Checked Baggage		Electronics		0.0	Deny
157976	2011033081481	2011-03-02 00:00:00	2011-01-12 00:00:00	SRQ	Sarasota Bradenton International	Jet Blue	Passenger Property Loss	Checked Baggage		Electronics		0.0	Deny
157989	2011033081530	2011-03-02 00:00:00	2011-02-08 07:00:00	SRQ	Sarasota Bradenton International	Delta Air Lines	Passenger Property Loss	Checked Baggage		Watches & Jewelry		0.0	Deny
158851	2011041382253	2011-04-01 00:00:00	2011-03-10 00:00:00	SRQ	Sarasota Bradenton International	AirTran Airlines	Passenger Property Loss	Checkpoint		Clothing & Accessories		0.0	Deny
159648	2011050283135	2011-04-26 00:00:00	2011-04-13 16:00:00	SRQ	Sarasota Bradenton International		Passenger Property Loss	Checkpoint		Watches & Jewelry		0.0	Deny
159954	2011051683465	2011-05-05 00:00:00	2011-03-25 11:30:00	SRQ	Sarasota Bradenton International	Jet Blue	Passenger Property Loss	Checkpoint		Watches & Jewelry			
160346	2011053183845	2011-05-19 00:00:00	2011-01-22 20:25:00	SRQ	Sarasota Bradenton International	Jet Blue	Passenger Property Loss	Checked Baggage		Electronics		0.0	Deny
166204	2012022991367	2011-12-01 00:00:00	2011-11-26 00:00:00	SRQ	Sarasota Bradenton International	Delta Air Lines	Passenger Property Loss	Checked Baggage		Watches & Jewelry			
166994	2012020290595	2012-01-03 00:00:00	2011-10-17 12:00:00	SRQ	Sarasota Bradenton International		Passenger Property Loss	Checkpoint		Electronics		0.0	Deny
167466	2012021791149	2012-01-17 00:00:00	2012-01-11 00:00:00	SRQ	Sarasota Bradenton International	USAir	Passenger Property Loss	Checked Baggage		Clothing & Accessories			
167738	2012030191412	2012-01-23 00:00:00	2012-01-11 11:30:00	SRQ	Sarasota Bradenton International		Passenger Property Loss	Checked Baggage		Clothing & Accessories			
167986	2012020190552	2012-01-31 00:00:00	2011-02-17 00:00:00	SRQ	Sarasota Bradenton International	Delta Air Lines	Passenger Property Loss	Checkpoint		Electronics			
177134	2013013000723	2013-01-04 00:00:00	2013-01-03 00:00:00	SRQ	Sarasota Bradenton International	USAir	Passenger Property Loss	Checked Baggage		Outdoors Supplies			
177654	2013021401454	2013-01-22 00:00:00	2012-12-10 17:47:00	SRQ	Sarasota Bradenton International	Jet Blue	Passenger Property Loss	Checked Baggage		Office Supplies,Cosmetics		0.0	Deny
180490	2013061704432	2013-05-07 00:00:00	2013-04-27 00:00:00	SRQ	Sarasota Bradenton International	Jet Blue	Passenger Property Loss	Checked Baggage		Electronics			
181319	2013060904088	2013-06-09 00:00:00	2013-03-10 00:00:00	SRQ	Sarasota Bradenton International	Delta Air Lines	Passenger Property Loss	Checked Baggage		Cosmetics		100.0	Approve in Full
184046	2013102307655	2013-09-10 00:00:00	2013-08-22 00:00:00	SRQ	Sarasota Bradenton International	Delta Air Lines	Passenger Property Loss	Checkpoint		Outdoors Supplies		12.92	Approve in Full
184487	2013102507889	2013-09-25 00:00:00	2013-09-22 08:00:00	SRQ	Sarasota Bradenton International	USAir	Passenger Property Loss	Checked Baggage		Cosmetics		10.0	Approve in Full
186801	2014112818725	2014-11-24 00:00:00	2014-11-17 00:00:00	SRQ	Sarasota Bradenton International	Jet Blue	Passenger Property Loss	Checked Baggage		Watches & Jewelry,Electronics			
190390	2014052714208	2014-05-20 00:00:00	2014-04-10 00:00:00	SRQ	Sarasota Bradenton International	UAL	Passenger Property Loss	Checked Baggage		Watches & Jewelry		25.0	Approve in Full
190469	2014052914288	2014-05-20 00:00:00	2014-05-12 00:00:00	SRQ	Sarasota Bradenton International	Delta Air Lines	Passenger Property Loss	Checked Baggage		Clothing & Accessories		0.0	Deny
190787	2014061314612	2014-06-13 00:00:00	2014-05-30 00:00:00	SRQ	Sarasota Bradenton International	Jet Blue	Passenger Property Loss	Checked Baggage		Cosmetics			
212094	2016052331606	2016-05-23 00:00:00	2016-04-23 10:00:00	SRQ	Sarasota Bradenton International	Jet Blue	Passenger Property Loss	Checkpoint		Outdoors Supplies			Closed:Contractor Claim
220423	2017101744388	2017-10-17 00:00:00	2017-09-27 00:00:00	SRQ	 Sarasota Bradenton International	Delta Air Lines	Passenger Property Loss	Checked Baggage		Clothing & Accessories,Clothing & Accessories			losed: Contractor Claim
220424	2017080142004	2017-06-19 00:00:00	2017-06-05 00:00:00	SRQ	 Sarasota Bradenton International		Passenger Property Loss	Checked Baggage		Containers			losed: Contractor Claim