id	claim_number	date_received	incident_date	airport_code	airport_name	airline	claim_type	claim_site	claim_amount	items	status	close_amount	disposition
5022	0414012L	2003-04-14 00:00:00	2003-03-25 00:00:00	STT	Cyril E. King International	American Airlines	Passenger Property Loss	Checked Baggage	701.04	Electronics	Settled	315.48	Settle
7261	0529042L	2003-05-29 00:00:00	2003-04-21 00:00:00	STT	Cyril E. King International		Passenger Property Loss	Checked Baggage	814.92	Electronics	Settled	407.46	Settle
7388	0602015L	2003-06-02 00:00:00	2003-05-17 00:00:00	STT	Cyril E. King International		Passenger Property Loss	Checked Baggage	409.0	Other	Settled	237.46	Settle
13434	0815103M	2003-08-15 00:00:00	2003-08-02 00:00:00	STT	Cyril E. King International		Passenger Property Loss	Checked Baggage	16.95	Other	Approved	16.95	Approve in Full
13940	0821041M	2003-08-21 00:00:00	2003-08-12 00:00:00	STT	Cyril E. King International		Passenger Property Loss	Checked Baggage	1500.0	Watches & Jewelry	Denied	0.0	Deny
14312	0826285M	2003-08-26 00:00:00	2003-08-01 00:00:00	STT	Cyril E. King International	American Airlines	Passenger Property Loss	Checked Baggage	751.95	Other	Approved	751.95	Approve in Full
20100	1117082M	2003-11-17 00:00:00	2003-11-05 00:00:00	STT	Cyril E. King International	American Airlines	Passenger Property Loss	Checked Baggage	150.0	Electronics	Approved	150.0	Approve in Full
28871	0226003M	2004-02-26 00:00:00	2004-02-01 00:00:00	STT	Cyril E. King International	American Airlines	Passenger Property Loss	Checked Baggage	649.95	Watches & Jewelry	Denied	0.0	Deny
29024	0226029M	2004-02-26 00:00:00	2004-02-07 00:00:00	STT	Cyril E. King International	American Airlines	Passenger Property Loss	Checked Baggage	1333.33	Watches & Jewelry	Settled	666.66	Settle
32136	2004051852851	2004-04-06 00:00:00	2004-03-22 00:00:00	STT	Cyril E. King International	American Airlines	Passenger Property Loss	Checked Baggage	533.44	Watches & Jewelry	Approved	533.44	Approve in Full
32593	2004052453273	2004-04-15 00:00:00	2004-02-25 00:00:00	STT	Cyril E. King International	American Airlines	Passenger Property Loss	Checked Baggage	75.0	Clothing & Accessories	Settled	37.5	Settle
33293	2004052853741	2004-04-21 00:00:00	2004-03-22 00:00:00	STT	Cyril E. King International	American Eagle	Passenger Property Loss	Checked Baggage	1159.42	Electronics	Settled	599.12	Settle
33690	2004060754898	2004-04-23 00:00:00	2004-01-31 00:00:00	STT	Cyril E. King International	American Airlines	Passenger Property Loss	Checked Baggage	950.41	Other	Settled	242.35	Settle
33872	2004060354592	2004-05-03 00:00:00	2004-04-14 00:00:00	STT	Cyril E. King International	American Airlines	Passenger Property Loss	Checked Baggage	912.25	Electronics	Approved	912.25	Approve in Full
37140	2004063058017	2004-06-04 00:00:00	2004-05-20 00:00:00	STT	Cyril E. King International		Passenger Property Loss	Checked Baggage	496.0	Clothing & Accessories	Denied	0.0	Deny
38362	2004070858746	2004-06-21 00:00:00	2004-04-05 00:00:00	STT	Cyril E. King International	USAir	Passenger Property Loss	Checked Baggage	476.0	Electronics	Settled	441.12	Settle
38618	2004070858918	2004-06-24 00:00:00	2004-05-25 00:00:00	STT	Cyril E. King International	USAir	Passenger Property Loss	Checkpoint	381.0	Watches & Jewelry	Denied	0.0	Deny
38805	2004071359135	2004-06-28 00:00:00	2004-06-17 00:00:00	STT	Cyril E. King International		Passenger Property Loss	Checked Baggage	488.21	Electronics	Settled	244.0	Settle
39874	2004080360514	2004-07-12 00:00:00	2004-07-01 00:00:00	STT	Cyril E. King International		Passenger Property Loss	Checked Baggage	42.0	Clothing & Accessories	Approved	42.0	Approve in Full
40274	2004080960903	2004-07-15 00:00:00	2004-06-20 00:00:00	STT	Cyril E. King International	American Airlines	Passenger Property Loss	Checkpoint	693.85	Electronics	Denied	0.0	Deny
40652	2004072660003	2004-07-20 00:00:00	2004-06-08 00:00:00	STT	Cyril E. King International		Passenger Theft	Checked Baggage	61.9	Other	Settled	30.9	Settle
44046	2004092864081	2004-09-09 00:00:00	2004-08-22 00:00:00	STT	Cyril E. King International	American Airlines	Passenger Property Loss	Checked Baggage	165.95	Other	Approved	165.95	Approve in Full
49645	2005010372059	2004-11-09 00:00:00	2004-05-25 00:00:00	STT	Cyril E. King International	American Airlines	Passenger Property Loss	Checked Baggage	400.0	Other	Denied		Deny
50052	2004122270418	2004-11-16 00:00:00	2004-11-04 00:00:00	STT	Cyril E. King International	USAir	Passenger Property Loss	Checked Baggage	46.25	Other	Approved	46.25	Approve in Full
50322	2004122871289	2004-11-19 00:00:00	2004-11-03 00:00:00	STT	Cyril E. King International	American Airlines	Passenger Property Loss	Checked Baggage	129.0	Other	Approved	129.0	Approve in Full
51286	2004122370787	2004-12-07 00:00:00	2004-11-08 00:00:00	STT	Cyril E. King International	American Airlines	Passenger Property Loss	Checked Baggage	149.95	Other	Approved	149.95	Approve in Full
51350	2005021576172	2004-12-07 00:00:00	2004-11-13 00:00:00	STT	Cyril E. King International	American Airlines	Passenger Property Loss	Checked Baggage	788.4	Electronics	Approved	788.4	Approve in Full
51380	2004122169930	2004-12-07 00:00:00	2004-08-24 00:00:00	STT	Cyril E. King International	American Airlines	Passenger Property Loss	Checked Baggage	650.0	Electronics	Denied		Deny
51897	2005010372240	2004-12-13 00:00:00	2004-12-04 00:00:00	STT	Cyril E. King International	Delta Air Lines	Passenger Property Loss	Checked Baggage	650.0	Other	Settled	595.0	Settle
52024	2005030777140	2004-12-14 00:00:00	2004-11-19 00:00:00	STT	Cyril E. King International		Passenger Property Loss	Checked Baggage	139.95	Electronics	Canceled	0.0	
55928	2005022376701	2005-01-28 00:00:00	2004-12-21 00:00:00	STT	Cyril E. King International		Passenger Property Loss	Checked Baggage	429.0	Clothing & Accessories	Settled	135.0	Settle
56231	2005031578347	2005-02-01 00:00:00	2005-01-09 00:00:00	STT	Cyril E. King International	British Airways	Passenger Property Loss	Checked Baggage	730.0	Electronics	Denied	0.0	Deny
56352	2005031578176	2005-02-03 00:00:00	2005-01-01 00:00:00	STT	Cyril E. King International		Passenger Property Loss	Checked Baggage	104.9	Other	Approved	104.9	Approve in Full
57387	2005031478129	2005-02-16 00:00:00	2005-01-31 00:00:00	STT	Cyril E. King International	Continental Airlines	Passenger Property Loss	Checked Baggage	1850.0	Watches & Jewelry	Denied	0.0	Deny
58858	2005040581445	2005-03-08 00:00:00	2005-01-17 00:00:00	STT	Cyril E. King International	American Airlines	Passenger Property Loss	Checked Baggage	500.0	Watches & Jewelry	Denied	0.0	Deny
58896	2005032479768	2005-03-09 00:00:00	2005-01-19 00:00:00	STT	Cyril E. King International	Continental Airlines	Passenger Property Loss	Checked Baggage	173.98	Musical Intruments	Approved	173.98	Approve in Full
59145	2005032579898	2005-03-11 00:00:00	2005-02-05 00:00:00	STT	Cyril E. King International	USAir	Passenger Property Loss	Checked Baggage	33.9	Other	Approved	33.9	Approve in Full
59324	2005032980208	2005-03-16 00:00:00	2005-03-06 00:00:00	STT	Cyril E. King International	American Airlines	Passenger Property Loss	Checked Baggage	44.0	Cosmetics	Approved	44.0	Approve in Full
59582	2005031778662	2005-03-17 00:00:00	2005-02-12 00:00:00	STT	Cyril E. King International		Passenger Property Loss	Checked Baggage	24745.0	Watches & Jewelry	Denied	0.0	Deny
59901	2005033080608	2005-03-23 00:00:00	2005-03-13 00:00:00	STT	Cyril E. King International		Passenger Property Loss	Checked Baggage	65.0	Other	Denied	0.0	Deny
60271	2005040180991	2005-03-29 00:00:00	2005-03-18 00:00:00	STT	Cyril E. King International	USAir	Passenger Property Loss	Checked Baggage	255.0	Electronics	Denied	0.0	Deny
60291	2005040181068	2005-03-29 00:00:00	2004-12-19 00:00:00	STT	Cyril E. King International	USAir	Passenger Property Loss	Checked Baggage	784.0	Other	Denied	784.0	Deny
60411	2005040481303	2005-03-29 00:00:00	2005-03-02 00:00:00	STT	Cyril E. King International	American Airlines	Passenger Property Loss	Checked Baggage	143.65	Clothing & Accessories	Settled	71.83	Settle
60684	2005040581593	2005-04-04 00:00:00	2005-02-19 00:00:00	STT	Cyril E. King International	Delta Air Lines	Passenger Property Loss	Checked Baggage	109.2	Cosmetics	Approved	109.2	Approve in Full
61338	2005041282279	2005-04-08 00:00:00	2005-03-02 00:00:00	STT	Cyril E. King International		Passenger Property Loss	Checked Baggage	350.0	Clothing & Accessories	Denied	0.0	Deny
63302	2005050984324	2005-05-06 00:00:00	2005-04-17 00:00:00	STT	Cyril E. King International		Passenger Property Loss	Checked Baggage	40.0	Other	Approved	40.0	Approve in Full
63850	2005060685821	2005-05-13 00:00:00	2005-03-19 00:00:00	STT	Cyril E. King International	USAir	Passenger Property Loss	Checked Baggage	300.0	Other	Approved	300.0	Approve in Full
64348	2005052085217	2005-05-19 00:00:00	2005-05-12 00:00:00	STT	Cyril E. King International		Passenger Property Loss	Checked Baggage	1251.31	Electronics	Denied	0.0	Deny
65160	2005060685831	2005-06-01 00:00:00	2005-03-15 00:00:00	STT	Cyril E. King International	UAL	Passenger Property Loss	Checked Baggage	769.86	Clothing & Accessories	Canceled	0.0	
65492	2005061486394	2005-06-06 00:00:00	2005-04-27 00:00:00	STT	Cyril E. King International	USAir	Passenger Property Loss	Checked Baggage	7.76	Tools & Machines	Approved	7.76	Approve in Full
65502	2005061586435	2005-06-06 00:00:00	2005-05-22 00:00:00	STT	Cyril E. King International		Passenger Property Loss	Checked Baggage	6.95	Tools & Machines	Approved	6.95	Approve in Full
65618	2005062086654	2005-06-07 00:00:00	2005-03-30 00:00:00	STT	Cyril E. King International	Delta Air Lines	Passenger Property Loss	Checked Baggage	26.64	Other	Approved	26.64	Approve in Full
67241	2005070588232	2005-06-30 00:00:00	2005-06-24 00:00:00	STT	Cyril E. King International	USAir	Passenger Property Loss	Checkpoint	875.0	Watches & Jewelry	Denied	0.0	Deny
69843	2005081990925	2005-08-09 00:00:00	2005-07-22 00:00:00	STT	Cyril E. King International	American Airlines	Passenger Property Loss	Checked Baggage	6165.0	Other	Denied	0.0	Deny
69989	2005081991025	2005-08-11 00:00:00	2005-07-11 00:00:00	STT	Cyril E. King International		Passenger Property Loss	Checked Baggage	75.0	Clothing & Accessories	Settled	37.5	Settle
70099	2005082291129	2005-08-15 00:00:00	2005-06-17 00:00:00	STT	Cyril E. King International		Passenger Property Loss	Checked Baggage	1513.26	Electronics	Denied	0.0	Deny
70146	2005082391303	2005-08-16 00:00:00	2005-07-31 00:00:00	STT	Cyril E. King International	American Airlines	Passenger Property Loss	Checked Baggage	75.0	Clothing & Accessories	Approved	75.0	Approve in Full
70396	2005082591473	2005-08-18 00:00:00	2005-03-21 00:00:00	STT	Cyril E. King International	American Airlines	Passenger Property Loss	Checked Baggage	2101.49	Electronics	Denied	0.0	Deny
70883	2005083191941	2005-08-25 00:00:00	2005-07-14 00:00:00	STT	Cyril E. King International	American Airlines	Passenger Property Loss	Checked Baggage	1400.0	Electronics	Settled	700.0	Settle
72995	2005100594111	2005-09-29 00:00:00	2005-06-21 00:00:00	STT	Cyril E. King International	American Airlines	Passenger Property Loss	Checked Baggage	1496.33	Clothing & Accessories	Settled	643.8	Settle
73472	2005101794617	2005-10-07 00:00:00	2005-07-13 00:00:00	STT	Cyril E. King International		Passenger Property Loss	Checked Baggage	199.99	Other	Denied	0.0	Deny
76262	2005120897310	2005-11-29 00:00:00	2005-11-02 00:00:00	STT	Cyril E. King International		Passenger Property Loss	Checked Baggage	2098.38	Electronics	Denied	0.0	Deny
77310	2005122898486	2005-12-19 00:00:00	2005-11-27 00:00:00	STT	Cyril E. King International		Passenger Property Loss		10000.0	Other	Denied	0.0	Deny
78176	2007010818426	2006-01-05 00:00:00	2006-12-19 00:00:00	STT	Cyril E. King International	Continental Airlines	Passenger Property Loss	Checked Baggage	240.0	Electronics,Electronics	Denied	0.0	Deny
78713	2006012099898	2006-01-12 00:00:00	2005-12-17 00:00:00	STT	Cyril E. King International	American Airlines	Passenger Property Loss	Checked Baggage	4500.0	Watches & Jewelry	Denied	0.0	Deny
79131	2006012500282	2006-01-19 00:00:00	2005-12-17 00:00:00	STT	Cyril E. King International	American Airlines	Passenger Property Loss	Checked Baggage	5.0	Watches & Jewelry	Approved	5.0	Approve in Full
80167	2006020901291	2006-02-06 00:00:00	2006-02-04 00:00:00	STT	Cyril E. King International	UAL	Passenger Property Loss	Checked Baggage	50.0	Electronics	Settled	25.0	Settle
80321	2006021401490	2006-02-07 00:00:00	2006-01-01 00:00:00	STT	Cyril E. King International	American Airlines	Passenger Property Loss	Checked Baggage	1838.83	Electronics	Denied	0.0	Deny
80455	2006021501596	2006-02-09 00:00:00	2006-01-18 00:00:00	STT	Cyril E. King International	American Airlines	Passenger Property Loss	Checked Baggage	785.0	Watches & Jewelry	Denied	0.0	Deny
80658	2006022302087	2006-02-14 00:00:00	2005-12-06 00:00:00	STT	Cyril E. King International	American Airlines	Passenger Property Loss	Checkpoint	1075.0	Watches & Jewelry	Canceled	0.0	
80936	2006022302069	2006-02-17 00:00:00	2006-01-22 00:00:00	STT	Cyril E. King International	UAL	Passenger Property Loss	Checked Baggage	322.76	Other	Settled	112.45	Settle
81603	2006031302914	2006-03-03 00:00:00	2006-01-16 00:00:00	STT	Cyril E. King International	American Airlines	Passenger Property Loss	Checked Baggage	546.96	Electronics	Denied	0.0	Deny
82483	2006032303632	2006-03-20 00:00:00	2006-01-03 00:00:00	STT	Cyril E. King International	American Airlines	Passenger Property Loss	Checked Baggage	215.95	Clothing & Accessories	Denied	0.0	Deny
84792	2006050905750	2006-05-04 00:00:00	2006-04-09 00:00:00	STT	Cyril E. King International	UAL	Passenger Property Loss	Checked Baggage	79.99	Other	Denied	0.0	Deny
85012	2006051206076	2006-05-09 00:00:00	2006-05-01 00:00:00	STT	Cyril E. King International	American Airlines	Passenger Property Loss	Checked Baggage	1100.0	Clothing & Accessories,Cosmetics,Electronics	Denied	0.0	Deny
85195	2006051606439	2006-05-12 00:00:00	2006-05-01 00:00:00	STT	Cyril E. King International	Cape Air	Passenger Property Loss	Checked Baggage	1100.0	Electronics,Clothing & Accessories,Cosmetics	Denied	0.0	Deny
88025	2006071109274	2006-07-10 00:00:00	2006-06-29 00:00:00	STT	Cyril E. King International	American Airlines	Passenger Property Loss	Checked Baggage	178.5	Clothing & Accessories	Approved	178.5	Approve in Full
90941	2006090812200	2006-09-01 00:00:00	2006-08-25 00:00:00	STT	Cyril E. King International	Continental Airlines	Passenger Property Loss	Checked Baggage	25.0	Other	Settled	12.5	Settle
92090	2006092713325	2006-09-25 00:00:00	2006-09-06 00:00:00	STT	Cyril E. King International	American Airlines	Passenger Property Loss	Checked Baggage	349.95	Electronics	Denied	0.0	Deny
92119	2006092713421	2006-09-25 00:00:00	2006-09-18 00:00:00	STT	Cyril E. King International	American Airlines	Passenger Property Loss	Checked Baggage	410.0	Clothing & Accessories,Supplies	Denied	0.0	Deny
92137	2006100213498	2006-09-25 00:00:00	2006-09-23 00:00:00	STT	Cyril E. King International	Delta Air Lines	Passenger Property Loss	Checked Baggage	3.98	Food & Drink	Insufficient, one of the following items required: sum certain, statement of fact, signature, location of incident, and date.		
94885	2006112416177	2006-11-20 00:00:00	2006-11-15 00:00:00	STT	Cyril E. King International		Passenger Property Loss	Checked Baggage	265.0	Clothing & Accessories	Denied	0.0	Deny
95207	2006113016492	2006-11-27 00:00:00	2006-09-30 00:00:00	STT	Cyril E. King International	American Eagle	Passenger Property Loss	Checkpoint	140.0	Watches & Jewelry	Denied	0.0	Deny
95534	2006120816859	2006-12-01 00:00:00	2006-11-18 00:00:00	STT	Cyril E. King International	American Airlines	Passenger Property Loss	Checked Baggage	15.0	Food & Drink	Denied	0.0	Deny
95676	2006121116884	2006-12-05 00:00:00	2006-11-19 00:00:00	STT	Cyril E. King International	USAir	Passenger Property Loss	Checked Baggage	97.14	Tools & Machines	Denied	0.0	Deny
95789	2006121417067	2006-12-06 00:00:00	2006-11-21 00:00:00	STT	Cyril E. King International	Cape Air	Passenger Property Loss	Checked Baggage	42.99	Watches & Jewelry	Denied	0.0	Deny
97656	2007011118694	2007-01-08 00:00:00		STT	Cyril E. King International	USAir	Passenger Property Loss	Checked Baggage	66.0	Food & Drink	Insufficient, one of the following items required: sum certain, statement of fact, signature, location of incident, and date.		
97851	2007011718913	2007-01-10 00:00:00	2006-12-31 00:00:00	STT	Cyril E. King International	American Airlines	Passenger Property Loss	Checked Baggage	1433.95	Electronics	Denied	0.0	Deny
98169	2007012419347	2007-01-16 00:00:00	2006-12-14 00:00:00	STT	Cyril E. King International	USAir	Passenger Property Loss	Checked Baggage	84.9	Watches & Jewelry	Denied	0.0	Deny
98170	2007012419348	2007-01-16 00:00:00	2006-12-14 00:00:00	STT	Cyril E. King International	USAir	Passenger Property Loss	Checked Baggage	1633.0	Watches & Jewelry	Denied	0.0	Deny
98262	2007012419319	2007-01-17 00:00:00	2006-12-22 00:00:00	STT	Cyril E. King International	American Airlines	Passenger Property Loss	Checked Baggage	495.16	Electronics,Electronics	Denied	0.0	Deny
98721	2007012919694	2007-01-24 00:00:00	2007-01-11 00:00:00	STT	Cyril E. King International	American Airlines	Passenger Property Loss	Checked Baggage	537.88	Electronics,Electronics	Denied	0.0	Deny
99667	2007021320875	2007-02-09 00:00:00	2007-01-19 00:00:00	STT	Cyril E. King International	USAir	Passenger Property Loss	Checked Baggage	132.25	Food & Drink	Denied	0.0	Deny
100218	2007022321423	2007-02-21 00:00:00	2007-01-20 00:00:00	STT	Cyril E. King International	USAir	Passenger Property Loss	Checked Baggage	13.9	Food & Drink	Denied	0.0	Deny
100490	2007022821716	2007-02-27 00:00:00	2007-02-20 00:00:00	STT	Cyril E. King International	American Airlines	Passenger Property Loss	Checked Baggage	324.0	Electronics,Watches & Jewelry	Denied	0.0	Deny
100627	2007030521874	2007-03-01 00:00:00	2007-01-26 00:00:00	STT	Cyril E. King International	Delta Air Lines	Passenger Property Loss	Checked Baggage	30.45	Food & Drink	Denied	0.0	Deny
100824	2007030721976	2007-03-06 00:00:00	2007-02-02 00:00:00	STT	Cyril E. King International	American Airlines	Passenger Property Loss	Checked Baggage	18.0	Tools & Machines	Approved	18.0	Approve in Full
100959	2007031222135	2007-03-08 00:00:00	2007-03-05 00:00:00	STT	Cyril E. King International	American Airlines	Passenger Property Loss	Checked Baggage	238.0	Cosmetics	Denied	0.0	Deny
101257	2007031622440	2007-03-14 00:00:00	2007-03-07 00:00:00	STT	Cyril E. King International		Passenger Property Loss	Checked Baggage	221.0	Other	Denied	0.0	Deny
101477	2007032122697	2007-03-19 00:00:00	2007-03-13 00:00:00	STT	Cyril E. King International	American Airlines	Passenger Property Loss	Checked Baggage	400.0	Electronics	Denied	0.0	Deny
101608	2007101733519	2007-03-20 00:00:00	2006-12-31 00:00:00	STT	Cyril E. King International	American Airlines	Passenger Property Loss	Checked Baggage	1433.95	Electronics	Denied	0.0	Deny
102827	2007041724079	2007-04-13 00:00:00	2007-02-19 00:00:00	STT	Cyril E. King International	American Airlines	Passenger Property Loss	Checked Baggage	300.0	Other,Tools & Machines	Denied	0.0	Deny
102959	2007041824177	2007-04-16 00:00:00	2007-03-31 00:00:00	STT	Cyril E. King International	American Airlines	Passenger Property Loss	Checked Baggage	270.0	Cosmetics,Other	Settled	250.0	Settle
103107	2007042424375	2007-04-19 00:00:00	2007-03-03 00:00:00	STT	Cyril E. King International	American Airlines	Passenger Property Loss	Checked Baggage	2786.0	Food & Drink,Electronics,Watches & Jewelry,Electronics	Denied	0.0	Deny
103274	2007042624524	2007-04-23 00:00:00	2007-04-05 00:00:00	STT	Cyril E. King International	Delta Air Lines	Passenger Property Loss	Checked Baggage	990.0	Electronics,Electronics	Denied	0.0	Deny
104031	2007051125324	2007-05-09 00:00:00	2007-05-01 00:00:00	STT	Cyril E. King International		Passenger Property Loss	Checked Baggage	103299.0	Electronics,Other,Electronics	Denied	0.0	Deny
104506	2007052225769	2007-05-18 00:00:00	2007-04-20 00:00:00	STT	Cyril E. King International	American Airlines	Passenger Property Loss	Checked Baggage	5605.0	Watches & Jewelry,Watches & Jewelry	Denied	0.0	Deny
105034	2007060426140	2007-05-31 00:00:00	2007-05-10 00:00:00	STT	Cyril E. King International	USAir	Passenger Property Loss	Checked Baggage	58.0	Cosmetics	Denied	0.0	Deny
105235	2007060726487	2007-06-04 00:00:00	2007-02-17 00:00:00	STT	Cyril E. King International	UAL	Passenger Property Loss	Checked Baggage	400.0	Electronics	Denied	0.0	Deny
105345	2007060726538	2007-06-05 00:00:00	2007-05-26 00:00:00	STT	Cyril E. King International	American Airlines	Passenger Property Loss	Checked Baggage	94.92	Electronics,Outdoors Supplies	Denied	0.0	Deny
106576	2007070527859	2007-06-29 00:00:00	2007-05-10 00:00:00	STT	Cyril E. King International	Continental Airlines	Passenger Property Loss	Checkpoint	1620.0	Watches & Jewelry	Denied	0.0	Deny
107142	2007071628419	2007-07-11 00:00:00	2007-06-30 00:00:00	STT	Cyril E. King International	USAir	Passenger Property Loss	Checked Baggage	151.33	Watches & Jewelry,Other	Denied	0.0	Deny
107228	2007071828594	2007-07-12 00:00:00	2007-06-25 00:00:00	STT	Cyril E. King International	American Airlines	Passenger Property Loss	Checked Baggage	104.0	Watches & Jewelry	Denied	0.0	Deny
108452	2007080629627	2007-08-03 00:00:00	2007-05-20 00:00:00	STT	Cyril E. King International	American Airlines	Passenger Property Loss	Checked Baggage	44.0	Clothing & Accessories	Denied	0.0	Deny
108615	2007080930004	2007-08-06 00:00:00	2006-12-17 00:00:00	STT	Cyril E. King International	USAir	Passenger Property Loss	Checked Baggage	24.95	Food & Drink	Settled	12.48	Settle
108880	2007081530266	2007-08-10 00:00:00	2007-07-01 00:00:00	STT	Cyril E. King International	American Airlines	Passenger Property Loss	Checked Baggage	679.0	Electronics	Settled	339.5	Settle
109836	2007083031156	2007-08-28 00:00:00	2007-08-26 00:00:00	STT	Cyril E. King International	American Airlines	Passenger Property Loss	Checked Baggage	166.89	Electronics	Denied	0.0	Deny
109905	2007090431287	2007-08-29 00:00:00	2007-07-31 00:00:00	STT	Cyril E. King International	American Airlines	Passenger Property Loss	Checked Baggage	9.99	Tools & Machines	Denied	0.0	Deny
110057	2007091131633	2007-09-04 00:00:00	2007-08-22 00:00:00	STT	Cyril E. King International	American Airlines	Passenger Property Loss	Checked Baggage	35.0	Tools & Machines	Approved	35.0	Approve in Full
110535	2007091431887	2007-09-11 00:00:00	2007-08-30 00:00:00	STT	Cyril E. King International	Spirit Airlines	Passenger Property Loss	Checked Baggage	100.0	Clothing & Accessories	Denied	0.0	Deny
111610	2007100332894	2007-10-02 00:00:00	2007-09-22 00:00:00	STT	Cyril E. King International	American Airlines	Passenger Property Loss	Checked Baggage	213.0	Food & Drink,Containers	Settled	115.0	Settle
111903	2007101233334	2007-10-09 00:00:00	2007-09-27 00:00:00	STT	Cyril E. King International	American Airlines	Passenger Property Loss	Checked Baggage	21.0	Food & Drink	Denied	0.0	Deny
112717	2007102934097	2007-10-25 00:00:00	2007-08-25 00:00:00	STT	Cyril E. King International	American Airlines	Passenger Property Loss	Checked Baggage	148.57	Other	Denied	0.0	Deny
114108	2007112735481	2007-11-23 00:00:00	2007-11-14 00:00:00	STT	Cyril E. King International	USAir	Passenger Property Loss	Checked Baggage	2100.0	Electronics	Denied	0.0	Deny
114917	2007121136343	2007-12-10 00:00:00	2007-12-05 00:00:00	STT	Cyril E. King International	American Airlines	Passenger Property Loss	Checked Baggage	137.91	Cosmetics	Denied	0.0	Deny
114982	2007121436513	2007-12-11 00:00:00	2007-12-03 00:00:00	STT	Cyril E. King International	American Airlines	Passenger Property Loss	Checked Baggage	9.95	Food & Drink	Approved	9.95	Approve in Full
117300	2008020539146	2008-01-25 00:00:00	2008-01-14 00:00:00	STT	Cyril E. King International	USAir	Passenger Property Loss	Checkpoint	48.75	Cosmetics,Supplies	Approved	48.75	Approve in Full
118354	2008022239996	2008-02-14 00:00:00	2007-08-25 00:00:00	STT	Cyril E. King International		Passenger Property Loss	Checked Baggage	9.08	Food & Drink	Denied	0.0	Deny
118640	2008022840264	2008-02-21 00:00:00	2008-02-09 00:00:00	STT	Cyril E. King International	Delta Air Lines	Passenger Property Loss	Checked Baggage	9.8	Tools & Machines	Denied	0.0	Deny
120747	2008041142414	2008-04-03 00:00:00	2008-03-14 00:00:00	STT	Cyril E. King International	USAir	Passenger Property Loss	Checked Baggage	92.0	Watches & Jewelry	Denied	0.0	Deny
124073	2008061645729	2008-06-11 00:00:00	2008-05-17 00:00:00	STT	Cyril E. King International	Delta Air Lines	Passenger Property Loss	Checked Baggage	38.95	Food & Drink	Insufficient, one of the following items required: sum certain, statement of fact, signature, location of incident, and date.		
124079	2008061845808	2008-06-11 00:00:00	2008-06-08 00:00:00	STT	Cyril E. King International	American Airlines	Passenger Property Loss	Checked Baggage	120.0	Cosmetics	Settled	60.0	Settle
124170	2008062045944	2008-06-13 00:00:00	2008-05-30 00:00:00	STT	Cyril E. King International	American Airlines	Passenger Property Loss	Checked Baggage	655.55	Watches & Jewelry,Watches & Jewelry	Denied	0.0	Deny
124358	2008062446083	2008-06-18 00:00:00	2008-06-16 00:00:00	STT	Cyril E. King International	American Airlines	Passenger Property Loss	Checked Baggage	1245.0	Watches & Jewelry,Other	Denied	0.0	Deny
124379	2008062346041	2008-06-19 00:00:00	2008-03-23 00:00:00	STT	Cyril E. King International	Delta Air Lines	Passenger Property Loss	Checked Baggage	58.0	Cosmetics	Denied	0.0	Deny
124589	2008062746263	2008-06-24 00:00:00	2008-06-14 00:00:00	STT	Cyril E. King International	Spirit Airlines	Passenger Property Loss	Checked Baggage	319.41	Electronics,Electronics,Electronics,Electronics,Other	Denied	0.0	Deny
124992	2008070746615	2008-07-02 00:00:00	2008-06-26 00:00:00	STT	Cyril E. King International	American Airlines	Passenger Property Loss	Checked Baggage	258.94	Electronics,Other	Insufficient, one of the following items required: sum certain, statement of fact, signature, location of incident, and date.		
124994	2008071646975	2008-07-02 00:00:00	2008-06-17 00:00:00	STT	Cyril E. King International		Passenger Property Loss	Checkpoint	2200.0	Watches & Jewelry	Insufficient, one of the following items required: sum certain, statement of fact, signature, location of incident, and date.		
125097	2008071046753	2008-07-07 00:00:00	2008-05-13 00:00:00	STT	Cyril E. King International	American Airlines	Passenger Property Loss	Checked Baggage	140.0	Food & Drink	Denied	0.0	Deny
125443	2008071847115	2008-07-14 00:00:00	2008-06-26 00:00:00	STT	Cyril E. King International	American Airlines	Passenger Property Loss	Checked Baggage	1213.59	Tools & Machines,Tools & Machines,Containers,Office Supplies	Denied	0.0	Deny
125510	2008071847118	2008-07-14 00:00:00	2008-05-29 00:00:00	STT	Cyril E. King International	American Airlines	Passenger Property Loss	Checked Baggage		Other	Insufficient, one of the following items required: sum certain, statement of fact, signature, location of incident, and date.		
125845	2008072947641	2008-07-22 00:00:00	2008-07-13 00:00:00	STT	Cyril E. King International	Delta Air Lines	Passenger Property Loss	Checked Baggage	499.0	Electronics	Denied	0.0	Deny
126417	2008080748203	2008-08-04 00:00:00	2008-07-27 00:00:00	STT	Cyril E. King International	USAir	Passenger Property Loss	Checked Baggage	336.49	Electronics,Electronics,Tools & Machines,Containers	Denied	0.0	Deny
126516	2008080748209	2008-08-05 00:00:00	2008-08-03 00:00:00	STT	Cyril E. King International	American Airlines	Passenger Property Loss	Checked Baggage	3251.95	Electronics	Insufficient, one of the following items required: sum certain, statement of fact, signature, location of incident, and date.		
126587	2008081248459	2008-08-06 00:00:00	2008-07-19 00:00:00	STT	Cyril E. King International	American Airlines	Passenger Property Loss	Checked Baggage	77.93	Electronics	Denied	0.0	Deny
127304	2008082549083	2008-08-22 00:00:00	2008-08-11 00:00:00	STT	Cyril E. King International	American Airlines	Passenger Property Loss	Checked Baggage	2500.0	Watches & Jewelry	Denied	0.0	Deny
127972	2008091249823	2008-09-08 00:00:00	2008-08-03 00:00:00	STT	Cyril E. King International	American Airlines	Passenger Property Loss	Checked Baggage	9.95	Tools & Machines	Denied	0.0	Deny
128336	2008091950125	2008-09-16 00:00:00	2008-09-06 00:00:00	STT	Cyril E. King International	American Airlines	Passenger Property Loss	Checked Baggage	1400.0	Electronics,Electronics,Other	Denied	0.0	Deny
128339	2008091950135	2008-09-16 00:00:00	2008-09-13 00:00:00	STT	Cyril E. King International	Delta Air Lines	Passenger Property Loss	Checked Baggage	275.0	Electronics	Denied	0.0	Deny
129234	2008101051033	2008-10-08 00:00:00	2008-09-24 00:00:00	STT	Cyril E. King International	Cape Air	Passenger Property Loss	Checked Baggage	381.59	Electronics,Cosmetics	Denied	0.0	Deny
130068	2008110551949	2008-10-30 00:00:00	2008-10-13 00:00:00	STT	Cyril E. King International	American Airlines	Passenger Property Loss	Checked Baggage	805.0	Other,Watches & Jewelry	Denied	0.0	Deny
130498	2008111752299	2008-11-12 00:00:00	2008-10-26 00:00:00	STT	Cyril E. King International	Cape Air	Passenger Property Loss	Checked Baggage	204.0	Electronics	Denied	0.0	Deny
135328	2009041157311	2009-03-20 00:00:00	2009-03-03 00:00:00	STT	Cyril E. King International	American Airlines	Passenger Property Loss	Checked Baggage	37.9	Food & Drink	Denied	0.0	Deny
136021	2009042958094	2009-04-08 00:00:00	2009-03-18 00:00:00	STT	Cyril E. King International	Delta Air Lines	Passenger Property Loss	Checked Baggage	99.95	Electronics	Denied	0.0	Deny
136462	2009050858470	2009-04-21 00:00:00	2008-12-16 00:00:00	STT	Cyril E. King International	American Airlines	Passenger Property Loss	Checked Baggage	60.0	Clothing & Accessories,Tools & Machines,Containers	Denied	0.0	Deny
136700	2009051558692	2009-04-28 00:00:00	2009-04-21 00:00:00	STT	Cyril E. King International	USAir	Passenger Property Loss	Checked Baggage	700.0	Watches & Jewelry	Denied	0.0	Deny
136727	2009051858755	2009-04-29 00:00:00	2009-04-25 00:00:00	STT	Cyril E. King International	American Airlines	Passenger Property Loss	Checked Baggage	8.99	Tools & Machines	Approved	8.99	Approve in Full
137417	2009052259423	2009-05-19 00:00:00	2009-05-03 00:00:00	STT	Cyril E. King International	Delta Air Lines	Passenger Property Loss	Checked Baggage	148.0	Clothing & Accessories	Denied	0.0	Deny
138503	2009062360527	2009-06-17 00:00:00	2009-05-28 00:00:00	STT	Cyril E. King International	American Airlines	Passenger Property Loss	Checked Baggage	436.78	Electronics,Containers,Electronics	Denied	0.0	Deny
139294	2009071761368	2009-07-09 00:00:00	2009-07-09 00:00:00	STT	Cyril E. King International	American Airlines	Passenger Property Loss	Checked Baggage	204.0	Clothing & Accessories	Denied	0.0	Deny
139950	2009072961903	2009-07-27 00:00:00	2009-07-10 00:00:00	STT	Cyril E. King International	Delta Air Lines	Passenger Property Loss	Checked Baggage	48.0	Tools & Machines	Denied	0.0	Deny
140175	2009080462191	2009-07-31 00:00:00	2009-07-25 00:00:00	STT	Cyril E. King International	Delta Air Lines	Passenger Property Loss	Other	2000.0	Electronics	Denied	0.0	Deny
140267	2009081062426	2009-08-03 00:00:00	2009-07-10 00:00:00	STT	Cyril E. King International	Delta Air Lines	Passenger Property Loss	Checked Baggage	15.99	Food & Drink	Denied	0.0	Deny
140639	2009081462637	2009-08-13 00:00:00	2009-07-27 00:00:00	STT	Cyril E. King International	Delta Air Lines	Passenger Property Loss	Checked Baggage	75.15	Electronics	Denied	0.0	Deny
140646	2009081762686	2009-08-13 00:00:00	2009-08-05 00:00:00	STT	Cyril E. King International	American Airlines	Passenger Property Loss	Checked Baggage	21.93	Tools & Machines	Denied	0.0	Deny
140937	2009082462886	2009-08-24 00:00:00	2009-08-15 00:00:00	STT	Cyril E. King International	UAL	Passenger Property Loss	Checked Baggage	1180.0	Electronics,Electronics	Denied	0.0	Deny
142096	2009093064154	2009-09-24 00:00:00	2009-08-16 00:00:00	STT	Cyril E. King International	American Airlines	Passenger Property Loss	Checkpoint	900.0	Watches & Jewelry	Denied	0.0	Deny
145466	2010020268157	2010-01-27 00:00:00	2010-01-13 00:00:00	STT	Cyril E. King International	Spirit Airlines	Passenger Property Loss	Checked Baggage		Electronics		0.0	Deny
146298	2010031069349	2010-03-03 00:00:00	2010-02-25 15:30:00	STT	Cyril E. King International	Spirit Airlines	Passenger Property Loss	Checked Baggage		Electronics		591.15	Settle
146450	2010031569609	2010-03-08 00:00:00	2010-02-19 00:00:00	STT	Cyril E. King International	American Airlines	Passenger Property Loss	Checked Baggage		Electronics		0.0	Deny
146593	2010031669628	2010-03-11 00:00:00	2010-03-06 00:00:00	STT	Cyril E. King International	Delta Air Lines	Passenger Property Loss	Checkpoint		Electronics			
146607	2010032269791	2010-03-11 00:00:00	2010-02-07 10:00:00	STT	Cyril E. King International	American Airlines	Passenger Property Loss	Checked Baggage		Clothing & Accessories,Clothing & Accessories,Games & Toys		75.0	Approve in Full
146614	2010021968546	2010-03-12 00:00:00	2010-01-10 13:05:00	STT	Cyril E. King International	American Airlines	Passenger Property Loss	Checked Baggage		Cosmetics		0.0	Deny
146633	2010031969763	2010-03-12 00:00:00	2010-03-07 11:30:00	STT	Cyril E. King International	American Airlines	Passenger Property Loss	Checked Baggage		Electronics,Other,Electronics		0.0	Deny
147620	2010041670870	2010-04-12 00:00:00	2010-03-13 13:30:00	STT	Cyril E. King International	USAir	Passenger Property Loss	Checked Baggage		Containers,Clothing & Accessories		0.0	Deny
147635	2010041970945	2010-04-12 00:00:00	2010-03-21 00:00:00	STT	Cyril E. King International	Delta Air Lines	Passenger Property Loss	Checked Baggage		Household Decor,Watches & Jewelry		0.0	Deny
148366	2010050771595	2010-05-04 00:00:00	2010-04-13 23:00:00	STT	Cyril E. King International		Passenger Property Loss	Checked Baggage		Containers,Electronics		230.0	Approve in Full
149015	2010060272265	2010-05-25 00:00:00	2010-05-07 08:00:00	STT	Cyril E. King International	Cape Air	Passenger Property Loss	Checked Baggage		Electronics		0.0	Deny
149446	2010061772763	2010-06-08 00:00:00	2010-05-08 00:00:00	STT	Cyril E. King International	UAL	Passenger Property Loss	Checked Baggage		Cosmetics		0.0	Deny
149558	2010062473064	2010-06-11 00:00:00	2010-05-21 00:00:00	STT	Cyril E. King International	American Airlines	Passenger Property Loss	Checked Baggage		Cosmetics		0.0	Deny
150217	2010070873485	2010-07-01 00:00:00	2010-06-23 12:24:00	STT	Cyril E. King International	Delta Air Lines	Passenger Property Loss	Checked Baggage		Electronics		0.0	Deny
150247	2010070973529	2010-07-02 00:00:00	2010-06-27 12:00:00	STT	Cyril E. King International	Delta Air Lines	Passenger Property Loss	Checked Baggage		Cosmetics		0.0	Deny
150789	2010073174275	2010-07-19 00:00:00	2010-07-11 15:00:00	STT	Cyril E. King International	Delta Air Lines	Passenger Property Loss	Checked Baggage		Electronics		0.0	Deny
151191	2010080674616	2010-07-29 00:00:00	2010-07-23 15:00:00	STT	Cyril E. King International	Delta Air Lines	Passenger Property Loss	Checked Baggage		Cosmetics		0.0	Deny
151466	2010081374924	2010-08-06 00:00:00	2010-05-22 00:00:00	STT	Cyril E. King International	USAir	Passenger Property Loss	Checked Baggage		Containers,Electronics		0.0	Deny
153465	2010101476948	2010-10-04 00:00:00	2010-09-16 00:00:00	STT	Cyril E. King International	Delta Air Lines	Passenger Property Loss	Checked Baggage		Watches & Jewelry			
154094	2010110177518	2010-10-25 00:00:00	2010-10-23 13:28:00	STT	Cyril E. King International	USAir	Passenger Property Loss	Checked Baggage		Clothing & Accessories			
154959	2010120678544	2010-11-22 00:00:00	2010-10-27 00:00:00	STT	Cyril E. King International	American Airlines	Passenger Property Loss	Checked Baggage		Watches & Jewelry		0.0	Deny
157718	2011032181346	2011-02-22 00:00:00	2011-02-10 00:00:00	STT	Cyril E. King International	Delta Air Lines	Passenger Property Loss	Checked Baggage		Food & Drink		0.0	Deny
158199	2011041182069	2011-03-09 00:00:00	2011-02-25 09:00:00	STT	Cyril E. King International	Delta Air Lines	Passenger Property Loss	Checked Baggage		Food & Drink		0.0	Deny
158494	2011040581870	2011-03-21 00:00:00	2011-02-22 00:00:00	STT	Cyril E. King International	American Airlines	Passenger Property Loss	Checked Baggage		Watches & Jewelry		0.0	Deny
159560	2011042682999	2011-04-25 00:00:00	2011-03-22 15:00:00	STT	Cyril E. King International	American Airlines	Passenger Property Loss	Checked Baggage		Outdoors Supplies		0.0	Deny
159693	2011050483222	2011-04-27 00:00:00	2011-04-23 13:00:00	STT	Cyril E. King International		Passenger Property Loss	Checkpoint		Electronics		0.0	Deny
159872	2011051283398	2011-05-03 00:00:00	2011-04-15 00:00:00	STT	Cyril E. King International	USAir	Passenger Property Loss	Checked Baggage		Food & Drink		0.0	Deny
160477	2011060283960	2011-05-24 00:00:00	2011-04-23 16:00:00	STT	Cyril E. King International	UAL	Passenger Property Loss	Checked Baggage		Electronics		0.0	Deny
162556	2011081286106	2011-07-29 00:00:00	2011-07-11 00:00:00	STT	Cyril E. King International	American Airlines	Passenger Property Loss	Checked Baggage		Other			
162835	2011082386382	2011-08-08 00:00:00	2011-07-22 15:00:00	STT	Cyril E. King International	USAir	Passenger Property Loss	Checked Baggage		Clothing & Accessories		0.0	Deny
162885	2011082686430	2011-08-09 00:00:00	2011-06-18 16:30:00	STT	Cyril E. King International	American Airlines	Passenger Property Loss	Checkpoint		Other		35.66	Approve in Full
167876	2012030691542	2012-01-26 00:00:00	2012-01-23 00:00:00	STT	Cyril E. King International	Delta Air Lines	Passenger Property Loss	Checked Baggage		Watches & Jewelry			
167880	2012030691554	2012-01-26 00:00:00	2012-01-16 11:00:00	STT	Cyril E. King International	USAir	Passenger Property Loss	Checkpoint		Watches & Jewelry		0.0	Deny
169476	2012032291992	2012-03-26 00:00:00	2012-02-03 00:00:00	STT	Cyril E. King International	Delta Air Lines	Passenger Property Loss	Checked Baggage		Cosmetics		0.0	Deny
170078	2012050993772	2012-04-16 00:00:00	2012-04-12 00:00:00	STT	Cyril E. King International	American Airlines	Passenger Property Loss	Checked Baggage		Electronics		130.0	Approve in Full
170841	2012060494487	2012-05-10 00:00:00	2012-05-06 00:00:00	STT	Cyril E. King International	Jet Blue	Passenger Property Loss	Checkpoint		Outdoors Supplies			
170874	2012060294469	2012-05-14 00:00:00	2012-05-12 00:00:00	STT	Cyril E. King International	USAir	Passenger Property Loss	Checked Baggage		Electronics		0.0	Deny
171372	2012062794979	2012-05-31 00:00:00	2012-05-23 00:00:00	STT	Cyril E. King International	American Airlines	Passenger Property Loss	Checked Baggage		Electronics		0.0	Deny
172009	2012072595715	2012-06-22 00:00:00	2012-04-21 14:00:00	STT	Cyril E. King International	UAL	Passenger Property Loss	Checked Baggage		Cosmetics		10.69	Approve in Full
172884	2012090596558	2012-07-25 00:00:00	2012-07-10 08:00:00	STT	Cyril E. King International	American Airlines	Passenger Property Loss	Checked Baggage		Containers		0.0	Deny
175591	2012112898930	2012-11-01 00:00:00	2012-10-28 15:00:00	STT	Cyril E. King International	Jet Blue	Passenger Property Loss	Checked Baggage		Watches & Jewelry			
176644	2013012400291	2012-12-12 00:00:00	2012-11-22 00:00:00	STT	Cyril E. King International	American Airlines	Passenger Property Loss	Checked Baggage		Electronics		0.0	Deny
176679	2013020501005	2012-12-12 00:00:00	2012-12-11 00:00:00	STT	Cyril E. King International	American Airlines	Passenger Property Loss	Checked Baggage		Electronics		0.0	Deny
176746	2013012900529	2012-12-18 00:00:00	2012-11-22 00:00:00	STT	Cyril E. King International	American Airlines	Passenger Property Loss	Checked Baggage		Electronics			
176975	2013012800485	2012-12-28 00:00:00	2012-12-22 12:00:00	STT	Cyril E. King International	American Airlines	Passenger Property Loss	Checked Baggage		Other		0.0	Deny
178772	2013030402372	2013-03-04 00:00:00	2013-02-09 00:00:00	STT	Cyril E. King International	Delta Air Lines	Passenger Property Loss	Checked Baggage		Electronics		0.0	Deny
178831	2013031202532	2013-03-05 00:00:00	2013-02-17 14:25:00	STT	Cyril E. King International	American Airlines	Passenger Property Loss	Checked Baggage		Electronics,Outdoors Supplies,Electronics		0.0	Deny
179131	2013032602755	2013-03-15 00:00:00	2013-03-12 00:00:00	STT	Cyril E. King International	Jet Blue	Passenger Property Loss	Checked Baggage		Watches & Jewelry		0.0	Deny
179198	2013032902871	2013-03-19 00:00:00	2013-01-14 00:00:00	STT	Cyril E. King International	USAir	Passenger Property Loss	Checked Baggage		Watches & Jewelry		0.0	Deny
179578	2013042503344	2013-04-02 00:00:00	2013-02-02 13:00:00	STT	Cyril E. King International	Delta Air Lines	Passenger Property Loss	Checked Baggage		Outdoors Supplies,Cosmetics		0.0	Deny
180719	2013061304337	2013-05-16 00:00:00	2013-05-08 12:00:00	STT	Cyril E. King International	Delta Air Lines	Passenger Property Loss	Checked Baggage		Cosmetics		0.0	Deny
180796	2013062104593	2013-05-20 00:00:00	2013-04-15 13:00:00	STT	Cyril E. King International	American Airlines	Passenger Property Loss	Checked Baggage		Watches & Jewelry		0.0	Deny
184985	2013110608742	2013-10-18 00:00:00	2013-02-26 16:30:00	STT	Cyril E. King International	USAir	Passenger Property Loss	Checked Baggage		Watches & Jewelry			
187105	2014011510850	2014-01-08 00:00:00	2013-12-22 00:00:00	STT	Cyril E. King International	USAir	Passenger Property Loss	Checked Baggage		Watches & Jewelry		0.0	Deny
187611	2014020311370	2014-01-28 00:00:00	2014-01-04 00:00:00	STT	Cyril E. King International	UAL	Passenger Property Loss	Checked Baggage		Watches & Jewelry		0.0	Deny
187854	2014021111618	2014-02-07 00:00:00	2014-01-25 00:00:00	STT	Cyril E. King International	Delta Air Lines	Passenger Property Loss	Checked Baggage		Clothing & Accessories,Cosmetics,Watches & Jewelry		0.0	Deny
188153	2014022411923	2014-02-19 00:00:00	2014-02-01 00:00:00	STT	Cyril E. King International	Delta Air Lines	Passenger Property Loss	Checked Baggage		Cosmetics		19.95	Approve in Full
188312	2014022812086	2014-02-24 00:00:00	2014-02-01 00:00:00	STT	Cyril E. King International	Jet Blue	Passenger Property Loss	Checked Baggage		Clothing & Accessories		45.0	Settle
188476	2014030612251	2014-03-05 00:00:00	2014-03-03 00:00:00	STT	Cyril E. King International	American Airlines	Passenger Property Loss	Checked Baggage		Containers		0.0	Deny
190826	2014061614651	2014-06-06 00:00:00	2014-06-01 00:00:00	STT	Cyril E. King International	American Airlines	Passenger Property Loss	Checked Baggage		Watches & Jewelry		0.0	Deny
191796	2014080415644	2014-07-15 00:00:00	2014-07-02 00:00:00	STT	Cyril E. King International	UAL	Passenger Property Loss	Checkpoint		Electronics			
192366	2014082616226	2014-08-05 00:00:00	2014-08-03 00:00:00	STT	Cyril E. King International	Delta (Song)	Passenger Property Loss	Checkpoint		Electronics			
193064	2014092316941	2014-09-04 00:00:00	2014-08-27 00:00:00	STT	Cyril E. King International	Delta Air Lines	Passenger Property Loss	Checked Baggage		Food & Drink		12.99	Settle
193864	2014101617755	2014-10-01 00:00:00	2014-09-16 00:00:00	STT	Cyril E. King International	Delta Air Lines	Passenger Property Loss	Checkpoint		Watches & Jewelry		0.0	Deny
203893	2015021320576	2015-02-11 00:00:00	2015-02-07 00:00:00	STT	Cyril E. King International	UAL	Passenger Property Loss	Checked Baggage		Other,Electronics		0.0	Deny
203894	2015021320582	2015-02-11 00:00:00	2015-02-07 00:00:00	STT	Cyril E. King International	UAL	Passenger Property Loss	Checked Baggage		Electronics		0.0	Deny
203895	2015031821333	2015-03-18 00:00:00	2015-02-17 00:00:00	STT	Cyril E. King International	UAL	Passenger Property Loss	Checkpoint		Clothing & Accessories		198.0	Settle
203896	2015033121639	2015-03-30 00:00:00	2015-03-24 00:00:00	STT	Cyril E. King International	Delta Air Lines	Passenger Property Loss	Checked Baggage		Cosmetics		0.0	Deny
203897	2015040721794	2015-04-07 00:00:00	2015-04-02 00:00:00	STT	Cyril E. King International	Jet Blue	Passenger Property Loss	Checked Baggage		Watches & Jewelry		0.0	Deny
203899	2015062523426	2015-06-17 00:00:00	2015-06-04 00:00:00	STT	Cyril E. King International	American Airlines	Passenger Property Loss	Checked Baggage		Cosmetics,Other		0.0	Deny
203900	2015072124031	2015-07-10 00:00:00	2015-07-07 00:00:00	STT	Cyril E. King International	American Airlines	Passenger Property Loss	Checked Baggage		Food & Drink		0.0	Deny
203901	2015072724244	2015-07-21 00:00:00	2015-05-06 00:00:00	STT	Cyril E. King International	Spirit Airlines	Passenger Property Loss	Checked Baggage		Electronics,Containers,Clothing & Accessories,Cosmetics,Household Decor		0.0	Deny
203902	2015081124796	2015-08-10 00:00:00	2015-08-02 00:00:00	STT	Cyril E. King International	Delta Air Lines	Passenger Property Loss	Checked Baggage		Other		0.0	Deny
203903	2015120427293	2015-10-12 00:00:00	2015-10-12 00:00:00	STT	Cyril E. King International	Delta Air Lines	Passenger Property Loss	Checked Baggage		Containers		0.0	Deny
212144	2016030829457	2016-02-19 00:00:00	2016-02-01 00:00:00	STT	Cyril E. King International Cyril E. King International	American Airlines	Passenger Property Loss	Checked Baggage		Food & Drink			Insufficient
212145	2016060832091	2016-05-27 00:00:00	2016-05-14 08:00:00	STT	Cyril E. King International Cyril E. King International	American Airlines	Passenger Property Loss	Checked Baggage		Watches & Jewelry			Insufficient
212147	2016031029577	2016-02-16 00:00:00	2016-02-15 00:00:00	STT	Cyril E. King International Cyril E. King International	Delta Air Lines	Passenger Property Loss	Checked Baggage		Cosmetics		0.0	Deny
212149	2016041130474	2016-04-11 00:00:00	2016-03-17 00:00:00	STT	Cyril E. King International Cyril E. King International	American Airlines	Passenger Property Loss	Checked Baggage		Clothing & Accessories			In Review
212150	2016041830589	2016-03-30 00:00:00	2016-03-17 13:38:00	STT	Cyril E. King International Cyril E. King International	Delta Air Lines	Passenger Property Loss	Checked Baggage		Electronics			In Review
212151	2016040630416	2016-03-23 00:00:00	2016-03-20 13:30:00	STT	Cyril E. King International Cyril E. King International	American Airlines	Passenger Property Loss	Checked Baggage		Cosmetics			In Review
212152	2016042830942	2016-04-12 00:00:00	2016-03-29 12:30:00	STT	Cyril E. King International Cyril E. King International	American Airlines	Passenger Property Loss	Checked Baggage		Cosmetics,Watches & Jewelry			In Review
212153	2016050931175	2016-04-19 00:00:00	2016-04-18 00:00:00	STT	Cyril E. King International Cyril E. King International	American Airlines	Passenger Property Loss	Checked Baggage		Other			In Review
212154	2016051231297	2016-04-25 00:00:00	2016-04-22 00:00:00	STT	Cyril E. King International Cyril E. King International	Delta Air Lines	Passenger Property Loss	Checked Baggage		Electronics			In Review
212155	2016060832087	2016-05-27 00:00:00	2016-05-02 16:22:00	STT	Cyril E. King International Cyril E. King International	Spirit Airlines	Passenger Property Loss	Checkpoint		Clothing & Accessories			In Review
212156	2016052531725	2016-05-13 00:00:00	2016-05-08 13:00:00	STT	Cyril E. King International Cyril E. King International	American Airlines	Passenger Property Loss	Checked Baggage		Electronics			In Review
212158	2016061632276	2016-06-06 00:00:00	2016-06-04 13:00:00	STT	Cyril E. King International Cyril E. King International	Jet Blue	Passenger Property Loss	Checked Baggage		Cosmetics,Cosmetics,Cosmetics			In Review
212159	2016072032807	2016-06-28 00:00:00	2016-06-17 00:00:00	STT	Cyril E. King International Cyril E. King International	Delta Air Lines	Passenger Property Loss	Checked Baggage		Clothing & Accessories,Watches & Jewelry,Clothing & Accessories			In Review
212160	2016082433265	2016-07-13 00:00:00	2016-06-28 14:00:00	STT	Cyril E. King International Cyril E. King International	Delta Air Lines	Passenger Property Loss	Checked Baggage		Clothing & Accessories			In Review
212163	2016091533575	2016-07-26 00:00:00	2016-07-21 13:30:00	STT	Cyril E. King International Cyril E. King International	Delta Air Lines	Passenger Property Loss	Checked Baggage		Clothing & Accessories			In Review
212164	2016120835946	2016-10-27 00:00:00	2016-08-30 00:00:00	STT	Cyril E. King International Cyril E. King International	Delta Air Lines	Passenger Property Loss	Checked Baggage		Electronics			In Review
212165	2016110135441	2016-09-29 00:00:00	2016-09-06 00:00:00	STT	Cyril E. King International Cyril E. King International	Delta Air Lines	Passenger Property Loss	Checked Baggage		Electronics			In Review
212166	2016121936016	2016-10-25 00:00:00	2016-10-24 00:00:00	STT	Cyril E. King International Cyril E. King International	American Airlines	Passenger Property Loss	Checked Baggage		Cosmetics			In Review
212167	2016122836152	2016-11-21 00:00:00	2016-11-09 00:00:00	STT	Cyril E. King International Cyril E. King International	Delta Air Lines	Passenger Property Loss	Checkpoint		Clothing & Accessories			In Review
212168	2017020737353	2017-01-11 00:00:00	2016-12-22 00:00:00	STT	Cyril E. King International Cyril E. King International	American Airlines	Passenger Property Loss	Checked Baggage		Watches & Jewelry			In Review
220478	2017051239486	2017-04-10 00:00:00	2017-01-13 00:00:00	STT	Cyril E. King International Cyril E. King International	American Airlines	Passenger Property Loss	Checkpoint		Watches & Jewelry			In Review
220479	2017061540721	2017-05-10 00:00:00	2017-04-29 00:00:00	STT	Cyril E. King International Cyril E. King International	American Airlines	Passenger Property Loss	Checkpoint		Electronics			In Review
220481	2017061340588	2017-06-13 00:00:00	2017-04-19 00:00:00	STT	Cyril E. King International Cyril E. King International	Delta Air Lines	Passenger Property Loss	Checked Baggage		Clothing & Accessories			Closed: Canceled
220483	2017091142873	2017-07-17 00:00:00	2017-07-15 16:45:00	STT	Cyril E. King International Cyril E. King International	American Airlines	Passenger Property Loss	Checked Baggage		Clothing & Accessories,Other			In Review
220484	2017081842345	2017-08-18 00:00:00	2017-06-24 07:30:00	STT	Cyril E. King International Cyril E. King International	Jet Blue	Passenger Property Loss	Checked Baggage		Other			In Review
220490	2017081542194	2017-06-27 00:00:00	2017-06-16 06:50:00	STT	Cyril E. King International Cyril E. King International	Jet Blue	Passenger Property Loss	Checkpoint		Watches & Jewelry			In Review