id	claim_number	date_received	incident_date	airport_code	airport_name	airline	claim_type	claim_site	claim_amount	items	status	close_amount	disposition
27928	0212150M	2004-02-12 00:00:00	2004-02-04 00:00:00	STX	Henry E. Rohlsen	American Airlines	Passenger Property Loss	Checked Baggage	1050.0	Electronics	Settled	263.0	Settle
36967	2004062357097	2004-06-03 00:00:00	2004-05-12 00:00:00	STX	Henry E. Rohlsen		Passenger Property Loss	Checked Baggage	1400.0	Other	Settled	198.51	Settle
47968	2004120768692	2004-10-20 00:00:00	2004-09-24 00:00:00	STX	Henry E. Rohlsen		Passenger Property Loss	Checked Baggage	352.0	Electronics	Settled	215.0	Settle
56186	2005030877210	2005-02-01 00:00:00	2005-01-16 00:00:00	STX	Henry E. Rohlsen	American Airlines	Passenger Property Loss	Checked Baggage	2414.99	Watches & Jewelry	Denied	0.0	Deny
56194	2005030877273	2005-02-01 00:00:00	2005-01-12 00:00:00	STX	Henry E. Rohlsen	American Airlines	Passenger Property Loss	Checked Baggage	3038.87	Watches & Jewelry	Denied	0.0	Deny
57638	2005031678461	2005-02-22 00:00:00	2005-02-07 00:00:00	STX	Henry E. Rohlsen	American Airlines	Passenger Property Loss	Checked Baggage	650.0	Other	Denied	0.0	Deny
57652	2005031778697	2005-02-22 00:00:00		STX	Henry E. Rohlsen	Continental Airlines	Passenger Property Loss	Checked Baggage		Other	Insufficient, one of the following items required: sum certain, statement of fact, signature, location of incident, and date.		
57887	2005031778674	2005-02-24 00:00:00	2004-12-13 00:00:00	STX	Henry E. Rohlsen	UAL	Passenger Property Loss	Checked Baggage	257.7	Containers	Denied	0.0	Deny
58040	0129186M	2005-03-01 00:00:00	2004-12-26 00:00:00	STX	Henry E. Rohlsen	American Airlines	Passenger Property Loss	Checked Baggage	511.0	Electronics	Approved	511.0	Approve in Full
58258	2005032279082	2005-03-03 00:00:00	2005-02-05 00:00:00	STX	Henry E. Rohlsen	American Airlines	Passenger Property Loss	Checked Baggage	653.83	Clothing & Accessories	Settled	380.73	Settle
66813	2005063087852	2005-06-23 00:00:00	2005-06-12 00:00:00	STX	Henry E. Rohlsen		Passenger Property Loss	Checked Baggage	105.0	Watches & Jewelry	Denied	0.0	Deny
66836	2005063087959	2005-06-23 00:00:00	2005-06-12 00:00:00	STX	Henry E. Rohlsen		Passenger Property Loss	Checkpoint	483.25	Other	Settled	241.63	Settle
69825	2005081890891	2005-08-09 00:00:00	2005-06-08 00:00:00	STX	Henry E. Rohlsen	American Airlines	Passenger Property Loss	Checkpoint	178.0	Watches & Jewelry	Denied	0.0	Deny
79686	2006020200823	2006-01-27 00:00:00	2005-12-27 00:00:00	STX	Henry E. Rohlsen	UAL	Passenger Property Loss	Checked Baggage	3089.29	Electronics	Denied	0.0	Deny
80473	2006021701710	2006-02-09 00:00:00	2006-01-13 00:00:00	STX	Henry E. Rohlsen	American Airlines	Passenger Property Loss	Checkpoint	450.0	Other	Denied	0.0	Deny
88070	2006071109302	2006-07-10 00:00:00	2006-07-08 00:00:00	STX	Henry E. Rohlsen	American Airlines	Passenger Property Loss	Checked Baggage	108.0	Watches & Jewelry	Denied	0.0	Deny
89358	2006080410539	2006-08-03 00:00:00	2006-07-29 00:00:00	STX	Henry E. Rohlsen	American Airlines	Passenger Property Loss	Checked Baggage	1233.08	Electronics,Other,Electronics	Denied	0.0	Deny
91030	2006091112327	2006-09-05 00:00:00	2006-08-19 00:00:00	STX	Henry E. Rohlsen	American Eagle	Passenger Property Loss	Checked Baggage	1700.0	Clothing & Accessories	Denied	0.0	Deny
92281	2006100313546	2006-09-28 00:00:00	2006-09-17 00:00:00	STX	Henry E. Rohlsen	American Airlines	Passenger Property Loss	Checked Baggage	60.0	Electronics,Electronics	Denied	0.0	Deny
92286	2006100313555	2006-09-28 00:00:00	2006-09-17 00:00:00	STX	Henry E. Rohlsen	American Airlines	Passenger Property Loss	Checked Baggage	705.0	Electronics,Watches & Jewelry	Denied	0.0	Deny
110716	2007091732043	2007-09-14 00:00:00	2007-09-03 00:00:00	STX	Henry E. Rohlsen	American Airlines	Passenger Property Loss	Checked Baggage	26.99	Food & Drink	Denied	0.0	Deny
110720	2007091732051	2007-09-14 00:00:00	2007-09-08 00:00:00	STX	Henry E. Rohlsen	American Airlines	Passenger Property Loss	Checked Baggage	189.0	Watches & Jewelry,Containers	Denied	0.0	Deny
112979	2007110234326	2007-10-31 00:00:00	2007-10-27 00:00:00	STX	Henry E. Rohlsen	American Airlines	Passenger Property Loss	Checked Baggage	180.99	Clothing & Accessories	Denied	0.0	Deny
113268	2007110934773	2007-11-05 00:00:00	2007-10-22 00:00:00	STX	Henry E. Rohlsen	American Airlines	Passenger Property Loss	Checked Baggage	337.26	Electronics	Denied	0.0	Deny
119771	2008032441412	2008-03-17 00:00:00	2008-02-28 00:00:00	STX	Henry E. Rohlsen	American Airlines	Passenger Property Loss	Checked Baggage	84.67	Office Supplies,Other	Denied	0.0	Deny
125422	2008052344770	2008-07-14 00:00:00	2008-04-12 00:00:00	STX	Henry E. Rohlsen	American Airlines	Passenger Property Loss	Checked Baggage	1906.0	Clothing & Accessories,Containers	Denied	0.0	Deny
137615	2009052959584	2009-05-26 00:00:00	2009-05-09 00:00:00	STX	Henry E. Rohlsen		Passenger Property Loss	Checked Baggage	50.0	Household Items	Denied	0.0	Deny
146943	2010032670118	2010-03-22 00:00:00	2010-03-13 00:00:00	STX	Henry E. Rohlsen	Delta Air Lines	Passenger Property Loss	Checked Baggage		Food & Drink		0.0	Deny
146944	2010032670122	2010-03-22 00:00:00	2010-03-13 10:00:00	STX	Henry E. Rohlsen	Delta Air Lines	Passenger Property Loss	Checked Baggage		Food & Drink		0.0	Deny
147590	2010041370768	2010-04-12 00:00:00	2010-04-05 00:00:00	STX	Henry E. Rohlsen	American Airlines	Passenger Property Loss	Checked Baggage		Electronics		0.0	Deny
150101	2010070673361	2010-06-29 00:00:00	2010-06-25 00:00:00	STX	Henry E. Rohlsen	Continental Airlines	Passenger Property Loss	Checked Baggage		Food & Drink		0.0	Deny
155491	2010122178968	2010-12-10 00:00:00	2010-11-30 00:00:00	STX	Henry E. Rohlsen	American Airlines	Passenger Property Loss	Checked Baggage		Cosmetics		8.55	Approve in Full
156665	2011021080097	2011-01-19 00:00:00	2011-01-10 09:15:00	STX	Henry E. Rohlsen	American Airlines	Passenger Property Loss	Checked Baggage		Food & Drink		0.0	Deny
176650	2013012500437	2012-12-12 00:00:00	2012-11-19 00:00:00	STX	Henry E. Rohlsen	American Airlines	Passenger Property Loss	Checked Baggage		Electronics		0.0	Deny
185462	2013111509399	2013-11-06 00:00:00	2013-11-03 00:00:00	STX	Henry E. Rohlsen	American Airlines	Passenger Property Loss	Checked Baggage		Electronics			
188557	2014031112334	2014-03-10 00:00:00	2014-03-05 00:00:00	STX	Henry E. Rohlsen	Seaborne Airlines	Passenger Property Loss	Checked Baggage		Watches & Jewelry		0.0	Deny
203909	2015021120528	2015-02-11 00:00:00	2015-01-18 00:00:00	STX	Henry E. Rohlsen	American Airlines	Passenger Property Loss	Checkpoint		Watches & Jewelry		0.0	Deny
203911	2015040221720	2015-04-02 00:00:00	2015-03-29 00:00:00	STX	Henry E. Rohlsen	American Airlines	Passenger Property Loss	Checked Baggage		Watches & Jewelry		0.0	Deny
203913	2015061223125	2015-06-04 00:00:00	2015-02-01 00:00:00	STX	Henry E. Rohlsen	American Airlines	Passenger Property Loss	Checked Baggage		Other,Outdoors Supplies		0.0	Deny
212172	2016042930966	2016-04-15 00:00:00	2016-03-14 16:15:00	STX	Henry E. Rohlsen Henry E. Rohlsen	Jet Blue	Passenger Property Loss	Checked Baggage		Outdoors Supplies		0.0	Deny