id	claim_number	date_received	incident_date	airport_code	airport_name	airline	claim_type	claim_site	claim_amount	items	status	close_amount	disposition
13381	0814093M	2003-08-14 00:00:00	2003-08-06 00:00:00	TRI	Tri-Cities Regional	Delta Air Lines	Passenger Property Loss	Checked Baggage	279.0	Clothing & Accessories	Settled	199.0	Settle
16293	0923049M	2003-09-23 00:00:00	2003-09-04 00:00:00	TRI	Tri-Cities Regional	Delta Air Lines	Passenger Property Loss	Checked Baggage	35.94	Other	Settled	17.97	Settle
25027	0114091M	2004-01-14 00:00:00	2004-01-04 00:00:00	TRI	Tri-Cities Regional		Passenger Property Loss	Checked Baggage	51.5	Other	Settled	25.75	Settle
25694	0129170M	2004-01-29 00:00:00	2003-12-27 00:00:00	TRI	Tri-Cities Regional	Delta Air Lines	Passenger Property Loss	Checked Baggage	50.0	Clothing & Accessories	Approved	50.0	Approve in Full
34875	2004061455696	2004-05-10 00:00:00	2004-04-24 00:00:00	TRI	Tri-Cities Regional	UAL	Passenger Property Loss	Checked Baggage	1190.0	Watches & Jewelry	Approved	1190.0	Approve in Full
42444	2004092763924	2004-08-10 00:00:00	2004-07-24 00:00:00	TRI	Tri-Cities Regional	Northwest Airlines	Passenger Property Loss	Checked Baggage	706.62	Containers	Settled	353.31	Settle
42563	2004092163291	2004-08-13 00:00:00	2004-04-11 00:00:00	TRI	Tri-Cities Regional	USAir	Passenger Property Loss	Checked Baggage	88.0	Clothing & Accessories	Approved	88.0	Approve in Full
43537	2004092163288	2004-08-27 00:00:00	2004-08-08 00:00:00	TRI	Tri-Cities Regional	Delta Air Lines	Passenger Property Loss	Checked Baggage	449.33	Electronics	Settled	229.95	Settle
45009	2004103166005	2004-09-16 00:00:00	2004-08-25 00:00:00	TRI	Tri-Cities Regional	USAir	Passenger Property Loss	Checked Baggage	70.0	Other	Approved	70.0	Approve in Full
46039	2004110866703	2004-09-28 00:00:00	2004-09-13 00:00:00	TRI	Tri-Cities Regional		Passenger Property Loss	Checked Baggage	2000.0	Electronics	Denied	0.0	Deny
46447	2004111767289	2004-10-01 00:00:00	2004-08-02 00:00:00	TRI	Tri-Cities Regional	Northwest Airlines	Passenger Property Loss	Checked Baggage	460.0	Clothing & Accessories	Settled	368.37	Settle
46587	2004111867334	2004-10-05 00:00:00	2004-08-26 00:00:00	TRI	Tri-Cities Regional	Delta Air Lines	Passenger Property Loss	Checked Baggage	500.0	Other	Approved	500.0	Approve in Full
47190	2004113068038	2004-10-14 00:00:00	2004-08-29 00:00:00	TRI	Tri-Cities Regional	Northwest Airlines	Passenger Property Loss	Checked Baggage	45.0	Other	Approved	45.0	Approve in Full
49110	2004122370644	2004-11-04 00:00:00	2004-09-29 00:00:00	TRI	Tri-Cities Regional	Southwest Airlines	Passenger Property Loss	Checked Baggage	4198.75	Watches & Jewelry	Canceled	0.0	
51061	2004122971527	2004-12-02 00:00:00	2004-10-29 00:00:00	TRI	Tri-Cities Regional		Passenger Property Loss	Checked Baggage	68.25	Watches & Jewelry	Approved	68.25	Approve in Full
54091	2005020375524	2005-01-11 00:00:00	2004-12-21 00:00:00	TRI	Tri-Cities Regional	Delta Air Lines	Passenger Property Loss	Checked Baggage	150.0	Watches & Jewelry	Approved	150.0	Approve in Full
56811	2005031978831	2005-02-08 00:00:00	2005-01-05 00:00:00	TRI	Tri-Cities Regional		Passenger Property Loss	Checkpoint	2000.0	Other	Denied	0.0	Deny
56927	2005031978809	2005-02-09 00:00:00	2004-12-20 00:00:00	TRI	Tri-Cities Regional	USAir	Passenger Property Loss	Checked Baggage	4575.0	Watches & Jewelry	Denied	0.0	Deny
60796	2005040681763	2005-04-05 00:00:00	2005-03-11 00:00:00	TRI	Tri-Cities Regional	Delta Air Lines	Passenger Property Loss	Checked Baggage	68.06	Other	Approved	68.06	Approve in Full
64065	2005051985123	2005-05-17 00:00:00	2005-05-10 00:00:00	TRI	Tri-Cities Regional	Delta Air Lines	Passenger Property Loss	Checked Baggage	69.5	Clothing & Accessories	Canceled	0.0	
64254	2005052485484	2005-05-18 00:00:00	2005-04-30 00:00:00	TRI	Tri-Cities Regional	Delta Air Lines	Passenger Property Loss	Checked Baggage	273.73	Electronics	Approved	273.73	Approve in Full
65279	2005061086250	2005-06-01 00:00:00	2005-05-01 00:00:00	TRI	Tri-Cities Regional	USAir	Passenger Property Loss	Checked Baggage	649.45	Electronics	Settled	477.08	Settle
65730	2005062186730	2005-06-07 00:00:00	2003-06-10 00:00:00	TRI	Tri-Cities Regional	Delta Air Lines	Passenger Property Loss	Other	220.0	Electronics	Settled	110.72	Settle
66919	2005070188021	2005-06-27 00:00:00	2005-06-19 00:00:00	TRI	Tri-Cities Regional	Delta Air Lines	Passenger Property Loss	Checked Baggage	145.0	Cosmetics	Approved	145.0	Approve in Full
68209	2005071889201	2005-07-15 00:00:00	2005-06-26 00:00:00	TRI	Tri-Cities Regional	UAL	Passenger Property Loss	Checked Baggage	1005.0	Other	Denied	0.0	Deny
72531	2005100393761	2005-09-21 00:00:00	2005-06-14 00:00:00	TRI	Tri-Cities Regional	USAir	Passenger Property Loss	Checked Baggage	1135.26	Watches & Jewelry	Denied	0.0	Deny
72620	2005100393719	2005-09-23 00:00:00	2005-09-13 00:00:00	TRI	Tri-Cities Regional		Passenger Property Loss	Checked Baggage	35.0	Containers	Denied	0.0	Deny
76668	2005121697937	2005-12-06 00:00:00	2005-11-04 00:00:00	TRI	Tri-Cities Regional	Delta Air Lines	Passenger Property Loss	Checked Baggage	750.0	Electronics	Denied	0.0	Deny
79749	2006020300938	2006-01-27 00:00:00	2005-12-21 00:00:00	TRI	Tri-Cities Regional	Delta Air Lines	Passenger Property Loss	Checked Baggage	70.0	Other	Settled	30.0	Settle
79994	2006020901242	2006-02-02 00:00:00	2006-01-27 00:00:00	TRI	Tri-Cities Regional	Delta Air Lines	Passenger Property Loss	Checked Baggage	200.0	Other	Approved	200.0	Approve in Full
81186	2006030202375	2006-02-24 00:00:00	2006-02-11 00:00:00	TRI	Tri-Cities Regional		Passenger Property Loss	Checked Baggage	20.0	Clothing & Accessories	Approved	20.0	Approve in Full
90228	2006082311469	2006-08-21 00:00:00	2006-06-23 00:00:00	TRI	Tri-Cities Regional		Passenger Property Loss	Checked Baggage	65.0	Cosmetics	Denied	0.0	Deny
91178	2006091312461	2006-09-07 00:00:00	2006-09-04 00:00:00	TRI	Tri-Cities Regional	Delta Air Lines	Passenger Property Loss	Checked Baggage	9.49	Tools & Machines	Approved	9.49	Approve in Full
91746	2006092213108	2006-09-18 00:00:00	2006-05-14 00:00:00	TRI	Tri-Cities Regional	British Airways	Passenger Property Loss	Checked Baggage	4056.0	Office Supplies,Clothing & Accessories,Cosmetics,Other,Outdoors Supplies,Games & Toys,Electronics	Denied	0.0	Deny
92914	2006102014227	2006-10-12 00:00:00	2006-09-20 00:00:00	TRI	Tri-Cities Regional		Passenger Property Loss	Checked Baggage	9.99	Tools & Machines	Approved	9.99	Approve in Full
94265	2006111515610	2006-11-07 00:00:00	2006-10-27 00:00:00	TRI	Tri-Cities Regional	USAir	Passenger Property Loss	Checked Baggage	75.0	Other	Denied	0.0	Deny
98318	2007012419417	2007-01-18 00:00:00	2006-12-28 00:00:00	TRI	Tri-Cities Regional		Passenger Property Loss	Checked Baggage	12.0	Other	Approved	12.0	Approve in Full
100192	2007022221355	2007-02-21 00:00:00	2007-01-12 00:00:00	TRI	Tri-Cities Regional	USAir	Passenger Property Loss	Checked Baggage	2450.0	Watches & Jewelry	Denied	0.0	Deny
111131	2007092532502	2007-09-21 00:00:00	2007-08-08 00:00:00	TRI	Tri-Cities Regional	Delta Air Lines	Passenger Property Loss	Checked Baggage	400.0	Watches & Jewelry	Settled	200.0	Settle
111294	2007092732690	2007-09-26 00:00:00	2007-09-16 00:00:00	TRI	Tri-Cities Regional	Allegiant Air	Passenger Property Loss	Checked Baggage	99.88	Electronics	Canceled	0.0	
113740	2007111535053	2007-11-15 00:00:00	2007-11-13 00:00:00	TRI	Tri-Cities Regional	Allegiant Air	Passenger Property Loss	Checked Baggage	200.0	Supplies	Denied	0.0	Deny
113961	2007112735460	2007-11-19 00:00:00	2007-11-04 00:00:00	TRI	Tri-Cities Regional	USAir	Passenger Property Loss	Checked Baggage	35.0	Clothing & Accessories	Denied	0.0	Deny
115753	2008010237139	2007-12-27 00:00:00	2007-12-25 00:00:00	TRI	Tri-Cities Regional	USAir	Passenger Property Loss	Checked Baggage	93.0	Outdoors Supplies	Denied	0.0	Deny
120764	2008041142449	2008-04-03 00:00:00	2008-03-21 00:00:00	TRI	Tri-Cities Regional	Delta Air Lines	Passenger Property Loss	Checked Baggage	80.0	Clothing & Accessories,Containers	Denied	0.0	Deny
122102	2008050243723	2008-04-29 00:00:00	2008-04-06 00:00:00	TRI	Tri-Cities Regional	Delta Air Lines	Passenger Property Loss	Checked Baggage	110.0	Other	Settled	55.0	Settle
123813	2008061145514	2008-06-06 00:00:00	2008-05-29 00:00:00	TRI	Tri-Cities Regional	Delta Air Lines	Passenger Property Loss	Checkpoint	186.4	Scientific Intruments	Approved	186.4	Approve in Full
127571	2008090249330	2008-08-28 00:00:00	2008-08-18 00:00:00	TRI	Tri-Cities Regional	Delta Air Lines	Passenger Property Loss	Checked Baggage	35.0	Clothing & Accessories	Denied	0.0	Deny
128673	2008092650541	2008-09-23 00:00:00	2008-09-08 00:00:00	TRI	Tri-Cities Regional	Delta Air Lines	Passenger Property Loss	Checked Baggage	160.0	Other	Settled	80.0	Settle
133021	2009012754968	2009-01-15 00:00:00	2009-01-02 00:00:00	TRI	Tri-Cities Regional	Delta Air Lines	Passenger Property Loss	Checked Baggage	1493.46	Electronics	Denied	0.0	Deny
148941	2010052772160	2010-05-24 00:00:00	2010-05-21 13:00:00	TRI	Tri-Cities Regional	USAir	Passenger Property Loss	Checked Baggage		Clothing & Accessories			
152353	2010090775718	2010-08-31 00:00:00	2010-08-11 19:00:00	TRI	Tri-Cities Regional	Allegiant Air	Passenger Property Loss	Checked Baggage		Electronics,Clothing & Accessories,Other,Watches & Jewelry,Other		0.0	Deny
152492	2010091075875	2010-09-07 00:00:00	2010-08-22 15:30:00	TRI	Tri-Cities Regional	USAir	Passenger Property Loss	Checked Baggage		Containers,Cosmetics,Cosmetics,Watches & Jewelry		125.0	Approve in Full
152552	2010091576003	2010-09-07 00:00:00	2010-08-19 05:00:00	TRI	Tri-Cities Regional	USAir	Passenger Property Loss	Checked Baggage		Watches & Jewelry		0.0	Deny
152779	2010092476357	2010-09-13 00:00:00	2010-08-10 15:00:00	TRI	Tri-Cities Regional	Delta Air Lines	Passenger Property Loss	Checked Baggage		Clothing & Accessories		0.0	Deny
153233	2010092876476	2010-09-28 00:00:00	2010-09-16 00:00:00	TRI	Tri-Cities Regional	Delta Air Lines	Passenger Property Loss	Checked Baggage		Electronics,Office Supplies		0.0	Deny
153536	2010101276881	2010-10-06 00:00:00	2010-09-22 05:00:00	TRI	Tri-Cities Regional	Delta Air Lines	Passenger Property Loss	Checked Baggage		Cosmetics		78.07	Approve in Full
153851	2010102377261	2010-10-18 00:00:00	2010-09-27 00:00:00	TRI	Tri-Cities Regional	Delta Air Lines	Passenger Property Loss	Checked Baggage		Cosmetics		16.26	Approve in Full
158955	2011041382401	2011-04-04 00:00:00	2011-03-03 00:00:00	TRI	Tri-Cities Regional	USAir	Passenger Property Loss	Checked Baggage		Electronics			
160211	2011052483719	2011-05-16 00:00:00	2011-05-08 05:30:00	TRI	Tri-Cities Regional	USAir	Passenger Property Loss	Checked Baggage		Other		390.0	Settle
162100	2011071585286	2011-07-18 00:00:00	2011-06-11 00:00:00	TRI	Tri-Cities Regional	American Airlines	Passenger Property Loss	Checked Baggage		Clothing & Accessories			
162788	2011082586405	2011-08-05 00:00:00	2011-05-17 00:00:00	TRI	Tri-Cities Regional	Delta Air Lines	Passenger Property Loss	Checked Baggage		Electronics		0.0	Deny
165291	2011111589019	2011-10-28 00:00:00	2011-10-22 11:00:00	TRI	Tri-Cities Regional	USAir	Passenger Property Loss	Checked Baggage		Cosmetics		0.0	Deny
167334	2012011190153	2012-01-11 00:00:00	2011-11-19 00:00:00	TRI	Tri-Cities Regional	USAir	Passenger Property Loss	Checked Baggage		Watches & Jewelry		0.0	Deny
171960	2012072595695	2012-06-20 00:00:00	2012-05-23 13:05:00	TRI	Tri-Cities Regional	Delta Air Lines	Passenger Property Loss	Checked Baggage		Cosmetics		0.0	Deny
173155	2012082896325	2012-08-06 00:00:00	2012-05-26 00:00:00	TRI	Tri-Cities Regional	USAir	Passenger Property Loss	Checked Baggage		Containers,Clothing & Accessories		0.0	Deny
182597	2013081805997	2013-07-22 00:00:00	2013-06-21 00:00:00	TRI	Tri-Cities Regional	USAir	Passenger Property Loss	Checked Baggage		Electronics,Electronics		0.0	Deny
186106	2013121710114	2013-12-03 00:00:00	2013-11-22 08:00:00	TRI	Tri-Cities Regional	Delta Air Lines	Passenger Property Loss	Checked Baggage		Outdoors Supplies			
189675	2014042413481	2014-04-19 00:00:00	2014-04-16 00:00:00	TRI	Tri-Cities Regional	USAir	Passenger Property Loss	Checked Baggage		Electronics			
191887	2014080615736	2014-07-17 00:00:00	2014-05-08 00:00:00	TRI	Tri-Cities Regional	USAir	Passenger Property Loss	Checked Baggage		Cosmetics		0.0	Deny
193009	2014092216885	2014-09-04 00:00:00	2014-08-20 00:00:00	TRI	Tri-Cities Regional	USAir	Passenger Property Loss	Checked Baggage		Electronics			
193123	2014092517002	2014-09-11 00:00:00	2014-09-05 00:00:00	TRI	Tri-Cities Regional	Delta Air Lines	Passenger Property Loss	Checked Baggage		Electronics			
194781	2014112818694	2014-11-18 00:00:00	2014-11-05 00:00:00	TRI	Tri-Cities Regional	Delta Air Lines	Passenger Property Loss	Checked Baggage		Cosmetics		0.0	Deny
204040	2015030621065	2015-03-09 00:00:00	2015-02-20 00:00:00	TRI	Tri-Cities Regional	USAir	Passenger Property Loss	Checked Baggage		Clothing & Accessories		145.0	Approve in Full
204042	2015072824301	2015-07-13 00:00:00	2015-07-09 00:00:00	TRI	Tri-Cities Regional	Allegiant Air	Passenger Property Loss	Checked Baggage		Electronics		0.0	Deny
212274	2016082433284	2016-07-14 00:00:00	2016-06-23 00:00:00	TRI	Tri-Cities Regional Tri-Cities Regional	American Airlines	Passenger Property Loss	Checked Baggage		Electronics		0.0	Deny
212275	2017012136744	2016-12-05 00:00:00	2016-09-15 05:30:00	TRI	Tri-Cities Regional Tri-Cities Regional		Passenger Property Loss	Checked Baggage		Household Items			In Review
220604	2017103144900	2017-10-02 00:00:00	2017-09-18 11:00:00	TRI	Tri-Cities Regional Tri-Cities Regional	American Airlines	Passenger Property Loss	Checked Baggage		Cosmetics			In Review