id	claim_number	date_received	incident_date	airport_code	airport_name	airline	claim_type	claim_site	claim_amount	items	status	close_amount	disposition
40703	2004090161832	2004-07-20 00:00:00	2004-06-28 00:00:00	XNA	Northwest Arkansas Regional	American Airlines	Passenger Property Loss	Checked Baggage	864.0	Electronics	Settled	151.51	Settle
55919	2005021676305	2005-01-28 00:00:00	2004-12-02 00:00:00	XNA	Northwest Arkansas Regional	American Airlines	Passenger Property Loss	Checked Baggage	385.0	Watches & Jewelry	Settled	192.5	Settle
56810	2005031978830	2005-02-08 00:00:00	2004-12-23 00:00:00	XNA	Northwest Arkansas Regional		Passenger Property Loss	Checkpoint	50.0	Other	Denied	0.0	Deny
62964	2005050484020	2005-05-02 00:00:00	2005-04-17 00:00:00	XNA	Northwest Arkansas Regional	American Airlines	Passenger Property Loss	Checked Baggage	10.0	Tools & Machines	Approved	10.0	Approve in Full
64049	2005052385279	2005-05-17 00:00:00	2005-05-13 00:00:00	XNA	Northwest Arkansas Regional		Passenger Property Loss	Checkpoint	550.0	Electronics	Approved	550.0	Approve in Full
67733	2005071889125	2005-07-08 00:00:00	2005-06-29 00:00:00	XNA	Northwest Arkansas Regional	American Airlines	Passenger Property Loss	Checked Baggage	186.64	Other	Settled	93.32	Settle
68315	2005072089326	2005-07-18 00:00:00	2005-06-29 00:00:00	XNA	Northwest Arkansas Regional	American Airlines	Passenger Property Loss	Checked Baggage	30.0	Other	Settled	15.0	Settle
68482	2005072289528	2005-07-20 00:00:00	2005-07-05 00:00:00	XNA	Northwest Arkansas Regional	Delta Air Lines	Passenger Property Loss	Checked Baggage	300.0	Other	Denied	0.0	Deny
71811	2005092092870	2005-09-14 00:00:00	2005-09-06 00:00:00	XNA	Northwest Arkansas Regional		Passenger Property Loss	Checked Baggage	30.0	Other	Approved	30.0	Approve in Full
71828	2005092092964	2005-09-14 00:00:00	2005-08-28 00:00:00	XNA	Northwest Arkansas Regional		Passenger Property Loss	Checked Baggage	6.59	Tools & Machines	Approved	6.59	Approve in Full
73355	2005101294441	2005-10-05 00:00:00	2005-09-29 00:00:00	XNA	Northwest Arkansas Regional	Delta Air Lines	Passenger Property Loss	Checked Baggage	50.0	Other	Denied	0.0	Deny
78013	2006011099289	2006-01-04 00:00:00	2005-10-18 00:00:00	XNA	Northwest Arkansas Regional	UAL	Passenger Property Loss	Checked Baggage	24.99	Cosmetics	Approved	24.99	Approve in Full
80895	2006022302038	2006-02-17 00:00:00	2006-02-09 00:00:00	XNA	Northwest Arkansas Regional	American Airlines	Passenger Property Loss	Checked Baggage	2624.48	Electronics	Canceled	0.0	
81178	2006022802279	2006-02-24 00:00:00	2006-01-03 00:00:00	XNA	Northwest Arkansas Regional	American Airlines	Passenger Property Loss	Checked Baggage	50.0	Electronics	Approved	50.0	Approve in Full
83210	2006041904726	2006-04-01 00:00:00	2006-02-20 00:00:00	XNA	Northwest Arkansas Regional	American Airlines	Passenger Property Loss	Checked Baggage		Other	Insufficient, one of the following items required: sum certain, statement of fact, signature, location of incident, and date.		
88285	2006071409503	2006-07-13 00:00:00	2006-06-23 00:00:00	XNA	Northwest Arkansas Regional	Northwest Airlines	Passenger Property Loss	Checked Baggage	30.69	Outdoors Supplies	Approved	30.69	Approve in Full
90083	2006082511556	2006-08-17 00:00:00	2006-07-19 00:00:00	XNA	Northwest Arkansas Regional	Northwest Airlines	Passenger Property Loss	Checked Baggage	450.0	Watches & Jewelry	Denied	0.0	Deny
91998	2006092613275	2006-09-21 00:00:00	2006-08-31 00:00:00	XNA	Northwest Arkansas Regional	American Airlines	Passenger Property Loss	Checked Baggage	336.68	Clothing & Accessories,Cosmetics,Supplies	Settled	289.1	Settle
93426	2006102714691	2006-10-20 00:00:00	2006-10-11 00:00:00	XNA	Northwest Arkansas Regional	Northwest Airlines	Passenger Property Loss	Checked Baggage	143.02	Electronics,Clothing & Accessories	Denied	0.0	Deny
96239	2006122017535	2006-12-14 00:00:00	2006-12-07 00:00:00	XNA	Northwest Arkansas Regional	Continental Airlines	Passenger Property Loss	Checked Baggage	21.4	Games & Toys	Denied	0.0	Deny
97277	2007010518389	2007-01-03 00:00:00	2006-12-10 00:00:00	XNA	Northwest Arkansas Regional		Passenger Property Loss	Checked Baggage	1500.0	Electronics	Denied	0.0	Deny
98871	2007013119891	2007-01-26 00:00:00	2007-01-22 00:00:00	XNA	Northwest Arkansas Regional	American Airlines	Passenger Property Loss	Checked Baggage	999.0	Electronics	Denied	0.0	Deny
99650	2007021520948	2007-02-09 00:00:00	2007-01-28 00:00:00	XNA	Northwest Arkansas Regional		Passenger Property Loss	Checked Baggage	250.0	Other	Canceled	0.0	
101844	2007032823092	2007-03-26 00:00:00	2007-03-02 00:00:00	XNA	Northwest Arkansas Regional	Delta Air Lines	Passenger Property Loss	Checked Baggage	274.6	Cosmetics,Cosmetics,Other	Denied	0.0	Deny
103663	2007050324941	2007-05-01 00:00:00	2007-03-11 00:00:00	XNA	Northwest Arkansas Regional	Delta Air Lines	Passenger Property Loss	Checked Baggage	198.79	Clothing & Accessories	Denied	0.0	Deny
104177	2007051725531	2007-05-14 00:00:00	2007-05-06 00:00:00	XNA	Northwest Arkansas Regional	Delta Air Lines	Passenger Property Loss	Checked Baggage	75.0	Clothing & Accessories	Approved	75.0	Approve in Full
106854	2007071228182	2007-07-06 00:00:00	2007-06-26 00:00:00	XNA	Northwest Arkansas Regional	American Airlines	Passenger Property Loss	Checked Baggage	37.9	Other	Approved	37.9	Approve in Full
108440	2007080629656	2007-08-03 00:00:00	2007-07-23 00:00:00	XNA	Northwest Arkansas Regional		Passenger Property Loss	Checked Baggage	7.0	Tools & Machines	Approved	7.0	Approve in Full
108444	2007080829809	2007-08-03 00:00:00	2007-06-06 00:00:00	XNA	Northwest Arkansas Regional	American Airlines	Passenger Property Loss	Checked Baggage	9.95	Tools & Machines	Approved	9.95	Approve in Full
110473	2007091832096	2007-09-10 00:00:00	2007-08-12 00:00:00	XNA	Northwest Arkansas Regional		Passenger Property Loss	Checked Baggage	12.0	Tools & Machines	Denied	0.0	Deny
110848	2007091932263	2007-09-17 00:00:00	2007-08-10 00:00:00	XNA	Northwest Arkansas Regional	American Airlines	Passenger Property Loss	Checked Baggage	50.0	Other	Denied	0.0	Deny
110878	2007091832140	2007-09-18 00:00:00	2007-09-14 00:00:00	XNA	Northwest Arkansas Regional		Passenger Property Loss	Checkpoint	50.0	Electronics	Approved	50.0	Approve in Full
113031	2007110534489	2007-10-31 00:00:00	2007-10-27 00:00:00	XNA	Northwest Arkansas Regional	Delta Air Lines	Passenger Property Loss	Checked Baggage	17.62	Other	Denied	0.0	Deny
116312	2008010937619	2008-01-07 00:00:00	2007-12-24 00:00:00	XNA	Northwest Arkansas Regional	Delta Air Lines	Passenger Property Loss	Checked Baggage	171.98	Cosmetics,Clothing & Accessories,Supplies	Settled	85.99	Settle
118868	2008030640525	2008-02-26 00:00:00	2007-12-20 00:00:00	XNA	Northwest Arkansas Regional	American Airlines	Passenger Property Loss	Checked Baggage	21.68	Tools & Machines	Approved	21.68	Approve in Full
119173	2008031140820	2008-03-03 00:00:00	2008-02-17 00:00:00	XNA	Northwest Arkansas Regional	American Airlines	Passenger Property Loss	Checked Baggage	350.0	Electronics,Other	Denied	0.0	Deny
124894	2008070746614	2008-07-01 00:00:00	2008-06-15 00:00:00	XNA	Northwest Arkansas Regional	UAL	Passenger Property Loss	Checked Baggage	174.35	Clothing & Accessories	Denied	0.0	Deny
129569	2008102351486	2008-10-17 00:00:00	2008-03-29 00:00:00	XNA	Northwest Arkansas Regional	American Airlines	Passenger Property Loss	Checked Baggage	279.0	Electronics,Clothing & Accessories	Denied	0.0	Deny
130081	2008110551927	2008-10-31 00:00:00	2008-10-18 00:00:00	XNA	Northwest Arkansas Regional	American Eagle	Passenger Property Loss	Checked Baggage	100.0	Cosmetics,Other	Approved	100.0	Approve in Full
130110	2008110551958	2008-10-31 00:00:00	2008-10-13 00:00:00	XNA	Northwest Arkansas Regional	American Airlines	Passenger Property Loss	Checked Baggage	230.0	Electronics	Denied	0.0	Deny
131551	2008121753464	2008-12-09 00:00:00	2008-11-28 00:00:00	XNA	Northwest Arkansas Regional	Northwest Airlines	Passenger Property Loss	Checked Baggage	362.08	Electronics	Denied	0.0	Deny
135278	2009040857226	2009-03-19 00:00:00	2009-03-12 00:00:00	XNA	Northwest Arkansas Regional	American Airlines	Passenger Property Loss	Checked Baggage	4000.0	Clothing & Accessories,Watches & Jewelry,Electronics	Denied	0.0	Deny
136292	2009050158267	2009-04-16 00:00:00	2009-04-10 00:00:00	XNA	Northwest Arkansas Regional	American Airlines	Passenger Property Loss	Checked Baggage	654.97	Clothing & Accessories	Denied	0.0	Deny
136579	2009051458618	2009-04-23 00:00:00	2009-03-29 00:00:00	XNA	Northwest Arkansas Regional	Northwest Airlines	Passenger Property Loss	Checked Baggage	59.99	Other	Denied	0.0	Deny
137928	2009060959987	2009-06-03 00:00:00	2009-04-19 00:00:00	XNA	Northwest Arkansas Regional	American Airlines	Passenger Property Loss	Checked Baggage	6.02	Tools & Machines	Denied	0.0	Deny
138310	2009050658394	2009-06-12 00:00:00	2009-03-22 00:00:00	XNA	Northwest Arkansas Regional	Delta Air Lines	Passenger Property Loss	Checked Baggage	200.0	Outdoors Supplies	Denied	0.0	Deny
138653	2009070160777	2009-06-22 00:00:00	2009-06-19 00:00:00	XNA	Northwest Arkansas Regional	American Airlines	Passenger Property Loss	Checked Baggage	117.0	Tools & Machines	Denied	0.0	Deny
141804	2009092263916	2009-09-16 00:00:00	2009-08-30 00:00:00	XNA	Northwest Arkansas Regional	Allegiant Air	Passenger Property Loss	Checkpoint	400.0	Electronics	Denied	0.0	Deny
143879	2009120466081	2009-11-20 00:00:00	2009-11-08 09:00:00	XNA	Northwest Arkansas Regional	American Airlines	Passenger Property Loss	Checked Baggage	391.0	Other	Denied	0.0	Deny
145142	2010010567163	2010-01-05 00:00:00	2010-01-05 00:00:00	XNA	Northwest Arkansas Regional	American Airlines	Passenger Property Loss	Checked Baggage		Electronics,Electronics		193.98	Approve in Full
150997	2010080474391	2010-07-26 00:00:00	2010-06-22 00:00:00	XNA	Northwest Arkansas Regional	American Airlines	Passenger Property Loss	Checked Baggage		Watches & Jewelry,Other		140.65	Approve in Full
153876	2010102377293	2010-10-18 00:00:00	2010-09-29 06:45:00	XNA	Northwest Arkansas Regional	American Airlines	Passenger Property Loss	Checked Baggage		Cosmetics		19.85	Approve in Full
166320	2012010389925	2011-12-06 00:00:00	2011-11-28 00:00:00	XNA	Northwest Arkansas Regional		Passenger Property Loss	Checkpoint		Electronics		0.0	Deny
168758	2012042593250	2012-02-27 00:00:00	2012-02-16 00:00:00	XNA	Northwest Arkansas Regional	American Airlines	Passenger Property Loss	Checked Baggage		Clothing & Accessories,Household Items,Other		0.0	Deny
170417	2012051593971	2012-04-27 00:00:00	2012-04-26 00:00:00	XNA	Northwest Arkansas Regional	American Airlines	Passenger Property Loss	Checkpoint		Other			
174019	2012101897739	2012-09-04 00:00:00	2012-08-30 09:27:00	XNA	Northwest Arkansas Regional		Passenger Property Loss	Checkpoint		Other		0.0	Deny
174178	2012102297895	2012-09-10 00:00:00	2012-09-04 00:00:00	XNA	Northwest Arkansas Regional	Air China	Passenger Property Loss	Checked Baggage		Electronics,Other,Watches & Jewelry		0.0	Deny
174388	2012102498087	2012-09-17 00:00:00	2012-09-07 00:00:00	XNA	Northwest Arkansas Regional	USAir	Passenger Property Loss	Checked Baggage		Cosmetics		8.73	Approve in Full
175128	2012112098783	2012-10-16 00:00:00	2012-10-11 00:00:00	XNA	Northwest Arkansas Regional	American Airlines	Passenger Property Loss	Checked Baggage		Electronics			
177464	2013020701177	2013-01-16 00:00:00	2013-01-08 00:00:00	XNA	Northwest Arkansas Regional	UAL	Passenger Property Loss	Checked Baggage		Clothing & Accessories		0.0	Deny
178396	2013022602071	2013-02-19 00:00:00	2013-02-14 13:45:00	XNA	Northwest Arkansas Regional		Passenger Property Loss	Checkpoint		Watches & Jewelry			
179956	2013051603708	2013-04-17 00:00:00	2013-03-02 18:00:00	XNA	Northwest Arkansas Regional	American Airlines	Passenger Property Loss	Checked Baggage		Watches & Jewelry,Other			
182545	2013083106445	2013-07-19 00:00:00	2013-06-20 00:00:00	XNA	Northwest Arkansas Regional	Delta Air Lines	Passenger Property Loss	Checked Baggage		Cosmetics		55.0	Approve in Full
183112	2013091106806	2013-08-08 00:00:00	2013-06-05 05:45:00	XNA	Northwest Arkansas Regional	UAL	Passenger Property Loss	Checked Baggage		Clothing & Accessories			
188509	2014030712286	2014-03-06 00:00:00	2014-01-11 00:00:00	XNA	Northwest Arkansas Regional	American Airlines	Passenger Property Loss	Checked Baggage		Automobile & Mechanical,Other		50.0	Approve in Full
190853	2014061714679	2014-06-10 00:00:00	2014-05-25 00:00:00	XNA	Northwest Arkansas Regional	USAir	Passenger Property Loss	Checkpoint		Clothing & Accessories		130.0	Settle
191045	2014062514877	2014-06-17 00:00:00	2014-05-19 00:00:00	XNA	Northwest Arkansas Regional	UAL	Passenger Property Loss	Checked Baggage		Electronics		76.81	Approve in Full
220684	2017091342962	2017-08-01 00:00:00	2017-07-16 00:00:00	XNA	Northwest Arkansas Regional Northwest Arkansas Regional	American Airlines	Passenger Property Loss	Checked Baggage		Electronics			In Review
220687	2018010946586	2017-01-09 00:00:00	2017-11-30 00:00:00	XNA	Northwest Arkansas Regional Northwest Arkansas Regional	American Airlines	Passenger Property Loss	Checked Baggage		Containers,Supplies			In Review
220688	2017071141353	2017-05-16 00:00:00	2017-04-24 00:00:00	XNA	Northwest Arkansas Regional Northwest Arkansas Regional	American Airlines	Passenger Property Loss	Checkpoint		Office Supplies		113.0	Settle
220689	2017041838653	2017-04-18 00:00:00	2017-01-30 00:00:00	XNA	Northwest Arkansas Regional Northwest Arkansas Regional	UAL	Passenger Property Loss	Checked Baggage		Other		50.0	Approve in Full
220691	2017101744422	2017-09-29 00:00:00	2017-09-24 00:00:00	XNA	Northwest Arkansas Regional Northwest Arkansas Regional	Allegiant Air	Passenger Property Loss	Checked Baggage		Clothing & Accessories			In Review